tree
version=v4
num_class=1
num_tree_per_iteration=1
label_index=0
max_feature_idx=26
objective=binary sigmoid:1
feature_names=species salinity_ppt management_quality do_mg_l tan_mg_l no2_mg_l no3_mg_l ph alkalinity_mg_l water_temp_c secchi_cm night_do_min night_do_min_3d_trend do_amplitude stress_hours_lt3_24h stress_hours_lt3_7d tan_slope_3d alkalinity_trend_7d nh3_un_ionised rain_48h_mm wind_mean_24h solar_rad_24h feed_kg_7d_cum fcr_running biomass_est_kg doc data_health_score
feature_infos=-1:0:1:2 [0.00087211410928489386:24.990856262725526] [0.12133930668106561:0.96749922744952765] [-0.22725996375767871:10.502970383510601] [-0.41013169178180209:3.1349155877195121] [5.1335788613912165e-05:2.1154034779005841] [1.0235034962657223:249.65655059834071] [4.8794732130821492:9.4301007059071207] [3.7718550106609809:278.13679798003687] [24.889488823307222:30.072995214060182] [25.222274282924467:42.033883267243127] [0.038122578859988931:10.502970383510601] [-3.1434746823038897:3.0653541301263636] [0:9.6664843070274085] [0:24] [0:131] [-0.24450306522105114:0.29109708287836167] [-6.3158449619678816:1.6706352963362658] [-0.049974530136481572:0.18226726580516389] [0:159.15166430885313] [2.5008377136087985:5.5487214083002501] [106.10932495882486:260.65494230946041] [0.00029646302539258892:150.35004782172041] [0.029646302539258897:9.441606143421998] [0.00062759921564835861:1265.0124105070772] [7:204] [0.5:1]
tree_sizes=3381 3410 3449 3432 3442 3435 3471 3454 3481 3481 3478 3468 3476 3503 3448 3501 3484 3471 3482 3504 3463 3487 3500 3457 3480 3486 3472 3475 3490 3494 3483 3484 3498 3473 3509 3505 3505 3475 3480 3462 3506 3503 3498 3482 3480 3487 3507 3507 3521 3507 3484 3515 3504 3521 3529 3505 3516 3512 3511 3524 3509 3505 3523 3516 3506 3539 3525 3533 3508 3519 3539 3513 3522 3525 3550 3528 3527 3525 3531 3558 3513 3533 3528 3552 3565 3536 3499 3540 3521 3527 3515 3522 3511 3550 3524 3540 3522 3522 3566 3522 3521 3541 3517 3538 3539 3523 3528 3543 3553 3554 3554 3524 3530 3527 3538 3553 3516 3547 3510 3530 3524 3518 3505 3536 3529 3533 3524 3533 3497 3533 3525 3540 3487 3535 3499 3505 3538 3533 3551 3528 3511 3497 3511 3512 3546 3531 3515 3523 3520 3538 3511 3508 3507 3507 3524 3493 3527 3555 3511 3485 3530 3524 3504 3511 3508 3523 3518 3499 3534 3536 3501 3483 3521 3530 3535 3533 3504 3497 3495 3513 3552 3509 3494 3503 3510 3505 3510 3493 3512 3523 3501 3471 3507 3517 3516 3501 3493 3506 3498 3482 3514 3542 3493 3517 3492 3547 3521 3511 3535 3509 3528 3492 3508 3513 3501 3495 3512 3518 3500 3487 3484 3501 3498 3554 3508 3509 3504 3543 3536 3499 3502 3505 3501 3480 3512 3491 3520 3518 3512 3488 3516 3530 3512 3515 3505 3490 3508 3518 3516

Tree=0
num_leaves=31
num_cat=3
split_feature=15 1 15 0 15 3 0 22 24 2 0 15 15 6 15 24 8 6 8 13 17 5 24 15 24 3 3 5 1 22
split_gain=167526 21524.4 10199.4 14721.5 5561.04 4206.54 3607.32 2067.63 1375.73 1311.58 1005.27 3199.38 988.584 801.139 775.694 757.224 664.257 570.418 519.915 464.431 437.432 435.69 430.766 413.384 403.544 345.809 333.661 332.54 443.713 308.378
threshold=17.500000000000004 10.755999148568867 44.500000000000007 0 3.5000000000000004 3.3668094914029969 1 9.4399491208713524 7.4682905401440074 0.59851412332197473 2 64.500000000000014 31.500000000000004 9.6050531473905156 1.5000000000000002 0.034748589486260979 189.43094537482619 12.99068775323946 204.03706794669804 6.0808349971915963 0.15095292230316409 0.23902188578242076 42.715314412917344 56.500000000000007 0.075822572241965966 0.5827349521995191 3.780249855683242 0.028920057000473127 18.448986280315221 0.021428333512895397
decision_type=2 2 2 1 2 10 1 2 2 2 1 2 2 2 2 2 10 2 10 2 2 2 2 2 2 10 8 2 2 2
left_child=1 4 3 21 8 14 -6 -4 18 15 -9 23 20 -10 -3 -7 27 -8 24 -11 -5 -2 -14 -12 26 -13 -1 28 -17 -21
right_child=2 5 7 12 6 9 17 10 13 19 11 25 22 -15 -16 16 -18 -19 -20 29 -22 -23 -24 -25 -26 -27 -28 -29 -30 -31
leaf_value=-1.6139909210212184 -1.7636705240973223 -1.5826496520878606 -1.5118058516267214 -1.5283667836599317 -1.7579779502136463 -1.5972325553524964 -1.6553987180143559 -1.4288568482172852 -1.7784200295644068 -1.5854780311575567 -1.6120205654636932 -1.4215750460908079 -1.5245302000743637 -1.7286143772472742 -1.5145167395841757 -1.759735608771706 -1.6337081897162198 -1.5889340524856577 -1.6613111852054598 -1.5774955119068821 -1.4428225391113843 -1.6754253201390588 -1.4656464048405309 -1.5277581023655233 -1.7418860772970026 -1.4590002579520447 -1.7210443644196542 -1.6037179327847566 -1.6915764344927966 -1.6548820289558746
leaf_weight=112.11517348885536 552.41717970371246 904.69844561815262 1157.0198959708214 2261.9353968501091 671.54508849978447 229.62779366970062 544.0012027323246 5963.3365379273891 4911.6180408298969 678.55573999881744 288.95793801546097 1302.1980002224445 377.23004299402237 966.24076980352402 776.13496392965317 437.41169834136963 329.97061485052109 793.94340980052948 235.91804394125938 157.46265158057213 160.01230874657631 187.29797419905663 1758.2235414981842 293.29254859685898 3980.6493172049522 1173.4239016473293 207.48567697405815 62.730086743831635 525.81146731972694 705.58655413985252
leaf_count=548 4062 3955 3708 7866 4875 1059 3030 10964 37309 2998 1403 2238 1288 6547 2522 3188 1720 3553 1337 675 331 1105 4298 1017 27842 2740 1380 296 3242 3924
internal_value=-1.59757 -1.70481 -1.47816 -1.53443 -1.73957 -1.61498 -1.66342 -1.44888 -1.75427 -1.64927 -1.44081 -1.46412 -1.50085 -1.77023 -1.55119 -1.6812 -1.69542 -1.61596 -1.73358 -1.61643 -1.52272 -1.74133 -1.47605 -1.56958 -1.73755 -1.43931 -1.68349 -1.71526 -1.72253 -1.64076
internal_weight=32706.9 17231.5 15475.3 5297.12 12423.5 4807.99 2009.49 10178.2 10414 3127.16 9021.21 3057.87 4557.4 5877.86 1680.83 1585.55 1355.92 1337.94 4536.17 1541.6 2421.95 739.715 2135.45 582.25 4300.25 2475.62 319.601 1025.95 963.223 863.049
internal_count=151020 110000 41020 18950 86421 23579 11458 22070 74963 17102 18362 7398 13783 43856 6477 9505 8446 6583 31107 7597 8197 5167 5586 2420 29770 4978 1928 6726 6430 4599
cat_boundaries=0 1 2 3
cat_threshold=2 2 1
is_linear=0
shrinkage=1


Tree=1
num_leaves=31
num_cat=4
split_feature=11 1 14 0 11 11 0 24 24 25 0 11 11 11 3 24 24 24 8 8 11 5 3 5 3 14 0 24 25 11
split_gain=111327 17695.9 6185.97 8776.58 3467.65 3295.29 2184.58 1314.94 1147.53 1027.61 909.282 3711.89 855.933 842.405 658.798 484.179 448.189 445.815 438.9 414.975 336.23 303.854 303.476 299.748 296.139 270.337 301.205 268.578 262.128 256.368
threshold=3.0078673646399534 9.9746864695094164 5.5000000000000009 0 3.8254703802301595 3.3084681251892358 1 53.326796073536748 7.4682905401440074 86.500000000000014 2 1.5117824312642132 1.1003592992964515 4.1141421139606686 3.1536275457559011 0.034748589486260979 0.066412799828650546 11.063933302089682 204.03706794669804 181.06170321160025 1.8498092370041106 0.095007342931255442 1.2828378755946861 0.11323706962779705 3.4166718974532415 4.5000000000000009 3 12.104535202355693 87.500000000000014 4.2243112983786544
decision_type=2 2 2 1 2 2 1 2 2 2 1 2 2 2 10 2 2 2 10 10 2 2 8 2 8 2 1 2 2 2
left_child=2 5 3 -1 14 6 -2 17 18 -10 11 12 -9 15 -3 -6 -15 -4 29 -17 -13 -8 -19 -11 -20 26 27 -5 -29 -7
right_child=1 4 7 25 13 8 21 10 9 23 -12 20 -14 16 -16 19 -18 22 24 -21 -22 -23 -24 -25 -26 -27 -28 28 -30 -31
leaf_value=-0.024305089315925666 -0.030820419448818151 0.1700809759910451 0.11299427508121913 0.10324213975660435 0.14096460393682525 0.01125970018225092 0.069496866951141795 0.23519500985849323 -0.04501241932518725 -0.0092630128806032632 0.2342355340406265 0.095244769411713337 0.17839941376883872 0.07901794337700678 0.12020083675266405 0.046682027017085216 -0.0058626579832200057 0.20942148785391851 0.14356860926059978 0.10409335898143564 -0.003827151766182649 0.12969895653966954 0.1683160656985678 0.044137540963749139 0.025270045890403655 0.19680206238725256 0.2234913500383896 0.12137187378515937 0.17484293647322494 -0.013746205216414354
leaf_weight=609.7577256783843 407.40710489451885 1010.151903860271 213.52508136630058 165.97105863690376 254.93020497262478 1859.2959206104279 324.75246450304985 2531.4440472126007 4388.3462936356664 1266.3668191060424 8287.4220049679279 179.00583659112453 898.92351956665516 208.37650354206562 1920.5010566189885 931.77986184507608 613.09419049322605 922.46337246894836 83.715503066778183 475.30726566910744 164.19266799092293 591.07932036370039 874.87944634258747 331.5983102619648 143.73050160706043 1390.1338103562593 238.60399556159973 257.11424401402473 2111.1590620428324 2284.2427842468023
leaf_count=4492 3057 3100 850 700 967 12430 1716 3965 34358 9008 12950 849 2500 1063 8073 5359 4212 2073 344 2182 1121 2384 2637 1961 871 3382 452 1032 6252 16296
internal_value=0.118232 0.0258368 0.202047 0.152858 0.100558 -0.00879779 0.0655023 0.218731 -0.0182903 -0.0325116 0.224972 0.204626 0.220312 0.0570894 0.137394 0.0775623 0.0156684 0.181298 0.00118656 0.0660753 0.0478469 0.108351 0.189413 0.00181829 0.0688119 0.178807 0.169785 0.164729 0.169038 -0.00252551
internal_weight=35939.3 17094.7 18844.6 4772.74 5414.14 11680.5 1323.24 14071.9 10357.3 5986.31 12061 3773.57 3430.37 2483.49 2930.65 1662.02 821.471 2010.87 4370.98 1407.09 343.199 915.832 1797.34 1597.97 227.446 4162.98 2772.85 2534.24 2368.27 4143.54
internal_count=150636 107381 43255 16310 24956 82425 7157 26945 75268 45327 21385 8435 6465 13783 11173 8508 5275 5560 29941 7541 1970 4100 4710 10969 1215 11818 8436 7984 7284 28726
cat_boundaries=0 1 2 3 4
cat_threshold=2 2 2 1
is_linear=0
shrinkage=0.05


Tree=2
num_leaves=31
num_cat=2
split_feature=15 1 15 0 11 15 0 22 22 11 25 23 15 24 8 8 11 22 24 11 23 24 8 23 22 15 23 11 25 22
split_gain=81476.3 15375.3 4871.75 7205.73 2423.75 2282.43 1563 1171.39 908.28 705.225 691.9 672.157 861.033 527.351 526.575 455.129 454.541 438.833 403.779 376.627 374.669 338.644 509.741 346.644 314.584 294.046 287.828 284.39 261.463 589.303
threshold=13.500000000000002 9.9746864695094164 37.500000000000007 0 3.9024338097838647 2.5000000000000004 1 2.6321715633356204 5.8042728787026041 3.6009689846353115 66.500000000000014 1.136146476961851 58.500000000000007 0.049645143253354652 192.32245581590334 204.03706794669804 3.1759432036363688 50.498253033081802 31.691187017188927 4.1141421139606686 2.1577455910491796 0.041947297468363169 190.82859510822831 1.1643941001443745 13.399205131959103 28.500000000000004 1.5246089934581477 4.2089137696435097 54.500000000000007 0.3513468114642167
decision_type=2 2 2 1 2 2 1 2 2 2 2 2 2 2 10 10 2 2 2 2 2 2 10 2 2 2 2 2 2 2
left_child=1 5 3 -2 9 7 -7 15 -4 -3 -9 12 17 -6 19 27 -8 -10 -12 28 25 -11 -23 -24 26 -5 -13 -1 -15 -30
right_child=2 4 8 20 13 6 16 10 11 21 18 24 -14 14 -16 -17 -18 -19 -20 -21 -22 22 23 -25 -26 -27 -28 -29 29 -31
leaf_value=0.0084688723883653925 -0.01892429178058554 0.13855245408828315 0.13056204719366962 0.14524514165817198 0.094502744511128514 -0.024500523937549982 0.10945990654967469 -0.054050292284357017 0.058747586931156497 0.13946799248045186 0.0041973051912129362 0.11991016472993335 0.17570480879848982 0.0099547614207984875 0.090292688777926802 0.064629658839869417 0.047115779155391051 0.18239302096884547 -0.038538202659552212 -0.013405074675213853 0.11101714879884038 0.066630376000199887 0.085330191632416286 0.1562990750727476 0.19375644857623847 0.17137998958518605 0.17926799875811436 -0.017122698235159575 0.1475933317343841 0.020242379737761568
leaf_weight=1927.2736769989133 713.20867262035608 1560.5747818052769 766.96490941941738 2726.4861314147711 424.33920320868492 600.5883596688509 521.10810194909573 2735.8552982807159 281.35929324477911 356.56032760441303 1143.9849152043462 226.27721032500267 1347.471631154418 348.89445632696152 309.86787648499012 240.9060327783227 666.03444717824459 96.328505083918571 1069.4092979580164 554.23209249973297 527.32323046028614 1197.8426778614521 345.97717215120792 342.29478941857815 10878.078890480101 1778.1736926585436 2095.9492280259728 2485.6921118423343 148.75353768467903 233.32254157960415
leaf_count=12947 5225 4643 2244 7509 1782 4516 2017 22646 1363 1157 8076 724 2439 2136 1387 1242 3623 159 8340 3912 1789 5682 1474 1039 15094 3613 3870 18136 563 1387
internal_value=0.104155 0.023141 0.169205 0.129812 0.0892354 -0.0106444 0.041229 -0.0203013 0.183627 0.112742 -0.037235 0.186354 0.157004 0.0449645 0.0317857 -0.00229277 0.0744824 0.0902831 -0.0164505 0.0176794 0.150894 0.0947815 0.0863338 0.120625 0.19019 0.155562 0.173484 -0.0059461 0.0412482 0.0698239
internal_weight=38651.1 17213.5 21437.6 5745.19 5822.66 11390.9 1787.73 9603.12 15692.4 3803.25 4949.25 14925.5 1725.16 2019.41 1595.07 4653.87 1187.14 377.688 2213.39 1285.2 5031.98 2242.67 1886.11 688.272 13200.3 4504.66 2322.23 4412.97 730.971 382.076
internal_count=150734 106705 44029 18136 25162 81543 10156 71387 25893 13995 39062 23649 3961 11167 9385 32325 5640 1522 16416 7998 12911 9352 8195 2513 19688 11122 4594 31083 4086 1950
cat_boundaries=0 1 2
cat_threshold=2 2
is_linear=0
shrinkage=0.05


Tree=3
num_leaves=31
num_cat=4
split_feature=11 0 11 14 0 6 23 11 22 24 0 23 22 11 0 24 11 25 6 24 25 25 24 11 24 23 25 22 25 11
split_gain=62621.9 10866.8 4084.56 3542.49 5691.07 1859.71 1049.4 947.817 693.536 687.705 652.962 597.918 664.24 581.759 605.187 480.888 394.939 358.408 333.451 314.784 446.353 421.564 278.845 267.955 264.414 261.241 249.861 552.519 256.129 220.929
threshold=3.1083855148488411 0 3.9942841805298781 5.5000000000000009 1 12.312494789602665 2.016011853705181 3.6652419628154251 9.0043146533263716 0.034748589486260979 2 1.2897699889104308 38.147880473939587 1.4006730532500611 3 0.041947297468363169 4.2321041247007551 22.500000000000004 6.4703320519981053 0.76366932030759871 80.500000000000014 51.500000000000007 12.38062299563525 1.8498092370041106 4.5564748672487854 2.1460984547009287 34.500000000000007 0.24765294470594024 81.500000000000014 2.7551873343287023
decision_type=2 1 2 2 1 2 2 2 2 2 1 2 2 2 1 2 2 2 2 2 2 2 2 2 2 2 2 2 2 2
left_child=3 2 7 4 -1 6 18 -2 -5 -4 22 12 13 -10 23 -9 26 -17 -3 21 -21 -19 -7 -15 -22 29 -11 -28 -29 -6
right_child=1 5 9 8 25 10 -8 15 11 16 -12 -13 -14 14 -16 17 -18 19 -20 20 24 -23 -24 -25 -26 -27 27 28 -30 -31
leaf_value=-0.020098047611618736 0.11562366156962173 -0.047693907956723569 0.071182846850781661 0.12813858168083223 0.14400245183869551 0.017548165377203669 -0.0022652192135868034 0.11800586435307701 0.14105178461962883 -0.030244564750682573 -0.0094645912306778775 0.16615306722936266 0.15978140963766882 0.073157742102357301 0.15369073039633088 0.0035302255187125531 -0.025986324105191638 0.061956232728197273 -0.02013467429535163 0.020982832554349063 0.12035937764229575 0.12540708981659601 0.079684433175808436 -0.014289302640199406 0.05385701241258524 0.099707780923989589 0.084318295398158438 -0.034454568328100524 0.047542905123020472 0.12270683867081511
leaf_weight=711.3374969959259 2120.1598378717899 3370.1686246022582 370.44819182157516 1866.7396489828825 2607.3543960303068 247.48255776613951 3263.3805116340518 475.82138285040855 978.57082065939903 194.06868542730808 473.14277364313602 11567.642046689987 2468.5415614694357 240.83229833841324 175.44748783111572 228.83498378098011 949.37834403663874 616.13841719925404 1627.6798178330064 598.38732969015837 256.81376919150352 455.15336893498898 667.66697566956282 137.6831296235323 357.59136806428432 624.22381114959717 307.85309448838234 259.19794692844152 150.55147471278906 2285.4371745735407
leaf_count=5369 6376 28182 1720 4525 5354 1458 23054 1493 1870 1365 3411 14731 3626 931 274 1331 6967 2889 12093 3177 915 1532 2996 929 1771 1958 1478 1824 849 6020
internal_value=0.0927929 0.019556 0.0654038 0.145375 0.113007 -0.0153204 -0.0243186 0.0900538 0.156937 0.00896883 0.038225 0.16039 0.143729 0.117874 0.0769293 0.071915 -0.00341508 0.0631877 -0.0387185 0.0691646 0.0517192 0.0889142 0.062881 0.0413493 0.0816542 0.130169 0.0200897 0.0337022 -0.00432679 0.134055
internal_weight=40653.7 16989.9 7340.4 23663.8 6228.35 9649.52 8261.23 5108.9 17435.5 2231.5 1388.29 15568.7 4001.08 1532.53 553.963 2988.74 1861.05 2512.92 4997.85 2284.08 1212.79 1071.29 915.15 378.515 614.405 5517.02 911.671 717.603 409.749 4892.79
internal_count=150468 104881 33687 45587 18701 71194 63329 19484 26886 14203 7865 22361 7630 4004 2134 13108 12483 11615 40275 10284 5863 4421 4454 1860 2686 13332 5516 4151 2673 11374
cat_boundaries=0 1 2 3 4
cat_threshold=4 2 1 2
is_linear=0
shrinkage=0.05


Tree=4
num_leaves=31
num_cat=3
split_feature=15 1 15 0 3 24 6 2 24 23 15 8 13 7 15 24 25 8 1 25 15 0 15 25 24 0 24 25 18 22
split_gain=50646.8 11379.9 3960.18 5814.87 1328.05 720.883 1163.2 705.565 572.985 406.89 719.437 386.455 371.524 365.984 444.407 353.329 419.881 363.919 321.717 303.452 279.896 791.661 258.579 251.625 251.397 243.217 232.101 270.193 250.265 217.194
threshold=7.5000000000000009 9.2827133604745047 37.500000000000007 0 3.4788666658236163 8.718694803460755 9.7767368780138835 0.58352079848663607 22.887592962201378 1.1247433120165053 58.500000000000007 204.03706794669804 5.9751235514346233 8.0301355861128592 25.500000000000004 0.022155949045215877 94.500000000000014 192.32245581590334 18.448986280315221 70.500000000000014 53.500000000000007 1 1.5000000000000002 134.50000000000003 0.057776721534068716 2 0.32256380879567143 53.500000000000007 0.0015446239734827176 11.704408860572585
decision_type=2 2 2 1 10 2 2 2 2 2 2 10 2 2 2 2 2 10 2 2 2 1 2 2 2 1 2 2 2 2
left_child=1 5 3 29 22 11 19 15 -4 10 23 -1 -9 14 -5 -6 17 18 -17 -7 21 -11 24 -10 -3 -8 27 -14 -28 -2
right_child=2 4 8 13 7 6 25 12 9 20 -12 -13 26 -15 -16 16 -18 -19 -20 -21 -22 -23 -24 -25 -26 -27 28 -29 -30 -31
leaf_value=-0.0057562248108981549 0.0053357659699415525 0.11744302675730714 0.10355854873029119 0.096609002391481277 0.083792094446721477 -0.051500409701908494 0.030975151826748915 0.099127435875069114 0.030195832274498742 0.14016037477579393 0.13541781658936763 0.063556287001890227 0.055139265399175498 0.14921006736221223 0.12365598321073173 -0.030851757738839244 0.10306219486809685 0.055410707162103584 0.024015683004598668 -0.023426292694513264 0.14952163286012429 0.055360507106458401 0.11539330673882142 0.12034361814580455 0.073721207453887896 -0.013734721503250065 0.0063743928856515907 0.13517742640113695 0.082904829288662996 -0.042339799118086982
leaf_weight=4293.2849677726626 492.08213616162539 418.19217966496944 1008.2804728597403 3046.979961514473 221.44106864929199 2812.0543070957065 747.03145486861467 664.73814082145691 254.94424502551556 4640.2477807551622 1566.809597209096 210.98453660309315 465.81637714803219 663.1368158608675 3028.0385602414608 581.0933635532856 127.41576700657606 315.9466166049242 494.54378093779087 1463.4646810516715 10724.609238624573 292.57937426865101 904.96870209276676 111.15791408717632 1537.7203663438559 513.10389616340399 380.45275875926018 136.29558745026588 148.52940697222948 464.28234499692917
leaf_count=30427 3461 1124 2503 8874 805 24713 4227 2181 1192 6214 2390 978 2101 1065 5932 4239 507 1423 2744 11451 12344 1118 2212 241 5695 3773 2133 432 608 3722
internal_value=0.0846939 0.0158465 0.127734 0.097565 0.0679658 -0.0173624 -0.0294479 0.0474749 0.140215 0.142316 0.120673 -0.00250956 0.0694617 0.11394 0.11009 0.0247883 0.0161867 0.00823226 -0.00562545 -0.0418909 0.144988 0.135131 0.0932942 0.057567 0.0830693 0.0127701 0.0520273 0.0732569 0.0278629 -0.0178091
internal_weight=42730.2 16437.1 26293.1 7694.52 6397.15 10039.9 5535.65 3536.27 18598.6 17590.3 1932.91 4504.27 1795.83 6738.16 6075.02 1740.44 1519 1391.58 1075.64 4275.52 15657.4 4932.83 2860.88 366.102 1955.91 1260.14 1131.09 602.112 528.982 956.364
internal_count=150829 101773 49056 23054 26204 75569 44164 17173 26002 23499 3823 31405 7455 15871 14806 9718 8913 8406 6983 36164 19676 7332 9031 1433 6819 8000 5274 2533 2741 7183
cat_boundaries=0 1 2 3
cat_threshold=2 1 1
is_linear=0
shrinkage=0.05


Tree=5
num_leaves=31
num_cat=4
split_feature=15 0 11 15 0 6 23 15 24 6 0 24 25 22 24 25 22 23 23 25 15 22 11 6 0 13 11 25 23 8
split_gain=41531.4 8005.33 3102.11 2372.56 4771.84 1540.16 1000.18 708.26 588.113 434.949 423.061 374.528 485.772 480.706 362.704 324.312 492.637 289.842 288.613 277.085 254.323 246.461 244.123 239.561 232.51 213.912 208.677 198.191 194.776 167.602
threshold=12.500000000000002 0 4.0371176126230024 44.500000000000007 1 12.537672002370533 2.0810421995712374 1.0000000180025095e-35 0.057776721534068716 6.7115434959446869 2 0.097473381317940519 58.500000000000007 0.42427038260945532 44.616986315335843 63.500000000000007 0.37514031199082093 1.2818364704032463 2.2989379922061697 92.500000000000014 28.500000000000004 38.147880473939587 1.1800759003562551 22.209908880557226 3 5.6689608006423127 3.3584604664427391 41.500000000000007 1.0504160863744947 189.43094537482619
decision_type=2 1 2 2 1 2 2 2 2 2 1 2 2 2 2 2 2 2 2 2 2 2 2 2 1 2 2 2 2 10
left_child=1 2 7 4 23 6 9 11 27 -3 26 -1 29 -14 -5 -10 -17 21 20 28 24 22 -16 -2 -6 -11 -7 -4 -15 -13
right_child=3 5 8 14 18 10 -8 -9 15 25 -12 12 13 19 17 16 -18 -19 -20 -21 -22 -23 -24 -25 -26 -27 -28 -29 -30 -31
leaf_value=0.086074805937402493 -0.02938230019092955 -0.044701352496410392 0.032849917094777685 0.10711564289355442 0.097031720009812125 0.074337453061627645 0.001918956906287963 0.096810861155892158 -0.033952282330986919 0.046893041643277733 -0.00406184801122619 0.013450855749081496 0.10789952839243351 0.0032968341839875169 0.12072339386462685 0.072264827150949562 -0.018521076797878868 0.13417600663584078 0.073766419480559384 0.084785307464442114 0.11979045054021782 0.12797331974407453 0.078897842329874415 0.02261089690492912 0.13684200999687166 -0.019103256323582059 0.02754960674064932 0.11152839746584134 0.052987358568344946 0.057667796279643337
leaf_weight=1045.1393454521894 594.1928441002965 3508.1867573782802 383.41190652549267 1903.7549274563789 3244.4480123519897 537.21770699322224 2921.7668484300375 2040.0945227891207 872.17358031123877 133.10420644283295 474.83382715284824 812.8323377519846 517.66360487043858 317.14693043380976 765.81116835772991 226.59229014068842 438.78972331434488 11626.325238615274 556.82775354385376 399.64759102463722 3984.9090946316719 2427.2405306249857 640.78487016260624 353.25786433368921 413.51381383836269 1583.2935229986906 428.31752702593803 101.15899109095335 521.47535294294357 291.0470577031374
leaf_count=3399 4582 30984 1958 3737 7790 1909 20497 5373 6483 796 3450 4154 1526 1655 1107 1141 3098 12356 1602 1478 6198 3094 1757 2051 554 11863 2411 370 2200 1148
internal_value=0.0773536 0.0176997 0.0547384 0.116852 0.096244 -0.0130818 -0.0215088 0.0729343 0.00124258 -0.0346104 0.0345791 0.0604603 0.0510993 0.0674383 0.127709 -0.0138951 0.0123956 0.130245 0.10852 0.0505233 0.111052 0.118323 0.101669 -0.00999659 0.101532 -0.0139853 0.0535821 0.0492748 0.0341956 0.025109
internal_weight=44065 17553.9 7967.17 26511.1 9147.15 9586.72 8146.35 5945.05 2022.13 5224.58 1440.37 3904.95 2859.81 1755.93 17363.9 1537.56 665.382 15460.2 8199.7 1238.27 7642.87 3833.84 1406.6 947.451 3657.96 1716.4 965.535 484.571 838.622 1103.88
internal_count=150721 105893 33983 44828 22777 71910 64140 20933 13050 43643 7770 15560 12161 6859 22051 10722 4239 18314 16144 5333 14542 5958 2864 6633 8344 12659 4320 2328 3855 5302
cat_boundaries=0 1 2 3 4
cat_threshold=4 2 1 1
is_linear=0
shrinkage=0.05


Tree=6
num_leaves=31
num_cat=3
split_feature=15 1 15 0 11 22 25 15 0 5 11 0 22 8 24 25 16 25 24 22 16 23 24 24 24 23 8 15 2 23
split_gain=34069.8 9031.86 2686.28 3289.95 1225.25 578.411 1036.12 528.726 2150.46 481.877 348.057 306.166 301.381 282.998 258.985 357.359 286.18 249.569 347.153 240.165 233.844 225.344 220.194 216.037 196.789 173.91 171.846 167.614 155.832 158.77
threshold=7.5000000000000009 9.2827133604745047 31.500000000000004 0 4.0371176126230024 1.8431960156902212 62.500000000000007 52.500000000000007 1 0.11179268135573291 3.6890390433266895 2 0.024948863359892805 204.03706794669804 0.32256380879567143 79.500000000000014 2.0341256221374762e-05 58.500000000000007 0.53002650871738066 6.5828519596266455 0.010121768699195581 1.9098734494129836 0.041947297468363169 47.636532373989454 4.1360724289883519 1.3185472235046096 209.28752142786118 19.500000000000004 0.72683843346154897 1.8861531756364285
decision_type=2 2 2 1 2 2 2 2 1 2 2 1 2 10 2 2 2 2 2 2 2 2 2 2 2 2 10 2 2 2
left_child=1 5 3 23 10 13 -7 8 20 21 -3 27 -6 28 16 26 22 -14 -19 -9 -4 -8 -12 -2 -17 -21 -16 -5 29 -1
right_child=2 4 7 11 12 6 9 19 -10 -11 14 -13 17 -15 15 24 -18 18 -20 25 -22 -23 -24 -25 -26 -27 -28 -29 -30 -31
leaf_value=-0.031878920290436534 0.009129729477732702 0.083104443869631089 -0.0097294073026702784 0.072433819940608241 0.053696969633457076 -0.047884213333410308 -0.025608956098020077 0.092229988109707256 0.11081626203944939 0.029617790131513166 0.076061334868520236 0.12053098402556571 -0.02609072414068056 0.055625736016500386 0.011225676336218031 0.098495204531664882 0.094028024649761288 0.088890225819966126 -0.0026886081265060013 0.1106071759220521 0.047560905574943212 0.0071464000761051159 0.020669050461026531 -0.043840937348710363 0.045444968004760514 0.12333307725491521 0.061240804016747044 0.091794357774131641 0.012738268404118647 -0.002950683525067708
leaf_weight=645.10969109088182 348.45699109137058 2443.278057217598 349.07931998372078 1703.2556916475296 368.06475255638361 2795.5512983500957 1903.1521064937115 825.0264023244381 6758.2365828901529 719.1654763892293 384.97021614015102 697.09098832309246 458.89745202660561 212.99391108751297 693.60376699268818 337.18422751128674 773.90375673770905 148.97322463989258 338.89542265981436 3638.4378098994493 363.68640453368425 725.14037469029427 335.99671331048012 430.03267651051283 363.00985454022884 10241.07269205153 228.26087940484285 3253.108674839139 1011.2696882337332 1791.5019678175449
leaf_count=4886 2470 6495 1953 5188 1550 25691 15371 1697 9256 4095 1103 1001 3402 915 3431 984 2363 642 2246 5084 1454 5134 1636 3635 1510 10419 806 6904 6686 12672
internal_value=0.0715701 0.014773 0.104684 0.0762351 0.0587105 -0.0160385 -0.025414 0.112936 0.102105 -0.00664848 0.068975 0.0895048 0.0153039 -0.000306426 0.0578992 0.0440632 0.0729125 0.000378277 0.0252755 0.118439 0.0195028 -0.0165718 0.0502465 -0.0201309 0.0709917 0.119997 0.0236098 0.0851411 -0.00376165 -0.0106096
internal_weight=45286.4 16678.9 28607.5 6431.95 6875.04 9803.88 6143.01 22175.5 7471 3347.46 5560.21 5653.46 1314.83 3660.88 3116.93 1622.06 1494.87 946.766 487.869 14704.5 712.766 2628.29 720.967 778.49 700.194 13879.5 921.865 4956.36 3447.88 2436.61
internal_count=150679 101618 49061 19198 26168 75450 50291 29863 12663 24600 18328 13093 7840 25159 11833 6731 5102 6290 2888 17200 3407 20505 2739 6105 2494 15503 4237 12092 24244 17558
cat_boundaries=0 1 2 3
cat_threshold=2 2 1
is_linear=0
shrinkage=0.05


Tree=7
num_leaves=31
num_cat=3
split_feature=11 1 14 0 6 22 11 3 25 20 22 25 25 22 22 23 1 22 14 0 22 22 22 25 3 11 25 22 13 0
split_gain=29961.5 7586.58 1911.52 3666.71 773.362 1203.7 752.341 464.405 453.296 415.94 360.861 430.505 349.71 315.8 311.716 281.702 242.134 239.153 285.907 227.054 214.849 199.148 194.304 189.009 205.396 180.535 178.507 170.812 146.507 168.431
threshold=3.1759432036363688 10.755999148568867 6.5000000000000009 0 12.312494789602665 2.5709491887756273 3.720279369245048 3.7452455949352048 66.500000000000014 3.2854231120744264 0.080109345987411221 56.500000000000007 28.500000000000004 0.30625575084976214 9.8576748278753712 1.2818364704032463 5.465715528768686 43.651511143286292 9.5000000000000018 1 0.021428333512895397 11.704408860572585 3.5485066009694086 86.500000000000014 3.3668094914029969 2.7752209760791726 85.500000000000014 8.0605859034312353 6.158456878540929 2
decision_type=2 2 2 1 2 2 2 8 2 2 2 2 2 2 2 2 2 2 2 1 2 2 2 2 10 2 2 2 2 1
left_child=2 4 3 21 5 7 -3 16 -7 -8 12 -12 20 -13 -4 17 -2 18 -16 22 -11 -1 -6 24 -18 -5 -15 -10 29 -29
right_child=1 6 14 25 19 8 9 -9 27 10 11 13 -14 26 15 -17 23 -19 -20 -21 -22 -23 -24 -25 -26 -27 -28 28 -30 -31
leaf_value=0.0081378599491545682 0.0074393850671743648 0.076520136787755114 0.08984593086548881 0.09509962014602813 0.00060960577575056539 -0.049785930041005427 0.067997364317114242 -0.011225903910278019 -0.0034677923566329319 0.047856420444372987 -0.024689866076063865 0.07736495041222885 0.080906431819482705 -0.0040536985810465309 0.062928211064619738 0.11307873590004143 0.073780277360553662 0.10994796259273242 0.10070208583965115 -0.0051299426875772314 -0.018025085559636344 -0.037767364144537616 0.054123866454528914 0.11481454762387192 0.010787066891741335 0.080661691193457188 0.044814415950065807 -0.048764842544867237 -0.039236279941487658 0.05409529065177196
leaf_weight=499.53270191699266 1166.6469215080142 2786.7438130378723 2351.0055107921362 5778.8202393352985 232.96130022406578 2429.3902413249016 1098.3033430054784 2979.1939397007227 1023.0372683629394 349.2341490238905 462.12086797505617 292.33331460505724 558.97600721567869 448.4272478222847 809.37535063922405 12493.569822743535 210.32343602180481 2155.4106545448303 1314.5050158202648 424.88883525878191 191.66730745881796 448.2835885733366 623.86880143731833 85.878019526600838 336.33616673201323 3462.4463239312172 320.38471800833941 67.526112034916878 955.14957974106073 96.922909051179886
leaf_count=3366 7883 7105 4265 9464 1347 23601 3640 21927 7754 1185 2993 1000 1911 2617 2259 12361 734 2452 1796 3063 1212 3717 2569 280 1861 7917 1354 609 7998 562
internal_value=0.0668706 0.0143579 0.0975766 0.0800842 -0.0116679 -0.0166605 0.056875 0.000887506 -0.0350006 0.0421641 0.0313478 0.0155893 0.0531723 0.0331306 0.106896 0.109286 0.0209456 0.0982146 0.0863071 0.0247547 0.0245114 -0.0135737 0.039574 0.0458563 0.0350233 0.0896901 0.016311 -0.0182364 -0.0317313 0.0118588
internal_weight=46453.3 17140.3 29312.9 10189.1 10632.1 9350.4 6508.19 4778.38 4572.03 3721.45 2623.14 1523.27 1099.88 1061.15 19123.9 16772.9 1799.18 4279.29 2123.88 1281.72 540.901 947.816 856.83 632.538 546.66 9241.27 768.812 2142.64 1119.6 164.449
internal_count=150802 103205 47597 24464 80188 73209 23017 32685 40524 15912 12272 7964 4308 4971 23133 18868 10758 6507 4055 6979 2397 7083 3916 2875 2595 17381 3971 16923 9169 1171
cat_boundaries=0 1 2 3
cat_threshold=2 1 2
is_linear=0
shrinkage=0.05


Tree=8
num_leaves=31
num_cat=2
split_feature=15 1 15 0 24 6 3 21 24 3 24 25 25 24 23 6 8 24 15 25 24 24 7 15 24 25 1 24 3 0
split_gain=25696.6 6776.54 2065.93 3210.83 670.304 917.332 496.804 396.284 375.384 331.602 298.018 472.738 302.167 282.808 271.249 259.175 239.38 235.874 273.838 228.687 192.392 190.207 175.449 229.204 163.976 251.94 161.298 158.826 157.819 144.302
threshold=7.5000000000000009 10.755999148568867 38.500000000000007 0 5.3219494721544818 6.5902274331859827 3.4863025643857446 204.0603353021001 53.326796073536748 3.9533594949425224 0.49050793529303371 36.500000000000007 91.500000000000014 0.049645143253354652 1.2779192618565285 12.312494789602665 204.03706794669804 268.23262189836703 62.500000000000007 90.500000000000014 0.097473381317940519 69.631001957687729 8.0153826326268263 28.500000000000004 12.931031034714078 44.500000000000007 20.890192348578303 17.89739117313086 1.2451700431705592 1
decision_type=2 2 2 1 2 2 10 2 2 8 2 2 2 2 2 2 10 2 2 2 2 2 2 2 2 2 2 2 8 1
left_child=1 4 3 21 9 19 26 10 28 16 11 13 -12 -8 17 27 20 18 -10 24 -1 -2 23 -5 25 -6 -3 -7 -4 -30
right_child=2 6 8 22 5 15 7 -9 14 -11 12 -13 -14 -15 -16 -17 -18 -19 -20 -21 -22 -23 -24 -25 -26 -27 -28 -29 29 -31
leaf_value=0.051148307663556658 0.0025938414775297115 0.056608139793788786 0.092981819629849999 0.070416258140904547 -0.046486964148981964 0.0093901152579837933 0.042321042657967323 0.062395405312742708 0.053695609990774044 -0.014026433856497442 -0.010969907199464817 0.071449626723978366 0.059218720017742248 -0.021178443259818262 0.10445507095606228 0.020588046826477441 0.061436505976563527 0.10027908979883096 0.092150590413871927 0.0031295339544026046 0.0039889446607794957 -0.042513715340551456 0.10191892507601713 0.088410270817786643 -0.051998039923049404 -0.0013084347773252623 0.079483837967060655 -0.022983981368897843 0.078067771841798084 0.039403853323829424
leaf_weight=246.65974454581738 529.94012831151485 1845.6402905732393 1495.1052060723305 4525.5816474407911 813.59844493120909 565.88516230136156 375.87796062231064 1167.7057348191738 757.62198503315449 1627.4527734741569 706.97518187016249 666.14184050261974 195.80961010605097 328.66238612681627 13620.942538395524 922.84569639712572 252.78549443185329 2561.510115429759 1190.2380346804857 289.81435983628035 1755.227015465498 418.07933338731527 812.9086332321167 2906.1854483634233 2048.5836630612612 497.13918648660183 1322.9280477315187 1146.2219928130507 1120.3814483731985 307.57468891143799
leaf_count=1135 3699 5309 2260 10690 7558 4091 1286 3663 2173 12094 4298 2350 725 2126 13430 5133 917 2957 1607 2135 11648 3666 1111 4506 20623 3913 3218 9325 2027 861
internal_value=0.0620931 0.0124627 0.0896206 0.0698449 -0.0131611 -0.0232522 0.0518737 0.03872 0.0982554 0.00317368 0.0265598 0.0412514 0.00425366 0.012699 0.100936 -0.000770954 0.015589 0.0903071 0.0771935 -0.0394854 0.00979962 -0.0172987 0.0798651 0.0774528 -0.0431619 -0.0293516 0.0661591 -0.0122837 0.0816277 0.0697398
internal_weight=47022 16776 30246.1 9192.7 10166.2 6284.09 6609.74 3441.17 21053.4 3882.13 2273.47 1370.68 902.785 704.54 18130.3 2634.95 2254.67 4509.37 1947.86 3649.14 2001.89 948.019 8244.68 7431.77 3359.32 1310.74 3168.57 1712.11 2923.06 1427.96
internal_count=150534 101547 48987 23672 78572 52778 22975 14448 25315 25794 10785 5762 5023 3412 20167 18549 13700 6737 3780 34229 12783 7365 16307 15196 32094 11471 8527 13416 5148 2888
cat_boundaries=0 1 2
cat_threshold=2 1
is_linear=0
shrinkage=0.05


Tree=9
num_leaves=31
num_cat=2
split_feature=15 1 15 0 15 24 0 9 11 6 24 23 11 15 6 23 15 8 1 24 24 16 24 23 15 23 16 23 3 8
split_gain=22749.9 5551.55 1388.03 2663.21 1170.49 839.997 783.946 588.128 390.247 385.173 284.963 234.392 217.848 197.988 179.26 174.038 236.343 171.714 160.558 155.206 152.893 143.903 207.447 141.459 139.642 138.55 138.394 132.823 129.273 127.978
threshold=13.500000000000002 10.755999148568867 46.500000000000007 0 1.5000000000000002 7.4682905401440074 1 27.000611748099654 4.092941983477238 6.4703320519981053 25.852989706533872 2.2989379922061697 4.2243112983786544 28.500000000000004 22.209908880557226 1.1247433120165053 74.500000000000014 63.88595860982884 18.448986280315221 0.097473381317940519 33.723150171613106 0.0018103453158671201 0.16764560651736643 0.8434136492545462 1.0000000180025095e-35 1.8861531756364285 0.00010996578100232593 1.25177703696017 0.72502412961878571 220.56891349247334
decision_type=2 2 2 1 2 2 1 2 2 2 2 2 2 2 2 2 2 8 2 2 2 2 2 2 2 2 2 2 8 10
left_child=1 4 3 14 5 12 20 8 21 23 -4 13 19 -5 -2 16 28 -11 -10 -1 -6 22 26 -7 -24 -14 -3 29 -12 -9
right_child=2 7 10 11 6 9 -8 27 18 17 15 -13 25 -15 -16 -17 -18 -19 -20 -21 -22 -23 24 -25 -26 -27 -28 -29 -30 -31
leaf_value=0.051330294953001926 -0.026927643049861796 0.044741432318201595 0.069435236509458362 0.072436053460580074 0.004152993648447365 0.012786891850795293 0.042321859794263256 0.049789687918870076 -0.017044916011183481 0.023565019988146089 0.091653866491603203 0.050612711262774703 -0.028008077759008182 0.087292861143812225 0.016744276252818706 0.096973376165514685 0.099301196799958108 -0.019576080058927327 0.03443463459207094 0.0060534552803528756 -0.043411043321893716 0.072190812481506217 0.019652523133431115 -0.044941103204853186 0.05792134393562573 -0.0023845839373467024 0.085288499623448616 0.082797622003934562 0.055327384523279011 0.072476194229389709
leaf_weight=209.72518525272608 554.91592946648598 793.60000257194042 1154.8719173967838 3963.0888099074364 313.0191618129611 110.4012208506465 1641.2186028957367 1575.9586898237467 441.76241691410542 283.06384609639645 352.01343642175198 689.66817751526833 829.8820591121912 5165.118640601635 407.54329182207584 15250.352617815137 1031.0611637681723 1245.8013775423169 230.48529402166605 1941.239830262959 367.10081994533539 364.8041875064373 1252.364411778748 2736.5403110906482 294.41841559112072 1448.1568851992488 286.38764373958111 735.8572788015008 804.89986251294613 1026.581870675087
leaf_count=897 4402 2584 2207 7848 2253 740 6824 4824 2963 1777 430 1677 6467 6921 2167 15421 1076 10098 1140 12353 3243 1021 5429 27892 760 10707 689 1495 1780 2490
internal_value=0.0580287 0.0139831 0.0852122 0.070938 -0.00796736 -0.0162944 0.023617 0.0488611 0.035029 -0.0318316 0.0934884 0.0787191 -0.000943821 0.0808427 -0.00843523 0.0950814 0.081894 -0.0115887 0.000605244 0.0104681 -0.0215201 0.0427645 0.0386778 -0.0427025 0.0269367 -0.0117191 0.0554936 0.0640416 0.0663804 0.0587385
internal_weight=47501.9 18128.4 29373.5 10780.3 11126.1 8804.81 2321.34 7002.22 3663.82 4375.81 18593.2 9817.88 4429 9128.21 962.459 17438.3 2187.97 1528.87 672.248 2150.97 680.12 2991.57 2626.77 2846.94 1546.78 2278.04 1079.99 3338.4 1156.91 2602.54
internal_count=150575 106646 43929 23015 83251 70931 12320 23395 14586 40507 20914 16446 30424 14769 6569 18707 3286 11875 4103 13250 5496 10483 9462 28632 6189 17174 3273 8809 2210 7314
cat_boundaries=0 1 2
cat_threshold=2 2
is_linear=0
shrinkage=0.05


Tree=10
num_leaves=31
num_cat=3
split_feature=11 1 15 0 11 23 25 22 22 22 0 18 25 23 15 18 22 1 3 0 15 11 25 22 8 22 15 22 25 1
split_gain=19523.3 5117.17 1726.81 2388.39 699.94 531.398 646.864 403.088 356.534 296.005 279.716 246.465 226.797 217.969 216.591 214.309 207.646 201.954 200.381 199.34 875.926 198.472 192.55 189.707 178.098 162.353 159.74 155.218 171.781 152.954
threshold=3.2163195257845358 9.2827133604745047 38.500000000000007 0 3.9024338097838647 1.917716189114165 85.500000000000014 0.26549789689614195 5.7087716919793206 0.072588988130486823 1 0.0013466783400556943 36.500000000000007 2.6133147143801421 7.5000000000000009 0.0033676859403670031 0.012131805236721116 20.122814351885452 3.3492677532099582 2 62.500000000000007 1.603846857242311 49.500000000000007 8.0605859034312353 81.779412240537525 8.2626068304679094 2.5000000000000004 0.018068984344373453 28.500000000000004 20.122814351885452
decision_type=2 2 2 1 2 2 2 2 2 2 1 2 2 2 2 2 2 2 8 1 2 2 2 2 8 2 2 2 2 2
left_child=2 5 3 25 26 6 7 18 -4 12 23 17 16 -5 -7 -12 -6 -11 -2 20 21 -10 -20 -8 -9 -1 27 -3 -29 -18
right_child=1 4 8 13 9 14 10 24 19 11 15 -13 -14 -15 -16 -17 29 -19 22 -21 -22 -23 -24 -25 -26 -27 -28 28 -30 -31
leaf_value=0.011457765893687822 0.091101281976108769 0.071707587274202067 0.057407100239294129 0.070156421086658302 0.049840734197401329 -0.0015749398709267314 0.015281562499980665 -0.0086328704270770672 0.055467680194134034 -0.017874558406594607 0.0025484203326692164 0.043092435553324995 0.070236904897560876 0.017274527831934422 0.054772621419098146 0.054283834770894615 -0.025955139151083002 0.03046646940365226 -0.022791237151311899 0.091097740716905878 0.08902855510961942 0.011375053392307636 0.047888408330425791 -0.04147572941221446 -0.044915841040662347 -0.032392063888042222 0.072654582554999125 0.016745154199412336 0.049708603392177503 0.053199034134377078
leaf_weight=332.98130520433187 60.158994168043137 662.25781928002834 1017.1557315289974 8283.9940154030919 352.32761296629906 4112.4930290132761 239.26159506291151 383.74644899368286 810.37592040002346 802.9515460729599 463.99129748344421 354.2717516720295 417.63906539231539 199.55344067513943 177.91966438293457 352.0549703836441 239.09369732439518 295.58820203691721 389.57795751839876 14079.338286176324 5474.0783276855946 372.54092503339052 128.02618491649628 382.72872611880302 2850.5048103034496 576.64430419355631 921.97508938610554 457.44870951771736 2905.8113228306174 81.950136370956898
leaf_count=2226 202 1454 2123 15486 1146 30189 1720 2942 1759 5174 3126 1496 1391 632 670 1514 1536 1319 2826 14112 5937 1521 700 3469 28556 4999 1807 1735 8710 334
internal_value=0.0550362 0.0119939 0.0785729 0.0606567 0.0429225 -0.0122918 -0.0229593 -0.0337389 0.0863091 0.0216082 0.00561577 0.00682784 0.0412901 0.0689125 0.000761744 0.0248679 0.0233366 -0.00486726 0.00472956 0.0877268 0.0805974 0.0415814 -0.00530906 -0.0196428 -0.0406108 -0.0163402 0.0538815 0.0495819 0.0452251 -0.00575012
internal_weight=48178.4 17031.8 31146.7 9393.17 7491.31 9540.46 5250.05 3812.01 21753.5 2543.82 1438.04 1452.81 1091.01 8483.55 4290.41 816.046 673.371 1098.54 577.763 20736.3 6657 1182.92 517.604 621.99 3234.25 909.626 4947.49 4025.52 3363.26 321.044
internal_count=150811 102016 48795 23343 26102 75914 45055 35226 25452 12396 9829 7989 4407 16118 30859 4640 3016 6493 3728 23329 9217 3280 3526 5189 31498 7225 13706 11899 10445 1870
cat_boundaries=0 1 2 3
cat_threshold=2 2 2
is_linear=0
shrinkage=0.05


Tree=11
num_leaves=31
num_cat=0
split_feature=15 1 15 15 22 3 25 23 2 22 18 1 20 1 23 4 23 15 22 3 2 23 22 15 1 15 1 22 22 11
split_gain=17826.6 4229.79 1394.86 1028.16 782.374 591.019 476.79 395.06 363.315 257.573 212.285 276.752 209.06 204.477 236.34 228.475 191.003 189.081 236.759 187.28 177.499 176.993 176.052 173.435 159.802 144.722 134.241 139.017 133.155 131.99
threshold=16.500000000000004 9.9746864695094164 1.5000000000000002 47.500000000000007 2.6321715633356204 3.3668094914029969 86.500000000000014 1.1247433120165053 0.59697431285341407 9.1158539674756565 0.0026385332287615997 17.73876860705121 3.2655651278698943 5.465715528768686 1.1895576711834723 0.089205170942367365 1.1456833082847855 28.500000000000004 4.4750724115028291 3.780249855683242 0.85143424125109135 1.9015504267247985 7.6273774837561241 75.500000000000014 21.167236711345563 5.5000000000000009 14.436193092703274 2.9402912638458449 0.012131805236721116 3.3584604664427391
decision_type=2 2 2 2 2 10 2 2 2 2 2 2 2 2 2 2 2 2 2 8 2 2 2 2 2 2 2 2 2 2
left_child=1 2 4 7 19 25 -6 20 10 -5 11 12 -7 14 -4 -16 23 26 -19 -1 -2 -21 -8 -11 -10 -3 27 -9 -13 -17
right_child=3 5 13 9 6 8 22 17 24 16 -12 28 -14 -15 15 29 -18 18 -20 21 -22 -23 -24 -25 -26 -27 -28 -29 -30 -31
leaf_value=0.010400141219763882 -0.016702093334474335 0.05379602227922891 -0.039905915319119939 0.065722472961072295 -0.043346339557522977 0.025580370303416977 0.016066538502705615 0.0089901533417086708 0.036413056344899962 0.060192147005949097 0.063758363891188649 0.064622449972998902 -0.028125915587416311 0.10344394202009642 -0.0045499780266025905 0.038699157696672315 0.087443198260960142 0.029723081671982621 0.073064198840251199 -0.027747539349649408 0.066823285062259541 -0.00083375301796842494 -0.025812161732593725 0.087524939057964296 0.064410300039505763 0.080121396390009259 0.090666149927374207 0.056558976207092986 0.019479192179904896 0.009700794218419696
leaf_weight=1824.6167899295688 216.17041851580143 2368.0473161712289 147.85345767438412 1876.264258518815 2804.047846250236 268.10551591217518 543.3413182720542 160.44640213251114 1814.5663368478417 1333.1855948269367 214.26820712536573 196.77670015394688 559.01605439186096 78.526674881577492 528.55732247978449 1707.0845774039626 14277.753427371383 332.3151650428772 6081.8764667063951 946.99180338531733 90.124494612216949 1721.0327405631542 466.34483563899994 1027.8083114922047 708.74654404819012 669.71459570527077 275.82902066409588 3594.441174261272 961.5146260112524 509.530707500875
leaf_count=11513 1513 5689 1284 3164 29798 1052 3620 606 6468 2382 656 487 3802 173 3434 6565 13743 951 9316 7766 203 12732 4017 1054 1856 1011 296 8374 4213 2989
internal_value=0.0516442 0.0139848 -0.00556527 0.076143 -0.0160826 0.042395 -0.0327377 0.0638445 0.0313291 0.0832844 0.0164763 0.0113735 -0.0107174 0.0238339 0.021673 0.0249896 0.0852647 0.0654858 0.0708187 -0.00194437 0.00787449 -0.0103866 -0.00327602 0.0720909 0.0442769 0.0595998 0.0569995 0.0545264 0.0271484 0.0320333
internal_weight=48304.9 19038.7 11277.9 29266.2 8306.38 7760.76 3813.73 10751.2 4722.99 18515 2199.68 1985.41 827.122 2971.55 2893.03 2745.17 16638.7 10444.9 6414.19 4492.64 306.295 2668.02 1009.69 2360.99 2523.31 3037.76 4030.72 3754.89 1158.29 2216.62
internal_count=150727 109125 83891 41602 69446 25234 37435 21259 18534 20343 10210 9554 4854 14445 14272 12988 17179 19543 10267 32011 1716 20498 7637 3436 8324 6700 9276 8980 4700 9554
is_linear=0
shrinkage=0.05


Tree=12
num_leaves=31
num_cat=2
split_feature=15 1 15 15 0 0 24 3 25 2 22 24 1 23 5 22 25 20 8 25 22 23 24 6 22 22 3 15 24 2
split_gain=15892.5 4059.72 1387.06 929.63 1555.87 778.723 659.601 586.716 508.755 298.913 297.923 258.852 219.441 211.59 198.42 171.777 240.147 171.657 167.148 161.449 160.737 154.719 160.343 153.933 146.79 142.041 128.653 124.596 122.317 118.217
threshold=16.500000000000004 9.2827133604745047 2.5000000000000004 43.500000000000007 0 1 8.718694803460755 3.3322467945889023 66.500000000000014 0.56919123714560615 10.989307467249054 32.336567437407354 18.691978655714887 1.2739393679882427 0.044864259751486703 0.3513468114642167 53.500000000000007 4.0496044102137407 204.03706794669804 74.500000000000014 38.147880473939587 1.917716189114165 0.10954844027392192 16.333077387909423 1.3335458538735809 0.080109345987411221 1.3217674062667482 28.500000000000004 0.022155949045215877 0.73045579697892704
decision_type=2 2 2 2 1 1 2 8 2 2 2 2 2 2 2 2 2 2 10 2 2 2 2 2 2 2 8 2 2 2
left_child=1 2 6 4 23 -4 18 -3 -8 12 26 -10 14 20 17 16 25 28 21 -17 -12 22 29 -2 -21 -11 -5 -6 -9 -1
right_child=3 7 5 10 27 -7 8 9 11 15 13 -13 -14 -15 -16 19 -18 -19 -20 24 -22 -23 -24 -25 -26 -27 -28 -29 -30 -31
leaf_value=-0.0087729759909048483 -0.044833459361068417 0.057964881969466579 -0.023787650009872312 0.071386662261596748 0.058172928120427847 0.039566760877701314 -0.049646788559114974 0.065991869905821704 0.0021550388285290216 0.046724064665576395 0.05818758104172353 -0.034201749873868655 0.031572645089459471 0.083691644833634005 0.078857330464590703 -0.003272736145793017 0.074484319530864845 -0.027884529856620117 0.038250515549831179 0.062395417273204967 0.078215584434322249 6.5907887322625238e-05 -0.033423126737918467 0.0046089589788084681 0.013231044886547947 0.011174952413923894 0.050000185580353122 0.070311551248016899 0.002842679798487006 0.068136809348024074
leaf_weight=179.44246285408735 223.64459857344627 2891.4913478046656 636.41337566077709 1872.0815908163786 3850.0954350829124 2039.067150503397 1971.1588993147016 91.54639159142971 1115.6216604784131 1043.4988213032484 1580.9230160415173 872.43436871469021 1127.7252843827009 12717.2144818753 74.805511727929115 367.12098799645901 616.81357129663229 467.32952260971069 228.88118107616901 315.23754637688398 2734.7746795415878 3007.9106618016958 785.86731092631817 531.6656975671649 292.87279133498669 384.54396345466375 1126.2608300596476 4688.2068119198084 472.24384890496731 69.244419723749161
leaf_count=1250 1992 6132 5291 2649 7256 6905 22884 253 8355 3184 2828 8130 4276 11923 210 1648 1526 3271 972 905 3084 21395 6751 3260 1121 1656 2087 6508 2488 290
internal_value=0.048724 0.0131685 -0.00677835 0.0718231 0.0587533 0.0244967 -0.0169448 0.0398763 -0.0316467 0.0299209 0.0778869 -0.0137997 0.016053 0.0804452 0.00022737 0.0401775 0.0484125 -0.00547706 -0.00331727 0.0229104 0.0708789 -0.00567081 -0.02235 -0.0100308 0.0387173 0.0371514 0.0633533 0.064838 0.0130966 0.0126418
internal_weight=48376.1 19051.3 10906 29324.9 9293.61 2675.48 8230.56 8145.23 3959.21 5253.74 20031.3 1988.06 2233.65 17032.9 1105.93 3020.09 2044.86 1031.12 4271.35 975.231 4315.7 4042.46 1034.55 755.31 608.11 1428.04 2998.34 8538.3 563.79 248.687
internal_count=150480 108893 82223 41587 19016 12196 70027 26670 39369 20538 22571 16485 10498 17835 6222 10040 6366 6012 30658 3674 5912 29686 8291 5252 2026 4840 4736 13764 2741 1540
cat_boundaries=0 1 2
cat_threshold=2 2
is_linear=0
shrinkage=0.05


Tree=13
num_leaves=31
num_cat=2
split_feature=15 1 11 15 0 11 0 22 15 18 22 24 18 24 8 23 5 23 23 15 13 18 16 24 8 8 23 22 16 24
split_gain=14485.9 3234.94 1095.67 933.858 1710.03 651.068 603.517 578.838 326.426 270.919 241.297 202.155 209.438 190.827 207.565 179.443 169.865 166.088 162.443 151.762 151.177 190.16 149.354 186.065 141.531 134.627 129.96 176.483 124.13 145.719
threshold=16.500000000000004 8.4777260407455177 3.4605096469104741 48.500000000000007 0 4.0439409348258675 1 2.6321715633356204 1.5000000000000002 0.0030912016150553899 10.315818592916299 0.32256380879567143 0.0022387223493866436 0.097473381317940519 189.43094537482619 1.0323272586241961 0.234508277230596 1.4834326801705562 1.1551528981419312 31.500000000000004 6.8244459935970871 0.003558478258968544 0.00030800344883334256 0.49050793529303371 61.057394475036823 204.03706794669804 1.8072238638587779 0.037046469972837393 0.00013479884841121581 0.022155949045215877
decision_type=2 2 2 2 1 2 1 2 2 2 2 2 2 2 10 2 2 2 2 2 2 2 2 2 8 10 2 2 2 2
left_child=1 2 6 4 16 8 17 25 13 24 -5 28 -13 -3 22 -12 -2 -1 -16 -6 -8 -22 -15 -24 -9 26 27 -4 29 -7
right_child=3 5 7 10 19 11 20 9 -10 -11 15 12 -14 14 18 -17 -18 -19 -20 -21 21 -23 23 -25 -26 -27 -28 -29 -30 -31
leaf_value=-0.048421118235482098 -0.022565316510320912 0.050831709672464677 0.019564106273419049 0.060473754709963835 0.056446555472259852 0.04281989615041689 0.051792105260898252 0.020099779305832406 0.059250726008607479 -0.0068754084503137138 0.059021537018122266 -0.027795858189439276 0.05357244185980712 0.0066897737696007091 0.026928247192820567 0.079171703441038091 0.020951280093372684 0.0013397031270196054 0.06068371328542338 0.068531323045291442 -0.0048392517792126555 0.037567085563347646 0.072009013372789671 0.021534329227643229 -0.039624898419361648 0.036602261763500808 5.3718587094143567e-05 -0.036041162517117926 0.051052409939143339 -0.010159521350880947
leaf_weight=281.70353554189205 609.72788604348898 1396.8794010430574 187.63853107392788 2353.6059941798449 4778.4570557624102 201.41891048848629 816.26307690888643 102.97917748987675 1954.8577330857515 979.04822266101837 1195.7921782881021 544.62454663217068 92.517785102128983 1126.2184886485338 709.88075917214155 14530.605380296707 354.70962951332331 414.31467826664448 715.79539251327515 5693.1505516469479 389.24529580771923 823.98040989041328 235.91387134790421 807.64073077589273 2698.5220893025398 209.78130669891834 3123.0763179063797 595.76129414141178 248.77096181362867 364.96948528289795
leaf_count=2775 4535 3542 1132 3675 8611 686 2688 677 3772 7860 1810 3995 419 4587 2260 14243 1463 3070 1664 7317 1966 2553 545 2972 29653 888 22444 5245 1049 2325
internal_value=0.0464036 0.012378 -0.00595759 0.0683317 0.0571491 0.0355658 0.0213764 -0.0153916 0.0419306 -0.0295169 0.0754049 0.00511965 -0.0159806 0.0351485 0.0290554 0.0776395 -0.00656039 -0.0188003 0.043876 0.0630167 0.0351551 0.0239616 0.0193173 0.032945 -0.0374295 -0.00241839 -0.00451383 -0.0227227 0.0216119 0.00868101
internal_weight=48537.9 19021.8 10622.3 29516 11436 8399.49 2725.51 7896.81 6947.19 3780.55 18080 1452.3 637.142 4992.33 3595.45 15726.4 964.438 696.018 1425.68 10471.6 2029.49 1213.23 2169.77 1043.55 2801.5 4116.26 3906.48 783.4 815.159 566.388
internal_count=150421 108767 80951 41654 21926 27816 13052 67899 19342 38190 19728 8474 4414 15570 12028 16053 5998 5845 3924 15928 7207 4519 8104 3517 30330 29709 28821 6377 4060 3011
cat_boundaries=0 1 2
cat_threshold=2 2
is_linear=0
shrinkage=0.05


Tree=14
num_leaves=31
num_cat=4
split_feature=15 0 15 0 11 23 6 24 11 24 0 15 24 25 25 24 24 3 11 7 15 24 0 12 5 25 24 25 3 6
split_gain=12970.2 2993.09 1312.81 1526.3 980.665 550.593 562.86 349.337 270.465 212.133 208.454 757.631 195.73 304.845 298.313 288.874 206.943 194.58 155.116 145.088 194.32 143.486 138.364 136.186 129.921 129.856 223.763 126.93 120.022 111.351
threshold=7.5000000000000009 0 38.500000000000007 1 4.1934788805469951 1.917716189114165 9.9527804650504184 19.026806154656175 3.7571192338960153 0.066412799828650546 2 63.500000000000007 0.87192353295938696 79.500000000000014 54.500000000000007 0.086124216107974175 4.1360724289883519 1.100010760441483 0.93121815761753923 8.0153826326268263 26.500000000000004 46.60849203256732 3 -0.060011428442614374 0.086875660729032064 69.500000000000014 1.400168885272582 97.500000000000014 1.2828378755946861 6.4703320519981053
decision_type=2 1 2 1 2 2 2 2 2 2 1 2 2 2 2 2 2 8 2 2 2 2 1 2 2 2 2 2 8 2
left_child=1 4 3 21 8 6 29 -4 -1 -6 11 17 14 -14 15 -10 -15 -9 -13 20 24 -2 -8 -17 -5 -11 -27 -18 -12 -3
right_child=2 5 7 19 9 -7 22 10 12 25 28 18 13 16 -16 23 27 -19 -20 -21 -22 -23 -24 -25 -26 26 -28 -29 -30 -31
leaf_value=0.044765263012167926 0.0077264803801455955 -0.044507770639106874 0.040029205914795751 0.024402206307565216 0.020921767871372569 -0.0011919713837748569 0.025933320986864319 0.050508591334912513 0.041875167083032863 -0.039243346571218016 0.080632014231845905 0.078705482613502825 -0.015243720194047709 0.062086893568330193 0.061514502313447683 -0.037988422024634372 -0.010796522074692366 0.012628236047590342 0.060885876472729576 0.07365335916900409 0.060385252877111807 -0.032073159057738374 -0.014677099762644478 0.012192010838420598 0.048569025323087739 0.051291324016714837 -0.034951521095497796 0.045458413520462086 0.071123901656067967 -0.022782713777229239
leaf_weight=3768.0501021072268 421.12050048261881 2038.7490563392639 934.54012729227543 654.83734002709389 339.6363358721137 4186.2326843068004 476.94472451508045 647.87156103551388 1005.342825807631 589.1731093749404 5351.8205925226212 3493.8869221508503 617.92123290151358 326.78212603926659 720.02746569365263 167.67234227061272 278.72989588975906 711.10224867612123 1877.4957406073809 868.68513987958431 3820.5141844898462 489.91316142678261 374.38630887120962 698.3475975394249 3689.6914735734463 128.29195092618465 181.77841750532389 156.6141282171011 8738.1333557069302 829.90032609552145
leaf_count=9166 2766 24463 1899 1897 1687 30701 2374 1172 3019 5001 4742 3294 3348 950 1905 1015 1398 2288 2495 1099 5677 4528 2987 3242 7659 667 1482 546 9416 7693
internal_value=0.0442012 0.00880335 0.0630557 0.0480061 0.028558 -0.0136302 -0.0276275 0.0699353 0.0351694 -0.0127442 0.0712776 0.0640388 0.0260649 0.0108544 0.0341653 0.0236424 0.0320144 0.0306872 0.0724769 0.0542266 0.0521598 -0.013676 0.00807425 0.00247645 0.0449264 -0.0254595 0.00073155 0.00944108 0.0747354 -0.0382227
internal_weight=48584.2 16884.6 31699.6 9944.76 8978.37 7906.21 3719.98 21754.9 7739.49 1238.88 20820.3 6730.36 3971.44 1380.05 2591.39 1871.36 762.126 1358.97 5371.38 9033.73 8165.04 911.034 851.331 866.02 4344.53 899.243 310.07 435.344 14090 2868.65
internal_count=150576 101644 48932 23626 33426 68218 37517 25306 24589 8837 23407 9249 15423 6242 9181 7276 2894 3460 5789 16332 15233 7294 5361 4257 9556 7150 2149 1944 14158 32156
cat_boundaries=0 1 2 3 4
cat_threshold=4 2 2 1
is_linear=0
shrinkage=0.05


Tree=15
num_leaves=31
num_cat=2
split_feature=15 1 6 15 0 24 11 25 0 11 22 22 11 23 12 23 3 5 15 22 8 24 25 24 23 12 22 13 6 3
split_gain=11766.7 2775.85 1021.33 862.555 1312.13 593.311 477.494 446.085 293.293 252.894 229.037 186.637 211.832 178.987 163.207 159.886 158.21 153.253 140.477 139.728 127.075 149.348 142.003 161.547 125.334 124.188 121.144 108.834 108.374 110.955
threshold=16.500000000000004 8.4777260407455177 10.876767858527698 48.500000000000007 0 7.4682905401440074 3.6732908089427201 61.500000000000007 1 4.2694332691600172 9.1158539674756565 4.8056345716506419 3.1759432036363688 1.3396443606960353 -0.046131789503978081 1.9485179284965231 3.2453686476471333 0.16206480818454128 28.500000000000004 38.147880473939587 182.17569587273294 0.034748589486260979 26.500000000000004 0.32256380879567143 1.4892687039779606 -0.10072719378819658 0.0326580934502829 6.8466335138371957 1.3696195274401564 3.8490354635033128
decision_type=2 2 2 2 1 2 2 2 1 2 2 2 2 2 2 2 8 2 2 2 10 2 2 2 2 2 2 2 2 8
left_child=1 2 5 4 17 28 25 -7 16 14 -5 -9 27 19 -8 18 -4 -2 -6 -12 21 -16 -23 -24 -10 -3 -11 -13 29 -1
right_child=3 6 8 10 15 7 9 11 24 26 13 12 -14 -15 20 -17 -18 -19 -20 -21 -22 22 23 -25 -26 -27 -28 -29 -30 -31
leaf_value=0.0050398577727331535 -0.032358122893632289 0.034058524091451055 0.036122807208000866 0.052330792466794201 0.050879510653750071 -0.046486853038811185 0.012100950934930594 0.013404320460701219 -0.044703578185256207 0.024695072417281919 0.05148250527615527 0.039858127701689457 -0.029322700982903623 0.074096742658230907 0.048776020307551272 0.043180295338335367 -0.0024494507836457713 0.0096927930568824171 0.064113144016706494 0.069195219385280587 0.045665375641142467 -0.0089514663315266273 0.048743617073429557 0.012858549672841314 0.0044117371414850335 0.054774219350096513 -0.02340844204896354 -0.022915276974433005 0.0046073560289019121 -0.029338930096839039
leaf_weight=403.91486337780952 328.79326055943966 1095.6022533476353 1707.7461745068431 1902.8772461414337 3187.7032284289598 1846.0371438860893 1301.6742332354188 508.48345012962818 165.47171112895012 195.80601967871189 1786.1518305540085 190.27003604918718 1394.5054593160748 11306.758876770735 536.79095213115215 1900.9747149199247 314.85608351230621 635.36949906498194 5406.4996716082096 2956.1217981725931 1244.2844241783023 368.40169291198254 496.52697323262691 851.40210149437189 604.04437853395939 2129.9786012023687 394.75460508465767 108.37882210314274 2684.4126356840134 560.20788953453302
leaf_count=2387 2747 2568 5373 3081 5623 22859 5168 4080 1577 899 2838 771 13658 10667 1288 3562 1929 3302 6688 3228 3516 1770 1576 3843 4294 4114 3120 619 18797 4729
internal_value=0.0420458 0.0114924 -0.00578148 0.0618912 0.051174 -0.0151793 0.0325221 -0.0283597 0.0201227 0.0234157 0.0687324 -0.0131604 -0.0211383 0.0706771 0.0272151 0.0563022 0.0301183 -0.00464717 0.0592046 0.0625238 0.0328403 0.0257576 0.0185585 0.0260773 -0.0061497 0.0477379 -0.00745926 0.0170778 -0.000556986 -0.0149361
internal_weight=48514.8 19103.6 10488.3 29411.3 11459.3 7696.21 8615.22 4047.67 2792.12 5389.64 17951.9 2201.64 1693.15 16049 4799.08 10495.2 2022.6 964.163 8594.2 4742.27 3497.41 2253.12 1716.33 1347.93 769.516 3225.58 590.561 298.649 3648.54 964.123
internal_count=150671 108935 81073 41736 21922 67900 27862 41987 13173 21180 19814 19128 15048 16733 17161 15873 7302 6049 12311 6066 11993 8477 7189 5419 5871 6682 4019 1390 25913 7116
cat_boundaries=0 1 2
cat_threshold=2 1
is_linear=0
shrinkage=0.05


Tree=16
num_leaves=31
num_cat=2
split_feature=15 1 15 0 23 25 24 3 22 2 22 23 15 1 0 22 23 7 15 4 3 13 3 25 3 24 25 22 25 22
split_gain=10889.5 2579.85 1283.89 1183.51 352.758 524.15 343.79 288.301 256.391 248.181 207.566 206.021 217.01 178.316 176.588 139.872 168.103 134.557 134.623 133.469 126.751 119.645 119.497 112.075 99.4783 98.5359 182.375 208.578 122.775 98.4142
threshold=7.5000000000000009 8.4777260407455177 37.500000000000007 0 1.917716189114165 74.500000000000014 25.852989706533872 3.4863025643857446 0.24765294470594024 0.59697431285341407 7.6273774837561241 1.1247433120165053 60.500000000000007 11.599186576197745 1 17.376258538672229 1.5309286639157047 8.0301355861128592 25.500000000000004 0.31623458195354054 3.2661366374201601 7.0841462664377932 3.8490354635033128 134.50000000000003 1.4841339566254239 0.034748589486260979 54.500000000000007 0.58953199715856652 94.500000000000014 1.101679256421263
decision_type=2 2 2 1 2 2 2 10 2 2 2 2 2 2 1 2 2 2 2 2 8 2 8 2 10 2 2 2 2 2
left_child=1 4 3 19 5 8 -4 -3 22 13 -7 12 23 -9 -12 16 -13 18 -5 -2 21 -16 -1 -8 -18 -15 -27 -28 -29 -11
right_child=2 7 6 17 -6 10 11 9 -10 29 14 15 -14 25 20 -17 24 -19 -20 -21 -22 -23 -24 -25 -26 26 27 28 -30 -31
leaf_value=0.025602100342992835 -0.021311476394351894 0.037783695905267367 0.041286471718443504 0.039401778093356127 -0.00091812951577030304 0.020179954081774355 0.011558744817613716 -0.025333614996068551 -0.042046354154542491 0.034877484113173943 -0.037558339766835321 0.037289923791550349 0.060615010498316559 0.037958295537462772 0.047482822065697067 0.070250151602039443 0.069785883557928932 0.066661337012454358 0.052439107088858822 0.034761924396333507 -0.028181220899799349 -0.0076676633752584301 -0.025858970610791433 0.059747986334977299 0.053121954424637699 -0.013937579626520747 0.047261829474929469 -0.018170477931207341 0.040920491644491963 0.0042308299530736046
leaf_weight=220.43116991221905 747.84367373585701 3831.0445196405053 1535.5088136792183 4091.5096938759089 4183.5336885228753 736.40941789746284 415.33542111515999 358.90159297734499 2233.2330409213901 1916.1152413636446 462.94417528063059 683.52600425481796 1795.0517775565386 330.03698647022247 198.76020191609859 13354.157561600208 2636.1469722241163 848.44142638146877 3836.9497865885496 123.67183431237936 206.45387353003025 194.64922906458378 231.05084017664194 170.05916674435139 1356.4289420545101 582.67572651803493 424.44294795393944 318.60189992934465 121.39823583513498 303.44267682731152
leaf_count=1109 6524 9330 2856 8989 30736 4894 1349 2465 26786 6155 4838 1332 2222 906 973 13330 2728 1075 5880 651 1964 1194 1938 281 1879 3483 1494 1798 385 1210
internal_value=0.0401061 0.00765069 0.0574194 0.0422182 -0.011361 -0.0211043 0.0641025 0.027779 -0.0350989 0.0189791 -0.000222118 0.0658189 0.0519938 0.0068129 -0.0143585 0.0676442 0.060202 0.0477364 0.0457111 -0.0133544 0.00354592 0.0201957 -0.000733664 0.0255579 0.0641245 0.013305 0.00768243 0.0222553 -0.00186698 0.0306877
internal_weight=48448.8 16854.1 31594.6 9648.42 8667.47 4483.93 21946.2 8186.66 2684.72 4355.62 1799.22 20410.7 2380.45 2136.06 1062.81 18030.3 4676.1 8776.9 7928.46 871.516 599.863 393.409 451.482 585.395 3992.58 1777.16 1447.12 864.443 440 2219.56
internal_count=150754 101658 49096 23119 74432 43696 25977 27226 29833 17896 13863 23121 3852 10531 8969 19269 5939 15944 14869 7175 4131 2167 3047 1630 4607 8066 7160 3677 2183 7365
cat_boundaries=0 1 2
cat_threshold=2 2
is_linear=0
shrinkage=0.05


Tree=17
num_leaves=31
num_cat=3
split_feature=11 1 14 0 6 22 25 20 24 23 2 24 18 1 11 0 11 14 11 13 23 23 5 25 24 1 24 0 22 22
split_gain=9812.2 2467.9 946.806 1127.06 464.588 683.322 409.873 310.174 302.926 238.549 215.417 213.545 179.504 225.324 175.29 219.869 134.784 130.949 127.563 146.287 120.827 119.063 115.869 115.086 146.282 112.21 107.331 103.821 120.218 102.162
threshold=3.1083855148488411 9.9746864695094164 6.5000000000000009 0 11.273711021098007 1.8431960156902212 57.500000000000007 3.2854231120744264 53.326796073536748 1.2222359650355885 0.59697431285341407 31.691187017188927 0.0015233996155360667 18.448986280315221 1.1003592992964515 1 4.2545672881396115 9.5000000000000018 3.3084681251892358 6.8110592333879305 2.0810421995712374 1.1935693454708252 0.18145071594885967 82.500000000000014 0.022155949045215877 15.349015827175227 9.3759887613936694 2 2.1013699401480062 0.018068984344373453
decision_type=2 2 2 1 2 2 2 2 2 2 2 2 2 2 2 1 2 2 2 2 2 2 2 2 2 2 2 1 2 2
left_child=2 4 3 22 5 16 -7 21 -4 14 12 -8 13 -9 -10 17 -2 -16 19 -13 -5 23 -1 24 -3 -12 -22 28 -6 -15
right_child=1 7 8 20 27 6 11 10 9 -11 25 18 -14 29 15 -17 -18 -19 -20 -21 26 -23 -24 -25 -26 -27 -28 -29 -30 -31
leaf_value=-0.030770942550965047 0.011510334351143525 0.062116096340671584 0.046915834149656777 0.050392300612742184 -0.016919427614104612 -0.04531352054067378 0.00076715731870162637 -0.026470491978121846 0.064775741934327807 0.067666094703107832 0.01084236332719375 0.040875379459475059 0.039989014187699012 0.041296962745189444 0.016420870565564426 0.071099600537056509 -0.0076250910490723968 0.047371913762755694 -0.03744974682303339 -0.037556720076274051 0.0068118018271678031 0.051020741206881673 0.0071351545117638139 0.050681787287584025 0.016440718445037372 0.034759845058978667 0.041467631695512985 -0.0037344943663304439 0.02745611011822708 0.0045287899993369319
leaf_weight=434.26610352098942 1898.2330834791064 209.37272338569164 2841.0560699850321 8491.2301628068089 175.70842497050762 1799.0125744640827 1232.7504610195756 522.4167283475399 1674.6056599915028 13190.431777201593 629.51295171678066 124.93884862214327 345.74013029783964 256.83140069246292 672.26020266860723 493.10645736753941 1786.1516525149345 695.0638979524374 928.63916437327862 113.4206618219614 279.86117699742317 1533.2861889749765 376.27994035184383 581.33059035241604 1076.9610259160399 2218.9507587850094 1107.6799612343311 577.97677255421877 1161.6597485393286 714.51782460510731
leaf_count=4097 11324 386 4578 13444 1005 22984 10542 3652 1840 13237 2477 616 1110 628 1943 478 13937 1029 10097 828 765 3020 2262 1249 3332 5898 2055 4365 4393 3135
internal_value=0.038117 0.00875968 0.0554732 0.0435064 -0.00811461 -0.0134812 -0.0272709 0.0292003 0.0620107 0.0645748 0.0208609 -0.0137449 0.00752345 9.12469e-06 0.0530402 0.0424769 0.00223368 0.0321545 -0.0290747 0.00355436 0.048157 0.0406956 -0.0131738 0.032219 0.0238752 0.0294741 0.0344777 0.0139731 0.0216259 0.0142505
internal_weight=48143.3 17887.4 30255.8 10689.3 9798.49 7883.15 4198.76 8088.92 19566.5 16725.5 4687.97 2399.75 1839.51 1493.77 3535.04 1860.43 3684.38 1367.32 1167 238.36 9878.77 3400.95 810.546 1867.66 1286.33 2848.46 1387.54 1915.34 1337.37 971.349
internal_count=150706 104978 45728 22623 80091 70328 45067 24887 23105 18527 16900 22083 8525 7415 5290 3450 25261 2972 11541 1444 16264 7987 6359 4967 3718 8375 2820 9763 5398 3763
cat_boundaries=0 1 2 3
cat_threshold=2 2 1
is_linear=0
shrinkage=0.05


Tree=18
num_leaves=31
num_cat=3
split_feature=11 1 14 0 25 22 25 11 22 23 22 25 25 22 0 11 22 13 11 22 0 1 22 3 11 23 12 11 22 22
split_gain=9182.06 2104.33 919.949 1054.7 376.199 490.984 464.533 349.835 268.523 249.526 212.068 246.331 204.356 194.192 201.088 184.711 181.186 158.626 153.583 153.444 144.225 135.034 131.746 129.814 122.284 116.542 115.114 104.897 104.119 101.893
threshold=3.1083855148488411 9.2827133604745047 6.5000000000000009 0 105.50000000000001 2.6321715633356204 75.500000000000014 3.8254703802301595 10.315818592916299 1.314193270127775 0.15191235919234425 79.500000000000014 36.500000000000007 7.2076019906270536 1 4.2545672881396115 45.244870967407827 6.11631415267109 0.85514669040732161 1.2684238792628253 2 20.122814351885452 0.01492659056014631 1.5298785591943931 3.3894990847842714 2.1577455910491796 -0.088874696153189589 4.106919714555886 3.0641053594177765 3.4756316352257337
decision_type=2 2 2 1 2 2 2 2 2 2 2 2 2 2 1 2 2 2 2 2 1 2 2 8 2 2 2 2 2 2
left_child=2 4 3 23 5 15 24 26 29 16 12 21 22 -8 -15 -2 18 -16 -10 -13 -6 -12 -9 -1 -7 -5 -3 -24 -22 -4
right_child=1 7 8 25 20 6 13 10 9 -11 11 19 -14 14 17 -17 -18 -19 -20 -21 28 -23 27 -25 -26 -27 -28 -29 -30 -31
leaf_value=0.062638046284194879 0.0087253841485069056 0.023101624126307972 0.018523979338735789 0.047801166779566556 -0.0071183785119391177 -0.004533310909316913 0.013126131173486086 0.028310860987850114 0.065175886260926352 0.06615717838976734 -0.028122539169436592 0.047486870269657734 0.043000887434666561 -0.052081921200909202 0.050267557957512359 -0.012052072238461458 0.063098590735325574 -0.016473926100686664 0.037094012226423057 -0.001430218698201481 -0.021361346411471447 0.013178482122254795 0.0069536804174531583 -0.01947406804715282 -0.044208243821582296 0.030745946184638651 0.039933317549286633 -0.041813090880579856 0.035168967396600262 0.048850252862187554
leaf_weight=51.482222743332386 2351.0189621224999 1454.9160694777966 310.60605593025684 8761.1340948939323 411.28704413771629 215.2829909324646 769.88081780076027 532.80820281803608 641.67528568208218 11561.663112595677 659.15143121778965 339.90332303196192 882.78458198159933 330.21592777967453 112.55145269632339 1962.6163601800799 2270.1162196695805 425.94422971457243 2018.4204578027129 303.41798123717308 91.397110641002655 282.82224033772945 397.56334342062473 739.96441707015038 1984.3013049811125 1130.9300988316536 3365.7919019758701 152.59336903691292 748.66699429601431 2558.3260213136673
leaf_count=175 14823 3714 707 13924 3459 1421 5082 1528 674 11460 4190 1061 2767 3759 495 16201 2469 2980 3878 1371 512 1180 1739 6117 26509 2350 7594 1265 2951 3884
internal_value=0.0363333 0.00784834 0.0531857 0.0414076 -0.00838449 -0.0123028 -0.0253116 0.0260811 0.059685 0.062141 0.0141722 0.000565918 0.0251451 -0.00515809 -0.0213622 -0.000727936 0.0527227 -0.00252423 0.043868 0.0244155 0.0171413 -0.0157221 0.0105898 -0.0141328 -0.0403251 0.0458513 0.0348534 -0.00657244 0.0290186 0.045567
internal_weight=47819.2 17774.9 30044.3 10683.5 9403.16 8151.81 3838.18 8371.75 19360.8 16491.9 3551.04 1585.29 1965.75 1638.59 868.712 4313.64 4930.21 538.496 2660.1 643.321 1251.35 941.974 1082.96 791.447 2199.58 9892.06 4820.71 550.157 840.064 2868.93
internal_count=150239 104601 45638 22566 78192 71270 40246 26409 23072 18481 15101 7802 7299 12316 7234 31024 7021 3475 4552 2432 6922 5370 4532 6292 27930 16274 11308 3004 3463 4591
cat_boundaries=0 1 2 3
cat_threshold=2 2 2
is_linear=0
shrinkage=0.05


Tree=19
num_leaves=31
num_cat=2
split_feature=15 1 15 15 0 24 0 25 9 24 23 2 11 23 24 24 11 23 15 15 1 25 24 25 24 8 23 16 24 25
split_gain=8655.62 1556.44 947.072 657.054 965.33 528.598 463.302 408.399 297.693 200.664 192.011 167.752 143.653 122.819 121.968 121.883 142.668 120.158 116.227 113.196 110.16 107.485 138.077 152.979 113.492 99.2937 98.1448 95.4508 95.0867 106.967
threshold=19.500000000000004 11.599186576197745 1.5000000000000002 48.500000000000007 0 9.6063517189355618 1 74.500000000000014 27.009889667241005 53.326796073536748 1.3185472235046096 0.59851412332197473 4.2243112983786544 1.4624592668138372 32.336567437407354 327.34281568322416 1.1003592992964515 1.8072238638587779 37.500000000000007 4.5000000000000009 0.12790084509595309 95.500000000000014 0.81688108689546624 40.500000000000007 0.097473381317940519 204.03706794669804 2.719530318739007 0.0118138499169333 0.10954844027392192 36.500000000000007
decision_type=2 2 2 2 1 2 1 2 2 2 2 2 2 2 2 2 2 2 2 2 2 2 2 2 2 10 2 2 2 2
left_child=1 2 5 4 27 12 13 -7 11 -5 15 21 25 -4 -9 16 -11 28 -6 -10 -15 22 23 24 -3 -1 -19 -2 29 -14
right_child=3 8 6 9 18 7 -8 14 19 10 -12 -13 17 20 -16 -17 -18 26 -20 -21 -22 -23 -24 -25 -26 -27 -28 -29 -30 -31
leaf_value=0.0031345077536959437 -0.020838576031532888 0.010472440909934417 -0.04176677220970549 0.045566363288680529 0.043353617976013885 -0.043833288880806551 0.027246281284907192 0.0051747117173059076 0.032691723497364121 0.05736659941829339 0.064792582214025757 0.02608334914549373 -0.021881733603198922 0.068605338321739207 -0.025005992132456308 0.062252944177776319 0.033861688950374717 0.0041067018561362321 0.054655205858803457 0.054083583966747423 -0.0087529671250355084 0.041741360191755651 -0.022283923954486046 0.032428072408817142 -0.036495603624374956 0.03318616541420568 -0.025989841018700634 0.013312737522401858 -0.037174888769248314 0.05073186861243776
leaf_weight=2350.1410469412804 529.25227701663971 353.48184290528297 288.27582728862762 2430.0373314172029 6139.9251262694597 1718.8664704933763 3123.1022276729345 809.10366149246693 3013.1153187677264 1262.3598972707987 10348.702049687505 2352.3246993348002 164.38613624870777 51.414979621767998 570.99815881252289 1814.7547674179077 1321.2919449955225 1267.596522770822 3613.9282702952623 778.10002908110619 438.59363694489002 179.79819674044847 449.63264438509941 457.32423529028893 202.18475528806448 311.27467332780361 344.49468180537224 333.54060656577349 564.56876058131456 73.345628596842289
leaf_count=14900 3728 1278 3201 3710 9964 24375 9586 5813 7471 1483 10223 6636 1203 326 5976 1938 2420 9985 4499 1141 3468 473 2632 1649 1429 1094 2699 1532 5586 393
internal_value=0.0348219 0.00961489 -0.00162379 0.0528355 0.0430569 -0.011297 0.0186449 -0.0275689 0.0270463 0.0588794 0.0610731 0.0175218 -0.00136235 -0.0158708 -0.00731214 0.0523217 0.0453461 -0.0101937 0.047541 0.0370821 -0.000636017 0.00525964 0.000774996 0.0110101 -0.00661734 0.0066493 -0.00232476 -0.00763628 -0.0260051 0.000521206
internal_weight=47655.9 19862.1 12076.2 27793.8 10616.6 8174.78 3901.39 3098.97 7785.96 17177.1 14747.1 3994.75 5075.81 778.284 1380.1 4398.41 2583.65 2414.39 9753.85 3791.22 490.009 1642.42 1462.62 1012.99 555.667 2661.42 1612.09 862.793 802.301 237.732
internal_count=150811 111314 88605 39497 19723 72024 16581 36164 22709 19774 16064 14097 35860 6995 11789 5841 3903 19866 14463 8612 3794 7461 6988 4356 2707 15994 12684 5260 7182 1596
cat_boundaries=0 1 2
cat_threshold=2 2
is_linear=0
shrinkage=0.05


Tree=20
num_leaves=31
num_cat=5
split_feature=15 0 6 15 0 11 24 25 11 22 22 25 24 0 13 24 25 22 25 0 15 24 0 11 15 22 22 16 24 25
split_gain=7655.35 1249.6 917.208 651.272 838.51 554.83 428.787 403.54 251.85 231.381 222.84 192.326 299.513 181.117 158.327 142.589 242.569 224.359 148.598 135.668 403.966 125.953 130.46 139.52 123.934 117.196 111.049 104.707 101.474 98.6695
threshold=19.500000000000004 0 10.876767858527698 48.500000000000007 1 4.092941983477238 7.4682905401440074 61.500000000000007 3.5809733110443003 10.315818592916299 0.024948863359892805 58.500000000000007 0.93168826593486165 2 5.5285668938712567 0.086124216107974175 52.500000000000007 0.71031475502071417 92.500000000000014 3 66.500000000000014 30.40583139125479 4 3.3894990847842714 31.500000000000004 2.1013699401480062 8.2626068304679094 0.0070631367750034904 35.968753025258628 74.500000000000014
decision_type=2 1 2 2 1 2 2 2 2 2 2 2 2 1 2 2 2 2 2 1 2 2 1 2 2 2 2 2 2 2
left_child=1 5 6 4 27 8 -3 -8 -1 -5 -7 -12 -13 25 -9 -10 -17 29 -19 -11 -21 -16 23 -23 -6 -4 -15 -2 -26 -18
right_child=3 2 13 9 24 10 7 14 15 19 11 12 -14 26 21 16 17 18 -20 20 -22 22 -24 -25 28 -27 -28 -29 -30 -31
leaf_value=0.040636778736116208 -0.02703193009168995 0.00044483404832308812 -0.0087845432888735558 0.04201555925356807 0.038312606468334849 0.024604290527543347 -0.044609649736853024 0.042224361428312041 0.035186783853319324 0.062542684945076171 -0.036398246293760171 0.041944524191954914 -0.025970815876202331 0.0091056590507891406 0.0017607485833225545 -0.00040335397604200407 0.029026279053130336 -0.00029722998760663567 0.033117597445846934 0.025275725071311379 0.059463964142859066 0.0093789942662812625 -0.045467824226584366 -0.034547459815726468 0.032037128924385046 0.027251072283291572 -0.030923858847920122 0.0081873036441348704 0.05231235585876777 0.056416308778119297
leaf_weight=2532.6068442314863 361.23847868293524 2806.3908049613237 248.75697716325521 2384.6186494380236 4177.3232305049896 497.14031136035919 1575.8420097306371 131.04615953937173 1446.9716763645411 9086.9720768928528 568.33364094048738 284.93708098679781 377.29493600875139 578.15485750883818 729.59450577199459 1356.7389042079449 840.83558768033981 935.63337096571922 516.32291447371244 1085.4772424399853 4235.3794131875038 381.59603341668844 460.16338850557804 343.48458571732044 707.55752767622471 2426.4229619577527 247.39799652248621 507.54485167562962 4827.8100522905588 539.94918924570084
leaf_count=4772 2667 20415 1236 3716 7206 2130 22848 861 3602 9183 5037 1319 2992 4040 6496 5493 2441 3766 1536 2172 4624 1518 5863 3777 1275 7266 2488 2642 6067 1184
internal_value=0.0331834 0.00952211 -0.00301044 0.0503202 0.0406046 0.0220953 -0.0142252 -0.0255928 0.0275397 0.0564422 -0.00364742 -0.0150609 0.00325096 0.0175824 -0.010945 0.0216549 0.0169812 0.0253075 0.0115852 0.05883 0.0524894 -0.0145838 -0.0246449 -0.0114298 0.0448142 0.0239002 -0.00289021 -0.00645679 0.0497207 0.039737
internal_weight=47199.5 19825.6 9928.85 27373.9 10581.5 9896.76 6428.12 3621.73 8169.06 16792.4 1727.71 1230.57 662.232 3500.73 2045.88 5636.45 4189.48 2832.74 1451.96 14407.8 5320.86 1914.84 1185.24 725.081 9712.69 2675.18 825.553 868.783 5535.37 1380.78
internal_count=150632 111080 76808 39552 19857 34272 61778 41363 22794 19695 11478 9348 4311 15030 18515 18022 14420 8927 5302 15979 6796 17654 11158 5295 14548 8502 6528 5309 7342 3625
cat_boundaries=0 1 2 3 4 5
cat_threshold=4 2 1 1 1
is_linear=0
shrinkage=0.05


Tree=21
num_leaves=31
num_cat=0
split_feature=15 1 15 15 22 25 9 24 24 22 8 24 6 1 11 25 25 13 22 25 25 24 6 25 24 13 11 2 24 6
split_gain=7056.07 1450.3 747.014 642.005 566.444 389.068 220.671 218.419 171.287 155.823 154.142 174.918 149.634 211.07 143.812 130.096 116.277 113.635 111.176 180.143 151.709 127.429 108.851 99.8965 121.152 99.3176 97.2901 95.1703 90.4078 85.3622
threshold=19.500000000000004 13.403497442257027 1.0000000180025095e-35 51.500000000000007 2.6321715633356204 66.500000000000014 27.070896278852299 25.852989706533872 19.421239037280014 6.5828519596266455 78.374906499958669 8.5036558453543609 17.531952439407871 5.465715528768686 4.2545672881396115 139.50000000000003 94.500000000000014 6.760576434163057 0.30625575084976214 85.500000000000014 57.500000000000007 0.086124216107974175 21.797445361498319 137.50000000000003 21.511542280431957 6.920914015256546 3.8185428378423114 0.63471224362049328 6.7149625581783168 2.9711039893713491
decision_type=2 2 2 2 2 2 2 2 2 2 10 2 2 2 2 2 2 2 2 2 2 2 2 2 2 2 2 2 2 2
left_child=1 2 4 9 14 -6 18 -5 29 10 11 -2 13 17 -1 -13 -10 -4 20 26 21 -3 25 24 -19 -11 -20 -18 -14 -7
right_child=3 6 12 7 5 8 -8 -9 16 22 -12 15 28 -15 -16 -17 27 23 19 -21 -22 -23 -24 -25 -26 -27 -28 -29 -30 -31
leaf_value=0.0070420800514324217 -0.022205137550553103 0.030344006682809174 0.017382720744547654 0.03368845201046454 -0.046999022228241531 -0.038080800730525277 0.036911748292246076 0.057044572257951204 -0.038478116539088975 0.040806313378705467 0.06213330038336793 0.036372584704637147 -0.010235687697563823 0.043590712193076184 -0.0095847776686416395 -0.004441818813776215 -0.024606650143672668 0.015105788533727935 0.0082728236273079524 0.028933323400395974 0.046949237877306149 0.0042503309246109972 0.046057167153153833 0.040176402881290145 -0.016328010238411277 0.023372357651814037 -0.026565103419438674 0.025010589523401263 0.03318865727172892 0.018725841223577549
leaf_weight=3036.6890141814947 221.72621329128742 1035.9095023870468 1026.9593025669456 1076.6584387421608 1363.4278778396547 76.173406466841698 3276.0764995068312 14242.226910501719 539.34588415920734 2645.5951513573527 236.33631271123886 814.21072585135698 132.22746568918228 393.95975503325462 2274.688628770411 256.83063705265522 218.80373842269182 428.82888106256723 449.53343832492828 596.81919714063406 626.61151898652315 853.27623271942139 6481.4325604364276 119.26736509054899 1074.8552017062902 1181.8408880755305 361.60873783379793 173.10275335609913 1281.6534799262881 501.63553188741207
leaf_count=17073 789 2670 4948 1875 21647 591 7033 16062 6225 5196 278 1739 627 854 18737 645 1947 2547 1345 1660 1451 3561 9881 416 6830 3086 2259 1401 3747 3585
internal_value=0.0320851 0.00941966 -0.000782009 0.0486449 -0.00975241 -0.0276397 0.027332 0.055403 -0.0101486 0.0398996 0.0250049 0.0182173 0.0156865 0.00944311 -7.86571e-05 0.0265855 -0.0234175 0.00436642 0.0193335 0.00808311 0.0256298 0.0185584 0.042109 -0.00386993 -0.00736355 0.035423 -0.00725799 -0.00269101 0.0291276 0.0112369
internal_weight=46998.3 19841.5 12641.6 27156.9 8183.87 2872.49 7199.84 15318.9 1509.06 11838 1529.1 1292.77 4457.75 3043.87 5311.38 1071.04 931.252 2649.91 3923.76 1407.96 2515.8 1889.19 10308.9 1622.95 1503.68 3827.44 811.142 391.906 1413.88 577.809
internal_count=150705 111154 91175 39551 71206 35396 19979 17937 13749 21614 3451 3173 19969 15595 35810 2384 9573 14741 12946 5264 7682 6231 18163 9793 9377 8282 3604 3348 4374 4176
is_linear=0
shrinkage=0.05


Tree=22
num_leaves=31
num_cat=0
split_feature=15 1 15 15 24 25 15 24 23 1 23 24 25 15 24 24 13 24 3 5 5 24 16 8 2 15 24 23 8 5
split_gain=6608.93 1113.33 658.705 610.475 523.342 370.396 217.736 194.641 209.476 159.425 146.596 126.871 171.772 123.037 134.585 118.187 117.736 112.258 106.21 105.308 104.36 121.782 151.951 124.184 121.654 103.717 100.886 100.857 164.244 143.743
threshold=19.500000000000004 13.403497442257027 1.0000000180025095e-35 47.500000000000007 8.718694803460755 66.500000000000014 2.5000000000000004 54.467761967482751 1.2977394055316143 21.411884254570509 1.1247433120165053 28.597469605525607 139.50000000000003 76.500000000000014 377.82283839199721 42.715314412917344 7.1200241866993439 0.034748589486260979 1.2072932187743135 0.18728278017123753 0.028920057000473127 0.32256380879567143 0.00010996578100232593 172.25980714886381 0.63097353551964463 28.500000000000004 0.041947297468363169 1.023332473409251 204.03706794669804 0.012826251478845955
decision_type=2 2 2 2 2 2 2 2 2 2 2 2 2 2 2 2 2 2 8 2 2 2 2 10 2 2 2 2 10 2
left_child=1 2 4 10 17 -6 9 18 13 20 -2 12 -12 14 -9 -7 -4 -1 -5 -18 21 22 26 24 -23 -13 -3 -19 29 -29
right_child=3 6 16 7 5 15 -8 8 -10 -11 11 25 -14 -15 -16 -17 19 27 -20 -21 -22 23 -24 -25 -26 -27 -28 28 -30 -31
leaf_value=0.028287004777002984 0.0011716490414016452 0.025597005366150696 0.022745678265167629 0.048373302973849563 -0.045363072233918791 -0.0014039509755472523 0.042267201914671364 0.031638031473951229 0.058757338184339807 0.030983267931063901 0.033276304270587524 0.032494245850386363 -0.0078745279064172304 0.056956743992978842 0.056321525347539814 -0.033419711566757535 0.0022566718434179033 -0.038104931699459506 0.027720227808224765 0.036587120512784392 0.043653189474592659 -0.039000432512763319 0.042444778512896818 0.013442319575897324 0.0036276011628173263 0.044501871740790525 -0.0033586732838558953 -0.017266613976298657 0.032540550081061125 0.0029923122335134686
leaf_weight=342.39472367614508 277.54503751546144 578.5367374420166 2379.9147394523025 1526.1598447412252 1322.7070082873106 1164.4624704606831 1381.5383216142654 1865.6392090022564 10107.160652220249 2134.0517233237624 1285.2408926412463 2679.7925291582942 315.92862907797098 1476.1467683762312 784.42579835653305 383.09080427885056 1824.6632099971175 179.55736745893955 1051.3076878339052 254.540392793715 269.64863580465317 295.2089421376586 540.64337386190891 902.3958196118474 386.4922356903553 5467.4567837566137 626.64991281181574 1209.0136579200625 359.92023437470198 3174.7720268107951
leaf_count=1322 1579 1406 9681 2103 21776 9498 2305 3233 10679 5543 2785 5544 813 1641 875 4597 9485 1246 1865 734 616 1931 1361 2790 1368 8414 2514 8418 1202 23261
internal_value=0.0306222 0.0086381 -0.000293505 0.0467684 -0.0087587 -0.0259348 0.0244485 0.0525922 0.0548817 0.0201551 0.0370035 0.0380236 0.0251568 0.0453883 0.0389444 -0.00932933 0.0151517 0.000603845 0.0399492 0.00645948 0.0137354 0.0113128 0.020421 0.00127458 -0.0148324 0.0405523 0.0105412 -0.00132142 7.09023e-05 -0.00259494
internal_weight=46547 19710.2 12595 26836.8 8135.92 2870.26 7115.17 16810.8 14233.4 5733.63 10026 9748.42 1601.17 4126.21 2650.07 1547.55 4459.12 5265.66 2577.47 2079.2 3599.58 3329.93 1745.83 1584.1 681.701 8147.25 1205.19 4923.26 4743.71 4383.79
internal_count=150585 111054 91220 39531 71320 35871 19834 20396 16428 17529 19135 17556 3598 5749 4108 14095 19900 35449 3968 10219 11986 11370 5281 6089 3299 13958 3920 34127 32881 31679
is_linear=0
shrinkage=0.05


Tree=23
num_leaves=31
num_cat=5
split_feature=14 0 14 0 14 0 23 0 14 5 24 25 8 24 9 23 23 25 0 9 24 25 23 6 25 23 25 2 2 25
split_gain=6062.23 938.383 650.581 627.076 462.757 710.452 376.164 227.786 506.285 221.65 275.059 307.712 274.003 212.132 188.083 213.18 170.196 176.164 157.14 148.073 130.248 148.812 121.298 105.346 96.1225 91.5843 104.642 88.9526 87.5466 86.412
threshold=3.5000000000000004 0 1.0000000180025095e-35 1 7.5000000000000009 2 1.5660470992587336 3 9.5000000000000018 0.036873149776732957 0.76366932030759871 50.500000000000007 220.56891349247334 0.041947297468363169 26.904429823176496 1.2008793784410385 1.8281130849982365 100.50000000000001 4 29.029042033529034 28.038693649592002 139.50000000000003 1.0417249358926597 72.409731037814069 84.500000000000014 2.1124648769949776 90.500000000000014 0.72683843346154897 0.88753238665391077 80.500000000000014
decision_type=2 1 2 1 2 1 2 1 2 2 2 2 10 2 2 2 2 2 1 2 2 2 2 2 2 2 2 2 2 2
left_child=1 6 3 16 5 -2 -1 23 -9 10 11 13 24 -5 -15 -16 17 -3 -4 -8 21 -7 29 -6 28 26 -21 -18 -12 -14
right_child=4 2 18 9 7 20 19 8 -10 -11 12 -13 22 14 15 -17 27 -19 -20 25 -22 -23 -24 -25 -26 -27 -28 -29 -30 -31
leaf_value=-0.040276220317710984 -0.0069598215646150974 -0.039801993048220824 0.023384467284863712 0.027322610557790047 0.058689724660546443 0.036536646739208999 0.0063235781652548027 0.014900385563817909 0.050899129840643521 0.048471784957279967 -0.019804810430707677 0.038103222102757975 -0.0319840453021265 -0.011961429110303477 -0.011538807845626317 0.0326326736014848 -0.01088753188410501 0.018730887485235995 0.041990418964870616 -0.048388998175630193 0.04368618162972035 -0.004981680812563543 0.042983653021811591 0.043090322706991438 0.0079265420868930205 -0.0050320644863041247 -0.0050847009875816338 0.010379478073032015 0.035028132921295065 0.019234503037488179
leaf_weight=925.25177697092295 825.23191078752279 741.33202221617103 3930.0367609709501 1378.225648842752 7651.5544936656952 796.45060569047928 1640.7870201431215 1203.7717260047793 5177.7053584009409 465.77043187618256 1334.7698382809758 1588.9156410172582 114.66640125960112 1137.0333531945944 429.72960551828146 749.66523753851652 1484.3679578602314 155.5109027326107 1595.5251615196466 347.54218557849526 8036.9019336551428 296.04495108127594 425.4821140319109 1260.5859489738941 543.80583299696445 816.77691502869129 233.04923015087843 735.21787602081895 76.993038304150105 292.18790346384048
leaf_count=12546 4921 10656 10205 3739 8154 1380 14204 2632 6344 1239 7300 4465 536 6176 2170 1973 12587 1034 2614 4678 11264 723 935 1728 2184 5759 1961 5627 215 934
internal_value=0.0293186 0.0095668 0.0146264 0.00792635 0.0458585 0.0374683 -0.0123637 0.0513197 0.0441085 0.0149339 0.0129986 0.0197033 0.00029195 0.0117903 0.00254895 0.0165382 -0.0112705 -0.0296525 0.028757 -0.00386308 0.0414843 0.025286 0.0243187 0.0564833 -0.00993442 -0.0158242 -0.0310067 -0.00384303 -0.0168144 0.00479925
internal_weight=46390.9 21142.6 17179.2 11653.7 25248.2 9954.63 3963.41 15293.6 6381.48 8537.25 8071.47 5283.57 2787.91 3694.65 2316.43 1179.39 3116.43 896.843 5525.56 3038.16 9129.4 1092.5 832.336 8912.14 1955.57 1397.37 580.591 2219.59 1411.76 406.854
internal_count=150883 113737 74589 61770 37146 18288 39148 18858 8976 31866 30627 18523 12104 14058 10319 4143 29904 11690 12819 26602 13367 2103 2405 9882 9699 12398 6639 18214 7515 1470
cat_boundaries=0 1 2 3 4 5
cat_threshold=2 1 2 1 1
is_linear=0
shrinkage=0.05


Tree=24
num_leaves=31
num_cat=0
split_feature=15 1 15 15 22 25 22 22 15 23 23 1 22 15 11 4 15 6 23 11 22 17 25 1 6 23 1 22 23 25
split_gain=5814.62 1032.8 630.467 569.67 469.216 411.281 235.801 190.096 183.916 178.144 175.06 152.905 151.087 186.521 149.713 114.38 95.7321 94.3988 128.05 93.2175 92.351 89.2226 81.3345 80.3006 156.66 83.8791 76.8451 256.885 91.3262 102.477
threshold=19.500000000000004 14.436193092703274 1.5000000000000002 51.500000000000007 1.8431960156902212 52.500000000000007 9.2256161515765047 8.0605859034312353 5.5000000000000009 1.376197897414378 1.1247433120165053 20.890192348578303 16.997795832810912 32.500000000000007 4.2243112983786544 0.16596368595057862 76.500000000000014 1.3874370473711581 2.6133147143801421 1.7979372215181817 0.0048368735115676452 -1.0000000180025095e-35 99.500000000000014 5.465715528768686 10.876767858527698 2.1700224249496389 0.97291612933940796 2.5709491887756273 1.3670375686834086 155.50000000000003
decision_type=2 2 2 2 2 2 2 2 2 2 2 2 2 2 2 2 2 2 2 2 2 2 2 2 2 2 2 2 2 2
left_child=1 2 4 10 14 -6 -5 15 11 16 21 -3 26 -14 20 -7 19 -16 -19 -8 -1 -2 -9 24 25 -4 27 -12 -29 -30
right_child=3 8 23 6 5 7 9 22 -10 -11 12 -13 13 -15 17 -17 -18 18 -20 -21 -22 -23 -24 -25 -26 -27 -28 28 29 -31
leaf_value=0.060402443681322228 -0.012411773969790228 0.013220641367267354 -0.0098687676235492613 0.032675834887399814 -0.045134690422422685 -0.0060963899820681254 0.032329281556964164 -0.043869452342813885 0.047029261439635685 0.056416639351085478 -0.02494530806763557 0.029237067252872135 0.02901799380713796 0.047299657926299123 -0.021487167395750652 0.033487258679330716 0.053524374222541776 0.0107700042392935 -0.023521398374098609 0.053777736524021215 0.0073441393661579594 0.044531517731353026 -0.006685804562115193 0.038079023089092133 0.018947047760595265 0.038945409618632479 0.053123241272261104 0.00028631384986745474 0.035838718759041439 0.01479820550972033
leaf_weight=84.434487015008926 282.48993945866823 3319.0943475291133 830.23057871684432 1739.3610074222088 1253.1778556481004 1623.9037760533392 1925.5983235836029 478.2683940269053 727.31405970454216 8606.9620118290186 217.67558770626783 2704.2651893645525 2067.041687771678 4292.5900023132563 847.86214508861303 205.60437523201108 1592.4566329270601 872.04053871333599 395.80220630019903 687.41969871520996 2857.8923313170671 90.934721231460571 212.3676929846406 353.00671416521072 2854.7738459929824 98.438239179551601 328.09291847795248 234.04285645484924 3516.6868157163262 692.69047550112009
leaf_count=204 1731 10561 5430 2843 19957 14336 3115 6940 1037 9378 779 6785 4042 5692 7058 1117 1827 6470 3143 801 14479 149 2061 682 10393 509 457 958 6552 1367
internal_value=0.027941 0.0074193 -0.000836925 0.0433424 -0.00838208 -0.0217256 0.0499503 -0.0100852 0.0232792 0.0522955 0.0351394 0.0204114 0.0362478 0.0413577 0.00157229 -0.00164789 0.043861 -0.00857213 6.47233e-05 0.0379718 0.00886673 0.0014548 -0.0324356 0.015272 0.0131441 -0.0046945 0.0297344 0.0280881 0.0306861 0.0323763
internal_weight=45992.5 19718.5 12967.8 26274 8831.35 3773.32 14551.8 2520.14 6750.67 12812.4 11722.2 6023.36 11348.8 6359.63 5058.03 1829.51 4205.47 2115.7 1267.84 2613.02 2942.33 373.425 690.636 4136.45 3783.44 928.669 4989.19 4661.1 4443.42 4209.38
internal_count=150853 111162 92779 39691 75765 44411 17964 24454 18383 15121 21727 17346 19847 9734 31354 15453 5743 16671 9613 3916 14683 1880 9001 17014 16332 5939 10113 9656 8877 7919
is_linear=0
shrinkage=0.05


Tree=25
num_leaves=31
num_cat=3
split_feature=15 11 0 24 15 0 25 8 24 24 24 15 16 23 11 15 23 25 5 2 15 0 24 16 25 11 24 25 23 2
split_gain=5373.74 806.214 749.336 662.764 559.655 823.777 189.259 189.183 184.714 175.485 157.214 204.131 156.823 150.189 139.379 135.273 121.214 151.083 107.911 98.0752 97.6801 146.639 95.8406 135.255 124.38 86.3715 85.4484 85.1172 112.332 80.5727
threshold=19.500000000000004 3.9024338097838647 0 7.4682905401440074 53.500000000000007 1 60.500000000000007 204.03706794669804 37.542243032502945 25.34722926675423 0.10954844027392192 1.5000000000000002 0.0070631367750034904 1.314193270127775 4.2321041247007551 37.500000000000007 1.1066732878013743 81.500000000000014 0.30484744858255958 0.50049657775542522 75.500000000000014 2 0.18517261893403522 0.00076296522166527771 28.500000000000004 1.1003592992964515 0.01124432709555739 97.500000000000014 1.5942096934498922 0.74540207622032117
decision_type=2 2 1 2 2 1 2 10 2 2 2 2 2 2 2 2 2 2 2 2 2 1 2 2 2 2 2 2 2 2
left_child=1 2 8 14 5 12 -5 10 -1 -6 -4 -12 -2 20 22 -7 17 -9 -17 -14 21 -11 24 29 26 -23 -3 28 -8 -24
right_child=4 3 7 6 9 15 27 16 -10 13 11 -13 19 -15 -16 18 -18 -19 -20 -21 -22 25 23 -25 -26 -27 -28 -29 -30 -31
leaf_value=-0.0042806582826090487 -0.027588182797063071 0.037285741647053644 0.031070296094777895 -0.046222964070595667 0.028458960268553143 0.033427631395953873 -0.047040356463820487 -0.011424147212615317 -0.03985636275432649 0.058877615844507958 0.0037603043895098813 0.021282662130671523 -0.029778146516717986 0.054043515804058542 -0.0056177437337602727 0.049246954516440559 0.043184913744365734 0.033499093210855112 0.033772183252674164 0.017533216794445961 0.051316519796345751 0.040577900939790759 -0.012336185532407819 0.020872781510615047 0.039043953795385493 0.016167191456212131 -0.0076959366476521103 0.010530509473839975 -0.0079482126310962253 0.016750064892463761
leaf_weight=1098.264966160059 463.18237565457821 146.78761395812035 1565.0181498080492 966.80351411923766 963.02858605980873 6049.4746004641056 304.33901667222381 277.62602305412292 546.38480415567756 463.78196388483047 2997.6014498881996 3730.7902969568968 132.61266948282719 8920.3244918733835 2494.1853496357799 3598.9124235808849 1284.0752142518759 574.36654261499643 1639.9112279415131 629.55774178355932 1505.150561273098 635.28916226327419 1026.7388527467847 755.80940054357052 546.60447311401367 843.49749645590782 376.06362993270159 242.71918116509914 463.83847605064511 309.97877019643784
leaf_count=8792 2914 361 3377 17296 1666 9932 3447 893 6925 486 15171 10462 657 10120 19459 4409 2509 1300 2514 2502 1775 879 6111 3793 1516 1647 1692 1754 4757 1639
internal_value=0.0268924 0.00722638 0.0152675 -0.00549193 0.0418887 0.0342945 -0.0304068 0.0202139 -0.0160996 0.0490173 0.0167963 0.0134762 -0.00464286 0.0506181 0.00321964 0.0385212 0.0334829 0.0188606 0.0444029 0.00930135 0.0417555 0.0343473 0.0101906 0.00396744 0.022367 0.0266541 0.00493242 -0.0152804 -0.0234359 -0.00559122
internal_weight=45552.7 19708 12074.1 7633.87 25844.7 12513.7 1977.7 10429.5 1644.65 13331.1 8293.41 6728.39 1225.35 12368 5656.17 11288.3 2136.07 851.993 5238.82 762.17 3447.72 1942.57 3161.98 2092.53 1069.46 1478.79 522.851 1010.9 768.177 1336.72
internal_count=150755 111254 49429 61825 39501 22928 27254 33712 15717 16573 29010 25633 6073 14907 34571 16855 4702 2193 6923 3159 4787 3012 15112 11543 3569 2526 2053 9958 8204 7750
cat_boundaries=0 1 2 3
cat_threshold=2 2 1
is_linear=0
shrinkage=0.05


Tree=26
num_leaves=31
num_cat=3
split_feature=15 11 0 24 22 25 15 0 24 8 3 24 25 22 0 11 8 25 24 13 6 15 24 25 24 6 25 24 12 24
split_gain=4872.83 827.363 849.407 554.66 394.267 286.867 222.998 497.772 189.375 172.767 157.647 190.354 191.986 151.127 144.335 322.001 143.1 111.05 102.775 99.7488 97.833 97.5378 90.3698 105.305 88.7552 152.313 123.523 112.948 86.8021 94.0131
threshold=26.500000000000004 3.8578300795043075 0 7.4682905401440074 11.203041521201891 61.500000000000007 50.500000000000007 1 46.60849203256732 220.56891349247334 2.8185995877178081 0.71339184785876586 92.500000000000014 3.7656243967709075 2 1.1003592992964515 165.7761127940158 164.50000000000003 30.40583139125479 5.5841652662906975 2.0878733570950341 73.500000000000014 0.49050793529303371 64.500000000000014 0.034748589486260979 1.3874370473711581 54.500000000000007 0.352078941542118 -0.098953519293877926 14.119405137825799
decision_type=2 2 1 2 2 2 2 1 2 10 10 2 2 2 1 2 10 2 2 2 2 2 2 2 2 2 2 2 2 2
left_child=1 2 8 16 13 -5 7 -6 -1 10 -4 -12 28 -2 -8 -16 24 -15 20 -14 -7 -17 -18 -24 -3 26 -26 -28 -13 -30
right_child=4 3 9 5 6 18 14 -9 -10 -11 11 12 19 17 15 21 22 -19 -20 -21 -22 -23 23 -25 25 -27 27 -29 29 -31
leaf_value=-0.00568869518872131 0.0062590516301389469 0.017657585675044985 0.02646122302171678 -0.045092675380638991 -0.011402012408249021 -0.043409804741305819 0.053716922693581359 0.041729847951977012 -0.042155686008221976 0.03759690747427738 0.02403746151377564 -0.019388771949220576 0.058665605078192712 0.036170624449611534 0.051116399451383278 0.013617036158212324 0.026461223419698948 0.013242560142859267 -0.033684082866783385 0.016027350842143667 0.0071701425339010848 0.041358203588677936 -0.019261997614425368 0.016374911495862714 -0.024060718365633643 0.0044236566981521687 0.045205774034832037 -0.014062014285486408 0.011491140279342478 -0.013859314782995267
leaf_weight=1162.8218154199421 630.66904463618994 567.0222235172987 4282.1999046728015 986.37503484264016 478.67351095378399 109.88424874842167 7277.7114532887936 5574.2311630398035 513.10302779823542 1402.6854247450829 2834.3169051781297 570.522505749017 150.97866228222847 3382.0668976679444 3290.2678025364876 963.71508881449699 959.56327921152115 625.82978799939156 294.91346536949277 1499.3732614442706 735.56241800636053 472.06684856116772 309.06260783225298 629.53987351059914 1130.2908744663 2313.3178564831614 138.02756486088037 192.49157262593508 1120.0023202635348 543.05715370923281
leaf_count=9490 1533 1806 8669 18273 2660 838 8278 7627 6532 2753 6725 3670 316 5649 3896 1963 3675 1183 3988 5247 6015 638 1973 2971 8381 16252 427 1214 4084 4056
internal_value=0.0256758 0.00915679 0.0165568 -0.0032965 0.0420128 -0.0253478 0.045353 0.0375281 -0.0168535 0.0210712 0.018964 0.0141852 0.00699554 0.0290104 0.0492987 0.042495 0.00421993 0.0325904 -0.00826919 0.019928 0.000596174 0.022738 0.0156713 0.00464041 -0.000787169 -0.0035583 -0.0161984 0.0106887 -0.00256003 0.00321318
internal_weight=45140.3 22445.1 14079.1 8366.05 22695.2 2126.74 18056.7 6052.9 1675.92 12403.1 11000.5 6718.25 3883.93 4638.57 12003.8 4726.05 6239.32 4007.9 1140.36 1650.35 845.447 1435.78 1898.17 938.602 4341.15 3774.13 1460.81 330.519 2233.58 1663.06
internal_count=150782 117355 51542 65813 33427 29114 25062 10287 16022 35520 32767 24098 17373 8365 14775 6497 36699 6832 10841 5563 6853 2601 8619 4944 28080 26274 10022 1641 11810 8140
cat_boundaries=0 1 2 3
cat_threshold=2 2 1
is_linear=0
shrinkage=0.05


Tree=27
num_leaves=31
num_cat=3
split_feature=15 11 0 24 15 0 25 24 24 1 3 23 13 24 25 6 24 25 24 6 1 5 6 3 24 23 15 0 11 25
split_gain=4591.22 842.287 791.089 470.797 395.486 721.393 236.871 181.927 166.518 146.263 193.243 144.535 138.904 136.886 194.745 194.504 132.755 153.453 130.661 115.076 110.49 181.295 109.55 107.433 103.164 99.5586 88.6768 106.844 86.2919 83.5275
threshold=25.500000000000004 3.9208068945228187 0 8.2877593589565404 54.500000000000007 1 60.500000000000007 22.887592962201378 54.467761967482751 20.890192348578303 3.1536275457559011 1.314193270127775 7.1390671937727062 0.16764560651736643 31.500000000000004 1.3696195274401564 35.215099287379502 143.50000000000003 0.022155949045215877 5.6994440582480008 5.1232967026214133 0.036873149776732957 18.172079986212697 1.4002853106980673 0.71339184785876586 1.5064711887655819 76.500000000000014 2 0.85514669040732161 74.500000000000014
decision_type=2 2 1 2 2 1 2 2 2 2 8 2 2 2 2 2 2 2 2 2 2 2 2 8 2 2 2 1 2 2
left_child=1 2 8 13 5 23 -5 -6 19 10 12 26 -4 14 18 -15 17 -7 -3 -1 -12 24 -14 -2 -22 -8 27 -9 -29 -26
right_child=4 3 9 6 7 16 25 11 -10 -11 20 -13 22 15 -16 -17 -18 -19 -20 -21 21 -23 -24 -25 29 -27 -28 28 -30 -31
leaf_value=-0.034460573191368554 0.01251214840263954 0.019418386361486472 0.02835450100404548 -0.04854552279129698 0.023486435123893812 0.034113396810129641 -0.035806243260659863 0.055775351855164947 -0.042790880346359729 0.030167239325924772 -0.0057184361945926548 0.051666368443832406 0.0027230074854943751 -0.018883895919569675 0.034815670604194555 0.0043533931172465871 0.040242918736033279 -0.0043070678487000707 -0.022690775277006928 0.0005707691978174542 0.017039503741873414 0.0511190704571872 0.023557509628063904 -0.01896186692537731 -0.020007258260964951 0.00051244243158488827 0.048805918414647348 0.047522164229196008 0.019424237009733541 0.0087086454054552866
leaf_weight=301.47543645277619 487.3671595081687 352.32640874385834 3834.4995895028114 795.51014636829495 798.99573810398579 872.80013298988342 274.79933786019683 382.26783020794392 434.45985601097345 2616.2248491197824 1036.0459090769291 8298.4974880218506 1248.7092659436166 1324.3908107541502 657.45752387493849 2813.756189621985 7965.066761046648 370.0893035531044 386.0920966565609 1054.1080451831222 1642.3101575225592 285.57728705555201 1275.3199642151594 611.07700959593058 428.62997879087925 602.20530172437429 1397.8707114905119 359.44432844221592 1139.5092000961304 618.85894847661257
leaf_count=3279 1260 1146 8531 15947 1432 1430 2933 422 5841 5627 8705 9806 4669 9719 2230 19429 11074 853 2470 8343 4513 655 2644 3589 1688 6043 1700 446 2080 1953
internal_value=0.0247562 0.00847245 0.0153075 -0.00554205 0.0405374 0.0333025 -0.0287886 0.0465621 -0.0158534 0.0196028 0.0169375 0.0481546 0.0223588 0.00148363 0.0150233 -0.00308357 0.0378713 0.0226731 -0.00259896 -0.00722004 0.00834411 0.0132408 0.0132501 -0.00499721 0.00921922 -0.0108676 0.0392673 0.0321795 0.026162 -0.00304183
internal_weight=44665.7 21982.8 14776.2 7206.54 22683 10306.4 1672.51 12376.6 1790.04 12986.2 10370 11577.6 6358.53 5534.02 1395.88 4138.15 9207.96 1242.89 738.419 1355.58 4011.42 2975.38 2524.03 1098.44 2689.8 877.005 3279.09 1881.22 1498.95 1047.49
internal_count=150457 116365 56448 59917 34092 18206 24923 15886 17463 38985 33358 14454 15844 34994 5846 29148 13357 2283 3616 11622 17514 8809 7313 4849 8154 8976 4648 2948 2526 3641
cat_boundaries=0 1 2 3
cat_threshold=2 2 1
is_linear=0
shrinkage=0.05


Tree=28
num_leaves=31
num_cat=1
split_feature=15 11 0 22 23 24 25 23 3 1 1 22 23 25 22 23 4 6 5 24 25 25 23 25 3 24 25 23 11 25
split_gain=4338.46 701.693 748.622 386.084 265.896 251.099 260.663 220.395 198.55 259.332 133.085 131.852 131.629 132.691 126.162 186.403 124.733 113.514 103.59 126.753 164.712 110.405 103.531 134.902 109.382 89.5889 148.825 75.4744 74.2631 73.0004
threshold=26.500000000000004 4.0371176126230024 0 13.399205131959103 1.6422690505400042 4.8559833817668379 39.500000000000007 1.5774487593647446 3.1408070359867017 5.465715528768686 5.1232967026214133 3.7656243967709075 1.5717440903373627 99.500000000000014 38.147880473939587 1.2078479789020442 0.23085326997423991 17.531952439407871 0.064320367746812393 1.8855118939009892 77.500000000000014 95.500000000000014 1.4624592668138372 159.50000000000003 1.7190777276049842 0.097473381317940519 39.500000000000007 1.0141485860589643 1.1800759003562551 21.500000000000004
decision_type=2 2 1 2 2 2 2 2 10 2 2 2 2 2 2 2 2 2 2 2 2 2 2 2 8 2 2 2 2 2
left_child=1 2 7 11 14 -3 -7 -1 10 -10 17 -2 13 -8 15 16 -5 -4 19 20 25 -21 -13 -24 -25 29 -27 28 -16 -11
right_child=3 5 8 4 -6 6 12 -9 9 18 -12 22 -14 -15 27 -17 -18 -19 -20 21 -22 -23 23 24 -26 26 -28 -29 -30 -31
leaf_value=-0.037769333008484528 0.0066649164249087019 0.00059357258714704193 0.011357847692249637 -0.0061174311210933831 0.052195933841749677 -0.046382148266516411 -0.045893181731438464 -0.0033667134211514821 -0.0082952746820476164 0.013074329173846135 0.033559783421113591 0.0029908342215965206 0.0016134396784950448 0.055166278742726053 0.041362507760088679 0.038581906357799102 0.02740750004397224 0.025966194257698912 0.057734479452992565 -0.0057503174437935354 0.046018343629638261 0.025388252653785678 0.037320463730641434 0.030411213867625953 -0.0032443253585183185 -0.0090684657280151928 0.018042325013045573 0.047388533802445031 0.0078093161994993825 0.034443444963114002
leaf_weight=697.83877827599645 641.67358553409576 3370.1257607340813 2651.5417984873056 395.84969773888588 5559.6047941893339 699.86211657524109 300.4201861768961 1398.5342967547476 1372.9966596290469 739.61913147568703 2096.0438368991017 313.17124785482883 911.12239388749003 36.41819041967392 488.07646073400974 4784.3160591870546 927.61696630716324 2667.6978937089443 143.57710532844067 1116.7867489233613 500.6599962413311 382.04421759396791 3515.6369348913431 582.63087543845177 412.2347194775939 748.95637622475624 1561.8478581681848 4147.1599837765098 249.06137506663799 869.51209191977978
leaf_count=9367 1548 22551 8519 1584 6550 11754 4412 11445 12092 1930 3608 926 10038 245 660 7063 1866 5315 302 4119 967 986 5532 914 898 2951 4521 5258 555 1868
internal_value=0.023742 0.00817934 0.0131515 0.0394803 0.043285 -0.00766627 -0.0219575 -0.0148186 0.0170997 0.0113265 0.022889 0.0279579 -0.00825999 -0.0349669 0.038778 0.0339878 0.0173802 0.0186842 0.0157699 0.014752 0.0190124 0.00218674 0.0307904 0.0327206 0.0164656 0.0155631 0.00925543 0.0447681 0.0300257 0.0246214
internal_weight=44282.6 22265.6 16947.7 22017 16551.7 5317.95 1947.82 2096.37 14851.3 7436 7415.28 5465.35 1247.96 336.838 10992.1 6107.78 1323.47 5319.24 6063 5919.43 4420.6 1498.83 4823.67 4510.5 994.866 3919.94 2310.8 4884.3 737.138 1609.13
internal_count=150344 116990 67990 33354 23536 49000 26449 20812 47178 29736 17442 9818 14695 4657 16986 10513 3450 13834 17644 17342 12237 5105 8270 7344 1812 11270 7472 6473 1215 3798
cat_boundaries=0 1
cat_threshold=2
is_linear=0
shrinkage=0.05


Tree=29
num_leaves=31
num_cat=0
split_feature=15 11 22 22 25 23 1 6 11 15 23 15 25 24 24 24 25 22 22 22 3 22 2 23 23 22 25 25 8 23
split_gain=4101.07 733.939 521.781 366.428 273.364 254.581 188.837 279.802 158.445 150.505 137.538 143.706 133.681 133.316 127.046 123 122.416 113.583 107.245 100.037 92.6905 90.4106 86.3609 78.6602 136.932 96.9396 119.397 98.4308 77.9817 75.0401
threshold=28.500000000000004 3.7643447892649129 1.7990613631502734 12.816837853620603 49.500000000000007 1.7150290657746166 5.1232967026214133 10.876767858527698 4.2321041247007551 6.5000000000000009 1.0417249358926597 62.500000000000007 74.500000000000014 31.068846132255569 11.320542930700428 0.18517261893403522 26.500000000000004 33.94583391625526 1.5136649704255871 1.3019911672476405 0.65998590823813463 0.01492659056014631 0.54337544262680659 2.719530318739007 1.8861531756364285 0.0326580934502829 19.500000000000004 63.500000000000007 107.74413768189721 2.2110834703221816
decision_type=2 2 2 2 2 2 2 2 2 2 2 2 2 2 2 2 2 2 2 2 8 2 2 2 2 2 2 2 8 2
left_child=1 6 8 14 -4 10 7 22 12 -8 11 -5 15 -6 -2 16 21 -12 -9 -14 -16 -3 28 24 25 26 -10 -27 -1 -24
right_child=3 2 4 5 13 -7 9 18 23 -11 17 -13 19 -15 20 -17 -18 -19 -20 -21 -22 -23 29 -25 -26 27 -28 -29 -30 -31
leaf_value=0.018980118711545986 0.0015262194734328772 0.016321209693731228 -0.042735342481489504 -0.0035842782878798469 -0.0023394461121695035 0.051722078448554469 0.019545762885164214 -0.020538540226099855 -0.035770188803434001 0.04270200618416168 0.034738232152028418 0.033694173926213308 0.034930847628856794 -0.033393036531361837 0.048416879786442879 -0.0019713497785335417 0.028894504991080629 0.045477439039610594 0.017358765857609829 -0.004514615046354812 0.026508139091872818 -0.017257301804200997 -0.020945377228846051 -0.029292995683444595 0.011708068658501316 -0.041121887406033626 0.027611390504912438 -0.0023754730461138258 -0.021852149373080873 0.0073897155868539099
leaf_weight=481.12873508408666 456.58217411488295 472.68248599767685 921.0263540558517 374.71028966456652 1474.7410358600318 4924.4717231541872 4009.1109911650419 192.60327801853418 110.00496888905764 850.58265949785709 5017.6348092332482 833.75658547878265 768.84134102612734 451.41405249759555 551.00716191530228 2163.5565694496036 884.20840135216713 4834.2338337302208 6071.9527645818889 203.21749548614025 3898.3060252219439 348.0872985497117 909.0434215888381 310.62475111335516 927.64158403128386 410.8250495865941 228.9442301094532 272.7212321087718 154.47151825204492 314.49806708842516
leaf_count=2652 1148 1214 17042 1248 12759 5888 9282 1041 712 1182 8244 1233 2264 6576 692 11654 2364 6330 18748 1007 6975 1714 8485 2578 6813 4368 1025 1929 1440 1970
internal_value=0.0225714 0.00797233 -0.00224634 0.038597 -0.0203305 0.0422655 0.0158024 0.0111385 0.00500422 0.0235988 0.0380551 0.0221352 0.0101083 -0.00961717 0.0266438 0.00594316 0.0159864 0.0400079 0.0161936 0.0266844 0.0292213 0.00208061 -0.00589512 -0.00592429 -0.00220204 -0.0148218 0.00704108 -0.0256628 0.00905655 -0.0136621
internal_weight=43822.6 22931.9 9948.54 20890.7 2847.18 15984.8 12983.4 8123.7 7101.36 4859.69 11060.3 1208.47 4840.59 1926.16 4905.9 3868.53 1704.98 9851.87 6264.56 972.059 4449.31 820.77 1859.14 2260.76 1950.14 1022.5 338.949 683.546 635.6 1223.54
internal_count=150577 118819 74019 31758 36377 22943 44800 34336 37642 10464 17055 2481 20217 19335 8815 16946 5292 14574 19789 3271 7667 2928 14547 17425 14847 8034 1737 6297 4092 10455
is_linear=0
shrinkage=0.05


Tree=30
num_leaves=31
num_cat=2
split_feature=15 11 0 24 22 6 23 22 22 3 22 3 13 1 2 11 0 4 24 6 22 7 24 22 1 21 23 11 15 24
split_gain=3692.29 664.709 602.416 456.427 363.519 259.856 239.674 230.697 189.294 183.229 169.661 133.222 127.85 111.429 108.118 91.9776 141.235 113.032 91.8442 162.158 90.9112 96.6481 86.3192 86.0517 79.3606 79.0033 70.9536 71.3409 70.4661 69.7435
threshold=31.500000000000004 3.8254703802301595 0 4.8559833817668379 9.8576748278753712 2.0878733570950341 1.3396443606960353 4.8056345716506419 9.9666716013433447 1.2828378755946861 38.147880473939587 2.7704962355209415 6.8909720890631814 11.599186576197745 0.69031286941447456 0.93121815761753923 1 0.2197415994601763 40.01042448082665 11.675167482080312 0.67902152731099041 8.14979957152112 11.320542930700428 0.0048368735115676452 7.8959558743261775 204.0603353021001 1.0027166965428511 1.1800759003562551 58.500000000000007 0.32256380879567143
decision_type=2 2 1 2 2 2 2 2 2 8 2 10 2 2 2 2 1 2 2 2 2 2 2 2 2 2 2 2 2 2
left_child=1 2 8 13 22 -5 10 -7 -1 -8 15 24 -13 14 20 -6 17 -17 -14 -20 21 23 -2 -3 -4 29 27 -12 -11 -15
right_child=4 3 11 5 6 7 9 -9 -10 28 26 12 18 25 -16 16 -18 -19 19 -21 -22 -23 -24 -25 -26 -27 -28 -29 -30 -31
leaf_value=-0.002491443810335529 0.0010654009277802324 0.030584206184512019 0.022546501334302749 -0.045663542738712287 0.042705663219067949 0.0031335200731774692 0.05217479600529943 -0.029482555411144907 -0.03947626451299481 0.035591601143352622 0.037587915347620494 0.018056333071847334 0.011006027634534165 0.015118963902001513 0.012704716176122038 -0.016576646185924492 0.039101221102322337 0.017014188802908021 -0.045884581473598085 0.0064622893144124175 0.0039554851735860066 0.016827470349974123 0.025751470701864728 -0.027403331933039496 0.042138501623453353 0.026801091094793734 0.043950250960101966 0.0025453776567395964 0.047517718912286754 -0.0039183788074652224
leaf_weight=1201.3024015650153 403.55142045766115 68.967308506369591 4777.5044475533068 675.70947408303618 444.42135629057884 1317.7099822573364 5055.616702824831 921.13213601335883 485.89501866698265 4102.6435965076089 410.46980102360249 6017.3147224225104 1284.1169989965856 1258.2914525717497 1002.4978897795081 330.38141177594662 539.59920178353786 1034.9667544364929 229.24926463142037 417.14591600000858 974.1315486356616 179.0559514388442 2890.6137836277485 884.35770918428898 579.58201333880424 752.23187856376171 2437.7063577845693 224.77460991591215 1774.1984601318836 778.89953295886517
leaf_count=9802 986 296 9315 9358 588 12876 6069 14535 6552 6038 581 16442 5666 4345 6157 1367 746 2336 2310 1186 7011 847 5050 7199 803 1988 3255 520 2261 4078
internal_value=0.0218385 0.00859696 0.0150029 -0.00230038 0.0378808 -0.0184878 0.040933 -0.0102858 -0.0131427 0.0451958 0.0323385 0.018572 0.0144644 0.00569818 -0.000811308 0.0222233 0.0174448 0.00888601 0.00326843 -0.012103 -0.00724364 -0.0168777 0.0227273 -0.0232083 0.0246662 0.0129535 0.0400718 0.0251885 0.0391921 0.00784023
internal_weight=43454 23805.1 14992.1 8812.98 19648.9 2914.55 16354.8 2238.84 1687.2 10932.5 5422.32 13304.9 7947.83 5898.43 3109.01 2349.37 1904.95 1365.35 1930.51 646.395 2106.51 1132.38 3294.17 953.325 5357.09 2789.42 3072.95 635.244 5876.84 2037.19
internal_count=150563 120766 52076 68690 29797 36769 23761 27411 16354 14368 9393 35722 25604 31921 21510 5037 4449 3703 9162 3496 15353 8342 6036 7495 10118 10411 4356 1101 8299 8423
cat_boundaries=0 1 2
cat_threshold=2 2
is_linear=0
shrinkage=0.05


Tree=31
num_leaves=31
num_cat=3
split_feature=15 11 0 22 22 25 22 15 0 15 7 22 0 11 15 7 5 22 16 25 22 7 8 25 3 4 22 6 17 12
split_gain=3457.17 595.353 554.171 350.255 215.035 218.502 200.189 199.932 416.432 199.408 198.69 121.773 116.808 261.711 128.492 114.515 104.229 109.933 147.577 121.178 114.971 134.866 93.2224 90.9396 90.5707 90.5089 87.692 94.8448 89.3138 86.8003
threshold=28.500000000000004 4.0371176126230024 0 12.249813504469119 1.8431960156902212 50.500000000000007 9.9666716013433447 52.500000000000007 1 2.5000000000000004 7.8553581697195769 3.7656243967709075 2 0.85514669040732161 73.500000000000014 7.8703260905593675 0.065156399271427926 0.3513468114642167 0.00030800344883334256 83.500000000000014 0.065544717105080169 8.1387248519620723 86.757808289287212 129.50000000000003 1.2828378755946861 0.089205170942367365 3.3329566808818822 9.7767368780138835 0.12762132026195974 -0.071750269371260514
decision_type=2 2 1 2 2 2 2 2 1 2 2 2 1 2 2 2 2 2 2 2 2 2 8 2 8 2 2 2 2 2
left_child=1 2 6 11 -3 -6 -1 8 -5 10 22 -2 -9 -14 -15 25 17 18 20 29 -12 -22 -4 -10 -13 -11 28 -28 -24 -19
right_child=3 4 9 7 5 -7 -8 12 23 15 16 24 13 14 -16 -17 -18 19 -20 -21 21 -23 26 -25 -26 -27 27 -29 -30 -31
leaf_value=-0.0039556645235180503 0.0019409355560925498 -0.00086617980777125734 0.0095245168284316256 0.036165632960835289 -0.044045131370889175 -0.0060831889545347002 -0.040933516276197901 0.048278947997568211 -0.025246305751023296 -0.0028959623672126259 0.019616756682623512 0.035788849054539086 0.049942052460406956 0.013464864135372644 0.038113027034684534 0.031711556394608903 0.053365400195254743 -0.026351727505741399 0.035727862599833189 0.01614975351180516 -0.011254176277169245 0.025895093028658358 -0.024847108460303954 0.019757429419204036 0.020521920253700639 0.019343456977047591 -0.043367096488065082 0.0067451101174614923 0.022513992316485418 0.0019629698787716628
leaf_weight=1636.3667072393 565.76062550395727 3700.88965074718 518.85422099754214 5200.5062106847763 688.36845050379634 843.56152986735106 471.4675189293921 5744.6221246123314 351.99269630014896 501.25943976640701 1975.9425127282739 1634.0913377702236 2073.708719342947 1132.5698852539062 991.75010351836681 1848.1351061090827 158.03347858041525 393.60242362320423 851.98440909385681 1044.6278018690646 819.15709940344095 348.14339816570282 186.49296509847045 164.81202698498964 2395.6776545569301 5239.6853517368436 379.62213265523314 125.67992094904184 213.50763017311692 866.60758675634861
leaf_count=14310 1382 25340 3503 7466 13982 9851 6948 7343 1928 1907 4893 2412 2558 2183 1393 3173 368 1539 1783 3141 3060 845 1380 604 4621 11454 5887 792 1424 3133
internal_value=0.0207665 0.00741764 0.0118246 0.0358003 -0.00738731 -0.0231413 -0.0122266 0.039362 0.0319117 0.0151014 0.00953154 0.0236631 0.0436461 0.0373065 0.024972 0.0208865 0.0132594 0.0122534 0.01727 0.00355752 0.0122669 -0.000174533 -0.0073731 -0.0108944 0.0267127 0.0174017 -0.0170576 -0.0309031 0.000432745 -0.00688058
internal_weight=43067.5 22812 17579.2 20255.5 5232.82 1531.93 2107.83 15660 5717.31 15471.3 7882.26 4595.53 9942.65 4198.03 2124.32 7589.08 6458.1 6300.07 3995.23 2304.84 3143.24 1167.3 1424.16 516.805 4029.77 5740.94 905.303 505.302 400.001 1260.21
internal_count=150603 118713 69540 31890 49173 23833 21258 23475 9998 48282 31748 8415 13477 6134 3576 16534 18762 18394 10581 7813 8798 3905 12986 2532 7033 13361 9483 6679 2804 4672
cat_boundaries=0 1 2 3
cat_threshold=2 1 1
is_linear=0
shrinkage=0.05


Tree=32
num_leaves=31
num_cat=2
split_feature=15 11 24 0 22 23 25 22 24 13 3 25 23 22 5 23 25 3 0 5 24 25 23 25 3 7 23 3 13 1
split_gain=3301.49 575.471 474.35 473.876 371.617 228.556 204.351 164.376 139.461 132.155 127.654 113.006 263.564 128.247 200.065 144.074 109.229 102.737 209.276 146.479 102.379 101.724 101.454 113.52 98.5686 97.9481 96.6893 111.09 98.0233 93.6875
threshold=27.500000000000004 3.8254703802301595 7.4682905401440074 0 11.704408860572585 1.4949917641101431 60.500000000000007 8.2626068304679094 0.034748589486260979 6.0902592607528403 1.2451700431705592 26.500000000000004 2.1971155075802904 0.17987984415444777 0.0085464191225440717 2.4010816316922159 113.50000000000001 0.47845940505218748 1 0.17551284620759317 11.320542930700428 48.500000000000007 1.4892687039779606 155.50000000000003 1.7190777276049842 7.5984366585173033 2.1460984547009287 2.8657150854701663 5.8447636387872004 10.755999148568867
decision_type=2 2 2 1 2 2 2 2 2 2 8 2 2 2 2 2 2 8 1 2 2 2 2 2 8 2 2 10 2 2
left_child=1 3 8 7 20 9 -4 -1 -3 -6 -7 12 -10 21 -15 -16 -9 -11 -19 -20 -2 29 -22 -24 -25 -18 27 -5 -29 -13
right_child=4 2 6 26 5 10 -8 16 11 17 -12 13 -14 14 15 -17 25 18 19 -21 22 -23 23 24 -26 -27 -28 28 -30 -31
leaf_value=-0.0006760063769298757 -0.0005189169263098382 0.021810455115747536 -0.043702001733976606 0.023708760085943154 0.039239364231245334 0.051125892884368668 -0.011451735811762074 -0.04972134161120409 -0.033168515486539568 0.048982620438025239 0.037943042271033033 -0.031516145871503178 0.0097311646276820787 -0.020827014755430327 0.017186244487296838 -0.0094050005448981719 0.050596149160465058 0.033520917805357452 -0.017780270440965664 0.018247883342606686 -0.0078525599046820622 0.030024768409556174 0.031371382288971843 0.026072291077282501 -0.0064308483866665159 -0.027752182466406344 0.0023432826384237903 0.028626738408872393 0.0109977514213099 0.013653053560629883
leaf_weight=984.10023763775826 461.71714486926794 859.23892610520124 827.43948466330767 4578.4328567422926 3846.8149995058775 3697.8383056819439 1208.7222446501255 382.29495127871633 724.36075811460614 458.31672134995461 3647.9301782250404 153.94792179018259 707.94298400729895 925.40106089413166 1326.0784002244473 827.09953439235687 58.505537193268538 2347.1416531205177 363.80400235950947 1256.4628492817283 230.36207684874535 714.3584254309535 2807.1899369955063 513.32446452975273 427.51561488211155 125.37897517904639 1121.2062979154289 920.12273668497801 5513.2259642779827 451.42729885876179
leaf_count=7718 1170 2480 18439 8988 5696 4628 12022 5795 5886 570 5279 1309 5060 5970 7620 5928 557 3489 1626 2681 690 2253 4632 839 945 1577 4216 2620 17929 1783
internal_value=0.0197964 0.00660688 -0.00342667 0.0130054 0.0345318 0.0381605 -0.0245573 -0.0130253 0.00300479 0.0324609 0.0445793 0.000233457 -0.0119645 0.00420572 -0.00138437 0.00697176 -0.0344901 0.026569 0.0239798 0.0101584 0.0217677 0.0172459 0.0243542 0.0263337 0.0113029 -0.00282452 0.0163315 0.0177557 0.0135191 0.00216645
internal_weight=42467.7 22409.3 8726.02 13683.3 20058.4 15618.3 2036.16 1550.28 6689.86 8272.54 7345.77 5830.62 1432.3 4398.31 3078.58 2153.18 566.179 4425.73 3967.41 1620.27 4440.11 1319.73 3978.39 3748.03 940.84 183.885 12133 11011.8 6433.35 605.375
internal_count=150395 118150 68750 49400 32245 23969 30461 15647 38289 14062 9907 35809 10946 24863 19518 13548 7929 8366 7796 4307 8276 5345 7106 6416 1784 2134 33753 29537 20549 3092
cat_boundaries=0 1 2
cat_threshold=2 1
is_linear=0
shrinkage=0.05


Tree=33
num_leaves=31
num_cat=4
split_feature=15 11 0 24 22 25 15 0 22 24 0 11 15 1 2 25 3 0 25 1 25 22 13 15 5 22 1 24 5 8
split_gain=3003.91 481.165 459.467 427.686 345.812 297.563 197.943 367.502 138.472 132.689 115.161 263.845 121.263 104.807 100.679 98.3238 95.1441 99.0015 119.12 95.09 127.869 98.2248 201.212 138.312 91.0342 82.3973 132.865 73.6076 89.2343 138.333
threshold=28.500000000000004 3.8254703802301595 0 4.8559833817668379 10.315818592916299 43.500000000000007 52.500000000000007 1 9.9666716013433447 30.40583139125479 2 0.85514669040732161 73.500000000000014 21.411884254570509 0.58520919669283999 79.500000000000014 0.5827349521995191 3 152.50000000000003 20.890192348578303 95.500000000000014 6.0004323651039693 6.5708213081960247 2.5000000000000004 0.012826251478845955 4.235533507856819 5.1232967026214133 0.022155949045215877 0.015556734445215497 171.59830163668479
decision_type=2 2 1 2 2 2 2 1 2 2 1 2 2 2 2 2 8 1 2 2 2 2 2 2 2 2 2 2 2 10
left_child=1 2 8 13 16 -5 7 -6 -1 24 -8 -12 -13 14 27 -16 -2 -18 -19 20 21 23 -23 -4 -7 26 -22 -3 29 -29
right_child=4 3 19 5 6 9 10 -9 -10 -11 11 12 -14 -15 15 -17 17 18 -20 -21 25 22 -24 -25 -26 -27 -28 28 -30 -31
leaf_value=-0.0041786799815036841 0.044728012243316309 0.018549248750765492 0.0058283471409461846 -0.04415882089789519 -0.0077443343290774019 -0.036976183790705844 0.045930186511903358 0.033862335279193904 -0.038377341112062112 -0.03482288234811997 0.047659782824197507 0.011639490972213281 0.035634405310977849 0.022859244068980961 0.0060841379110087024 0.037462384024148546 0.0044041344758350967 0.031082405749090464 0.0078578120174410977 0.02517145950688204 -0.012635440918593041 0.016586830727809931 -0.019758505885710362 0.025582689803959752 0.0022640473048491649 0.022346803777740287 0.034605914490249044 -0.032537339289577374 0.0037099313106601899 0.0023255448641709589
leaf_weight=1138.2401164546609 356.92499770224094 293.34767774492502 2518.5908089727163 800.23628698661923 589.30228971689939 164.72272509709001 5674.6290524303913 5339.7226165086031 400.01564244553447 374.46713491529226 2081.2634190171957 1152.2840895950794 969.60344479978085 746.30895597487688 2570.1015862002969 276.51592322438955 1005.3061659187078 1596.1264311820269 844.09222748875618 2259.2520203739405 438.8740614131093 736.8540472984314 788.06246700137854 1367.0213693678379 1438.8882257528603 4174.9345345422626 225.21053692698479 654.17676930874586 885.88013174384832 503.56472946703434
leaf_count=9515 467 901 8603 15429 2782 1393 7650 7892 6135 6411 2700 2240 1411 2189 14138 983 2500 2530 1658 4593 1465 2711 4365 2829 13570 9318 445 5316 6032 2546
internal_value=0.0193499 0.00699034 0.012715 -0.00224397 0.0336923 -0.0184323 0.0369489 0.0297269 -0.0130719 -0.00802452 0.0412838 0.0350108 0.022604 0.00534068 0.00281844 0.00913217 0.0201544 0.0176088 0.0230488 0.0158861 0.0138394 0.00855784 -0.0021961 0.0127782 -0.0017667 0.0197446 0.00338549 -0.0048722 -0.00823418 -0.0173736
internal_weight=42364.5 22755.3 14047.1 8708.21 19609.3 2778.31 15806.8 5929.02 1538.26 1978.08 9877.78 4203.15 2121.89 5929.9 5183.59 2846.62 3802.45 3445.52 2440.22 12508.8 10249.5 5410.53 1524.92 3885.61 1603.61 4839.02 664.085 2336.97 2043.62 1157.74
internal_count=150717 118887 49979 68908 31830 36803 24675 10674 15650 21374 14001 6351 3651 32105 29916 15121 7155 6688 4188 34329 29736 18508 7076 11432 14963 11228 1910 14795 13894 7862
cat_boundaries=0 1 2 3 4
cat_threshold=2 2 1 2
is_linear=0
shrinkage=0.05


Tree=34
num_leaves=31
num_cat=2
split_feature=15 11 24 0 24 23 24 8 6 24 23 24 6 1 14 1 2 24 18 7 22 15 17 23 16 11 0 15 17 22
split_gain=2784.86 435.282 375.682 321.935 307.419 239.592 168.603 127.857 122.417 120.638 118.391 104.239 176.38 102.069 100.824 99.6677 112.195 98.9358 94.211 89.8033 85.1001 76.9566 73.2429 72.2824 70.5647 69.1651 117.522 131.684 67.0814 73.5601
threshold=28.500000000000004 3.720279369245048 7.4682905401440074 0 65.237156736066524 1.4949917641101431 47.636532373989454 171.59830163668479 6.2422696596061167 327.34281568322416 1.0417249358926597 0.057776721534068716 1.2261021431161556 16.920395516133102 7.5000000000000009 20.122814351885452 0.50561936496353177 11.063933302089682 0.0038361647870875904 8.0703202999239121 0.19521704493635475 5.5000000000000009 1.0000000180025095e-35 2.3151541415465258 -2.088089196836378e-05 0.85514669040732161 1 49.500000000000007 -0.94873985100016955 0.30625575084976214
decision_type=2 2 2 1 2 2 2 10 2 2 2 2 2 2 2 2 2 2 2 2 2 2 2 2 2 2 1 2 2 2
left_child=1 3 7 6 17 9 -1 11 19 10 -6 24 15 18 -7 -13 -17 -2 28 -4 -14 -15 -19 -20 -3 -12 -27 -28 -5 -30
right_child=4 2 8 13 5 14 -8 -9 -10 -11 25 12 20 21 -16 16 -18 22 23 -21 -22 -23 -24 -25 -26 26 27 -29 29 -31
leaf_value=0.0016449916478325759 -0.0013658201294297996 0.0031233208060280054 -0.031549893331791187 0.015466281779398164 0.0059871932686710993 0.03260326596801693 -0.037469343642365809 0.014539037958152791 -0.0020799247340915149 0.040397513722513399 0.043759659482606954 -0.025803742712715197 0.030815982692171996 0.019270947860928301 0.046616953975609221 -0.036828636102060233 0.021019102784369258 0.021238449176935834 0.020909643456027908 -0.0021094773648298276 0.0012992717907603219 0.037672852822819722 0.041578373284509543 0.0013400167221852303 0.028049609724119663 0.032322256842177911 -0.015760172678925898 0.022414933137701584 0.016068619884133325 -0.0040116897172546391
leaf_weight=914.53781721740961 434.45839521288872 644.96197219192982 1303.3532468862832 1518.2777916975319 625.9801271930337 1718.5180924758315 394.28737220913172 2310.5488711744547 827.78751527890563 2147.6822560876608 688.94896386563778 1011.8788777515292 266.02202326804399 2207.4970926195383 5070.6400092840195 119.66186711192131 279.82526620477438 3634.2322960719466 3585.3578193597496 323.27369473129511 2975.9534582719207 765.04848982393742 503.97154779732227 543.36372800171375 507.22570049762726 3036.0089499503374 280.52902083098888 1160.0017040967941 642.73234379291534 1570.5081236064434
leaf_count=7247 1099 2122 25062 4447 1688 2633 6022 8593 8118 3025 935 7677 946 4623 6891 672 862 6702 7639 1591 20639 1102 692 1641 1380 4585 1553 2033 1482 6983
internal_value=0.0186932 0.00682625 -0.000592265 0.0132848 0.0326575 0.0361735 -0.0101383 0.00459136 -0.0177331 0.0302763 0.026523 0.000632266 -0.00270156 0.0161148 0.0430697 -0.0174551 0.00369146 0.0213325 0.0131302 -0.0256989 0.00372128 0.0240071 0.0237155 0.0183342 0.0140966 0.0290116 0.0267418 0.0149807 0.00737221 0.0018197
internal_weight=42013.1 22712.1 10570.5 12141.6 19301 14728.3 1308.83 8116.08 2454.41 7939.15 5791.47 5805.53 4653.34 10832.8 6789.16 1411.37 399.487 4572.66 7860.24 1626.63 3241.98 2972.55 4138.2 4128.72 1152.19 5165.49 4476.54 1440.53 3731.52 2213.24
internal_count=150684 118848 77662 41186 31836 23343 13269 42891 34771 13819 10794 34298 30796 27917 9524 9211 1534 8493 22192 26653 21585 5725 7394 9280 3502 9106 8171 3586 12912 8465
cat_boundaries=0 1 2
cat_threshold=2 1
is_linear=0
shrinkage=0.05


Tree=35
num_leaves=31
num_cat=2
split_feature=11 11 15 0 24 0 25 22 23 24 1 8 3 23 15 3 23 25 22 6 24 23 25 23 8 24 22 24 25 15
split_gain=2666.67 377.85 361.556 490.552 322.177 294.219 226.166 161.767 163.76 135.779 123.351 120.194 107.482 102.44 104.62 101.388 113.692 78.7386 77.5482 116.961 173.466 110.857 85.1355 95.2209 101.16 91.4409 88.6721 84.6337 90.3056 76.6777
threshold=2.7551873343287023 3.8254703802301595 54.500000000000007 0 8.718694803460755 1 66.500000000000014 9.1158539674756565 1.3353758212459372 66.651506369412246 21.411884254570509 204.03706794669804 1.4405671217462375 0.8434136492545462 1.5000000000000002 1.8096052276312677 2.2839925363402034 135.50000000000003 0.012131805236721116 1.7592274748735564 3.2228689278163478 2.3485183087872286 58.500000000000007 1.4126295126543618 175.84213047892516 0.45159935780753385 0.32815416561427074 3.9952178200778605 32.500000000000007 76.500000000000014
decision_type=2 2 2 1 2 1 2 2 2 2 2 10 8 2 2 8 2 2 2 2 2 2 2 2 10 2 2 2 2 2
left_child=2 5 3 12 10 9 -6 -4 29 17 18 13 -1 -7 -15 -5 -17 -2 -3 20 22 27 23 24 -20 -26 -24 -21 -29 -9
right_child=1 4 7 15 6 11 -8 8 -10 -11 -12 -13 -14 14 -16 16 -18 -19 19 21 -22 -23 26 -25 25 -27 -28 28 -30 -31
leaf_value=0.010520787655944526 -0.007284099830355383 0.016339008897751531 0.021175159087858757 0.03672490355821649 -0.042891125310543989 0.039107763816725157 -0.0062648177267290413 0.023425285420126184 0.044126151752629107 -0.047012867705121128 0.02068049467884886 0.024742736787781636 -0.019216703621590798 0.0026796304350150658 0.013998147422628568 0.026453761394072791 0.00083383584502118519 0.053573270373211385 -0.025921832935874647 0.032732800546355564 -0.037920301499796472 -0.0049460461613834751 0.023970300290778564 0.0091698528936757558 0.018418651496710955 -0.032311421016502542 -0.0097900887927738316 -0.030050267295394631 0.014499940212008287 0.039619712269794126
leaf_weight=549.9501820281148 1077.5889757983387 616.88315727561712 1405.1876185834408 2346.281221061945 750.16978841274977 313.46571270376444 961.97057214006782 1821.6645726114511 6095.9857913404703 222.38181864097714 777.95112407952547 1924.138841226697 679.02180736884475 3144.1084682941437 5822.3293552175164 5786.4066595882177 468.05428166687489 55.907256074249744 929.54589338600636 485.98921040445566 438.65553436800838 1179.8738178983331 459.77880208194256 483.84517733752728 301.42969007045031 125.94137300550938 337.09555715322495 141.67325961962342 577.15604471042752 1220.7557999938726
leaf_count=1403 9832 1852 2421 3451 18498 593 9330 3111 8614 3876 2299 4062 4406 13226 14126 9469 1036 387 6937 2209 4323 8373 1601 3212 1231 785 2030 1569 4248 1725
internal_value=0.0176308 0.00518486 0.0305377 0.0236392 -0.00291088 0.0107075 -0.0223125 0.036969 0.0393976 -0.0112908 0.0019344 0.0133697 -0.00590953 0.0110115 0.0100293 0.0278615 0.0245365 -0.00428244 -0.000465052 -0.00236327 -0.00880582 0.00594772 -0.0039639 -0.00987426 -0.0166649 0.00346908 0.00968891 0.0166159 0.00571959 0.0299232
internal_weight=41501.2 21127.9 20373.3 9829.71 8567.96 12559.9 1712.14 10543.6 9138.41 1355.88 6855.82 11204 1228.97 9279.9 8966.44 8600.74 6254.46 1133.5 6077.87 5460.98 3076.29 2384.69 2637.64 1840.76 1356.92 427.371 796.874 1204.82 718.829 3042.42
internal_count=150235 114599 35636 19765 68497 46102 27828 15871 13450 14095 40669 32007 5809 27945 27352 13956 10505 10219 38370 36518 20119 16399 15796 12165 8953 2016 3631 8026 5817 4836
cat_boundaries=0 1 2
cat_threshold=2 2
is_linear=0
shrinkage=0.05


Tree=36
num_leaves=31
num_cat=2
split_feature=15 11 22 22 25 0 23 24 22 11 0 8 11 6 24 6 24 25 11 24 25 1 4 25 24 25 24 25 24 8
split_gain=2560.97 437.469 332.463 330.871 348.432 268.327 199.404 159.627 155.179 147.778 168.846 137.369 133.753 113.805 112.411 101.719 133.096 125.745 153.748 116.169 107.065 90.8252 74.9476 74.5319 70.7861 140.224 91.3686 90.0687 82.0334 74.6581
threshold=31.500000000000004 3.638554103093341 11.434749605922955 1.4254578373378421 41.500000000000007 0 1.2149197876093205 69.631001957687729 8.2626068304679094 1.1800759003562551 1 220.56891349247334 1.9878065251209329 1.7592274748735564 0.049645143253354652 1.1195487587368915 0.41638150265163426 38.500000000000007 4.2321041247007551 0.93168826593486165 84.500000000000014 9.9746864695094164 0.0014263683638620029 129.50000000000003 9.6063517189355618 94.500000000000014 15.09129432664797 78.500000000000014 14.119405137825799 136.39556671598015
decision_type=2 2 2 2 2 1 2 2 2 2 1 10 2 2 2 2 2 2 2 2 2 2 2 2 2 2 2 2 2 8
left_child=1 5 -2 11 -5 7 9 -1 13 -4 -11 14 -8 -6 -3 21 -17 19 20 -18 -19 -16 -23 -12 27 26 -26 -15 -27 -30
right_child=2 3 6 4 8 -7 12 -9 -10 10 23 -13 -14 24 15 16 17 18 -20 -21 -22 22 -24 -25 25 28 -28 -29 29 -31
leaf_value=0.00038506209207314547 0.018232562990060829 0.015902411239209057 0.034939021536822677 -0.039641721946212016 -0.030047728620250666 0.015529162883694152 0.042504089878818707 -0.043252531650387817 -0.030533515084184629 0.036312052671823816 -0.0077343465995117671 0.029830414023733723 0.031215012122258315 0.026460568312184921 -0.035530723623516225 0.020788162168560068 -0.021616238333053029 -0.0066227675752367895 -0.031346113602237324 0.021233706254751614 0.02374622603022828 0.0045629313648883219 -0.020612138019688982 0.019913943078948497 0.0056564647975835191 -0.017157455924938485 -0.026990616278020109 -0.0042800343046245281 0.059197391642890819 0.011898225864190898
leaf_weight=937.43404849991202 3883.2296289429069 1461.0886439308524 1482.6512857675552 906.0840103328228 276.17316756770015 10421.431369736791 6499.8104764446616 269.90723879635334 481.5433471724391 525.07702194154263 710.27042002975941 531.70048519968987 4399.8895515203476 590.97505491599441 294.43119748309255 959.456000238657 192.44034165143967 1331.92502271384 508.0705471932888 888.23425726220012 371.07418604940176 802.58781268447638 468.03915106505156 371.10677233338356 342.17388949170709 117.15242433547974 573.53039336204529 399.26353324204683 141.28535339981318 203.72558932006359
leaf_count=7862 7263 4054 2217 16697 1670 25144 9507 4392 7906 768 2386 1274 7036 4340 2692 3299 1441 6461 4541 5973 1163 3047 2449 771 3748 641 8153 2207 803 1068
internal_value=0.0169152 0.00605564 0.031176 -0.000709292 -0.0123412 0.012944 0.034769 -0.00937034 -0.00442754 0.0235556 0.0130495 0.00529639 0.037947 0.000326559 0.00350387 0.000389263 0.00440124 -0.000375116 -0.00720712 0.0136032 -5.53045e-06 -0.0105085 -0.00471038 0.00175399 0.00386887 -0.00345954 -0.0147913 0.014066 0.0189925 0.0312677
internal_weight=41341.8 23469.7 17872 11841 4031.91 11628.8 13988.8 1207.34 3125.82 3089.11 1606.45 7809.05 10899.7 2644.28 7277.35 5816.26 4251.2 3291.74 2211.07 1080.67 1703 1565.06 1270.63 1081.38 2368.11 1377.87 915.704 990.239 462.163 345.011
internal_count=150973 121025 29948 83627 47233 37398 22685 12254 30536 6142 3925 36394 16543 22630 35120 31066 22878 19579 12165 7414 7624 8188 5496 3157 20960 14413 11901 6547 2512 1871
cat_boundaries=0 1 2
cat_threshold=2 1
is_linear=0
shrinkage=0.05


Tree=37
num_leaves=31
num_cat=3
split_feature=11 11 22 0 23 22 25 13 13 8 22 25 0 11 5 17 3 22 17 22 0 25 25 22 13 23 23 25 3 3
split_gain=2237.09 339.467 316.605 314.01 262.964 152.119 191.615 126.472 124.57 132.384 123.431 192.056 107.986 293.789 108.741 99.6275 95.9307 137.727 94.1354 89.3862 88.766 97.9411 87.7612 153.878 109.886 93.0909 83.9696 96.7075 76.3432 74.3524
threshold=2.6785963220897719 3.9942841805298781 11.704408860572585 0 1.6174076429390152 1.7223373334070937 50.500000000000007 5.795450154850653 5.769216841561863 220.56891349247334 8.0605859034312353 118.50000000000001 1 1.1800759003562551 0.25866641233557236 -1.7620652898163822 3.2453686476471333 4.7192640733726758 1.0000000180025095e-35 0.2288054717628896 2 152.50000000000003 93.500000000000014 9.2256161515765047 6.3411594624455452 2.3151541415465258 1.5603077293620269 98.500000000000014 1.2072932187743135 1.8096052276312677
decision_type=2 2 2 1 2 2 2 2 2 10 2 2 1 2 2 2 10 2 2 2 1 2 2 2 2 2 2 2 8 10
left_child=2 3 18 10 7 -3 -7 -4 -5 16 -2 -12 29 -14 28 -13 19 -18 20 -10 -1 -22 23 -21 -25 -24 27 -8 -15 -9
right_child=1 5 4 8 -6 6 26 12 9 -11 11 15 13 14 -16 -17 17 -19 -20 22 21 -23 25 24 -26 -27 -28 -29 -30 -31
leaf_value=0.0039902931880910373 -0.0023044253497878737 1.0409600689877926e-05 0.03598965507624563 0.022772103795538512 0.041816833468495913 -0.038895730095837716 -0.04308830737688385 0.039547339711187651 0.023958418478407031 0.024547319257166286 -0.048036827323844802 0.088672129702065783 0.031221320638922686 0.0053439578593198938 0.016922731097925869 -0.0069933943479263743 0.0048964967610897608 -0.024924785854324109 0.038246619278418999 0.010200921625401602 0.026423239402148409 0.0062405647128677159 0.015642151920183842 0.012812954541281391 -0.031961304106002474 -0.012146302957277014 0.0048619827394499569 0.034702668820161452 -0.027345359524683806 0.02408704980894933
leaf_weight=1281.8387963250279 1259.4447285346687 3955.1542722992599 2971.7584190815687 2053.4791458025575 4971.4933242872357 661.11145350150764 210.65749090537429 1148.3062281608582 1179.4310503900051 1312.2672801539302 402.41239858791232 39.174237936735153 1395.0895389616489 297.3962218016386 446.38990080356598 89.146724071353674 3977.1703481525183 428.92968929931521 481.58264067769051 1336.1645546667278 1865.4584440439939 886.8774795383215 3539.7870532274246 191.9676816649735 478.85223350301385 329.43108387291431 712.80149016156793 49.302841152995825 447.15453592315316 2409.453555688262
leaf_count=3435 10441 26072 4686 5336 7413 15197 3415 1661 2196 2826 7076 351 2201 684 903 1196 14122 4943 685 4351 3097 1751 7889 584 2326 981 7760 345 2731 4037
internal_value=0.016083 0.00536832 0.0288734 0.00895349 0.0325665 -0.00529136 -0.0181255 0.0275215 0.0113417 0.00950421 -0.0108272 -0.0310521 0.0234255 0.0156504 -0.00258971 0.0222117 0.0077819 0.00199342 0.0173525 0.0113967 0.0148583 0.0199198 0.00887538 0.000391155 -0.0191483 0.0132762 -0.00400952 -0.0283348 -0.0142883 0.029077
internal_weight=40809.5 22206.7 18602.8 16617.7 14087 5589.03 1633.87 9115.55 14827.5 12774 1790.18 530.733 6143.79 2586.03 1190.94 128.321 11461.7 4406.1 4515.76 7055.63 4034.17 2752.34 5876.2 2006.98 670.82 3869.22 972.762 259.96 744.551 3557.76
internal_count=150691 117407 33284 64618 24316 52789 26717 16903 45554 40218 19064 8623 12217 6519 4318 1547 37392 19065 8968 18327 8283 4848 16131 7261 2910 8870 11520 3760 3415 5698
cat_boundaries=0 1 2 3
cat_threshold=2 1 2
is_linear=0
shrinkage=0.05


Tree=38
num_leaves=31
num_cat=3
split_feature=15 15 24 22 25 0 23 1 24 7 3 0 25 0 15 22 6 16 22 23 24 16 20 8 8 2 3 2 8 25
split_gain=2225.22 370.414 389.02 298.598 297.37 252.272 196.252 136.843 115.651 129.897 105.971 111.826 106 102.74 270.865 97.1183 187.02 152.162 124.951 113.856 94.0339 90.4399 88.0153 87.2304 133.818 90.3053 85.3213 83.2673 78.9988 75.3697
threshold=32.500000000000007 1.0000000180025095e-35 8.718694803460755 13.399205131959103 86.500000000000014 0 1.4949917641101431 17.73876860705121 15.09129432664797 7.5740777271159692 1.2828378755946861 1 156.50000000000003 2 66.500000000000014 0.047173283196602613 1.7300282197828449 -9.9323600508011319e-06 1.4546549267714772 2.719530318739007 69.631001957687729 0.0055253824694394323 3.1993117351299918 130.74248061432584 204.03706794669804 0.69197693801122362 1.2072932187743135 0.50960340138574678 214.6513833651268 90.500000000000014
decision_type=2 2 2 2 2 1 2 2 2 2 8 1 2 1 2 2 2 2 2 2 2 2 2 8 10 2 8 2 10 2
left_child=1 2 7 10 8 20 13 15 9 -4 -2 -12 -13 -5 21 17 18 -1 23 -18 29 -15 -9 -17 25 -25 -8 -24 -7 -3
right_child=3 5 4 6 -6 28 26 22 -10 -11 11 12 -14 14 -16 16 19 -19 -20 -21 -22 -23 27 24 -26 -27 -28 -29 -30 -31
leaf_value=-0.0073824316054635387 0.026761252809009917 -0.021677302977924882 0.068202434499559317 0.033231801383780367 0.002194654376072777 0.012885597190633903 0.045941505998839331 0.026920857309674862 -0.043031750447211282 -0.021333538319296377 -0.01059091235891167 0.024265134008710297 -0.00064413470762072231 -0.018502624201394587 0.03190735681345544 0.0121939669645557 0.011107099212973086 0.0279036918307696 -0.045195310431785152 -0.012429101852973723 -0.037221743519894816 0.011215730301656082 -0.0075534742809624262 -0.032578385841100746 0.010339868629456397 -0.0061632791381496105 0.03380139748029589 0.013554629440890746 0.027220917110515049 0.0090675850210310532
leaf_weight=543.69409360736609 1893.2538658082485 323.24365067109466 44.059247549623251 3547.0646901130676 1065.4553063474596 9146.4373855702579 2888.577459692955 797.49140346795321 941.28028095513582 502.63846945017576 481.44022895395756 1335.4969248473644 627.89590679109097 370.28710037469864 2068.122922450304 388.20707628130913 2185.4153904654086 697.41976597160101 272.59991088137031 671.78802551329136 257.83381128683686 829.49931178241968 647.83040729165077 790.58674677461386 428.39647448807955 547.71135647594929 2900.5674735754728 1675.7915944308043 1073.8867238014936 520.03402955830097
leaf_count=2368 3116 2998 323 5477 7603 21887 4248 1722 20272 8572 1481 2233 1313 1318 3245 2816 14426 2279 3119 4833 4276 2191 2596 6596 1429 2675 4644 4690 1947 3936
internal_value=0.0153796 0.00542853 -0.000615731 0.0291953 -0.0179698 0.011942 0.0330896 0.0039777 -0.0324084 -0.0141177 0.0178808 0.0110039 0.0162991 0.0273392 0.0209432 -0.00014066 -0.00309662 0.0124459 -0.0133012 0.00557325 -0.0107969 0.00204383 0.0125886 -0.0092665 -0.0139821 -0.0217677 0.0398589 0.00766965 0.0143919 -0.00271749
internal_weight=40464 23521.8 12200.4 16942.2 2553.43 11321.4 12604.1 9646.93 1487.98 546.698 4338.09 2444.83 1963.39 6814.97 3267.91 6525.82 5284.7 1241.11 2427.5 2857.2 1101.11 1199.79 3121.11 2154.9 1766.69 1338.3 5789.14 2323.62 10220.3 843.278
internal_count=150629 121363 86319 29266 36770 35044 21123 49549 29167 8895 8143 5027 3546 12231 6754 40541 35894 4647 16635 19259 11210 3509 9008 13516 10700 9271 8892 7286 23834 6934
cat_boundaries=0 1 2 3
cat_threshold=2 2 1
is_linear=0
shrinkage=0.05


Tree=39
num_leaves=31
num_cat=4
split_feature=15 15 22 22 0 23 11 18 12 6 22 3 3 0 16 22 23 6 23 6 9 16 23 13 0 3 23 24 10 0
split_gain=2003.23 390.423 281.854 254.612 223.121 188.345 153.081 119.582 109.32 97.72 96.6949 90.7135 78.1376 93.9535 76.5479 77.9276 73.884 97.3775 73.6384 76.4096 79.1229 69.8126 68.8063 67.4889 64.1726 68.5042 61.1606 73.073 123.71 59.4989
threshold=35.500000000000007 1.5000000000000002 4.7192640733726758 13.399205131959103 0 1.4834326801705562 4.201350395125611 0.002365313353736733 -0.12493687452490271 10.876767858527698 42.196967301130734 1.2451700431705592 1.2828378755946861 1 1.3527125903489074e-05 0.018068984344373453 1.1643941001443745 2.7555986473363725 0.75848945434915394 6.7115434959446869 26.595687772524364 -0.0068324297962479479 1.0504160863744947 6.9362417125345939 2 0.35203701394775738 2.3829795882546372 1.2565230669345828 32.777688189115715 3
decision_type=2 2 2 2 1 2 2 2 2 2 2 8 8 1 2 2 2 2 2 2 2 2 2 2 1 10 2 2 2 1
left_child=1 2 6 12 9 10 8 -4 -1 -3 22 -7 24 -14 15 -10 17 -16 -9 -20 -21 -6 -5 -23 -2 -26 -17 -28 -29 -25
right_child=3 4 7 5 21 11 -8 18 14 -11 -12 -13 13 -15 16 26 -18 -19 19 20 -22 23 -24 29 25 -27 27 28 -30 -31
leaf_value=-0.0057883516119104908 0.035875093939967094 -0.041377846398373441 -0.03357258180879813 0.0035246151686066612 0.0002016143239592117 0.045130802040495549 -0.0067909960443157313 0.030458086751018298 0.015110473247233386 -0.0019478888514270058 0.03362301242099814 0.03243476479195799 -0.009777074837245851 0.016559632646513524 -0.0035624647142208526 -0.011324046722537007 0.016075390670232902 0.034316867081494312 -0.045080180150884011 0.025231833985175658 -0.015550459004466508 0.019821921147999289 0.023804458314441009 0.0093862728756528083 0.040590425134979728 0.0098672463914443106 -0.026906246001974794 0.049959118390133526 -0.023214828848056313 0.03119253230301889
leaf_weight=1535.6499093510211 811.78503881394863 193.48154535144567 773.43890363536775 486.00615465641022 733.06964503973722 2965.6534686684608 3023.9924175944179 116.64470933377743 668.42709381878376 836.4484750777483 2668.9613799825311 2676.8851297497749 423.71138772368431 1686.4889073371887 1112.4325901903212 1098.5000657420605 3593.6754421461374 200.19972021132708 143.26978430710733 163.47023884952068 436.52016844600439 5471.1750969514251 3000.195171482861 3635.10937217623 236.48724167048931 779.41988158226013 87.32788772135973 175.75884513556957 86.034236058592796 342.26761381328106
leaf_count=7285 1220 3026 16120 1328 1777 4486 28773 374 1556 7186 4227 4401 1206 3041 4318 6230 14689 477 2657 1553 4597 11007 5502 8897 331 1500 613 982 595 556
internal_value=0.014922 0.00595939 0.000137048 0.0288349 0.0128223 0.0325094 0.00287919 -0.0193074 0.00629617 -0.00935516 0.0264606 0.0391077 0.0178262 0.0112714 0.00893882 0.000989866 0.0123671 0.00221481 -0.00647663 -0.012273 -0.00443913 0.0150657 0.0209773 0.0162189 0.0253942 0.0170191 -0.00553021 0.0127 0.0259116 0.0112628
internal_weight=40162.5 24426.9 13215.3 15735.6 11211.6 11797.7 11582 1633.34 8558.01 1029.93 6155.16 5642.54 3937.89 2110.2 7022.36 2116.05 4906.31 1312.63 859.905 743.26 599.99 10181.6 3486.2 9448.55 1827.69 1015.91 1447.62 349.121 261.793 3977.38
internal_count=150510 123268 90819 27242 32449 19944 65518 25301 36745 10212 11057 8887 7298 4247 29460 9976 19484 4795 9181 8807 6150 22237 6830 20460 3051 1831 8420 2190 1577 9453
cat_boundaries=0 1 2 3 4
cat_threshold=2 2 1 1
is_linear=0
shrinkage=0.05


Tree=40
num_leaves=31
num_cat=2
split_feature=15 15 22 22 0 23 1 18 22 6 22 2 0 8 20 22 18 23 6 23 22 23 16 22 9 8 13 18 23 6
split_gain=1834.47 295.25 260.192 243.187 204.955 172.538 129.983 121.767 101.951 100.079 348.371 108.533 102.396 99.9149 92.548 83.3907 102.461 83.3202 77.2756 77.0018 71.5377 83.0313 70.4984 80.642 69.4336 62.4773 56.6802 73.0991 68.4081 66.6514
threshold=37.500000000000007 1.5000000000000002 4.6399503950444547 13.399205131959103 0 1.4834326801705562 17.73876860705121 0.0030912016150553899 42.196967301130734 2.0878733570950341 1.2684238792628253 0.59082362072058625 1 85.821539429655715 3.061739224683226 0.028706515886737057 0.00021422049526078287 2.6389085950082976 10.876767858527698 1.023332473409251 5.7087716919793206 1.4892687039779606 0.00092621707079318394 0.47594965111493304 27.030173722378713 190.82859510822831 7.3268139654651314 0.0041624777630197363 2.1700224249496389 13.697261909041403
decision_type=2 2 2 2 1 2 2 2 2 2 2 2 1 8 2 2 2 2 2 2 2 2 2 2 2 10 2 2 2 2
left_child=1 2 6 20 18 8 9 13 19 10 11 12 -1 -4 -14 -13 25 -11 -3 -5 -2 -22 24 -24 -8 -17 28 29 -6 -28
right_child=3 4 7 5 26 -7 22 -9 -10 17 -12 15 14 -15 -16 16 -18 -19 -20 -21 21 -23 23 -25 -26 -27 27 -29 -30 -31
leaf_value=0.029099672442189535 0.0060734456997140083 -0.037922458759764729 0.0067185055824993956 -0.0040162193718326494 0.017415883863595997 0.038447822360002534 0.0024743766873245566 0.0013495406105075354 0.033403769771876549 0.010836217133412407 -0.035586926291629573 0.02288633076302185 0.010479883203596482 -0.034049071551002334 -0.022258036197152206 -0.023185088038582491 0.010138698946759186 -0.0080992222248670951 -0.0027345737365996959 0.022548972332795635 -0.0061743563591174777 0.024386609535443336 0.04616277601202904 0.01092655042958348 0.018236349573962446 0.021166341402555116 -0.017258178270800388 0.013205595794197495 -0.0014885037328442776 0.010430538643235841
leaf_weight=149.85434316843748 1043.5446794033051 189.39408452436328 180.04324690997601 300.92465787380934 7311.1299064010382 5358.1854507178068 1933.4267307966948 561.50147072039545 2581.717522084713 2603.3670151848346 763.70428542979062 659.65649589151144 280.63231495022774 909.56587629765272 935.53824558109045 465.43028423935175 1237.6270863488317 747.83300603181124 885.57815466076136 2916.7673047557473 245.05786345899105 2388.3108178526163 286.47362296283245 374.83880116045475 1094.0685468167067 95.73823506385088 457.911436624825 2022.1392767578363 512.06108714640141 413.69922839105129
leaf_count=1072 2158 3048 2257 838 14999 8644 6264 4862 4134 20603 9402 1782 1152 18633 6832 2546 5938 5313 7517 5461 615 4024 512 1107 2511 278 1851 4114 1402 915
internal_value=0.0143675 0.00612128 0.00100821 0.0283042 0.0118793 0.0319792 0.00364552 -0.0175654 0.0260028 4.21682e-05 -0.00475548 0.00140121 -0.00989846 -0.0273128 -0.0147037 0.0076798 0.00210325 0.0066107 -0.00893415 0.0200645 0.0171523 0.0215426 0.011401 0.0261905 0.0081704 -0.0156185 0.013967 0.00798823 0.0161785 -0.00411607
internal_weight=39905.7 25071.2 13279.3 14834.5 11791.9 11157.6 11628.2 1651.11 5799.41 7939.38 4588.18 3824.48 1366.02 1089.61 1216.17 2458.45 1798.8 3351.2 1074.97 3217.69 3676.91 2633.37 3688.81 661.312 3027.5 561.169 10716.9 2893.75 7823.19 871.611
internal_count=150784 124910 91064 25874 33846 19077 65312 25752 10433 54918 29002 19600 9056 20890 7984 10544 8762 25916 10565 6299 6797 4639 10394 1619 8775 2824 23281 6880 16401 2766
cat_boundaries=0 1 2
cat_threshold=2 2
is_linear=0
shrinkage=0.05


Tree=41
num_leaves=31
num_cat=2
split_feature=14 24 15 24 25 23 0 24 25 24 24 24 6 23 24 13 3 0 5 1 25 24 25 24 24 25 3 25 24 13
split_gain=1720.26 269.199 235.059 257.515 420.492 220.208 148.51 138.379 207.463 174.666 163.638 149.697 149.06 172.294 116.937 112.797 111.502 197.35 111.76 104.292 101.675 119.556 100.927 125.064 94.9197 127.912 83.0263 76.6406 76.1585 126.209
threshold=4.5000000000000009 65.237156736066524 2.5000000000000004 14.760281183018366 86.500000000000014 1.7150290657746166 0 0.049645143253354652 35.500000000000007 0.49050793529303371 4.8559833817668379 0.93168826593486165 1.7880884272010793 2.1237678581623496 66.651506369412246 6.0529873399052159 0.35203701394775738 1 0.17279047407896594 0.9642070036885243 59.500000000000007 2.0634515258286892 95.500000000000014 10.810540956075579 2.2490441674651835 71.500000000000014 1.2828378755946861 76.500000000000014 23.834127769775137 6.8244459935970871
decision_type=2 2 2 2 2 2 1 2 2 2 2 2 2 2 2 2 8 1 2 2 2 2 2 2 2 2 8 2 2 2
left_child=2 26 3 7 -5 15 14 -1 10 -10 11 -9 20 -14 -4 -3 -17 -18 -19 22 -11 27 28 -24 -15 -26 -2 -22 -8 -30
right_child=1 5 6 4 -6 -7 19 8 9 12 -12 -13 13 24 -16 16 17 18 -20 -21 21 -23 23 -25 25 -27 -28 -29 29 -31
leaf_value=0.016840419062281297 0.023742532593472209 0.031504893010050349 0.0010714349130010088 -0.03769723295927252 0.0069595191852926995 0.039911595993437451 0.015696675468990437 -0.015349475766471887 0.01929796087455659 -0.024399486986446717 -0.039654818017958629 0.0098842856139193871 0.019889858658047387 -0.027622297309115501 -0.046560487638342571 0.046057094095100906 0.026173029914745974 -0.019738873463211563 0.011426583624629267 0.023357064275311659 0.00055432013666572254 -0.014756690446238858 -0.024269900789196646 0.016189952270768134 0.016008890830012761 -0.016562403915275591 0.0095217703096134015 0.03295239540054231 0.0058432725391619478 -0.028840640774216483
leaf_weight=1739.2961830496788 1691.3417981863022 4182.5458477735519 529.02327957004309 1044.0023504663259 1064.7513920962811 3672.2190828025341 492.92536424845457 1441.1565378159285 1850.9059254564345 682.49134853109717 397.63687757961452 992.52396820485592 1627.8565582763404 319.92150123417377 170.34306137636304 390.61158427596092 2920.5537533164024 364.34519423916936 1366.7524068914354 2000.3976547643542 489.19722916185856 812.70602506771684 200.78440934419632 3917.8684881180525 748.47261077538133 504.66541148722172 2610.6396250352263 291.20107771456242 658.45366544649005 435.93364924937487
leaf_count=4550 2871 7138 4304 22271 7876 5992 1328 7966 5744 3900 7428 6880 9567 2429 3181 567 4892 1749 3122 3598 1985 3910 623 7935 5120 3419 5671 808 1727 1671
internal_value=0.014049 0.0259437 0.00492132 0.000954594 -0.0151492 0.0295565 0.0115312 0.00380875 0.00157757 0.00601917 -0.00991723 -0.00505843 0.00153132 0.00848651 -0.0105302 0.0254343 0.0203987 0.0182441 0.00486717 0.0135333 -0.00825206 -0.00133444 0.0100893 0.0142175 -0.00331407 0.00289174 0.0151127 0.0126435 -0.000622305 -0.00797257
internal_weight=39611.5 17199 22412.5 14006.8 2108.75 12897 8405.73 11898 10158.7 7327.42 2831.32 2433.68 5476.51 3200.92 699.366 9224.81 5042.26 4651.65 1731.1 7706.36 2275.6 1593.1 5705.97 4118.65 1573.06 1253.14 4301.98 780.398 1587.31 1094.39
internal_count=150222 32002 118220 93853 30147 23460 24367 63706 59156 36882 22274 14846 31138 20535 7485 17468 10330 9763 4871 16882 10603 6703 13284 8558 10968 8539 8542 2793 4726 3398
cat_boundaries=0 1 2
cat_threshold=2 1
is_linear=0
shrinkage=0.05


Tree=42
num_leaves=31
num_cat=2
split_feature=15 11 24 25 22 0 23 0 14 11 22 11 13 6 7 25 11 13 25 2 23 25 22 15 11 11 11 2 25 24
split_gain=1614.38 317.423 253.811 249.014 220.674 191.686 177.55 136.839 238.051 114.949 97.9461 94.3913 85.2038 88.6186 105.398 81.1637 82.6779 74.157 72.9471 72.2151 68.9192 64.456 68.8015 100.081 60.3084 58.616 56.9452 56.2541 53.3071 66.0047
threshold=37.500000000000007 3.720279369245048 8.9336514551510842 66.500000000000014 9.1158539674756565 0 1.4080431212981686 1 10.500000000000002 1.7979372215181817 11.704408860572585 4.0784792199157378 6.9439778192904154 19.188902018742045 7.8703260905593675 104.50000000000001 4.4572957498942367 5.8683322785778484 130.50000000000003 0.50561936496353177 2.3485183087872286 86.500000000000014 0.30625575084976214 4.5000000000000009 1.8498092370041106 0.85514669040732161 1.2582321826761391 0.35132646019288211 111.50000000000001 37.542243032502945
decision_type=2 2 2 2 2 1 2 1 2 2 2 2 2 2 2 2 2 2 2 2 2 2 2 2 2 2 2 2 2 2
left_child=1 5 11 -4 26 10 7 8 24 -8 27 17 20 14 28 16 -5 -3 -12 -19 21 22 -7 -24 -6 -10 -2 -1 29 -14
right_child=4 2 3 15 6 12 9 -9 25 -11 18 -13 13 -15 -16 -17 -18 19 -20 -21 -22 -23 23 -25 -26 -27 -28 -29 -30 -31
leaf_value=0.054683074640531626 0.022842994266265317 0.018617597139367427 -0.041792313207493693 -0.014521911234897329 0.0043880388176280516 0.017687091365460723 0.039327029552654789 0.032635483429136684 0.038687246637304967 0.026283567825485601 -0.041638416603319926 -0.0035263187971437161 0.0014096595584665128 0.013550842737659075 0.019765910319148969 0.020039168712456829 0.049213955549124354 -0.01951772261807265 0.016792040651038603 0.0058606156852952784 -0.012154287679590583 0.020170709287911301 -0.0068761386371798934 0.016029239636396454 -0.028901873177342954 0.019651682174964057 0.0062984672396755375 -0.0021671514716274944 0.0055341737116618994 -0.022408532118737671
leaf_weight=45.366530448198318 806.49196517467499 1085.0798500403762 687.39834845252335 920.5544246211648 1328.5911001414061 2023.2616941034794 4327.1909722834826 1858.0857870727777 771.73944705724716 2770.6297492384911 277.48183282651007 3692.55802600272 514.49648989364505 2383.1113064885139 522.14643316715956 268.70668058097363 53.858594447374344 306.13093132898211 66.149740424007177 3323.6020108368248 225.53214625269175 4202.9033626504242 964.27808316424489 943.5012785717845 151.5688404366374 849.65381121635437 1464.6414286792278 1065.6664987262338 677.0915914028883 669.19866816699505
leaf_count=373 1348 3134 19790 9258 2945 4126 7147 3012 1195 4868 4921 28134 2700 4692 1152 1917 566 1388 758 13525 712 8254 3636 2007 773 1503 2994 8860 1778 3063
internal_value=0.0130977 0.00540791 -0.00129399 -0.0176434 0.0264707 0.0101598 0.0291637 0.0219053 0.015477 0.0342355 -0.00706128 0.0024602 0.0120684 0.00673315 -8.50435e-05 -0.00428998 -0.010999 0.00714874 -0.0303904 0.00372021 0.0151102 0.0158661 0.0112639 0.00445182 0.000979141 0.0287121 0.0121735 0.000154199 -0.00565532 -0.0120559
internal_weight=39246.7 24918.1 10337.9 1930.52 14328.6 14580.2 12057.5 4959.64 3101.55 7097.82 1454.66 8407.37 13125.5 4766.04 2382.93 1243.12 974.413 4714.81 343.632 3629.73 8359.48 8133.94 3931.04 1907.78 1480.16 1621.39 2271.13 1111.03 1860.79 1183.7
internal_count=150529 124744 77712 31531 25785 47032 21443 9428 6416 12015 14912 46181 32120 13385 8693 11741 9824 18047 5679 14913 18735 18023 9769 5643 3718 2698 4342 9233 7541 5763
cat_boundaries=0 1 2
cat_threshold=2 2
is_linear=0
shrinkage=0.05


Tree=43
num_leaves=31
num_cat=4
split_feature=15 11 22 22 0 0 11 22 16 15 22 17 6 3 24 6 22 0 11 0 14 3 16 2 8 5 8 13 11 9
split_gain=1488.18 256.836 246.11 198.842 163.479 133.692 306.436 113.32 111.727 105.85 105.361 103.175 97.5114 89.3688 87.8436 98.5832 188.207 78.323 102.337 75.0313 90.597 81.9036 71.9151 67.3396 64.1713 60.1408 68.9905 60.6553 57.1068 56.6785
threshold=37.500000000000007 3.6814019307033452 14.900426177005707 0.065544717105080169 0 1 0.93121815761753923 7.1045024275673105 -2.088089196836378e-05 81.500000000000014 9.9666716013433447 1.0000000180025095e-35 1.0970050394740387 1.2451700431705592 0.41638150265163426 1.7592274748735564 1.4546549267714772 2 3.9942841805298781 3 9.5000000000000018 1.5771011017391146 -0.002989782129729137 0.38806892960361972 172.25980714886381 0.054806878322872808 214.6513833651268 6.2471760605811975 4.1934788805469951 25.576776011130793
decision_type=2 2 2 2 1 1 2 2 2 2 2 2 2 10 2 2 2 1 2 1 2 8 2 2 10 2 10 2 2 2
left_child=1 4 11 8 10 13 -7 12 28 -8 -1 19 -5 -4 -14 16 17 22 -19 20 -2 -21 -16 -6 29 26 -9 -27 -3 -17
right_child=2 3 5 7 23 6 9 25 -10 -11 -12 -13 14 -15 15 24 -18 18 -20 21 -22 -23 -24 -25 -26 27 -28 -29 -30 -31
leaf_value=0.0022510766197279992 -0.01364119361827125 0.0043981257545376512 0.042505892087978392 -0.024047590046953823 0.024387275833260464 0.037436681192733225 0.0025011154401087051 -0.047138320310165044 0.020415235255112373 0.031411766072604881 -0.02790618952786076 0.035086027396372732 0.014665897233159001 0.02983814282639571 0.00083201060830259991 0.015475935327673704 -0.039717957658049023 0.00097042141987293174 -0.024422067441052409 0.026964186326521394 0.013722173103372634 0.0077182870865997316 0.05399984076068845 0.010305514075673185 0.015019106620386684 0.041329242978999474 0.021555171057768035 -0.019102601696039143 -0.026882576338364206 -0.0037854161348690146
leaf_weight=964.57425477728248 539.16118101030588 763.1400273963809 2024.1238240301609 502.95184960030019 916.7413201071322 1688.0104869231582 1560.7492500916123 303.74264421872795 1486.7686736024916 397.17133164405823 413.90470358915627 542.25955668091774 771.98460518568754 4460.2030816525221 172.23350179940462 437.647580338642 465.93370972573757 1077.9635132625699 627.92485658079386 1080.9676973447204 689.11683834344149 1131.3725806623697 100.83677341789007 11485.551557764411 726.80151191912591 51.902425155043602 41.550911691039801 207.60751854255795 180.3970455005765 3000.0072727780789
leaf_count=7483 1449 2415 3370 3337 2050 2780 3782 7674 4503 650 6651 855 2947 7695 1258 3905 6809 3841 5337 1817 1273 2210 645 27875 3399 605 196 3378 1280 28842
internal_value=0.012393 0.00499235 0.0253453 -0.000735422 0.00953083 0.0294854 0.0218251 -0.00434557 0.0118749 0.00836575 -0.006804 0.0148151 -0.00274558 0.0337925 -0.00129409 -0.00315825 -0.0111279 -0.00439659 -0.00837637 0.0116203 0.00171083 0.017122 0.0204653 0.0113464 0.00152064 -0.0252033 -0.0388721 -0.00701613 -0.0015825 -0.00133325
internal_weight=38813.3 24700.2 14113.1 10919.4 13780.8 10130.3 3645.93 8489.09 2430.31 1957.92 1378.48 3982.88 7884.29 6484.33 7381.33 6609.35 2444.89 1978.96 1705.89 3440.62 1228.28 2212.34 273.07 12402.3 4164.46 604.803 345.294 259.51 943.537 3437.65
internal_count=150311 124430 25881 80371 44059 18277 7212 72173 8198 4432 14134 7604 60320 11065 56983 54036 17890 11081 9178 6749 2722 4027 1903 29925 36146 11853 7870 3983 3695 32747
cat_boundaries=0 1 2 3 4
cat_threshold=2 1 2 2
is_linear=0
shrinkage=0.05


Tree=44
num_leaves=31
num_cat=3
split_feature=15 15 0 22 22 23 23 1 2 3 0 6 9 22 6 22 23 6 21 22 6 23 1 3 22 22 2 5 0 3
split_gain=1377.74 250.548 216.9 210.947 208.165 168.92 106.433 101.039 97.2538 95.6543 103.876 93.1819 116.86 78.8265 146.207 141.269 106.297 91.7919 75.051 74.7819 73.6126 73.0459 69.8341 68.19 65.7389 65.6073 61.4876 58.6409 57.592 77.4239
threshold=37.500000000000007 1.0000000180025095e-35 0 4.4750724115028291 16.620816762575881 1.4834326801705562 0.80431755189098941 21.411884254570509 0.72683843346154897 1.2828378755946861 1 6.7115434959446869 25.565078957465335 0.0326580934502829 2.0878733570950341 1.2684238792628253 2.3829795882546372 1.1751951399114575 227.66084421720794 1.6266422210440887 12.537672002370533 1.0141485860589643 24.665642015731695 1.0269915636951181 0.24765294470594024 38.147880473939587 0.63097353551964463 0.28991860359669303 2 0.47845940505218748
decision_type=2 2 1 2 2 2 2 2 2 8 1 2 2 2 2 2 2 2 2 2 2 2 2 8 2 2 2 2 1 10
left_child=1 3 20 7 9 21 -5 8 13 28 27 -8 -13 -1 15 17 19 -15 -10 -16 -3 -6 -4 -7 26 -23 -19 -11 -2 -30
right_child=4 2 22 6 5 23 11 -9 18 10 -12 12 -14 14 16 -17 -18 24 -20 -21 -22 25 -24 -25 -26 -27 -28 -29 29 -31
leaf_value=0.0092972699898381372 0.031453644030028774 -0.029442242437812738 0.01163653213461769 0.018780149944122967 0.008503021209086482 0.044104050655180652 -0.035684122310346345 0.013661076887531157 0.0049181092996484696 -0.04021501972116609 0.013808253690059603 0.061281427061733333 -0.015637553304884876 -0.018918216628406682 0.026516097759318392 -0.035379664986366431 -0.010314534507072629 0.0024487935252530584 0.02874616056886278 0.0033711861628372103 -0.002196903629680406 0.019452732542901599 0.042025604871852223 0.031200095996594859 -0.0068528619110106081 0.031468987513774964 0.040502083983281319 -0.00089692299878768296 0.03464126989428077 0.0070931791141338315
leaf_weight=1087.5951032787561 1068.8359331265092 353.45299919880927 11323.142173709348 171.99504123628139 749.59695284068584 1698.3493233472109 679.52769907563925 1677.3794609904289 2089.9908054154366 139.63087619841099 1735.0571563616395 54.591396844014525 517.1225897744298 1023.9971392154694 548.60800640285015 563.95722889155149 850.45592883974314 291.32277802750468 392.52473924867809 959.20147669501603 830.31206028908491 2314.8929827064276 192.25822542607784 2577.6788963526487 922.36037191003561 2230.418284997344 167.0142123401165 295.57799878716469 367.12748115509748 835.49856342375278
leaf_count=3751 1806 5277 25999 645 1637 2872 17463 4419 12002 538 3251 445 6101 6751 2561 7362 6200 1309 1682 9256 6776 4584 266 4638 5753 3794 520 690 580 1653
internal_value=0.0122591 0.00515376 0.0100488 -2.74864e-05 0.024782 0.0289336 -0.0180991 0.00240482 0.000282653 0.0158363 0.00832973 -0.0231685 -0.00829277 -0.00296946 -0.00547395 -0.012857 0.00381998 -0.00757485 0.0086857 0.0117923 -0.0103319 0.0229643 0.0121439 0.0363253 0.000837986 0.0253492 0.0163151 -0.0135116 0.0230085 0.0155028
internal_weight=38709.5 24696.8 12699.2 11997.6 14012.7 9570.94 1423.24 10574.4 8897.03 4441.73 2170.27 1251.24 571.714 6414.51 5326.92 2968.65 2358.27 2404.69 2482.52 1507.81 1183.77 5294.91 11515.4 4276.03 1380.7 4545.31 458.337 435.209 2271.46 1202.63
internal_count=150581 124538 38318 86220 26043 17525 24654 61566 57147 8518 4479 24009 6546 43463 39712 21695 18017 14333 13684 11817 12053 10015 26265 7510 7582 8378 1829 1228 4039 2233
cat_boundaries=0 1 2 3
cat_threshold=2 2 1
is_linear=0
shrinkage=0.05


Tree=45
num_leaves=31
num_cat=0
split_feature=11 3 7 25 24 23 24 23 3 11 23 25 24 6 25 25 23 8 15 24 22 25 9 23 23 9 22 25 23 18
split_gain=1306.69 205.094 183.23 197.136 299.272 225.618 147.288 168.832 131.674 127.596 122.787 146.278 105.907 112.157 87.6687 87.3573 86.2966 84.3042 83.3333 73.3631 71.5161 120.328 93.2629 70.5354 66.4863 64.3591 62.0145 77.0265 96.1099 59.6608
threshold=2.660019506356901 0.9894578379190494 8.1134985600290701 95.500000000000014 21.511542280431957 2.3151541415465258 59.533017813931416 1.0815182338836167 3.2453686476471333 3.4314403087091363 1.1643941001443745 83.500000000000014 0.066412799828650546 1.0840318589834579 32.500000000000007 126.50000000000001 1.0504160863744947 5.0000066548829141 54.500000000000007 0.24515581033061373 2.6916739446824542 59.500000000000007 25.533996763789698 1.3311327620749942 2.719530318739007 25.878888946459508 3.4756316352257337 143.50000000000003 1.8710480258849136 0.0067083625011505358
decision_type=2 8 2 2 2 2 2 2 10 2 2 2 2 2 2 2 2 10 2 2 2 2 2 2 2 2 2 2 2 2
left_child=1 17 3 4 8 -5 26 15 -2 -6 11 19 14 -14 -10 -8 -15 -1 -9 -4 -18 -22 -23 -19 -7 -12 -3 28 -28 -13
right_child=2 6 10 5 9 24 7 18 12 -11 25 29 13 16 -16 -17 20 23 -20 -21 21 22 -24 -25 -26 -27 27 -29 -30 -31
leaf_value=0.024178326457496291 0.012926507537050878 -0.0070407102970476421 0.01592911365275437 0.012001176566195561 -0.009600955664970233 -0.013073790810503642 -0.01702315027586641 0.020172565939410081 0.0029078129976781203 -0.035096769559637413 -0.0087874174667283075 0.01324112198404513 -0.025305966790842977 -0.034579811655829233 0.029927342745006871 0.017894031337728142 0.0010281233279638626 0.025343171539032868 0.030638206460330553 -0.014069804285391192 -0.037672665057073826 0.0751528054717715 -0.0051492239012351729 0.043763832756617334 -0.056254817636621685 0.02277906372327574 0.0056688661634189475 0.0016803435100520129 0.030053913640253123 0.047258034340934417
leaf_weight=2151.7540627866983 1950.647449195385 478.04077414423227 260.44070703908801 5270.6062254048884 1238.4551108051091 396.07775593549013 389.83064711838961 4843.3545864634216 1100.5216459333897 812.78781625255942 174.2326502352953 725.10747152194381 584.90435101278126 199.99509648233652 412.82878941297531 331.40956524014473 4807.4533318765461 766.39573460817337 3132.1053611785173 937.11785713769495 335.6413338240236 40.721756834536791 322.57573949359357 1614.3402255699039 115.03240691125393 2204.7519889324903 726.62143592536449 1011.7604295015335 910.28045987337828 156.76229508221149
leaf_count=3860 6486 1282 902 18319 5569 1466 1591 9891 3411 17609 782 1994 3693 1597 1002 711 31669 1353 5741 3835 10011 350 3245 2722 648 4967 1902 2096 1482 305
internal_value=0.0116 0.0223081 0.00365597 0.00136101 -0.00234331 0.0089254 0.0188414 0.0221876 0.001307 -0.0197035 0.0127095 0.00383425 -0.00159711 -0.00445376 0.0102785 -0.00097872 -0.0023164 0.0313511 0.0242826 -0.00754575 -0.00114458 -0.0160889 0.00385177 0.0378339 -0.0227923 0.0204672 0.00953431 0.0125258 0.0192294 0.019288
internal_weight=38402.6 16355.9 22046.7 17588.2 11806.5 5781.72 11823.4 8696.7 9755.29 2051.24 4458.41 2079.43 7804.64 6291.29 1513.35 721.24 5706.39 4532.49 7975.46 1197.56 5506.39 698.939 363.297 2380.74 511.11 2378.98 3126.7 2648.66 1636.9 881.87
internal_count=150491 32631 117860 105075 84642 20433 24696 17934 61464 23178 12785 7036 54978 50565 4413 2302 46872 7935 15632 4737 45275 13606 3595 4075 2114 5749 6762 5480 3384 2299
is_linear=0
shrinkage=0.05


Tree=46
num_leaves=31
num_cat=2
split_feature=11 24 23 1 25 24 23 6 15 13 13 3 0 5 25 2 23 20 13 22 22 16 3 24 9 0 23 1 2 12
split_gain=1247.11 224.872 206.511 165.339 217.032 331.071 179.533 159.014 141.998 121.949 115.478 106.297 153.647 101.983 99.3047 96.1021 87.9264 103.432 82.7149 79.7132 75.8172 92.5794 71.2024 69.2495 66.2588 61.2863 60.812 75.2393 57.841 57.2564
threshold=2.6785963220897719 59.533017813931416 1.7217226865427111 20.890192348578303 90.500000000000014 14.426258914732241 2.2839925363402034 6.5902274331859827 6.5000000000000009 6.4324160147877905 6.0623257534384045 0.20925709967211095 0 0.17551284620759317 161.50000000000003 0.58352079848663607 1.3485998693728638 3.8684102345217517 6.3328559151876505 3.4756316352257337 0.13920248427219198 6.4536812810065341e-05 1.8096052276312677 0.01124432709555739 29.3151733072547 1 2.719530318739007 0.59444582078667485 0.89172008613135256 -0.023525178345563832
decision_type=2 2 2 2 2 2 2 2 2 2 2 8 1 2 2 2 2 2 2 2 2 2 10 2 2 1 2 2 2 2
left_child=1 14 10 4 5 8 18 -7 15 -9 -3 -12 22 -14 19 16 17 -2 -6 25 21 -17 -13 -19 -8 -1 27 -18 -20 -5
right_child=3 2 -4 29 6 7 24 9 -10 -11 11 12 13 -15 -16 20 26 23 28 -21 -22 -23 -24 -25 -26 -27 -28 -29 -30 -31
leaf_value=-0.025655373101273249 -0.0015756025609476973 0.026968667585803654 0.03497042561779639 0.0054941163730756609 0.019225882871127874 -0.038714251260771493 -0.032932869358476093 0.0079084993673125565 0.024170640332153479 -0.022505979582609359 0.047675739184895545 0.031819788020718227 -0.019543335801257042 0.0087635006826905469 -0.007034010952482051 0.002471680846432981 -0.0071738354518880018 0.0085137854718573165 0.0055034082531209751 0.017533273234370584 -0.0010561838682146894 0.024451495070874716 0.015383478481165315 -0.032850760788713122 -0.00011090042122651502 0.0090863045692840018 -0.023054025193163491 0.018032838671137318 0.034865417489761866 0.019436820232530579
leaf_weight=195.10685853660107 683.23094094544649 3828.9805909954011 3363.4914847314358 1270.5771881565452 1960.7939420230687 785.93879336863756 327.57616762071848 543.26865547522902 611.59020077437162 837.89513450860977 243.57682105898857 985.43686815351248 410.29832577705383 1417.3894338458776 646.02208825200796 1275.8700991049409 588.95420217886567 116.406149700284 3947.3244655281305 2979.5616625249386 4118.9682189226151 767.12751463055611 1988.5479127913713 773.613057481125 289.79201970249414 363.33470194041729 221.37610995769501 595.24810094200075 175.17088963463902 1751.1580958589911
leaf_count=696 2870 7131 6227 3076 5564 19577 1523 2673 1392 6706 384 1674 2151 3365 1421 4274 6206 342 16084 5859 26038 2086 3691 6334 1114 737 1851 5111 455 4248
internal_value=0.0106093 0.020999 0.0244202 0.00272562 0.000965081 -0.00308227 0.00816472 -0.0207596 0.000845867 -0.0105427 0.0204215 0.0154527 0.0138181 0.00240889 0.0109926 -0.000714742 -0.00808837 -0.016208 0.010772 0.0142841 0.00284983 0.0107249 0.0208297 -0.0274407 -0.0175263 -0.00305165 0.000999832 0.00549649 0.00675104 0.0135742
internal_weight=38063.6 16421.7 12237.7 21641.9 18620.1 11919.5 6700.66 2167.1 9752.38 1381.16 8874.23 5045.25 4801.67 1827.69 4184.03 9140.79 2978.83 1573.25 6083.29 3538 6161.97 2043 2973.98 890.019 617.368 558.442 1405.58 1184.2 4122.5 3021.74
internal_count=150860 33336 24623 117524 110200 85460 24740 28956 56504 9379 18396 11265 10881 5516 8713 55112 22714 9546 22103 7292 32398 6360 5365 6676 2637 1433 13168 11317 16539 7324
cat_boundaries=0 1 2
cat_threshold=1 2
is_linear=0
shrinkage=0.05


Tree=47
num_leaves=31
num_cat=2
split_feature=15 11 0 22 25 22 0 11 15 22 1 6 22 3 25 13 2 22 6 22 2 3 1 17 25 7 22 22 8 21
split_gain=1130.05 248.316 234.932 177.45 230.915 163.163 126.34 235.216 96.8666 91.6163 91.3135 115.945 173.518 90.3754 89.3108 81.74 73.7053 70.8822 68.468 81.3079 64.294 63.323 62.0764 59.5932 57.596 56.4935 63.6211 55.5256 96.9379 61.2113
threshold=46.500000000000007 3.6814019307033452 0 2.5709491887756273 63.500000000000007 10.989307467249054 1 0.85514669040732161 81.500000000000014 9.9666716013433447 21.411884254570509 1.7592274748735564 1.2356385603924467 2.1826258518772561 128.50000000000003 5.9955415285526046 0.89172008613135256 8.2626068304679094 7.4789883101352546 2.1533232968191602 0.59496864071516409 1.0269915636951181 23.84575601118544 0.89592162097836658 59.500000000000007 7.9841073627711712 0.047173283196602613 0.0326580934502829 130.74248061432584 215.49445473591956
decision_type=2 2 1 2 2 2 1 2 2 2 2 2 2 8 2 2 2 2 2 2 2 8 2 2 2 2 2 2 10 2
left_child=1 2 9 10 -5 -2 21 -8 -9 -1 11 12 20 -4 -11 -15 22 -6 -13 -20 23 -7 -17 25 27 -3 -27 -22 -29 -30
right_child=5 3 13 4 17 6 7 8 -10 14 -12 18 -14 15 -16 16 -18 -19 19 -21 24 -23 -24 -25 -26 26 -28 28 29 -31
leaf_value=3.575234325195564e-05 0.01190675445450652 0.0082713168275780589 0.019383271067378721 -0.040194144324630358 0.0026937192402837419 0.041737390913592784 0.03520011172643725 0.0030552560445666031 0.028168432757635139 -0.03581682044864809 0.013867086876281565 0.0109950623737178 -0.036242933889239715 0.017305278881169926 0.006861169172042306 0.0049633636780635204 0.025386020440195636 -0.025000154709155266 -0.021069755446649976 0.03434734832357178 0.0099433302174849903 0.028858001586693674 0.025485583572354281 0.0030236075909605086 0.016163303212708358 -0.0078676360544217751 -0.034439403115065409 0.022958384112082779 -0.025874058637796651 -0.00019077611188383057
leaf_weight=1078.2863053902984 2248.1536699086428 190.36155020073056 2591.5314493924379 605.95582146570086 1089.6306716632098 1261.7120225727558 1458.4042788594961 1601.2067575231194 505.11165577918291 447.63606558181345 1384.2817083001137 2443.9326544012874 406.47320923767984 2391.6224609911442 168.81420596316457 8392.0959146805108 511.70240854844451 293.23035876266658 350.32641123235226 81.607369307428598 684.15549153089523 3917.6976772248745 385.40589351952076 610.23425138369203 631.39343772828579 432.67742889747024 469.93479016795754 206.98670391738415 538.84123108536005 407.38485538214445
leaf_count=7834 4234 1358 4585 19767 8759 2311 2620 3436 887 6363 3754 15635 4362 5164 1272 21983 1060 4912 2403 508 1995 7422 662 2801 2116 1938 4247 1358 3172 1662
internal_value=0.0104208 0.00488259 0.00884628 -0.00096262 -0.0144566 0.0239206 0.0270094 0.0197649 0.00907759 -0.00875421 0.00207373 -0.000116324 -0.00505849 0.0109362 -0.0241295 0.00906212 0.00693982 -0.00317866 0.00775171 -0.0105995 -0.0020202 0.0319954 0.00586446 -0.00949313 0.00313539 -0.0164815 -0.0217019 -0.00134152 -0.00803637 -0.0148165
internal_weight=37786.8 26794.5 15967.1 10827.4 1988.82 10992.3 8744.13 3564.72 2106.32 1694.74 8838.59 7454.31 4578.44 14272.4 616.45 11680.8 9289.2 1382.86 2875.87 431.934 4171.97 5179.41 8777.5 1703.21 2468.76 1092.97 902.612 1837.37 1153.21 946.226
internal_count=150580 129670 48923 80747 33438 20910 16676 6943 4323 15469 47309 43555 25009 33454 7635 28869 23705 13671 18546 2911 20647 9733 22645 10344 10303 7543 6185 8187 6192 4834
cat_boundaries=0 1 2
cat_threshold=2 1
is_linear=0
shrinkage=0.05


Tree=48
num_leaves=31
num_cat=2
split_feature=15 25 24 0 3 22 5 11 15 3 23 0 24 11 13 25 13 24 6 24 22 25 24 23 8 3 4 23 12 25
split_gain=1116.2 206.59 393.861 167.171 326.494 153.448 147.038 142.388 139.565 116.082 115.93 103.564 143.668 113.243 82.2809 79.9231 71.0007 70.4798 162.97 176.883 151.758 148.32 109.266 86.5671 140.903 63.5574 63.0526 61.9357 60.0675 57.4096
threshold=44.500000000000007 76.500000000000014 13.816755053018642 0 0.47845940505218748 0.71031475502071417 0.30484744858255958 3.4041010264932101 71.500000000000014 3.3492677532099582 2.6389085950082976 1 46.60849203256732 3.8448234611386991 5.5841652662906975 103.50000000000001 6.8244459935970871 0.18517261893403522 2.0878733570950341 3.5973734088799119 0.96429531422119663 28.500000000000004 0.022155949045215877 1.3988750724180588 170.38216473076417 1.8096052276312677 0.34308464774202063 1.150598331784126 0.040268548575487222 54.500000000000007
decision_type=2 2 2 1 8 2 2 2 2 10 2 1 2 2 2 2 2 2 2 2 2 2 2 2 10 8 2 2 2 2
left_child=1 2 9 6 -5 -3 -2 16 -6 -1 11 12 -7 14 -13 -14 -4 21 19 23 -20 22 -11 24 -19 -16 28 29 -17 -26
right_child=3 5 7 4 8 10 -8 -9 -10 17 -12 13 15 -15 25 26 -18 18 20 -21 -22 -23 -24 -25 27 -27 -28 -29 -30 -31
leaf_value=0.010971794606281633 0.033675410278275572 0.028544900977562789 0.0065848977044016353 0.036915174557016893 -0.002000076803266916 0.0071528995435153429 0.018243384412264266 -0.040934972470062031 0.018439980695354182 0.010737989795926156 -0.019580844716636452 0.024214737586839272 -0.049122872141202471 -0.0078766886258827256 0.024184758642465838 -0.0054293731433093986 -0.031074662323556441 -0.029291929431041183 -0.01587441779837372 -0.039009154189091698 0.016024412488707999 0.018325317808219756 -0.018439009099637884 0.0077547377982284203 -0.044848182487164143 0.0084355383775130896 0.047589141292605462 0.007173978720838488 -0.051189133575071835 -0.0032581410854738446
leaf_weight=3022.480205565691 4332.6092833355069 889.60020786523819 342.87009316496551 1321.9009804725647 1782.7450749352574 1140.2220704015344 2397.8137372806668 739.46066691912711 1571.1174140870571 569.34265791624784 395.04839579761028 1070.8774265684187 196.36995826102793 851.63178518787026 691.25579217076302 285.18588389456272 197.10415178537369 717.12130165100098 509.31652690470219 480.14753920026124 1391.6417615003884 1264.2658425271511 735.29046374559402 796.70444406941533 128.09563675895333 8741.9283091500401 42.037038259208202 761.55489763617516 95.808179616928101 235.56029772758484
leaf_count=8363 8033 2199 1375 2339 4045 8378 4666 20426 2951 1549 1727 2017 3675 5699 1174 3164 1178 5501 3755 7161 12212 3758 3777 4844 874 21016 151 2621 1246 1094
internal_value=0.0100699 0.0044029 -0.000474556 0.0231322 0.0158699 0.00843053 0.0281775 -0.0266813 0.00757507 0.0026852 0.00710608 0.00790992 -0.00337719 0.00965892 0.0110806 -0.0227615 -0.00716179 -0.000615093 -0.00406196 -0.0110948 0.00747788 0.00612077 -0.00570615 -0.00601606 -0.0119711 0.00958963 -0.0105245 -0.00093224 -0.0169365 -0.017908
internal_weight=37697.1 26290.9 11891 11406.2 4675.76 14400 6730.42 1279.43 3353.86 10611.5 13510.4 13115.3 1759.62 11355.7 10504.1 619.401 539.974 7589.04 5020.14 3119.18 1900.96 2568.9 1304.63 2639.04 1842.33 9433.18 423.031 1125.21 380.994 363.656
internal_count=150968 128934 78488 22034 9335 50446 12699 22979 6996 55509 48247 46520 16614 29906 24207 8236 2553 47146 38062 22095 15967 9084 5326 14934 10090 22190 4561 4589 4410 1968
cat_boundaries=0 1 2
cat_threshold=1 2
is_linear=0
shrinkage=0.05


Tree=49
num_leaves=31
num_cat=2
split_feature=15 25 24 23 0 11 13 15 24 5 24 25 24 24 24 25 25 5 24 15 24 11 0 11 12 3 2 13 21 1
split_gain=972.546 187.079 351.45 174.675 171.777 326.217 166.771 164.823 127.991 115.39 110.521 121.766 139.93 130.65 187.238 115.341 99.9252 88.3747 87.5002 85.3449 83.2661 81.5017 75.2421 72.8523 66.9745 66.9244 63.5394 61.5437 59.1157 65.0304
threshold=44.500000000000007 91.500000000000014 15.09129432664797 2.2989379922061697 0 0.93121815761753923 6.4324160147877905 2.5000000000000004 6.7149625581783168 0.30484744858255958 0.016479087727714562 28.500000000000004 0.49050793529303371 3.5973734088799119 0.93168826593486165 50.500000000000007 58.500000000000007 0.0085464191225440717 2.546824939239912 81.500000000000014 0.24515581033061373 4.0151412491607017 1 4.171570895692275 0.054895988592430875 0.20925709967211095 0.50378876732577071 6.7331743877554304 148.18855772196295 19.370649376421763
decision_type=2 2 2 2 1 2 2 2 2 2 2 2 2 2 2 2 2 2 2 2 2 2 1 2 2 8 2 2 2 2
left_child=1 2 7 18 9 25 16 10 -5 -2 -1 13 15 14 23 20 -4 21 -3 -7 28 -14 -18 24 26 -6 -12 -20 -13 -30
right_child=4 3 6 8 5 19 -8 -9 -10 -11 11 12 17 -15 -16 -17 22 -19 27 -21 -22 -23 -24 -25 -26 -27 -28 -29 29 -31
leaf_value=0.020447166833126557 0.032080168273503511 0.039713118281361454 -0.04017788579752047 -0.043777444363600988 0.041712084474718185 -0.0015470106753373365 -0.027431624301237679 0.017767137494336633 -0.00058299520447272673 0.018373606069155654 -0.049776635864454979 -0.013355158451507457 -0.0050287834886326155 -0.035083256137245812 0.01869340403897763 0.024170615845779345 0.01207832553884193 0.0035386638127335953 0.014558106627687356 0.021766550723811551 -0.018907894892723435 -0.032255823125241494 -0.021581623461799985 -0.036263765268240711 0.010128522008960292 0.02272691292742212 -0.010423702223215734 0.006588933461322887 0.0049145880460518083 0.033754502677539149
leaf_weight=737.50882856547832 4196.2400177046657 262.38061907887459 144.86124834604561 233.00494193285704 729.34360852092505 2113.5952634289861 1441.419156845659 1886.1340674087405 649.70740247517824 2421.6305303797126 117.62071035429835 215.19970865547657 1369.0035854969174 403.4532167725265 637.87196251749992 1225.0312415361404 729.69941578246653 3250.7241959590465 4700.9227819200605 482.09330216050148 328.23359766602516 343.9020936563611 214.92646901495755 286.05334622785449 354.30808397382498 1276.8211428150535 801.69987904652953 4998.9746948741376 505.11947449296713 318.84928396344185
leaf_count=1755 8026 527 4528 1385 1293 4738 19938 4227 1754 4717 633 869 4693 7120 4180 3194 2807 23161 12998 883 1717 3650 2571 2826 1236 2430 2945 17422 1893 660
internal_value=0.00959081 0.00430846 0.000749721 0.0093329 0.0219056 0.0144864 -0.0162731 0.00412067 -0.0119848 0.0270646 0.00175811 0.000401088 0.00361306 -0.00892987 -0.00412832 0.0130281 -0.00151001 -0.0013043 0.0112218 0.00278298 0.00304579 -0.0104952 0.00441983 -0.0134618 -0.0083406 0.029629 -0.0154586 0.0104511 0.00998012 0.0160747
internal_weight=37376.3 26156.6 15311.6 10845 11219.7 4601.85 2530.91 12780.7 882.712 6617.87 10894.6 10157.1 7556.06 2601.01 2197.55 2592.43 1089.49 4963.63 9962.28 2595.69 1367.4 1712.91 944.626 1559.68 1273.63 2006.16 919.321 9699.9 1039.17 823.969
internal_count=150776 128689 94603 34086 22087 9344 29844 64759 3139 12743 60532 58777 39837 18940 11820 8333 9906 31504 30947 5621 5139 8343 5378 7640 4814 3723 3578 30420 3422 2553
cat_boundaries=0 1 2
cat_threshold=1 1
is_linear=0
shrinkage=0.05


Tree=50
num_leaves=31
num_cat=3
split_feature=11 24 25 24 15 25 3 0 1 13 13 25 0 11 25 0 3 15 6 24 22 7 25 15 6 18 25 15 21 7
split_gain=879.505 170.037 143.369 429.802 137.226 115.37 104.019 214.057 88.555 84.933 76.6276 71.9097 68.6478 93.9814 64.2851 80.9809 92.9176 63.5052 57.3718 193.428 117.217 72.0078 60.0633 55.2163 51.8736 56.2423 54.0899 50.6677 49.7034 49.7649
threshold=2.5679568856029165 59.533017813931416 90.500000000000014 15.09129432664797 6.5000000000000009 61.500000000000007 1.0637423018923198 0 20.357499699478932 6.760576434163057 6.231329498263789 120.50000000000001 1 0.55507181976569642 161.50000000000003 2 0.65998590823813463 54.500000000000007 2.60401841148586 3.5973734088799119 0.96429531422119663 7.8353391931995677 46.500000000000007 74.500000000000014 1.7592274748735564 0.0022387223493866436 42.500000000000007 57.500000000000007 208.22393250975102 8.0153826326268263
decision_type=2 2 2 2 2 2 8 1 2 2 2 2 1 2 2 1 10 2 2 2 2 2 2 2 2 2 2 2 2 2
left_child=1 14 3 4 8 -5 12 11 18 -4 -7 -8 -3 -14 15 16 -1 -16 19 28 21 22 -20 -15 -21 26 -26 -9 29 -2
right_child=2 6 9 5 -6 10 7 27 -10 -11 -12 -13 13 23 17 -17 -18 -19 20 24 -22 -23 -24 -25 25 -27 -28 -29 -30 -31
leaf_value=0.026285208640661025 0.0080276654176337902 0.039043859463379231 0.013968916375298145 -0.041480891909407555 0.023205878037099267 0.0014063446659099098 -0.014242013506802268 0.020421610032401956 0.011182862567442019 0.0039509787884255193 -0.021329066390279785 0.010071592397274573 0.040293258514424515 0.0098566161166058278 -0.024905772531816243 0.020674190186774844 -0.0039589301475926519 0.0087327734534742903 -0.0053318302721044172 -0.033966994860823239 0.013156906463986469 0.035218038279909394 -0.04218397586881506 0.027620869153583284 -0.021812152972316708 -0.044152054464772821 0.017251102079712324 0.030874083921591539 0.0071334794972218729 -0.0058995555913107746
leaf_weight=344.64500387012959 868.85938918218017 1280.6613216325641 4344.521302100271 478.14790797792375 904.13632670789957 561.90989811345935 483.33105393126607 3812.9370256736875 2570.0421238541603 4124.1291277632117 1088.6201908998191 820.12642912194133 696.2564790174365 891.30841007083654 236.08708629012108 1639.7278986871243 965.0842592343688 345.83272370696068 264.20017626136541 490.0032356698066 1871.8181965183467 65.780401833355427 190.1383648738265 859.02606282383204 168.4990843385458 97.409317830577493 186.92634501866996 1665.9697607904673 2451.8091099485755 2450.16684012115
leaf_count=581 5268 2542 12712 14415 1911 3276 2228 7199 6576 15741 10736 2244 1305 1769 588 2847 2658 672 1870 6451 14608 194 1520 1615 2660 945 1278 3343 8521 12205
internal_value=0.00989023 0.0197654 0.00390775 0.000923806 0.00443972 -0.0198541 0.0229549 0.0192673 0.00298651 0.0090903 -0.013589 0.00105594 0.0296649 0.0247556 0.0102732 0.0132697 0.00399958 -0.00491451 0.00067311 -0.00169586 0.00732232 -0.0136753 -0.0207543 0.0185749 -0.0226926 -0.0104927 -0.0012679 0.0235999 0.00173458 -0.00225367
internal_weight=37218.1 14041 23177.1 14708.5 12579.8 2128.68 10509.6 6782.36 11675.7 8468.65 1650.53 1303.46 3727.25 2446.59 3531.38 2949.46 1309.73 581.92 9105.61 6713.67 2391.94 520.119 454.339 1750.33 942.838 452.835 355.425 5478.91 5770.84 3319.03
internal_count=150478 29591 120887 92434 64007 28427 22245 15014 62096 28453 14012 4472 7231 4689 7346 6086 3239 1260 55520 37328 18192 3584 3390 3384 11334 4883 3938 10542 25994 17473
cat_boundaries=0 1 2 3
cat_threshold=2 1 2
is_linear=0
shrinkage=0.05


Tree=51
num_leaves=31
num_cat=1
split_feature=15 22 25 24 25 23 23 1 4 2 24 22 11 13 22 0 25 21 25 13 6 2 24 22 23 13 23 12 25 12
split_gain=870.218 171.705 163.116 233.299 225.69 143.043 131.35 117.118 97.2037 84.5621 82.7411 74.53 70.1105 67.9185 69.5668 90.7532 62.6113 67.1992 62.0662 57.3959 59.0111 65.6217 57.2003 57.0264 56.7669 56.0877 53.2114 52.9151 48.6942 48.0463
threshold=42.500000000000007 9.1158539674756565 95.500000000000014 8.718694803460755 59.500000000000007 2.2989379922061697 1.4949917641101431 20.890192348578303 0.11305307733051805 0.59851412332197473 7.8690100720639986 43.651511143286292 1.603846857242311 5.769216841561863 6.0004323651039693 0 76.500000000000014 168.58342746955114 147.50000000000003 6.8466335138371957 17.531952439407871 0.72551101940253382 0.76366932030759871 30.521323940875945 2.2399039420396005 5.6036326045120441 1.7556761856120053 0.040268548575487222 142.50000000000003 -0.10424991040718638
decision_type=2 2 2 2 2 2 2 2 2 2 2 2 2 2 2 1 2 2 2 2 2 2 2 2 2 2 2 2 2 2
left_child=2 -2 3 7 -5 19 11 9 24 -1 -7 -3 -8 -10 -15 -16 17 -11 -12 26 21 -21 -18 -14 25 -6 -4 -24 -28 -9
right_child=1 6 5 4 8 10 12 29 13 16 18 -13 23 14 15 -17 22 -19 -20 20 -22 -23 27 -25 -26 -27 28 -29 -30 -31
leaf_value=-0.0049487765675235648 0.006759628280148468 0.012247831588655989 0.017746496731392791 -0.036444190464728653 0.011090425495943647 -0.036294030678548223 0.034384679525471154 -0.00028544793147872318 0.024996362701986852 -0.0028378790593640464 0.010384997772954405 0.025075819597977413 0.01565771061168128 0.015512447705356636 -0.0018913020683183806 -0.043717869554203044 0.045112698518167932 0.0085573953032470132 -0.027576302914300521 -0.013057076474170268 0.011055482932419902 0.0082244206473376241 0.0020774624783762817 0.032570531771901452 0.044944676714153475 -0.01890855244416878 0.01019257589871694 0.028655834072388253 -0.017521206083757419 0.016605628404394276
leaf_weight=3236.1566512398422 1905.5250703692436 2874.2728613168001 3487.0257066749036 659.60803379863501 177.06793684884906 236.10767093300819 2690.0375779420137 520.59726919978857 305.09870751202106 2589.5803482457995 371.02941034734249 1868.2525742277503 1289.169429756701 448.18474406376481 873.58604159392416 152.29625883698463 149.82973060011864 2585.4754807762802 151.69790712743998 660.95740345306695 2726.3921772949398 801.45538991317153 527.74986997246742 812.54621654003859 40.157261375337839 1297.8059828840196 776.95546525344253 290.26649188995361 199.11893390864134 2200.6526918187737
leaf_count=21176 3756 6103 9409 20303 1069 1355 5483 1265 839 13993 913 3575 2702 2063 2614 2111 299 10017 420 3794 6821 3733 1960 1591 235 13778 2432 982 488 5266
internal_value=0.00900653 0.0204618 0.00386038 0.000796536 -0.00974792 0.0090871 0.0232003 0.00424196 -0.00440244 0.00159232 -0.0117277 0.0173012 0.0290388 0.00352329 -0.000921153 -0.00810062 0.00503825 0.00285524 -0.000631549 0.0109127 0.00670905 -0.00139404 0.0167107 0.0221964 -0.01371 -0.015307 0.014858 0.0115086 0.00453897 0.0133742
internal_weight=36904.7 11439.8 25464.9 16054.1 3953.8 9410.74 9534.28 12100.3 3294.2 9379.06 758.835 4742.53 4791.75 1779.17 1474.07 1025.88 6142.9 5175.06 522.727 8651.91 4188.8 1462.41 967.846 2101.72 1515.03 1474.87 4463.1 818.016 976.074 2721.25
internal_count=150545 23210 127335 97970 43012 29365 19454 54958 22709 48427 2688 9678 9776 7627 6788 4725 27251 24010 1333 26677 14348 7527 3241 4293 15082 14847 12329 2942 2920 6531
cat_boundaries=0 1
cat_threshold=1
is_linear=0
shrinkage=0.05


Tree=52
num_leaves=31
num_cat=0
split_feature=15 22 3 22 25 22 23 25 23 25 23 8 25 1 3 22 23 1 3 3 21 23 23 23 2 24 20 25 24 3
split_gain=812.219 155.584 144.208 137.348 198.509 135.503 127.684 116.733 245.386 158.765 91.9469 85.1205 77.8032 75.8352 71.3147 69.4716 67.2844 65.316 64.6514 64.1475 62.5838 144.017 75.0574 59.5099 57.4791 56.8205 56.0273 56.5204 63.9537 53.5195
threshold=38.500000000000007 14.573495576086499 2.7704962355209415 0.3513468114642167 50.500000000000007 0.065544717105080169 1.1685392061785176 86.500000000000014 1.8211257224813127 59.500000000000007 2.3151541415465258 176.56612695332231 121.50000000000001 16.107591433661309 1.2451700431705592 1.6884015287416216 1.3396443606960353 0.99661452148334717 1.100010760441483 1.5298785591943931 212.86711055129385 2.2110834703221816 2.8788184232225227 2.1460984547009287 0.76189779946690106 7.6681241266156741 3.9638788543211025 28.500000000000004 0.01124432709555739 3.4560246476794276
decision_type=2 2 10 2 2 2 2 2 2 2 2 10 2 2 8 2 2 2 8 8 2 2 2 2 2 2 2 2 2 10
left_child=2 19 17 4 5 26 12 8 9 -5 15 -7 18 -11 16 -9 -8 25 -3 23 22 -22 -10 -2 -12 -1 -4 28 -28 -30
right_child=1 6 3 7 -6 11 14 10 20 13 24 -13 -14 -15 -16 -17 -18 -19 -20 -21 21 -23 -24 -25 -26 -27 27 -29 29 -31
leaf_value=-0.015810938971233455 0.0073424505805382029 0.011686768715648303 0.014455227498414776 -0.034065119214725569 0.020174864054359448 -0.020315156655332105 0.016753034524353307 0.021317398833570075 0.00999531754999251 -0.017528578888021246 -0.033096738530444592 0.005072237557318904 0.019008977519815548 0.00079332801062116621 0.021435462148145828 0.0030984517531992993 0.035656938965449379 0.0264876886422739 -0.018412970879522154 0.0011166014521758699 -0.032569799973295996 0.0045173957246853903 -0.032202336977950725 0.023380474749560266 0.014700803172125085 0.0087893371478496487 0.014595587189516451 0.012641802261936515 0.0033649829946340013 -0.02643388356736763
leaf_weight=243.5009583979845 1183.6718129441142 406.37779734283686 1367.761273290962 928.03756535612047 1909.3644210137427 958.01957127824426 589.9991457760334 616.75672312453389 2037.9926576763391 1298.8805506248027 254.42143072187901 503.79864748194814 1269.5741570815444 999.25317451357841 3789.4738290607929 3450.8365491013974 2328.0552734360099 508.32848807424307 318.00048760324717 1248.1791908964515 367.64790487661958 908.861751684919 111.12567251175642 1131.1173840612173 83.554825559258461 6515.1971203926951 239.57449848949909 572.28237680345774 236.5571079403162 415.05593827739358
leaf_count=968 2429 822 3658 18206 5158 5934 1190 1599 16461 13015 1590 1622 2511 3210 7738 16391 4871 855 1080 2710 6378 6077 849 2042 336 17872 620 1741 572 2287
internal_value=0.00854783 0.0190537 0.00329446 0.000806729 0.00676211 0.000796695 0.0226573 -0.00253383 -0.00671475 -0.0166106 0.00377879 -0.0115657 0.0115485 -0.00956202 0.0259596 0.00586093 0.0318348 0.00920304 -0.00152695 0.0102529 0.00260488 -0.0061641 0.00781338 0.0151794 -0.0212802 0.00790304 0.00717963 0.000379838 -0.00749427 -0.0156159
internal_weight=36791.3 12264.4 24526.8 17259.8 6202.41 4293.05 8701.48 11057.4 6651.8 3226.17 4405.57 1461.82 1993.95 2298.13 6707.53 4067.59 2918.05 7267.03 724.378 3562.97 3425.63 1276.51 2149.12 2314.79 337.976 6758.7 2831.23 1463.47 891.188 651.613
internal_count=150792 25393 125399 105704 21592 16434 18212 84112 64196 34431 19916 7556 4413 16225 13799 17990 6061 19695 1902 7181 29765 12455 17310 4471 1926 18840 8878 5220 3479 2859
is_linear=0
shrinkage=0.05


Tree=53
num_leaves=31
num_cat=2
split_feature=15 3 24 1 0 3 0 15 5 18 1 16 1 12 25 7 24 23 8 23 25 22 19 24 25 3 2 22 7 11
split_gain=764.205 188.881 142.132 135.208 135.177 111.475 252.48 105.314 92.5467 84.4347 79.0909 75.7502 75.4811 67.7425 61.2333 66.4155 60.6763 61.5733 94.2591 56.8892 144.578 126.639 110.97 74.9644 67.452 62.5545 55.4207 54.7671 53.0443 50.8358
threshold=44.500000000000007 2.8657150854701663 22.887592962201378 16.107591433661309 0 0.65998590823813463 1 86.500000000000014 0.3212704074777526 0.0055230667882506836 0.010456034394553506 0.0025168624397210672 7.8959558743261775 -0.046131789503978081 140.50000000000003 7.6211630466824918 0.022155949045215877 1.0504160863744947 201.42789926585758 1.8786933259953118 76.500000000000014 0.047173283196602613 18.814489508240978 1.0563460094234258 21.500000000000004 3.4002037072474911 0.63097353551964463 2.3253915181130078 8.1766216168226222 3.7910650405473114
decision_type=2 10 2 2 1 8 1 2 2 2 2 2 2 2 2 2 2 2 10 2 2 2 2 2 2 10 2 2 2 2
left_child=1 4 -2 9 11 -4 8 -8 -7 10 -3 -1 27 26 15 -13 -12 29 19 20 21 24 23 -22 25 -19 -5 -6 -23 -18
right_child=2 3 5 13 12 6 7 -9 -10 -11 16 14 -14 -15 -16 -17 17 18 -20 -21 22 28 -24 -25 -26 -27 -28 -29 -30 -31
leaf_value=-0.034151247559698387 0.00090216953864596559 0.041412088342618239 0.032290210699496995 -0.01076956949326845 -0.014648183789251937 0.028693903369769486 0.00014115442658710272 0.026389384514869579 0.014349179242584298 0.01207056849046949 0.012969342166899746 0.0020116815543159534 0.025818124543819255 0.010059689326936423 0.04066270779682795 -0.035953695040628141 -0.0030659053691718535 0.016754823610956354 0.01241145904975679 -0.0022045626746921877 0.038096865268895039 -0.026829687129452023 0.022274935366457204 -0.010203278587199761 0.012743211185599859 -0.039597598097431234 0.0064580977337340573 0.01003639875452695 0.027379606257544542 -0.034832513198399098
leaf_weight=225.67850431986153 970.95835791528225 92.123922362923622 1775.195070065558 875.01056256517768 231.49509774893522 3815.4794216305017 1995.3466095030308 472.66602744162083 1594.1805607154965 813.13023825548589 441.66369546204805 549.14310787990689 759.27377761155367 3750.3814159594476 78.396562736481428 145.77452990971506 205.50149839743972 72.825382947921753 714.14258329570293 3883.6779162902385 86.120398484170437 1725.0550311170518 434.76048989780247 1195.5825875755399 408.53183561936021 152.09986583888531 1000.7384902760386 7658.0076176505536 46.338677085936069 325.30157633684576
leaf_count=2373 2001 799 3508 2876 667 7884 4440 888 3370 3838 1291 3862 1256 10454 474 1783 727 174 2479 30663 288 29460 2523 9092 1583 1049 2310 15562 223 2707
internal_value=0.00784624 0.00320967 0.019137 -8.49716e-05 0.0087497 0.0209712 0.0184206 0.00516813 0.0244666 -0.00341097 -0.00469765 -0.00866455 0.0107612 0.00617957 -0.00122669 -0.00595241 -0.00513595 -0.00600043 -0.0049939 -0.00654667 -0.0106384 -0.0185502 0.000446451 -0.00695789 0.000636814 -0.021352 -0.00157837 0.0093121 -0.0254116 -0.022534
internal_weight=36494.6 25870.8 10623.8 16223 9647.77 9652.87 7877.67 2468.01 5409.66 10596.9 9783.73 998.993 8648.78 5626.13 773.314 694.918 9691.6 9249.94 8719.13 8004.99 4121.31 2404.85 1716.46 1281.7 633.457 224.925 1875.75 7889.5 1771.39 530.803
internal_count=150604 128513 22091 102536 25977 20090 16582 5328 11254 86896 83058 8492 17485 15640 6119 5645 82259 80968 77534 75055 44392 32489 11903 9380 2806 1223 5186 16229 29683 3434
cat_boundaries=0 1 2
cat_threshold=2 1
is_linear=0
shrinkage=0.05


Tree=54
num_leaves=31
num_cat=2
split_feature=15 22 23 15 24 16 1 8 15 17 22 23 12 0 15 13 22 1 24 22 18 0 12 23 2 5 13 23 4 17
split_gain=674.476 149.921 143.59 121.095 142.331 121.577 87.3566 82.4129 81.4382 76.7086 71.7017 70.3483 65.0053 63.6665 67.2163 62.8778 62.5968 60.6709 56.1958 55.2368 54.1503 53.8489 81.2351 52.1884 50.2949 49.1114 64.4826 58.8216 47.5787 71.1648
threshold=37.500000000000007 16.620816762575881 1.0417249358926597 5.5000000000000009 5.1648383118128258 0.00099467457067620667 0.99661452148334717 220.56891349247334 75.500000000000014 1.0000000180025095e-35 1.5136649704255871 1.6174076429390152 -0.12493687452490271 0 59.500000000000007 5.6375263690645516 0.56084931248711689 21.167236711345563 0.041947297468363169 38.147880473939587 0.0088174981759215117 1 -0.084117383005350113 1.4779931770088843 0.59697431285341407 0.063506813904726095 7.1888292020607851 2.2110834703221816 0.014661501019160307 1.1727062137820681
decision_type=2 2 2 2 2 2 2 10 2 2 2 2 2 1 2 2 2 2 2 2 2 1 2 2 2 2 2 2 2 2
left_child=3 9 8 4 7 -6 10 12 -3 13 -5 19 18 14 -2 -7 -9 20 -1 -4 24 -12 -23 -24 28 27 -27 -17 29 -14
right_child=1 2 11 6 5 15 -8 16 -10 -11 21 -13 17 -15 -16 25 -18 -19 -20 -21 -22 22 23 -25 -26 26 -28 -29 -30 -31
leaf_value=0.01409342144567957 -0.01632774900467697 -0.007065942965670164 0.014950350435910576 -0.030740422703807769 -0.017841024302055628 0.02369256066049627 0.022552569856887555 0.031165321192150194 0.024248221380917159 0.026813146979709837 0.0076580795210307437 0.030346133597217842 -0.017705574411008819 0.01185567520423032 0.0069357086236003732 -0.013994536026993427 0.0042844180038073797 0.011891790521612515 -0.012310584733611185 0.025915879336542009 0.044121656154753837 0.012583793304370941 -0.041694636670391486 -0.0064349989020185657 0.0042024127242877261 0.010517243465088269 -0.012148197461835654 0.01865518700841828 0.0030201214839667631 0.013645362276862638
leaf_weight=242.50731552392244 504.88439535349607 649.41055481135845 2522.2127646654844 132.44679427146912 1706.1501409038901 235.24423162266612 853.60428985208273 444.3412177041173 305.20917515456676 548.80149125307798 7374.9495358765125 2503.8629853129387 977.61407138034701 2236.0301604494452 806.49998767673969 1173.448463762179 422.50152998417616 1766.2639128342271 1192.0986008606851 2108.519154548645 73.291560474783182 327.82084467075765 172.93952672928572 266.91521859914064 4012.7912997044623 969.88864823244512 463.88902888819575 156.32619253546 963.20315827056766 222.14141032472253
leaf_count=577 1436 1713 5375 604 26433 1790 1453 840 572 1064 15546 5545 6610 4447 1606 14096 1110 4483 5889 4217 342 3017 2756 1952 17826 7606 3794 1025 6409 815
internal_value=0.00762064 0.0172108 0.0211574 0.00278177 2.17245e-05 -0.00718528 0.00732356 0.00330847 0.00294576 0.00941717 0.00575263 0.0235941 0.00195499 0.00672593 -0.00202075 -0.00112275 0.0180635 0.00370942 -0.00784722 0.0199433 0.00139671 0.00634622 -0.00625658 -0.0202982 0.00088967 -0.00323512 0.00318399 -0.0101563 -0.00525624 -0.0119008
internal_weight=36335.8 12185.4 8089.21 24150.4 15021.7 4704.95 9128.68 10316.8 954.62 4096.22 8275.07 7134.59 9449.91 3547.41 1311.38 2998.8 866.843 8015.31 1434.61 4630.73 6249.04 8142.63 767.676 439.855 6175.75 2763.55 1433.78 1329.77 2162.96 1199.76
internal_count=150948 25975 17422 124973 99645 54744 25328 44901 2285 8553 23875 15137 42951 7489 3042 28311 1950 36485 6466 9592 32002 23271 7725 4708 31660 26521 11400 15121 13834 7425
cat_boundaries=0 1 2
cat_threshold=2 1
is_linear=0
shrinkage=0.05


Tree=55
num_leaves=31
num_cat=2
split_feature=11 0 11 11 25 24 23 25 14 0 22 22 11 24 23 8 6 25 8 22 25 25 13 24 13 2 23 2 13 6
split_gain=634.782 134.25 270.031 125.642 107.574 303.977 125.857 111.23 102.251 83.2766 82.3093 76.6692 71.4554 66.8079 111.319 103.201 80.53 71.0127 68.5567 72.8601 66.4658 65.9506 65.0184 61.6675 60.6836 57.76 50.2797 49.9334 53.3896 49.0956
threshold=2.5679568856029165 0 1.051414222890527 1.5117824312642132 86.500000000000014 13.816755053018642 2.3151541415465258 61.500000000000007 1.5000000000000002 1 1.2356385603924467 28.359419421329857 0.55507181976569642 0.066412799828650546 1.1643941001443745 189.43094537482619 1.1510281255574042 31.500000000000004 169.166200558789 0.059145031179966785 54.500000000000007 179.50000000000003 6.5638343468828824 12.104535202355693 5.7432851363636166 0.89172008613135256 0.6760576040095726 0.50378876732577071 5.7826382166527441 50.684187562942633
decision_type=2 1 2 2 2 2 2 2 2 1 2 2 2 2 2 10 2 2 10 2 2 2 2 2 2 2 2 2 2 2
left_child=1 2 12 29 5 8 10 -7 13 22 -6 21 -1 17 18 16 27 26 -15 -20 -21 -5 -9 -4 -12 -26 -2 28 -16 -3
right_child=4 3 23 11 6 7 -8 9 -10 -11 24 -13 -14 14 15 -17 -18 -19 19 20 -22 -23 -24 -25 25 -27 -28 -29 -30 -31
leaf_value=0.034118343555045769 0.019322271538794723 0.03588319583373703 -0.03207156744647352 0.014041643837353483 0.026267336699526855 -0.040660151130544241 -0.01349100896282724 0.0079152559941446984 0.022114302765404707 -0.033264395822124364 0.017420556600180628 0.023253327605955731 0.015476458752540232 -0.035392536685805602 -0.0088926349560418966 0.015832028503866884 0.0030230447292089349 0.022877146621791355 0.033557383136427046 -0.035623079336375506 -0.0054683411703961944 -0.009846421592400836 -0.017721971465610498 0.00073439117792373839 0.0042239820875497871 0.029653968970701335 -0.0021750875015768985 -0.0063352675588541699 -0.057807709973684875 0.018714202798382082
leaf_weight=832.33137794584036 362.34804718196392 1428.4658693149686 151.91740608215332 3505.1096734032035 592.89232002943754 463.32572802901268 718.7767343968153 497.39943770319223 629.40344283729792 348.16034013964236 1176.1445722337812 2561.2876022458076 1344.199400626123 273.27679299563169 120.1577746104449 1150.4096306338906 4614.0349397286773 668.41928212344646 98.297359779477119 226.06206737831235 953.49807888269424 314.88970302790403 491.85440206155181 2510.4586551040411 6450.8577578961849 231.29909348487854 1090.8154371716082 1525.9147867150605 104.12497990950942 587.68804486095905
leaf_count=1688 872 3096 562 6911 1321 15605 2998 2335 1354 6128 2922 5173 2772 2535 933 2502 34240 1574 355 1371 3774 792 3756 7389 24516 619 3384 6851 954 1195
internal_value=0.00746681 0.0161755 0.00954196 0.0199979 0.00240829 -0.000410811 0.00659468 -0.0195474 0.00250539 -0.0122333 0.00830297 0.0165602 0.0226053 0.00140219 -0.000466977 0.00205025 -0.000440963 0.00938936 -0.012662 -0.00780093 -0.0112475 0.0120725 -0.00483151 -0.00113754 0.0069476 0.00510423 0.0031853 -0.0095731 -0.0316018 0.0308786
internal_weight=36023.8 13236.3 4838.91 8397.44 22787.5 13617.5 9169.97 1800.74 11816.8 1337.41 8451.19 6381.29 2176.53 11187.4 9065.78 7514.64 6364.23 2121.58 1551.13 1277.86 1179.56 3820 989.254 2662.38 7858.3 6682.16 1453.16 1750.2 224.283 2016.15
internal_count=150477 29578 12411 17167 120899 88523 32376 27824 60699 12219 29378 12876 4460 59345 53515 45480 42978 5830 8035 5500 5145 7703 6091 7951 28057 25135 4256 8738 1887 4291
cat_boundaries=0 1 2
cat_threshold=2 1
is_linear=0
shrinkage=0.05


Tree=56
num_leaves=31
num_cat=2
split_feature=15 0 11 23 25 0 3 6 3 15 12 8 3 24 1 22 25 23 1 3 1 1 2 21 23 17 16 17 19 23
split_gain=538.791 127.361 155.833 139.933 141.636 116.034 196.067 115.225 94.7812 94.5841 75.6482 62.7811 55.3719 50.1451 48.5133 48.3265 61.4048 57.5282 45.4555 74.8878 74.7209 63.928 52.0917 49.9717 49.2836 47.3277 46.3131 49.5143 44.7631 74.6677
threshold=47.500000000000007 0 4.201350395125611 1.5064711887655819 103.50000000000001 1 0.47845940505218748 68.192969464618486 2.3853051397586493 81.500000000000014 -0.10776093939971465 98.033315988563274 1.0269915636951181 54.467761967482751 20.890192348578303 0.01492659056014631 86.500000000000014 1.1728499979639946 0.51318464782417872 4.0847427661919067 0.18033829263027987 0.53428493064170535 0.34710649698210055 153.12228637476315 2.4010816316922159 -0.86813795056378384 -0.0040886107631477459 -1.3010743319356954 15.817682428998848 2.0810421995712374
decision_type=2 1 2 2 2 1 8 2 8 2 2 8 8 2 2 2 2 2 2 10 2 2 2 2 2 2 2 2 2 2
left_child=1 3 8 4 -1 7 -7 12 -3 -8 15 -6 -2 -9 -12 -10 17 -17 20 21 23 -20 -23 -5 28 -22 -25 -28 29 -21
right_child=5 2 -4 18 11 6 9 13 10 -11 14 -13 -14 -15 -16 16 -18 -19 19 24 25 22 -24 26 -26 -27 27 -29 -30 -31
leaf_value=-0.044775127878967952 0.035935535663478978 0.01306573229081923 -0.0084338687033753933 -0.021021173497045922 0.0064511578061027478 0.029178110381507812 -0.00083530107644287698 -0.0031570769761312609 0.018537766551164483 0.018790965292316712 0.0049070297572652829 -0.034579575829839039 0.022838833863610825 0.018052279436384818 0.012822224619405111 -0.029133694071476087 0.0041006678089344165 -0.0057450062736532142 0.057216363215890687 0.018191126299551715 0.0019319783212730997 0.053083560831156812 -0.0028688426464589939 -0.022038273801362338 -0.0074527971835553573 -0.022008209148453084 -0.018450428658644262 0.033736932640994234 0.0055116218640371946 0.085985725892252826
leaf_weight=388.89477994665504 1097.697839550674 4192.0416266843677 1949.2199416141957 105.55090465955436 357.57692895829678 1118.6160885989666 2180.7303420752287 518.69348509609699 260.11812451481819 854.39178062230349 10628.67718115449 126.1083326600492 3048.1516556292772 602.28011464327574 2366.9926707521081 325.56332870572805 1333.9074773751199 1366.1834999620914 48.750800276175141 77.070826388895512 302.85726503655314 42.977179031819105 1296.0940808393061 61.68851169757545 72.838946633040905 648.48230340704322 54.398486379534006 276.31615147553384 67.565365510061383 85.862141419202089
leaf_count=9552 2412 7993 20791 1309 2627 2360 4765 1092 529 1720 38770 1835 6604 1360 5714 1350 3762 7171 324 1232 2469 339 11571 607 559 7569 404 2393 751 455
internal_value=0.00726566 0.00360685 0.00507505 -0.00459669 -0.0223095 0.0175329 0.0112844 0.0224609 0.00636119 0.00468952 0.00463495 -0.00424654 0.0263065 0.00823835 0.00634868 -0.00214308 -0.00392103 -0.010246 0.000324842 0.00589353 -0.00617318 0.000974502 -0.00107306 0.00951909 0.028399 -0.0143869 0.017734 0.0251528 0.0397283 0.0539174
internal_weight=35856.3 26435.7 22422.7 4013.03 872.58 9420.56 4153.74 5266.82 20473.5 3035.12 16281.4 483.685 4145.85 1120.97 12995.7 3285.77 3025.65 1691.75 3140.45 1691.16 1449.29 1387.82 1339.07 497.954 303.337 951.34 392.403 330.715 230.498 162.933
internal_count=150389 130076 86080 43996 14014 20313 8845 11468 65289 6485 57296 4462 9016 2452 44484 12812 12283 8521 29982 15231 14751 12234 11910 4713 2997 10038 3404 2797 2438 1687
cat_boundaries=0 1 2
cat_threshold=2 1
is_linear=0
shrinkage=0.05


Tree=57
num_leaves=31
num_cat=3
split_feature=15 11 0 24 25 0 11 3 3 15 13 7 0 22 25 11 5 1 2 16 22 18 23 24 25 25 23 23 9 25
split_gain=566.766 152.364 186.817 125.75 111.593 100.971 168.465 98.4564 86.8312 86.637 63.7879 68.3258 63.166 60.3605 110.472 72.8432 58.1039 51.5785 51.437 51.3823 75.5027 84.3696 71.2234 77.1167 66.0566 60.9194 60.1111 59.4081 67.6351 54.6963
threshold=54.500000000000007 3.8254703802301595 0 15.419152782129222 85.500000000000014 1 0.55507181976569642 2.2540908845993317 3.6850200284666736 73.500000000000014 5.8202914584495327 8.2453541672728203 2 8.2626068304679094 125.50000000000001 1.4006730532500611 0.3212704074777526 0.12034818258765102 0.63177733335969932 2.0341256221374762e-05 0.15191235919234425 0.00079344922543108027 2.1829322396774895 0.041947297468363169 55.500000000000007 62.500000000000007 1.0323272586241961 2.4982523492588871 29.101034809404378 27.500000000000004
decision_type=2 2 1 2 2 1 2 10 10 2 2 2 1 2 2 2 2 2 2 2 2 2 2 2 2 2 2 2 2 2
left_child=1 2 13 19 -5 16 -7 -4 -6 -8 -9 18 -10 17 15 -15 -2 -1 -12 22 24 25 23 -3 -21 -22 -23 -28 -29 -25
right_child=5 3 7 4 8 6 9 10 12 -11 11 -13 -14 14 -16 -17 -18 -19 -20 20 21 26 -24 29 -26 -27 27 28 -30 -31
leaf_value=0.031716053833826904 0.029282652767184239 0.0012845018261281509 0.013833382137834136 -0.039793936003934501 -0.024880112779061613 0.033207776612559851 -0.0013491248639645064 0.012857680443503581 0.064320641391880734 0.015932623135360306 -0.0020798826552916806 0.025357253091733069 0.00041740269127280244 0.016317052298484552 0.0056259190229754575 -0.032472552817057312 0.016089179648525128 -0.0033019204744701193 0.0052413703723011044 0.0043176567846403852 -0.024366111188712663 -0.019907652818583005 0.0040975663362999978 -0.030880687279536679 0.02743715860898735 0.0011822738681326658 0.011329718812174131 -0.026268542240017307 0.0126733246824956 -0.0083175682003983949
leaf_weight=116.15309409983456 2351.5916503742337 653.66890072077513 4242.4049645401537 409.05308084376156 182.00028053112328 798.81095546483994 1452.9693589955568 2224.4762057345361 63.51766087859869 1447.9092829599977 3516.6604969650507 349.86335023120046 98.853302735835314 86.219098925590515 393.55690122395754 678.81847610883415 1293.5344038233161 1110.4647017866373 7549.1058676689863 871.99310274422169 571.48211626894772 239.30723698437214 1077.0724353138357 582.19557824358344 478.49453188478947 394.32841394096613 1530.3550287652761 255.54734119772911 197.80991031229496 498.64728501439095
leaf_count=697 5408 2048 8422 15465 1850 1683 3099 5262 667 2987 10716 679 739 183 2223 8921 2743 7966 20978 3683 5276 1531 7649 8196 1270 2241 10736 1985 1346 4219
internal_value=0.00631545 0.0031108 0.00542778 -0.00268363 -0.0221379 0.0186946 0.0128755 0.00718095 -0.00116569 0.00727668 0.00511188 0.00360252 0.0254156 -0.00771619 -0.0159003 -0.026974 0.0246007 1.40644e-05 0.0029147 -0.000689672 0.00260026 -0.00159623 -0.00600128 -0.0122723 0.0125092 -0.013935 0.00376447 0.00662019 -0.00927733 -0.0204712
internal_weight=35716.9 28372 20267.7 8104.33 753.424 7344.82 3699.69 17882.5 344.371 2900.88 13640.1 11415.6 162.371 2385.21 1158.59 765.038 3645.13 1226.62 11065.8 7350.9 4539.32 3188.83 2811.58 1734.51 1350.49 965.811 2223.02 1983.71 453.357 1080.84
internal_count=150868 134948 66047 68901 18721 15920 7769 46057 3256 6086 37635 32373 1406 19990 11327 9104 8151 8663 31694 50180 28068 23115 22112 14463 4953 7517 15598 14067 3331 12415
cat_boundaries=0 1 2 3
cat_threshold=2 1 2
is_linear=0
shrinkage=0.05


Tree=58
num_leaves=31
num_cat=2
split_feature=15 25 22 22 23 23 22 8 2 25 22 13 8 12 15 25 3 0 3 3 0 22 17 13 8 13 16 23 3 22
split_gain=517.333 120.397 290.399 107.793 115.551 100.147 102.06 96.6384 90.3801 79.5015 77.0797 69.9615 69.0512 69.0445 66.2162 60.8835 57.5212 68.8495 53.458 49.1254 54.7867 48.854 47.9048 46.738 45.243 43.3469 42.9064 48.993 57.0212 42.6626
threshold=48.500000000000007 74.500000000000014 3.5485066009694086 11.704408860572585 1.023332473409251 2.6133147143801421 0.71031475502071417 86.757808289287212 0.63177733335969932 121.50000000000001 0.0070685028079306303 5.4660100528613569 116.65353770773008 -0.046131789503978081 7.5000000000000009 95.500000000000014 0.20925709967211095 0 1.0269915636951181 3.8207847683299283 1 2.0496533353375188 -0.88451898016289565 7.3659790311852635 61.057394475036823 6.2152637985888424 -0.012124480259321876 2.1237678581623496 1.2828378755946861 0.16525670038790413
decision_type=2 2 2 2 2 2 2 8 2 2 2 2 8 2 2 2 8 1 8 8 1 2 2 2 10 2 2 2 8 2
left_child=1 2 8 26 9 6 -3 23 10 -5 -1 -8 22 -14 29 -13 -6 18 -18 25 -21 -7 -12 -4 -19 -15 -2 -28 -29 -10
right_child=3 5 7 4 16 21 11 -9 14 -11 12 15 13 19 -16 -17 17 24 -20 20 -22 -23 -24 -25 -26 -27 27 28 -30 -31
leaf_value=0.016398578372764636 -0.00730166240356996 0.022213654575868561 -0.00056459960197514057 -0.02065657980675414 0.038759756506516835 -0.030100654440310806 0.01755387706727423 -0.038121864766716626 0.0089563207459856711 0.013494104318514577 -0.0052644780110570793 -0.001415365107827268 -0.018996361212111654 0.011152319375178648 0.024532455078660257 0.0063867361188953342 0.03515486048326557 0.015323588586700389 0.021176385499946489 0.0077970366707068922 -0.01838737791814583 0.0014399447719192419 0.019942049133509044 -0.053298466767642085 -0.010931748300715732 -0.0097167400171663098 0.0015870983035620176 0.02811328761528838 0.0012383929101699332 -7.4069352598554668e-05
leaf_weight=424.44360240548849 428.02763388305902 959.03045636788011 352.09778238739818 268.18536429107189 473.3827353939414 281.24536962807178 1083.1432106159627 647.40457566548139 2434.4492711387575 467.47622808068991 368.39844966121018 3400.4929212927818 1152.7045269552618 693.51979018375278 429.05810173600912 9446.9157412536442 897.84317748993635 1689.4832239374518 2871.217802606523 270.14352274127305 766.85055062361062 217.88597778975964 385.98022141307592 47.711212262511253 181.72954980283976 388.05095318518579 809.20240528136492 563.11309900134802 303.88066029548645 2826.3406990766525
leaf_count=1091 956 2331 2732 703 1076 1694 2733 20266 6847 945 2646 18091 7194 2313 801 29463 2178 3525 6664 2729 6444 509 3132 498 445 1864 1695 943 622 17594
internal_value=0.00633072 0.00282873 -0.00111835 0.0167253 0.0197661 0.00569814 0.00643664 -0.0261857 0.0014705 0.00104448 -0.0038672 0.0053505 -0.00600392 -0.00914858 0.00564518 0.00432165 0.0220189 0.0206139 0.0245063 -0.00379044 -0.0115662 -0.0163322 0.00763252 -0.0068576 0.0127737 0.00366482 0.00682734 0.0104353 0.0186937 0.00410478
internal_weight=35529.4 26575.9 11187.2 8953.54 6849.32 15388.7 14889.6 1047.21 10139.9 735.662 4450.09 13930.6 4025.65 3271.27 5689.85 12847.4 6113.66 5640.27 3769.06 2118.56 1036.99 499.131 754.379 399.809 1871.21 1081.57 2104.22 1676.2 866.994 5260.79
internal_count=150724 130972 76151 19752 15536 54821 52618 23496 52655 1648 27413 50287 26322 20544 25242 47554 13888 12812 8842 13350 9173 2203 5778 3230 3970 4177 4216 3260 1565 24441
cat_boundaries=0 1 2
cat_threshold=1 2
is_linear=0
shrinkage=0.05


Tree=59
num_leaves=31
num_cat=2
split_feature=15 24 15 0 1 1 0 3 15 18 22 12 3 13 12 22 6 6 22 24 13 1 7 2 8 1 4 24 3 22
split_gain=488.278 109.776 105.992 117.753 102.688 75.9252 65.5093 109.558 71.5665 64.4162 76.2161 57.6114 54.1017 54.1687 51.5164 50.1156 101.309 97.7976 117.108 76.9508 68.7624 66.5029 77.3384 59.0998 59.9738 85.0488 82.8899 57.86 47.6135 45.7457
threshold=48.500000000000007 65.237156736066524 3.5000000000000004 0 19.924759162697679 0.010456034394553506 1 0.20925709967211095 78.500000000000014 0.0067083625011505358 7.8439404249800893 -0.27217887847966493 1.8544051127260042 7.1390671937727062 -0.034040848182460844 0.13920248427219198 1.0970050394740387 1.7592274748735564 1.5136649704255871 0.034748589486260979 5.6375263690645516 0.80579006184031632 7.7231695954269872 0.89392083066644867 217.57412440291952 0.97485873821242597 0.028239072498642669 2.7567381251635745 1.2451700431705592 9.9666716013433447
decision_type=2 2 2 1 2 2 1 8 2 2 2 2 8 2 2 2 2 2 2 2 2 2 2 2 10 2 2 2 8 2
left_child=2 -2 4 29 5 -1 28 -8 -9 10 15 -12 -5 -14 -6 16 19 18 23 -7 21 -19 -23 24 25 26 -17 -28 -3 -4
right_child=1 6 3 12 14 9 7 8 -10 -11 11 -13 13 -15 -16 17 -18 20 -20 -21 -22 22 -24 -25 -26 -27 27 -29 -30 -31
leaf_value=0.045805399111853606 0.0065559376946403613 0.031176357585073297 0.00038241970982963951 0.018119009816508831 -0.00030533223489205558 0.0067405589307182106 0.03671715039281092 0.0037176563000415317 0.021213711290557578 0.019054747266385227 0.038462339895502802 -0.022602717106818736 0.0091433520563447626 0.0012744661506686056 0.01296220137567303 0.046020593025787628 0.015590994516363333 0.0005642208008275663 -0.040419886343231966 -0.014545982517464771 -0.0020875591645925034 0.08387499942672573 0.012838474500252281 0.036982810498610644 0.0088359908802290704 -0.020728078909534622 0.0042380890054418792 -0.048389367698673219 0.019470672320184908 -0.018485712701623292
leaf_weight=80.817385591566563 2177.8403612077236 1408.8962006941438 710.37014072015882 1134.2214425504208 1192.1001456305385 828.53777495771646 450.73877786099911 1634.9991640970111 909.66804827004671 326.04862478747964 40.93547579459846 684.1710753524676 6754.9246803931892 3234.2180401347578 1894.2523253336549 96.964161068201065 1049.4354746192694 176.17872012220323 331.90368739143014 870.76781863719225 4454.2795614730567 70.974700448103249 83.265766859985888 69.326413936913013 348.13618478924036 1206.8970499150455 247.28516478836536 66.210552111268044 2265.7652436867356 586.44153800420463
leaf_count=761 4426 3510 4357 2151 3136 2343 1055 3520 1949 1904 460 13590 13931 7727 4976 597 3458 2023 6437 4812 39792 529 355 233 980 7609 1739 665 5274 6305
internal_value=0.00613064 0.0163026 0.00273935 0.00610832 -0.00022437 -0.0024798 0.0194849 0.0139966 0.00997215 -0.00283613 -0.00350787 -0.0191553 0.00777063 0.00659562 0.00783763 -0.00236183 0.00337623 -0.00456732 -0.012881 -0.00416721 -0.000455026 0.0215527 0.0455264 -0.00838903 -0.00998938 -0.0140415 0.00561925 -0.00687687 0.0239587 -0.00815009
internal_weight=35386.6 8847.91 26538.7 12420.2 14118.5 11032.1 6670.07 2995.41 2544.67 10951.3 10625.3 725.107 11123.4 9989.14 3086.35 9900.16 2748.74 7151.42 2366.72 1699.31 4784.7 330.419 154.24 2034.82 1965.49 1617.36 410.46 313.496 3674.66 1296.81
internal_count=150604 19734 130870 34471 96399 88287 15308 6524 5469 87526 85622 14050 23809 21658 8112 71572 10613 60959 18260 7155 42699 2907 884 11823 11590 10610 3001 2404 8784 10662
cat_boundaries=0 1 2
cat_threshold=2 1
is_linear=0
shrinkage=0.05


Tree=60
num_leaves=31
num_cat=2
split_feature=15 8 3 0 24 23 24 25 23 9 3 3 5 11 12 10 5 5 24 25 8 25 3 25 21 1 25 23 0 15
split_gain=427.424 111.479 119.726 134.796 103.976 84.0576 79.2666 100.655 78.1032 77.8119 61.6473 61.5295 58.948 67.4469 81.8113 53.2482 63.7985 52.2877 50.2187 146.034 94.5325 66.7648 55.4282 50.8825 50.3244 48.947 47.0532 46.9828 44.8146 70.6412
threshold=53.500000000000007 220.56891349247334 2.7704962355209415 0 25.852989706533872 1.376197897414378 0.32256380879567143 32.500000000000007 1.023332473409251 27.019420655336891 0.91254829820663474 1.8096052276312677 0.0085464191225440717 4.2321041247007551 -0.10424991040718638 32.163934042258724 0.16206480818454128 0.3212704074777526 21.511542280431957 90.500000000000014 141.58528257538885 127.50000000000001 3.4863025643857446 61.500000000000007 208.22393250975102 0.010456034394553506 97.500000000000014 0.94440544855592579 1 76.500000000000014
decision_type=2 10 8 1 2 2 2 2 2 2 8 10 2 2 2 2 2 2 2 2 8 2 8 2 2 2 2 2 1 2
left_child=1 2 3 15 -2 28 7 9 26 -4 -7 -5 13 14 -8 16 -1 -12 21 23 22 25 -21 -20 -22 -14 -3 -11 -6 -30
right_child=4 8 6 11 5 10 12 -9 -10 27 17 -13 18 -15 -16 -17 -18 -19 19 20 24 -23 -24 -25 -26 -27 -28 -29 29 -31
leaf_value=-0.024848520759145509 0.00025514371606074222 -0.0078001063862553613 -0.010137803202820636 0.017794309399003325 0.028854256088731357 0.031480099055898415 -0.028842580651748818 0.013548514390608014 0.023651117107690526 0.030301164637317253 0.023818890685586683 0.0067785966664835329 0.04154785565656445 -0.039265874045015359 -0.0025804645077637557 -0.017116671252874967 0.012281977158606086 0.0087771723908017379 -0.042537553335639515 0.0042565008783120393 0.010356368086204366 -0.032380817319286784 0.04300140420087252 -0.015777892766074567 -0.028653958050765899 0.0019543665019815578 0.022628348466015798 0.0032445748256601775 0.0015278630457964178 0.020110389719809246
leaf_weight=155.49862412177026 854.84446547925472 427.97337365150452 1270.9952112585306 1524.0711860209703 324.34141129255295 1457.5090848952532 363.85049343109131 1989.8133809454739 1074.1627759300172 194.30967292189598 1660.7449084073305 7534.2921716831625 79.098815258592367 181.84216623939574 1603.1726898867637 754.0499558057636 451.87509116716683 885.98014502972364 235.56025714147836 1609.682187628001 108.95428610406816 140.59488249570131 97.924061508849263 722.50430313684046 342.72248572483659 5933.5740442657843 180.68760580569506 920.68674998357892 1287.838177062571 848.32310828566551
leaf_count=1826 1755 1487 5578 3078 707 3428 1555 5713 2183 395 4052 15662 530 2740 6175 5089 1917 2054 9809 5739 435 626 930 9615 3053 47039 382 2829 2732 1786
internal_value=0.00588927 0.00306779 0.00226699 0.00642728 0.0166431 0.0188101 -0.00047746 0.00524451 0.0155427 -0.00168067 0.0232794 0.00863199 -0.00267005 -0.0101316 -0.0074383 -0.00824197 0.0027759 0.018586 -0.000940505 -0.00611072 0.00109782 0.00167881 0.00647836 -0.0223573 -0.0192438 0.00247523 0.00123291 0.00795971 0.0115368 0.00890745
internal_weight=35217.5 27897.9 26215.1 10419.8 7319.58 6464.74 15795.3 4375.81 1682.82 2385.99 4004.23 9058.36 11419.5 2148.87 1967.02 1361.42 607.374 2546.73 9270.62 3117.35 2159.28 6153.27 1707.61 958.065 451.677 6012.67 608.661 1115 2460.5 2136.16
internal_count=150899 134385 130333 27572 16514 14759 102761 14515 4052 8802 9534 18740 88246 10470 7730 8832 3743 6106 77776 29581 10157 48195 6669 19424 3488 47569 1869 3224 5225 4518
cat_boundaries=0 1 2
cat_threshold=2 1
is_linear=0
shrinkage=0.05


Tree=61
num_leaves=31
num_cat=3
split_feature=15 3 0 0 3 22 25 6 3 23 6 22 16 8 13 25 22 15 23 6 13 2 2 18 8 0 9 2 13 1
split_gain=378.978 112.583 105.97 93.994 159.852 88.4324 153.966 74.6195 71.1837 71.1647 69.759 69.3112 68.0934 68.0534 60.3658 65.455 88.8584 49.4816 49.3245 48.0759 47.0166 61.7653 64.3744 62.4313 57.867 53.1984 72.1454 52.3826 60.7661 47.3528
threshold=55.500000000000007 2.8185995877178081 0 1 0.35203701394775738 0.30625575084976214 52.500000000000007 1.2261021431161556 1.3607117184907516 2.719530318739007 77.503143976934965 0.065544717105080169 0.0013263798148007175 177.3895671270391 7.3268139654651314 150.50000000000003 12.536949538356369 82.500000000000014 1.1973952716877185 12.312494789602665 5.5657902951221372 0.49375053675848657 0.51840462088836048 0.0043607751439830181 156.2588771672898 2 29.4501466850956 0.57575319735390273 6.3024714354464377 0.010456034394553506
decision_type=2 10 1 1 10 2 2 2 10 2 2 2 2 10 2 2 2 2 2 2 2 2 2 2 10 1 2 2 2 2
left_child=1 2 12 10 -5 6 11 -7 -4 14 -2 -3 -1 18 15 -10 -17 -6 -13 -14 -9 23 25 -22 -25 26 -23 28 -24 -29
right_child=3 5 8 4 17 7 -8 20 9 -11 -12 13 19 -15 -16 16 -18 -19 -20 -21 21 22 27 24 -26 -27 -28 29 -30 -31
leaf_value=-0.027738724431426193 0.026124384443492233 0.0049615664098017868 0.023778567124631153 0.030285007850905588 0.00025388490238619415 -0.017303510270755645 0.018481537319556721 0.010519653781619263 0.013126228561534392 -0.017847803174528724 0.007127250071381732 -0.04986893466896368 -0.031459606333951888 0.0062851466702783165 0.0015419493505571926 -0.020884680594747452 0.0087199219273171279 0.014889093770372348 -0.012679008489536648 0.0026139641480055001 -0.016235033231165465 0.022049395305571214 0.0019334946258627219 -0.0069588355848638275 0.037162662823112154 0.0041158704962938773 0.097247393529667561 0.032000700507303442 -0.024074975425756841 -0.00037692611745799589
leaf_weight=276.02557617239654 2600.6191609874368 2774.4790419712663 732.98747998848557 803.12622694671154 1837.3744288831949 758.92237395234406 1633.8143794462085 808.37604746129364 5493.3610653690994 266.89593186974525 593.52985338121653 100.16272710636258 113.49332897923887 493.58333537727594 2405.5031947866082 350.73622158914804 913.94650536775589 842.30981286615133 811.3525147549808 1178.2646729387343 1238.9704626342282 156.28453409206122 401.46515231393278 215.22906407620758 113.50472403690219 309.08360357116908 40.07485937140882 115.06724222749472 509.7177185351029 6069.8774975221604
leaf_count=2037 6257 8884 1611 1848 3931 5269 4250 4939 10776 731 1343 1003 1710 1566 5349 846 2008 1828 4576 6028 12886 1665 2799 1246 307 2115 272 653 5428 46301
internal_value=0.00568546 0.00315591 0.00690292 0.0163997 0.0107185 0.00049989 0.0054669 -0.00218953 0.00876935 0.00760275 0.0225944 0.000379429 -0.00519658 -0.00866837 0.00834402 0.0107652 0.000509636 0.0048542 -0.0167657 -0.000379726 -0.00103993 -0.00205904 -0.000195429 -0.0110954 0.00827537 0.0170451 0.0373965 -0.00142343 -0.0126157 0.00022544
internal_weight=34958.1 28281.2 11731.2 6676.96 3482.81 16550 5813.39 10736.6 10163.4 9430.44 3194.15 4179.58 1567.78 1405.1 9163.55 6758.04 1264.68 2679.68 911.515 1291.76 9977.65 9169.27 7601.57 1567.7 328.734 505.443 196.359 7096.13 911.183 6184.94
internal_count=150462 135255 31096 15207 7607 104159 20279 83880 21321 19710 7600 16029 9775 7145 18979 13630 2854 5759 5579 7738 78611 73672 59233 14439 1553 4052 1937 55181 8227 46954
cat_boundaries=0 1 2 3
cat_threshold=2 1 2
is_linear=0
shrinkage=0.05


Tree=62
num_leaves=31
num_cat=2
split_feature=3 24 13 1 0 3 16 25 23 3 22 15 16 0 22 25 1 3 23 19 2 12 1 23 8 17 3 12 18 24
split_gain=386.274 155.532 109.69 94.1463 88.4332 111.053 66.8003 60.4647 56.7986 91.4528 53.9852 49.7606 58.8426 49.0001 82.1188 142.91 73.2506 62.5935 65.8736 47.9523 46.777 45.4989 54.055 60.4758 49.3863 48.325 45.1292 44.2211 43.6785 65.8672
threshold=1.2828378755946861 158.78097038578781 6.59877216823888 20.890192348578303 0 0.35203701394775738 2.0341256221374762e-05 167.50000000000003 2.102083011828229 3.4937081840459823 0.0048368735115676452 72.500000000000014 0.0076293580194605635 1 8.2626068304679094 106.50000000000001 0.92652083854374612 2.1573992384987632 2.7520092714813873 13.359288198396209 0.51129185335830496 -0.002532133180871708 0.13518211050223608 2.2538209034131573 123.87173954863069 -0.012804097311139595 3.3234147015890927 -0.12493687452490271 0.0036282514042751302 0.71339184785876586
decision_type=8 2 2 2 1 10 2 2 2 10 2 2 2 1 2 2 2 8 2 2 2 2 2 2 10 2 10 2 2 2
left_child=4 3 -3 6 7 -6 8 -1 9 -2 -11 12 19 14 16 -16 21 -15 28 -7 -18 -8 24 25 -23 -24 27 -5 29 -19
right_child=1 2 -4 26 5 11 13 -9 -10 10 -12 -13 -14 17 15 -17 20 18 -20 -21 -22 22 23 -25 -26 -27 -28 -29 -30 -31
leaf_value=0.030054563290740095 -0.0019000195986228691 0.018529137301005392 0.0015704985825740301 0.00056389460796792861 0.02877064755799813 -0.026235832799747224 -0.0088347033995539205 0.010481657763653972 0.0026850129463302803 0.0058941884988258537 -0.020637790327804845 0.014435470818500754 0.0078701192476384584 0.012303910402209583 -0.047147559192192934 -0.0013371472510733118 0.071276503423523097 0.0067385611060061705 -0.019321434826711788 0.0084387136852598875 0.014556972909469366 0.0073419983799736608 0.023569187268833725 -0.018217698334576891 0.078472711120587568 -0.010604446032541086 0.0045833704156914906 0.022465543163719986 0.0064494314173671533 -0.0037657302569202734
leaf_weight=1597.5812055766582 2867.9714957037941 2456.5891248229891 1558.393660120666 307.16936451196671 782.04428611695766 290.03937651962042 1008.3363580256701 523.99496260285378 2145.7135637104511 223.31175753474236 1355.3850064668804 1270.72514295578 923.02317652106285 1674.4877253770828 272.10342863947153 454.79016298614442 53.831784746609628 2330.7212376184762 352.77910026907921 151.94046664237976 111.93469548784196 50.14799864217639 322.82157964445651 239.00136309862137 47.531581565737724 152.23379948642105 1808.5980623289943 923.01316468417645 4442.4350754022598 4148.95597424265
leaf_count=3767 10907 5509 4188 674 1850 772 9245 1390 11828 668 18678 2716 1908 3348 6387 3519 359 8254 2051 313 957 537 3011 1732 370 1754 5043 1642 11096 26038
internal_value=0.00509323 0.00280466 0.0119467 0.00135347 0.0172019 0.0122245 0.000226246 0.0252204 -0.0039961 -0.00722004 -0.0168848 0.00731509 0.000686489 0.00200349 -0.00410684 -0.0184857 0.00115637 0.00328352 0.00194386 -0.0143157 0.0329763 -0.00174169 0.00706923 0.00229706 0.0419547 0.0126181 0.00960868 0.0169968 0.00263072 1.26331e-05
internal_weight=34847.6 29308.3 4014.98 25293.3 5539.35 3417.77 22254.5 2121.58 6592.38 4446.67 1578.7 2635.73 1365 15662.1 2712.73 726.894 1985.84 12949.4 11274.9 441.98 165.766 1820.07 811.736 714.057 97.6796 475.055 3038.78 1230.18 10922.1 6479.68
internal_count=150511 137795 9697 128098 12716 7559 120739 5157 42081 30253 19346 5709 2993 78658 27871 9906 17965 50787 47439 1085 1316 16649 7404 6497 907 4765 7359 2316 45388 34292
cat_boundaries=0 1 2
cat_threshold=1 2
is_linear=0
shrinkage=0.05


Tree=63
num_leaves=31
num_cat=0
split_feature=22 11 23 1 5 1 6 16 23 7 23 9 2 2 22 2 25 1 2 16 23 22 8 8 8 22 25 6 2 1
split_gain=290.768 110.724 97.6204 82.5666 67.4181 60.5418 53.68 51.5032 89.1757 56.8723 58.3007 55.6185 49.1628 67.8137 49.5097 41.6607 40.9171 39.4751 47.7165 39.1232 46.4817 46.7117 39.0632 36.1402 40.3959 105.026 82.1225 51.7865 49.7826 61.7301
threshold=26.37142048816381 1.8498092370041106 1.6361608798281388 20.890192348578303 0.22997250384859522 0.010456034394553506 15.497193522380721 0.0042911897130211898 2.2256166337041252 8.0301355861128592 1.25177703696017 29.362013768687024 0.72792664384501682 0.73387811641123191 9.3349868168753911 0.63177733335969932 95.500000000000014 0.078221842830149282 0.61011249326572703 -0.012124480259321876 2.1460984547009287 4.6399503950444547 162.68596297221885 236.79817892630498 99.479483603798116 1.6884015287416216 52.500000000000007 2.0878733570950341 0.55436404675491058 0.3300279534531429
decision_type=2 2 2 2 2 2 2 2 2 2 2 2 2 2 2 2 2 2 2 2 2 2 10 10 8 2 2 2 2 2
left_child=1 4 6 5 -1 -3 -2 12 9 10 -9 -10 17 22 -15 -5 -16 18 -7 -6 21 -21 -14 24 -19 27 -27 28 29 -26
right_child=2 3 -4 15 19 7 -8 8 11 -11 -12 -13 13 14 16 -17 -18 23 -20 20 -22 -23 -24 -25 25 26 -28 -29 -30 -31
leaf_value=0.020804651441460646 0.0012957512758807221 0.026431613493605191 0.02836697561120699 0.0036596806960702793 -0.0075804161270280725 -0.0052360332904163136 0.014199747021748083 -0.018665477157215508 -0.015692340216690696 0.025808481759021021 0.0067302093535935113 0.0090998009430401094 0.013426278134580961 0.0039999113279481366 -0.03360975476132539 0.015304694092980861 -0.0039411896142577674 0.001549065051950848 -0.051195588209932766 -0.019009318801627331 0.019147957828233003 0.0073005300279507905 0.066413839879638281 0.015483279864523879 0.031552919137487999 -0.036472625118884931 -0.010258056325398925 0.0094205113548926148 0.00040865232454991436 -0.013753841404277628
leaf_weight=1169.9802193380892 976.94820584356785 224.49239777866751 1079.4647194072604 1564.7865762263536 418.72199290245771 142.2898803781718 4604.2951151579618 237.92201899923384 799.425397451967 370.04590995982289 4507.2099371440709 315.49962759017944 77.758929644711316 3897.5797332562506 152.41727820318192 1508.4253201633692 489.23562206700444 2969.7115838872269 93.64173492603004 191.29320447146893 765.02808495610952 1428.742564573884 62.93306970410049 263.57333074137568 79.487313404679298 377.41805142071098 1433.4219830688089 875.01682688295841 2381.2427476346493 1387.8692084401846
leaf_count=3078 2929 1127 2770 4394 1028 1194 10231 2400 3268 961 16955 1070 742 20252 2138 3041 1854 12515 1030 480 1507 3138 183 693 625 12564 13628 5364 10690 9041
internal_value=0.00520762 0.00298729 0.0146031 0.00171768 0.0107228 0.000604346 0.011941 0.00032711 0.00413637 0.00692916 0.00545686 -0.0086767 -0.00128912 0.0029408 0.00188118 0.00937541 -0.0109886 -0.00326796 -0.0234775 0.00651578 0.00899051 0.00419387 0.0371282 -0.00277982 -0.0032863 -0.00548383 -0.0157217 -0.00155903 -0.00405534 -0.0112996
internal_weight=34845.9 28185.2 6660.71 24211.4 3973.77 21138.2 5581.24 20913.7 6230.1 5115.18 4745.13 1114.93 14683.6 4679.92 4539.23 3073.21 641.653 10003.7 235.932 2803.79 2385.06 1620.04 140.692 9767.74 9504.17 6534.46 1810.84 4723.62 3848.6 1467.36
internal_count=150890 134960 15930 125729 9231 118294 13160 117167 24654 20316 19355 4338 92513 25169 24244 7435 3992 67344 2224 6153 5125 3618 925 65120 64427 51912 26192 25720 20356 9666
is_linear=0
shrinkage=0.05


Tree=64
num_leaves=31
num_cat=2
split_feature=15 11 0 22 3 3 0 25 24 24 24 24 18 6 6 18 25 22 11 15 9 24 22 15 25 9 25 25 8 20
split_gain=310.808 86.0449 132.581 78.5641 75.9862 74.2143 112.929 69.0618 171.281 108.119 100.946 84.5445 75.3863 64.4736 63.2963 58.5427 55.6065 70.7579 85.299 52.3215 51.6991 49.9802 56.4187 51.6396 49.0056 47.1755 48.3243 46.116 45.9282 44.5282
threshold=55.500000000000007 3.6009689846353115 0 8.2626068304679094 1.8544051127260042 0.35203701394775738 1 21.500000000000004 2.9844731015478012 0.9929042403573296 0.022155949045215877 0.18517261893403522 0.00021422049526078287 72.409731037814069 54.322382829891033 0.0018063309981283585 102.50000000000001 7.6273774837561241 1.4383902539957241 84.500000000000014 27.000611748099654 15.09129432664797 14.573495576086499 32.500000000000007 79.500000000000014 26.797497687823768 125.50000000000001 170.50000000000003 199.24702314650429 4.8193282110060753
decision_type=2 2 1 2 8 8 1 2 2 2 2 2 2 2 2 2 2 2 2 2 2 2 2 2 2 2 2 2 10 2
left_child=1 2 16 7 14 -2 13 8 9 10 20 -9 28 -7 -4 -11 17 -1 -19 -8 -3 -18 23 29 -5 -24 -27 -6 -13 -23
right_child=5 3 4 24 27 6 19 11 -10 15 -12 12 -14 -15 -16 -17 21 18 -20 -21 -22 22 25 -25 -26 26 -28 -29 -30 -31
leaf_value=-0.0049186255985361601 0.029513954051748725 -0.004424845715124544 0.02004737072553834 -0.047300721822489594 0.0062881416259245749 0.023859800396042241 0.0014837899553763931 0.011869912323615483 -0.042377846298847111 0.05537392100235309 -0.019937828075195323 -0.018584712923619743 0.0019223974396292628 0.0060917056932545954 -0.0060199075720762411 0.010354047757705806 -0.02953679944085142 0.031260528419080093 -0.046990641097664848 0.017064304228674696 0.028905373207303686 0.016344698595632114 0.0054855122251184409 -0.0014913451156236236 -0.0099477026795564433 -0.052025982683101248 -0.0072794701200986278 -0.0095650552709440929 0.0088644714875910045 0.058992458376602469
leaf_weight=451.12030621245503 800.15724079310894 283.39726174622774 1648.9789940938354 128.67469100747257 12086.810023564845 2322.186564385891 1939.5368292406201 1876.5376491472125 305.03706218209118 95.972372248768806 770.5802154019475 765.11868411302567 6512.540255125612 654.43480328470469 271.17389534413815 291.66230552643538 130.42775505036116 40.301592469215393 256.32166488096118 746.12062458693981 197.37374480068684 228.09680133499205 282.85796563327312 291.30321093648672 276.47652737982571 96.695644890889525 160.4696763753891 476.82810606062412 190.29256998002529 83.649895265698433
leaf_count=3200 1941 843 3439 5917 28909 5920 4138 5728 7240 532 4604 4751 49709 1518 645 1874 800 78 4385 1632 410 1870 1567 863 3814 1104 936 1144 559 570
internal_value=0.00537004 0.00310343 0.00542822 -0.000177911 0.00710228 0.0152604 0.0132462 0.000598509 -0.00797577 -0.00157309 -0.00872059 0.0023823 -1.73774e-06 0.0199533 0.016366 0.0215003 -0.0065677 -0.0173907 -0.0363588 0.00581232 0.0092584 -0.000212929 0.003133 0.0136447 -0.0218109 -0.00860555 -0.0241044 0.00568646 -0.0131176 0.0277882
internal_weight=34661.1 28198.7 16505 11693.7 14483.8 6462.44 5662.28 11288.5 1944.02 1638.99 1251.35 9344.49 7467.95 2976.62 1920.15 387.635 2021.24 747.744 296.623 2685.66 480.771 1273.5 1143.07 603.05 405.151 540.023 257.165 12563.6 955.411 311.747
internal_count=150640 135491 49510 85981 34137 15149 13208 76250 15503 8263 5857 60747 55019 7438 4084 2406 15373 7663 4463 5770 1253 7710 6910 3303 9731 3607 2040 30053 5310 2440
cat_boundaries=0 1 2
cat_threshold=2 1
is_linear=0
shrinkage=0.05


Tree=65
num_leaves=31
num_cat=1
split_feature=15 13 2 8 22 11 0 16 23 17 25 25 22 15 25 22 23 12 25 11 22 23 23 21 7 13 25 22 21 22
split_gain=295.575 81.1453 87.9952 85.3008 79.7031 69.9782 99.6492 68.6558 63.309 64.4772 63.162 62.7775 58.2972 56.255 51.3285 49.2363 73.0216 52.7496 59.8459 56.0062 49.213 46.0714 44.4758 48.4314 43.5899 52.1334 59.2077 164.493 65.2134 46.6064
threshold=48.500000000000007 5.8447636387872004 0.49375053675848657 217.57412440291952 5.8042728787026041 0.55507181976569642 0 -0.0046397562881802471 2.7520092714813873 0.50009030779501995 100.50000000000001 167.50000000000003 17.376258538672229 73.500000000000014 155.50000000000003 0.018068984344373453 1.1855047979199504 -0.043451679808265524 84.500000000000014 4.2321041247007551 18.938656464183868 2.78411669035795 3.1300166270850336 228.2109727431355 7.4528257781801281 7.0396033777818863 117.50000000000001 8.0605859034312353 221.7374740282867 5.0716980784724477
decision_type=2 2 2 10 2 2 1 2 2 2 2 2 2 2 2 2 2 2 2 2 2 2 2 2 2 2 2 2 2 2
left_child=1 12 10 7 -2 -6 11 21 15 -10 -3 -7 14 -8 -1 -9 17 18 -17 -19 -13 -4 23 -11 -18 -26 27 28 -27 -28
right_child=4 2 3 -5 5 6 13 8 9 22 -12 20 -14 -15 -16 16 24 19 -20 -21 -22 -23 -24 -25 25 26 29 -29 -30 -31
leaf_value=0.0063785803440912087 -0.0032055776988504387 -0.014328673955042026 -0.01150552997649661 0.014088833213613657 0.029465045139723891 0.021883369055675929 -0.00065895216767049118 0.013179608114889347 -0.022332128793173842 -0.0020943892285043698 0.0023625339366210585 -0.0049260879456628562 0.020714892135808641 0.013517033914753923 -0.028084241593653921 -0.035056897563947025 0.010597052344706995 0.0033801562546677275 -0.0053305444553959974 -0.035453635350319576 0.015492716087074674 0.013563747982821485 -0.022065961235844964 0.057499660954311783 0.0044123796538414325 -0.004611507601050416 -0.022807170962378831 -0.024647227089937728 0.018660630737233685 0.0064339362778699435
leaf_weight=3478.7301057195291 735.65067334473133 1601.011686922051 1579.8013320965692 1274.5642266459763 669.65208392590284 2742.9926128461957 1640.2037231475115 991.21547338366508 510.16468349099159 68.935493655502796 877.4057464953512 444.91730829328299 740.67224981077015 1220.6552513539791 111.50629463791847 311.01761292945594 1621.9925052318722 871.96668899152428 371.61434613913298 103.90841101389378 876.30923034995794 207.31913299113512 68.235563114285469 67.451411128044128 7143.456070353277 946.68021511379629 148.30904605984688 900.9241456463933 441.37481070868671 1678.6149697769433
leaf_count=16509 1562 12983 9946 3033 1679 6824 3588 2360 3159 457 3129 1134 1602 2722 285 2052 4127 4312 2002 1298 2338 1150 479 361 39371 7079 588 7197 2588 4872
internal_value=0.00430798 0.00169221 0.000449583 0.00158809 0.0125087 0.0140309 0.0125384 0.000704539 0.00172779 -0.0128216 -0.00841968 0.0175706 0.00794308 0.00538958 0.00530823 0.00239739 0.00166234 -0.00821267 -0.0188743 -0.000754756 0.00861677 -0.00859731 0.0108902 0.0273784 0.00293378 0.00182983 -0.00265239 -0.00800993 0.00278858 0.00406015
internal_weight=34447.3 26116.9 21786 19307.5 8330.38 7594.73 6925.08 18033 16245.9 714.787 2478.42 4064.22 4330.91 2860.86 3590.24 15531.1 14539.9 1658.51 682.632 975.875 1321.23 1787.12 204.622 136.387 12881.4 11259.4 4115.9 2288.98 1388.06 1826.92
internal_count=150786 130939 112543 96431 19847 18285 16606 93398 82302 4456 16112 10296 18396 6310 16794 77846 75486 9664 4054 5610 3472 11096 1297 818 65822 61695 22324 16864 9667 5460
cat_boundaries=0 1
cat_threshold=1
is_linear=0
shrinkage=0.05


Tree=66
num_leaves=31
num_cat=2
split_feature=15 16 22 14 22 8 23 18 3 0 23 1 24 8 0 5 13 5 3 3 10 3 19 13 15 17 13 23 10 3
split_gain=302.95 90.8083 82.6249 72.5168 80.836 79.6797 63.335 63.2185 62.2975 86.8853 60.4856 63.0595 59.3609 59.789 56.0466 52.8416 55.567 50.2182 48.2112 46.2879 45.8394 45.6372 44.8529 44.7656 41.9089 39.1882 39.0843 39.7124 37.9363 37.7373
threshold=54.500000000000007 -0.0015445023529709928 6.0942327716676621 1.5000000000000002 0.065544717105080169 214.6513833651268 1.0504160863744947 0.0038361647870875904 0.20925709967211095 0 1.1643941001443745 13.403497442257027 35.968753025258628 42.072565838368178 1 0.39610478557722612 7.2530402477316089 0.14579800560761486 2.4643634390868194 0.95085795174831944 32.163934042258724 1.5298785591943931 31.925519223380938 6.4324160147877905 85.500000000000014 0.96741893524878331 7.3523811440876363 2.0338931368701494 34.216565195899527 3.7049978435048367
decision_type=2 2 2 2 2 10 2 2 8 1 2 2 2 8 1 2 2 2 10 8 2 8 2 2 2 2 2 2 2 8
left_child=1 23 -2 4 -3 7 25 10 -4 19 11 29 -12 -14 17 16 -16 -5 20 -10 -19 -18 -15 -1 -11 -7 -9 -28 -25 -6
right_child=2 3 8 14 5 6 -8 26 9 24 12 -13 13 22 15 -17 21 18 -20 -21 -22 -23 -24 28 -26 -27 27 -29 -30 -31
leaf_value=0.00070890168285574207 -0.0033543552515338175 0.0084505797874410964 0.032715659152865957 -0.021231728777038925 -0.014896401326422441 0.0039336300905965854 0.016892530136962441 0.010792036137562548 0.032028576995679965 0.0038839187567854191 -0.0014798525914730941 -0.0070045318046522489 0.02591698331764003 -0.027857804221102261 0.011600148437193664 -0.006451878158756745 0.021513905366092687 0.0097189433394585228 0.030299660502750621 0.016657013561849936 -0.013415869784952104 0.00038211105724828725 0.017966191509745582 -0.0067291119685358161 0.018538490652237137 -0.024163591866165304 0.0052457860952122735 -0.035450567328762554 -0.024853461200399017 -0.045315591252828039
leaf_weight=2142.3236362142488 643.40407653152943 2612.212185382843 483.1860699057579 304.17981971241534 189.12100385781378 484.11825607717037 969.86905138939619 1092.4363975804299 628.31640189141035 1998.4623940810561 5612.6568076126277 765.78516263514757 70.184465244412422 505.23568094801158 5513.365890443325 614.02068825811148 287.34591413289309 411.86206291057169 130.61610970459878 2220.6495033577085 445.95326470397413 2305.1614927724004 59.711603994481266 2183.7284819129854 645.42832540720701 166.8764050938189 148.76253906451166 100.40396562963724 332.70255621522665 221.21636484190822
leaf_count=11696 1363 7851 1270 3700 1654 1434 2202 5669 1710 4304 41568 3082 276 9691 11196 1422 625 1683 976 5778 2032 5206 946 14536 1479 705 823 529 2394 2919
internal_value=0.00406156 0.00176286 0.0136703 0.00305169 0.000588235 -0.00138917 0.00879503 -0.00327237 0.0155033 0.0139892 -0.00507746 -0.0154795 -0.00311933 -0.0176074 0.00624983 0.00769012 0.00876138 -0.00346634 0.00200078 0.0200471 -0.00230817 0.0027243 -0.0230145 -0.00460309 0.0074614 -0.00326883 0.0067163 -0.0111532 -0.00912537 -0.0312956
internal_weight=34289.3 27669.8 6619.45 23011.1 12998.6 10386.4 1620.86 8765.51 5976.04 5492.86 7423.91 1176.12 6247.79 635.132 10012.5 8719.89 8105.87 1292.61 988.431 2848.97 857.815 2592.51 564.947 4658.75 2643.89 650.995 1341.6 249.167 2516.43 410.337
internal_count=150719 134815 15904 106189 79349 71498 4341 67157 14541 13271 60136 7655 52481 10913 26840 18449 17027 8391 4691 7488 3715 5831 10637 28626 5783 2139 7021 1352 16930 4573
cat_boundaries=0 1 2
cat_threshold=1 2
is_linear=0
shrinkage=0.05


Tree=67
num_leaves=31
num_cat=1
split_feature=11 0 15 8 25 24 11 24 16 2 11 2 13 24 21 2 16 11 15 11 23 6 24 14 21 21 13 7 8 18
split_gain=235.083 95.7658 161.143 88.7388 75.8104 87.9049 74.8425 74.7518 64.0259 69.5714 63.7898 63.0028 112.685 63.04 60.1292 57.3802 45.6803 60.0759 45.3227 45.1074 44.1325 43.1305 48.5529 40.5613 39.2563 39.4426 38.838 49.3083 45.0164 49.2421
threshold=2.5486719994170897 0 64.500000000000014 220.56891349247334 167.50000000000003 100.19069154047617 1.7493977810477108 11.844700536726398 0.0055253824694394323 0.50049657775542522 0.55507181976569642 0.72683843346154897 6.4177044959738465 66.651506369412246 163.83556848866317 0.59697431285341407 -0.00045969225940453018 4.6125992091327381 2.5000000000000004 1.4006730532500611 1.1935693454708252 16.919544757908234 2.8710196727380066 8.5000000000000018 152.4669560547789 162.15238181976994 7.3003129377962912 7.4426197145499868 168.57307409799341 0.00034223171351429747
decision_type=2 1 2 10 2 2 2 2 2 2 2 2 2 2 2 2 2 2 2 2 2 2 2 2 2 2 2 2 8 2
left_child=1 2 7 11 6 19 -3 -1 -9 23 -4 12 13 15 26 -2 21 -18 -17 -6 -5 22 24 -10 -14 -26 28 -28 -13 -30
right_child=3 4 10 20 5 -7 -8 8 9 -11 -12 14 16 -15 -16 18 17 -19 -20 -21 -22 -23 -24 -25 25 -27 27 -29 29 -31
leaf_value=-0.04853713459284046 -0.0023536423930510951 0.024372081279196784 0.025406482256419408 0.0076219441657990232 0.010329703049306058 0.013143664489319938 0.012118935425625782 -0.020206876115584128 -0.046961316158774413 0.0071595823060824834 0.0074398234302430338 0.0048200960518986861 -0.032537200626145575 0.011740277421491249 0.0089872428953166727 0.012405973510185596 -0.0051850871890567205 0.041960228108338452 -0.012696506243892661 -0.019646464539919889 0.026578812222882043 -0.00080976852765792114 -0.029299855578921258 -0.0028076124967075459 0.029687975983449473 -0.0091925324202066904 0.020649254170185156 -0.014468599824128313 -0.041792435586696652 -0.00091498883741164571
leaf_weight=105.34570620954037 5232.0181743279099 1866.210451580584 652.80207803100348 1226.7965742908418 176.14571528881788 974.55465040355921 3751.151847101748 490.57256053574383 103.5922304559499 940.52660974673927 2031.3070060759783 2497.6390221100301 117.26971909403801 1407.0527519900352 3343.2209148071706 1260.6949192481115 4227.2413001209497 68.669157098047435 209.72720046341419 436.4600930288434 409.50157253444195 405.60415483638644 601.96966929361224 104.46610842645168 88.604275371879339 247.25297022610903 115.77464114502072 731.5077276006341 111.98470623418689 215.34578674007207
leaf_count=465 34077 4672 1701 3262 418 2590 7891 2053 537 2896 4467 12744 758 4120 14125 4891 27090 788 579 1142 748 1236 8482 231 497 1338 298 4902 441 733
internal_value=0.00413502 0.00990659 0.00412037 0.00115332 0.0134634 0.00381427 0.0161897 -0.0077102 -0.00508633 0.00137182 0.0118095 0.000274678 -0.00167885 0.00211878 0.00413583 9.8926e-05 -0.00702867 -0.00443148 0.00882559 -0.0110273 0.0123661 -0.014667 -0.019994 -0.0247917 -0.00763148 0.00106474 -0.000280897 -0.00967001 0.00253515 -0.0148998
internal_weight=34151 11633.1 4428.61 22517.9 7204.52 1587.16 5617.36 1744.5 1639.16 1148.58 2684.11 20881.6 13866.1 8109.49 7015.47 6702.44 5756.61 4295.91 1470.42 612.606 1636.3 1460.7 1055.1 208.058 453.127 335.857 3672.25 847.282 2824.97 327.33
internal_count=150172 29063 12350 121109 16713 4150 12563 6182 5717 3664 6168 117099 83856 43667 33243 39547 40189 27878 5470 1560 4010 12311 11075 768 2593 1835 19118 5200 13918 1174
cat_boundaries=0 1
cat_threshold=2
is_linear=0
shrinkage=0.05


Tree=68
num_leaves=31
num_cat=0
split_feature=3 13 8 24 23 3 24 25 24 24 24 18 24 6 5 24 23 25 8 6 11 21 25 23 24 25 23 1 3 24
split_gain=255.979 116.214 60.3273 57.8562 54.3765 53.6295 78.361 55.5396 122.329 80.1406 77.3862 98.971 74.3572 58.8037 58.0232 54.6708 50.4874 61.1701 50.2605 49.4712 61.8304 45.9189 42.8003 43.4117 41.6578 51.365 46.637 42.6179 41.1596 64.2165
threshold=1.0637423018923198 5.5285668938712567 214.6513833651268 245.85784049004366 1.1855047979199504 3.2661366374201601 31.691187017188927 28.500000000000004 3.4706815819334942 1.1888579797689507 0.352078941542118 0.00075147335646514647 0.034748589486260979 16.919544757908234 0.021138685503144544 0.086124216107974175 2.6389085950082976 50.500000000000007 5.0000066548829141 6.7115434959446869 4.0507559746039261 158.03169255661302 74.500000000000014 1.0815182338836167 377.82283839199721 168.50000000000003 1.3185472235046096 0.021954040516631693 2.1826258518772561 12.38062299563525
decision_type=8 2 10 2 2 8 2 2 2 2 2 2 2 2 2 2 2 2 10 2 2 2 2 2 2 2 2 2 10 2
left_child=18 3 5 -2 22 15 7 8 9 12 -9 -12 -7 16 -11 -3 -13 -18 -1 -8 -21 -14 23 -4 25 26 -17 -28 29 -29
right_child=1 2 4 -5 -6 6 19 10 -10 14 11 13 21 -15 -16 24 17 -19 -20 20 -22 -23 -24 -25 -26 -27 27 28 -30 -31
leaf_value=0.011383617988087215 0.0085431386289672086 0.019478679805952137 -0.036048555947936413 0.025468824447916469 0.022744462981113739 0.0036210377141393749 -0.042060810902440827 0.010166658550240975 -0.034185063268277846 0.060228724816051654 -0.013097386318082849 0.006047307554700899 -0.030905049116170275 -0.048009069405838808 0.0083522206148359188 -0.0025276537703160097 0.0063007783620542034 -0.029491205824729513 0.0229943942768535 -0.01712084728665517 0.065335863628610408 -0.0083721528943942348 0.0099851588380496809 0.0023294492576122778 0.016658159735511331 -0.010167566348696172 0.028874960986391175 -0.01415284719026115 0.0017270632242581967 0.010678760980675994
leaf_weight=2007.5009326413274 2869.1604439159855 487.74928404390812 113.44345587491989 612.70992257446051 609.51750731095672 766.3861186131835 188.9240695470944 1887.0068172477186 357.64208303950727 60.943254560232162 1378.9490084312856 2922.4267284916714 375.71751093491912 56.139382980763912 466.48562635481358 3237.5645202724263 240.17466782778502 237.33573143929243 1739.860378228128 176.11352348234504 26.10460935998708 567.77009238675237 931.28564151003957 210.25082892179489 499.78314349800348 821.33116140961647 174.14506091736257 285.05682358890772 6871.7482814723626 3005.3665438368917
leaf_count=4555 10487 889 549 1478 1279 2115 7323 5841 9327 308 10059 24852 2833 341 2991 12065 1725 1921 4497 2727 449 3156 2396 556 1138 2092 456 840 24546 7013
internal_value=0.00444342 0.00292526 0.00181486 0.0115216 0.0104921 0.00117006 -0.00173974 -0.000819332 -0.0070326 -0.00269216 0.00157921 -0.00177229 -0.0079479 0.00274635 0.0143464 0.00300645 0.00358441 -0.0114888 0.0167744 -0.0236639 -0.0064764 -0.0173452 0.00454137 -0.0111207 0.00246705 0.00197435 0.00270904 0.00434929 0.003929 0.00852754
internal_weight=34184.6 30437.2 26955.4 3481.87 1864.5 25090.9 9708.12 9316.98 2594.94 2237.3 6722.03 4835.03 1709.87 3456.08 527.429 15382.7 3399.94 477.51 3747.36 391.142 202.218 943.488 1254.98 323.694 14895 14395.2 13573.9 10336.3 10162.2 3290.42
internal_count=150804 141752 129787 11965 4780 125007 75968 65469 20730 11403 44739 38898 8104 28839 3299 49039 28498 3646 9052 10499 3176 5989 3501 1105 48150 47012 44920 32855 32399 7853
is_linear=0
shrinkage=0.05


Tree=69
num_leaves=31
num_cat=0
split_feature=3 24 8 13 8 24 13 19 18 19 12 21 11 7 11 17 1 11 24 5 9 5 22 2 12 8 24 16 13 9
split_gain=226.434 130.762 54.158 52.8019 51.1603 49.0512 58.0279 48.2842 66.1649 49.6318 46.5189 41.8242 43.2439 47.8424 41.2042 40.2914 37.8137 34.0766 32.574 61.1046 34.7362 31.9576 66.7591 69.3406 50.8016 40.5353 40.5056 39.4643 36.4901 35.4488
threshold=1.100010760441483 235.8178031541195 220.56891349247334 6.627340123948918 5.0000066548829141 0.097473381317940519 5.4660100528613569 0.23659132783964351 0.00028053849325088219 0.47870367070458525 -0.15165319892828813 153.44950092343376 4.7321503966081 7.7265112529814486 4.1427491675352366 -2.2104575779196494 0.026325659134805338 0.55507181976569642 4.5564748672487854 0.011213986006539525 29.273528674009434 0.081365270909961249 3.4756316352257337 0.49375053675848657 -0.12290964920452192 155.79530668526803 9.8424319261453128 0.00064313592419234752 6.8391988069177048 29.086709225020456
decision_type=8 2 10 2 10 2 2 2 2 2 2 2 2 2 2 2 2 2 2 2 2 2 2 2 2 8 2 2 2 2
left_child=4 2 5 -3 -1 -2 -7 11 10 -10 -9 15 16 -14 -12 -8 -13 -6 -4 -20 -21 22 23 27 -25 -23 -26 -18 -28 -24
right_child=1 3 18 -5 17 6 7 8 9 -11 14 12 13 -15 -16 -17 21 -19 19 20 -22 25 29 24 26 -27 28 -29 -30 -31
leaf_value=0.010045004226507115 0.0074747985421717584 0.019627264577940891 0.016170686359898236 0.0032650301071047876 0.03262421393583869 0.0079507283079552852 -0.036842820873753998 -0.047101229304855011 0.041449960039876291 0.003024035514157673 -0.0026140336097176201 0.024384093887030733 0.055717881624798959 -0.0161442456823064 -0.033762567223878999 -0.0070893959508052315 -0.03301376237391352 0.017263395596783915 -0.026145225439954674 0.029852808278496148 0.0013174786075946434 2.785191675445326e-05 -0.00095612587765793824 -0.014901558760182336 0.0029346877134688982 0.021911095651532597 0.0084870870764037799 -0.00045935670853916599 0.07748322927437401 -0.02086888636991064
leaf_weight=2136.9863578155637 2696.8046009354293 1492.9317018315196 989.0082318931818 736.21005799621344 496.36904814094305 2271.9961258545518 119.82959448359907 79.991675494238734 84.829550081863999 8952.543519156985 720.05745572224259 138.87538087368011 67.632758945226669 35.222750007174909 124.5333117255941 2254.9948603669181 249.57650639675558 1324.3909533135593 150.68472432717681 154.83478530496359 342.69370990246534 4038.9589848583564 307.78044208604842 410.81633479334414 2407.4189664311707 223.31705963611603 42.370741372928023 148.47871472127736 34.986473454162478 816.19875073991716
leaf_count=4909 7682 3491 2112 1779 1347 8285 573 457 387 47850 2747 834 699 460 1725 13121 2080 3471 559 393 997 14346 4559 1942 11375 724 549 1042 343 9833
internal_value=0.00404923 0.00257059 0.00163838 0.0142234 0.0152923 0.00108763 0.000355597 -0.000456134 0.00208137 0.00338472 -0.0106584 -0.00269387 -0.0011242 0.0311088 -0.00720683 -0.0085907 -0.00150015 0.021451 0.010461 0.00174951 0.0101979 -0.00191428 -0.00489435 -0.00130371 0.00138614 0.0011744 0.00407904 -0.0208706 0.0396921 -0.0154162
internal_weight=34051.3 30093.6 27864.4 2229.14 3957.75 26227.2 23530.4 21258.4 9961.96 9037.37 924.582 11296.5 8921.63 102.856 844.591 2374.82 8818.78 1820.76 1637.22 648.213 497.528 8679.9 4417.63 3293.65 2895.59 4262.28 2484.78 398.055 77.3572 1123.98
internal_count=150671 140944 135674 5270 9727 131613 123931 115646 53166 48237 4929 62480 48786 1159 4472 13694 47627 4818 4061 1949 1390 46793 31723 17331 14209 15070 12267 3122 892 14392
is_linear=0
shrinkage=0.05


Tree=70
num_leaves=31
num_cat=1
split_feature=3 24 0 3 13 2 1 11 21 22 6 2 1 1 7 24 13 2 6 22 24 6 13 2 13 2 2 2 10 19
split_gain=229.045 120.73 60.7075 84.3658 55.7437 72.701 51.4696 45.3971 44.4114 42.2523 52.5954 51.2106 41.7572 60.572 41.3149 40.8519 48.1949 38.9562 38.0284 60.6456 55.2145 91.9631 62.6815 47.5926 49.5096 46.4068 45.6252 47.1614 37.1263 37.6904
threshold=1.2828378755946861 235.8178031541195 0 0.35203701394775738 5.8202914584495327 0.49375053675848657 17.256272911349907 3.6732908089427201 161.07034958562178 0.028706515886737057 1.2146739867063949 0.50561936496353177 0.64199026818139437 0.79930768520149786 7.4590458039539813 25.34722926675423 6.9596564834132346 0.59697431285341407 17.223893323259155 2.3253915181130078 38.353394084402986 6.7115434959446869 6.4324160147877905 0.63367382167678554 6.5134305563628532 0.9177449086175381 0.87935721158229085 0.63726049410309982 33.286709517437409 9.1433727534925726
decision_type=8 2 1 10 2 2 2 2 2 2 2 2 2 2 2 2 2 2 2 2 2 2 2 2 2 2 2 2 2 2
left_child=2 4 -1 -4 -2 7 9 -6 -8 -7 17 12 -12 -14 -3 -5 -17 -11 20 -20 23 -22 -23 24 -13 26 27 -25 -29 -30
right_child=1 14 3 15 5 6 8 -9 -10 10 11 18 13 -15 -16 16 -18 -19 19 -21 21 22 -24 25 -26 -27 -28 28 29 -31
leaf_value=0.020273216785429704 0.0055655666170309689 0.022984683804411279 0.024850466040442956 -0.01191635668002477 -0.0021060731940107415 0.010348816169672989 0.00048677452320438475 -0.015083187439608512 0.011584219684654121 -0.030142507083407918 0.0030260137137136187 4.8099819917904087e-05 0.068711595027726141 0.0095628221524399065 0.0080410538674827049 0.011358140731000126 -0.0058986939323461829 -0.0068530361708167746 -0.019630074995505026 0.0035839778820762483 -0.044241477344295427 0.012047303635360006 -0.011048826155456036 0.031787788151161588 -0.01838401232388839 -0.040464809514494188 0.024589578005480318 -0.001861366196027241 0.0038390338254403016 0.030110118893942703
leaf_weight=1892.126641318202 4981.2786965044215 734.7598008736968 663.98406868427992 318.36924859881401 1499.4154298566282 854.4489772580564 1759.975060403347 1224.1138555081561 1848.3761084526777 219.25056500080973 219.99823358189315 840.26598685700446 77.620939593762159 97.842941880226135 1248.3487914726138 1692.6279753223062 531.68242938071489 991.73914438206702 296.96664626896381 5347.8502861186862 178.59967626444995 361.02821732871234 1576.7764417268336 127.11667358409613 643.18394312262535 61.487267513759434 236.36940613482147 2694.3278962094337 483.01017618831247 190.32136408798397
leaf_count=5131 19694 1666 1807 731 5231 2505 5007 11941 4035 2171 1368 7227 364 706 3086 3705 1266 5437 1216 13457 5337 1344 9660 848 6930 570 1446 21657 3606 1655
internal_value=0.00340299 0.00167336 0.0131707 0.00897986 0.000792849 -0.000296209 0.000793191 -0.00793875 0.00617144 -0.000458992 -0.00108962 -0.000189902 0.017536 0.0357288 0.0135778 0.00483548 0.0072332 -0.0110696 -0.000727584 0.00236272 -0.0030873 -0.00991003 -0.00674584 -0.00035049 -0.00794357 0.00261947 0.00332947 0.00189154 0.00076307 0.0112647
internal_weight=33893.3 28794.5 5098.79 3206.66 26811.4 21830.1 19106.6 2723.53 3608.35 15498.2 14643.8 13432.8 395.462 175.464 1983.11 2542.68 2224.31 1210.99 13037.3 5644.82 7392.49 2116.4 1937.8 5276.08 1483.45 3792.63 3731.15 3494.78 3367.66 673.332
internal_count=150804 138164 12640 7509 133412 113718 96546 17172 9042 87504 84999 77391 2438 1070 4752 5702 4971 7608 74953 14673 60280 16341 11004 43939 14157 29782 29212 27766 26918 5261
cat_boundaries=0 1
cat_threshold=1
is_linear=0
shrinkage=0.05


Tree=71
num_leaves=31
num_cat=2
split_feature=3 24 23 8 0 3 23 23 25 25 24 0 8 23 24 7 11 11 1 7 6 24 25 25 22 23 24 9 22 22
split_gain=194.167 95.9171 82.6546 65.284 57.0667 73.0522 52.3784 52.0637 45.4135 46.8645 135.563 99.4351 97.4228 68.0698 67.531 156.983 52.6606 44.4791 57.0906 53.6978 43.1622 43.1011 41.8883 40.8214 149.48 92.5097 68.201 89.9281 60.7079 146.457
threshold=1.100010760441483 158.78097038578781 1.0141485860589643 214.6513833651268 0 0.20925709967211095 1.1895576711834723 0.6760576040095726 179.50000000000003 91.500000000000014 15.09129432664797 1 88.7131028683187 1.1643941001443745 12.38062299563525 8.0341404861313155 4.3957968892555659 4.0715722938287771 0.54971017033889835 7.6567236766736366 6.7115434959446869 74.44262239881823 76.500000000000014 32.500000000000007 1.5136649704255871 2.7520092714813873 0.93168826593486165 26.693568342627326 1.2022127122248134 0.3513468114642167
decision_type=8 2 2 10 1 10 2 2 2 2 2 1 8 2 2 2 2 2 2 2 2 2 2 2 2 2 2 2 2 2
left_child=4 3 -3 7 -1 -6 22 -2 9 10 13 12 -12 16 15 -11 -9 19 -19 -16 -14 -10 -5 24 26 28 27 -15 29 -25
right_child=1 2 -4 6 5 -7 -8 8 21 14 11 -13 20 23 17 -17 -18 18 -20 -21 -22 -23 -24 25 -26 -27 -28 -29 -30 -31
leaf_value=0.022725853922600694 0.017635211967861372 -0.01907082226526648 0.010754092204794924 -0.0088009587525482574 0.028026143410744761 0.0059546316642437322 0.022228778659419076 -0.0062116088616559753 -0.033480143494001094 -0.017329375741982796 0.001590396751844345 -0.03311259377378848 -0.039884259882605355 -0.019026731129981007 0.0056536511129454976 0.021827607729590262 -0.036583347079021798 -0.0038883777365961904 0.066329235392407024 -0.0049732588236790151 -0.012137321058784191 -0.00089360654086843296 0.010171761460481441 0.0086794724422402103 -0.035550699379127103 -0.016845016254719094 0.012498847359829887 0.0035712721666510704 0.013575811367930072 -0.013783263619927889
leaf_weight=1253.9853758513927 420.00280088931322 246.61777262762189 4001.210646642372 419.84547695145011 453.02502654492855 2173.7549687735736 584.49813522398472 1323.4042499326169 197.02823731303215 1031.2999687492847 1051.2714719036594 491.59209473989904 245.60411837138236 670.50004255399108 7224.5689622517675 340.46198354288936 159.97248320095241 52.363954110071063 64.732894429937005 1422.8410095628351 326.44626781344414 209.23155090212822 947.38059838488698 2647.4535902105272 309.4115074435249 468.83244150876999 891.93563615530729 1281.9948428682983 1883.9473499283195 999.64130822196603
leaf_count=3495 1023 936 9857 1397 1299 4933 1219 6078 532 4394 4122 13561 9256 3870 19646 931 2050 507 447 7667 2324 560 2381 8066 7380 3218 5828 4305 14012 5262
internal_value=0.0034281 0.00206304 0.00902254 0.000911225 0.0139504 0.00976117 0.00970125 0.000187799 -0.00012678 0.000167345 -0.00184979 -0.0134114 -0.00744522 0.00044893 0.00270502 -0.00761088 -0.009487 0.00431959 0.034929 0.0039051 -0.0240502 -0.0166975 0.00434565 0.00205907 -0.00254632 0.00447989 0.00104383 -0.00418904 0.00628748 0.00252261
internal_weight=33794.9 29914.1 4247.83 25666.3 3880.77 2626.78 1951.72 23714.5 23294.5 22888.3 12752 2114.91 1623.32 10637.1 10136.3 1371.76 1483.38 8764.51 117.097 8647.41 572.05 406.26 1367.23 9153.72 3153.84 5999.87 2844.43 1952.49 5531.04 3647.09
internal_count=150556 140829 10793 130036 9727 6232 4997 125039 124016 122924 89332 29263 15702 60069 33592 5325 8128 28267 954 27313 11580 1092 3778 51941 21383 30558 14003 8175 27340 13328
cat_boundaries=0 1 2
cat_threshold=1 1
is_linear=0
shrinkage=0.05


Tree=72
num_leaves=31
num_cat=0
split_feature=15 24 25 22 22 23 18 22 23 24 6 6 22 11 1 15 24 16 8 5 1 1 7 11 8 22 20 23 11 18
split_gain=208.429 63.6991 55.0177 233.659 94.3254 54.4666 67.8513 54.1056 72.4676 62.5764 64.3019 59.0223 109.466 59.0538 84.5787 56.0158 52.1856 47.6983 46.891 50.4674 50.4932 46.5672 42.8619 40.6235 39.3166 55.8306 93.6607 97.1939 51.3446 53.7541
threshold=58.500000000000007 25.852989706533872 59.500000000000007 2.6321715633356204 0.3513468114642167 1.0504160863744947 0.0063099065025691839 0.01492659056014631 1.1643941001443745 1.7997348440256518 3.2649699446026901 2.0878733570950341 1.3019911672476405 4.5738624666040808 0.61225127515623823 5.5000000000000009 158.78097038578781 0.0049132097945764506 188.05244888972501 0.068646714656930771 16.35073043283883 13.207071380076572 7.6994066723192427 3.9824452957511487 220.56891349247334 1.5699397557429982 4.2325660708637676 2.1237678581623496 4.2545672881396115 0.0025855698163941548
decision_type=2 2 2 2 2 2 2 2 2 2 2 2 2 2 2 2 2 2 10 2 2 2 2 2 10 2 2 2 2 2
left_child=2 -2 3 7 23 6 21 -1 -9 10 15 12 13 14 -11 18 24 -13 19 20 -10 -6 -21 -4 25 26 -7 -28 -27 -30
right_child=1 -3 4 -5 5 16 -8 8 9 11 -12 17 -14 -15 -16 -17 -18 -19 -20 22 -22 -23 -24 -25 -26 28 27 -29 29 -31
leaf_value=0.0091382617147124541 -0.0022825787504936342 0.014470390130900146 0.0090475685681041026 -0.034330146048609601 -0.022150263837600079 -0.018059402323678433 0.017556087443564027 -0.018931333765399724 -0.016947862174887671 0.027064992350692055 -0.033708691240820314 0.017323608355702107 -0.031808815854388113 0.044684789152100141 -0.032758715706367063 0.017245364797928604 0.0086006929679391247 -0.014426972141110231 0.008203931291502169 -0.00021683473723600619 -0.0028717543865054173 -0.0036655545833205586 0.050368570298226861 0.027281871283630611 0.013614497122509126 0.0015953838445824757 0.017383168634584244 -0.033367601869675842 0.033172430925858407 -0.024116476503855792
leaf_weight=1399.9819755777717 648.11048430204391 4556.3195839375257 808.8523967936635 521.6868406329304 549.94274392724037 921.97830358892679 249.10653568804264 557.96891286224127 1078.1790378987789 126.00789011269808 169.4545581266284 1090.8718074727803 234.6170248799026 100.8824628405273 111.23896439746022 336.50060860812664 3210.2329237163067 132.67401673831046 629.83518642187119 111.05450106412172 1557.3381561599672 895.56896716356277 67.223863750696182 490.78617480397224 642.83274176716805 11611.683660333976 478.38566478714347 117.5136361271143 233.73627251200378 49.642204142175615
leaf_count=3501 1369 11657 1716 20189 3793 5020 617 3772 7579 721 1344 7541 3924 624 664 607 7700 913 1469 786 5318 2768 409 1621 1395 47966 1710 806 2764 454
internal_value=0.00318336 0.0123841 0.00150235 -0.00194629 0.00290247 0.00200927 -0.00654472 0.000246671 -0.00172801 -5.74314e-05 -0.00357636 0.00767978 -0.00556725 0.0126409 -0.00098481 -0.00222559 0.00284883 0.0138808 -0.00412823 -0.00688864 -0.00863023 -0.010698 0.0188575 0.0159334 0.00153515 0.000956228 -0.00807421 0.00737492 0.00210856 0.0231366
internal_weight=33690.2 5204.43 28485.8 8225.52 20260.3 18960.6 1694.62 7703.83 6303.85 5745.88 3949.59 1796.29 572.746 338.129 237.247 3780.13 17266 1223.55 3443.63 2813.8 2635.52 1445.51 178.278 1299.64 14055.8 13412.9 1517.88 595.899 11895.1 283.378
internal_count=150717 13026 137691 59361 78330 74993 7178 39172 35671 31899 17512 14387 5933 2009 1385 16168 67815 8454 15561 14092 12897 6561 1195 3337 60115 58720 7536 2516 51184 3218
is_linear=0
shrinkage=0.05


Tree=73
num_leaves=31
num_cat=1
split_feature=11 13 0 11 6 2 18 20 9 23 1 25 8 6 1 23 25 25 23 11 23 25 11 20 2 13 23 1 3 13
split_gain=178.184 73.5788 73.1327 103.919 66.5837 57.5104 55.5492 50.4072 49.9377 65.973 53.1118 57.471 47.7616 43.3914 41.9288 41.7399 53.0183 51.8383 56.2729 39.3321 57.3766 48.1291 51.3702 73.1693 41.8784 68.472 57.1913 95.9793 68.9516 54.864
threshold=2.2562818739345976 5.8080733891203336 0 0.77037312347405551 47.627210311581599 0.49375053675848657 0.0025014497218279622 4.0978415701712665 25.889381633993171 1.2856903613474848 14.922281406166109 108.50000000000001 95.565557712214982 68.192969464618486 17.73876860705121 2.3661132098830411 84.500000000000014 50.500000000000007 2.2989379922061697 4.5738624666040808 1.9015504267247985 79.500000000000014 4.1290760801446016 4.9482431169113239 0.63471224362049328 5.9955415285526046 2.4202035580919916 0.88344274701114001 3.8830284510376898 6.8682459757744931
decision_type=2 2 1 2 2 2 2 2 2 2 2 2 8 2 2 2 2 2 2 2 2 2 2 2 2 2 2 2 10 2
left_child=2 -2 3 13 -4 6 7 -3 9 10 11 -7 -5 -1 19 17 -17 18 -11 21 -21 24 -23 -24 25 -10 27 28 -26 -30
right_child=1 5 4 12 -6 8 -8 -9 14 15 -12 -13 -14 -15 -16 16 -18 -19 -20 20 -22 22 23 -25 26 -27 -28 -29 29 -31
leaf_value=0.02282347480959665 0.0072476699152524849 -0.0083392273217202696 0.018302033774698294 0.0016595771033919332 0.0056714879964969746 -0.041782025311073112 -0.0002320392854802825 -0.031563193066546029 0.049767726987785643 -0.012249577693695083 -0.0027855494554426046 0.0054642133493449678 -0.027123582879675812 -0.0062766469438322904 0.0088449783856939194 -0.0061900605243279012 -0.045790321228773065 0.0042806009395598343 0.044569290827026264 -0.018630990114520955 0.03738491782251456 0.0030618189113453612 0.077060350917983356 0.00070331553971956162 -0.027531638230234939 -0.0132803197267549 0.011949638335500484 0.0022291195257087763 -0.014794874117545981 0.050671244046825825
leaf_weight=878.70750196650624 4295.4994014408439 750.8926262659952 3009.549837268889 2993.9857198502868 1597.1857252046466 278.31939434166998 1289.2003903836012 339.18857427220792 44.702442944049835 873.0055519528687 315.25401627644897 83.729441940784454 151.41485411301255 149.96364852413535 2235.283919967711 418.85861778259277 105.88951919227839 2787.688982131891 45.866078972816467 63.218671665526927 165.10138112306595 6231.4267119113356 57.265427015721798 69.391822542995214 549.92966833896935 1174.574758624658 755.68211013823748 1827.823951581493 75.916022908873856 55.326908783987164
leaf_count=2367 17883 6501 7700 7588 3907 3121 6533 3410 292 8238 1071 393 546 403 5142 2841 505 11506 246 1541 1166 22935 409 634 8492 11355 4383 7274 1546 848
internal_value=0.00345562 0.00129515 0.00957942 0.00478567 0.0139229 5.35432e-05 -0.00725718 -0.0155656 0.00100852 -0.00330187 -0.0177903 -0.0308556 0.000273999 0.0185811 0.00259868 -0.000982727 -0.014181 0.000885795 -0.00941343 0.00133745 0.0218749 0.000904961 0.00370256 0.0352266 -0.00306193 -0.0109688 -0.000108918 -0.00374082 -0.0197603 0.0128031
internal_weight=33669.8 24889 8780.81 4174.07 4606.74 20593.5 2379.28 1090.08 18214.3 4908.61 677.303 362.049 3145.4 1028.67 13305.6 4231.31 524.748 3706.56 918.872 11070.4 228.32 10842 6358.08 126.657 4483.96 1219.28 3264.68 2509 681.173 131.243
internal_count=150776 128265 22511 10904 11607 110382 16444 9911 93938 27921 4585 3514 8134 2770 66017 23336 3346 19990 8484 60875 2707 58168 23978 1043 34190 11647 22543 18160 10886 2394
cat_boundaries=0 1
cat_threshold=2
is_linear=0
shrinkage=0.05


Tree=74
num_leaves=31
num_cat=1
split_feature=3 13 10 13 0 3 22 23 23 16 22 5 12 9 18 3 19 21 17 12 17 21 3 23 12 5 21 2 10 3
split_gain=149.282 87.0812 58.9801 63.7354 50.6264 56.8614 50.0644 46.2643 43.2081 49.0221 44.3972 37.8372 56.4774 42.0328 43.0435 34.1085 32.5091 37.5696 33.4233 32.0625 74.1448 38.2199 33.6133 42.1593 59.6518 50.0872 50.0239 40.8789 38.7908 34.0788
threshold=0.9894578379190494 5.5285668938712567 32.383138079446297 7.149274106428904 0 0.20925709967211095 8.5853214790089538 2.9467225768746554 0.6760576040095726 0.0002897840794601724 0.30625575084976214 0.065156399271427926 -0.019490328529349895 29.519324019304104 0.0026385332287615997 4.2168735033669176 27.447198573813434 148.36358691332526 -4.3961289113880746e-05 0.056369156619865808 1.1657094706820765 145.66394439793723 3.5365034117184559 1.3353758212459372 0.023875935027551875 0.00038135557062982762 218.84380260533246 0.58520919669283999 32.989454759752348 4.350738414285078
decision_type=8 2 2 2 1 10 2 2 2 2 2 2 2 2 2 10 2 2 2 2 2 2 10 2 2 2 2 2 2 10
left_child=4 6 -3 8 -1 -6 16 -5 -4 19 -11 12 15 14 -13 -12 18 -18 -2 22 21 -21 -10 25 26 -24 29 -27 -28 -25
right_child=1 2 3 7 5 -7 -8 -9 9 10 11 13 -14 -15 -16 -17 17 -19 -20 20 -22 -23 23 24 -26 27 28 -29 -30 -31
leaf_value=0.024001689833646978 0.017204934783233226 0.0035354496764826923 0.018911942902616677 -0.0076986456369570327 0.026088690435612301 0.0057313126263944213 0.014228834012817408 -0.041201167029780425 -0.0028203625612919139 0.014564566367851041 -0.015664545423981175 0.020093999947583593 0.0032054065322312526 0.029294909798675297 0.0013191356663124355 0.028444512678403595 0.0066496453320849958 -0.037858249798708499 -0.00089351119299602025 -0.021679574777132449 0.03000884007766454 0.00078758946185489547 0.011681622811280773 0.0048997586761538687 -0.037120660574756367 -0.040096730483232861 0.030139530846144603 -0.011755629911540479 -0.038151897267524715 0.048368121487931161
leaf_weight=847.16142906993628 380.51542773284018 12728.909000511281 300.23904341831803 1822.3911494622007 424.27708844467998 1790.9272332377732 2134.6237850962207 109.22184585034847 2046.1092321295291 688.12337274104357 883.23532848712057 334.35117758344859 1117.6107272477821 157.630649426952 3510.6991400560364 46.115825859829783 88.42790617980063 102.22446114104241 773.96545080002397 217.42978922184557 201.05861125141382 1462.7518472513184 90.91410956159234 401.82444084528834 118.0424480419606 311.15838093496859 25.746014019474387 215.25358263682574 108.10725894756615 50.788917079567909
leaf_count=2473 2302 57129 746 8387 1291 4135 5678 458 7196 2140 7288 1876 8814 624 12322 498 434 681 3133 1212 522 8534 336 4839 1460 2530 290 1077 1682 516
internal_value=0.00308341 0.00202437 0.00106317 -0.00115006 0.013606 0.00963035 0.00946801 -0.00959302 0.000177221 -0.000292031 0.00253024 0.00116139 -0.0043681 0.00398916 0.00295173 -0.0134758 0.00191295 -0.0172147 0.00507171 -0.00391466 0.00131392 -0.00211985 -0.00683519 -0.0130499 -0.00469111 -0.0225891 0.00183622 -0.0285079 -0.0250164 0.00977746
internal_weight=33489.8 30427.5 26947.7 14218.8 3062.37 2215.2 3479.76 1931.61 12287.2 11987 6737.77 6049.64 2046.96 4002.68 3845.05 929.351 1345.13 190.652 1154.48 5249.18 1881.24 1680.18 3367.94 1321.84 704.509 617.326 586.467 526.412 133.853 452.613
internal_count=150603 142704 130476 73347 7899 5426 12228 8845 64502 63756 33562 31422 16600 14822 14198 7786 6550 1115 5435 30194 10268 9746 19926 12730 8787 3943 7327 3607 1972 5355
cat_boundaries=0 1
cat_threshold=1
is_linear=0
shrinkage=0.05


Tree=75
num_leaves=31
num_cat=0
split_feature=15 24 16 25 24 25 23 23 2 19 11 7 24 23 11 4 13 17 25 11 13 16 26 17 24 12 24 10 13 1
split_gain=142.729 69.5566 67.5596 61.2371 100.742 92.0545 59.5941 59.0591 56.7762 60.5988 56.4738 69.7032 52.441 108.601 53.5005 52.4132 45.3982 44.7978 43.354 42.5876 40.5804 57.8331 39.7541 38.6251 52.0825 38.2726 49.0533 40.214 38.175 37.7321
threshold=58.500000000000007 25.852989706533872 -0.0046397562881802471 95.500000000000014 9.6063517189355618 59.500000000000007 1.3057018063670098 3.1300166270850336 0.50378876732577071 15.544203818847535 4.3874542658904998 7.6808133133420009 13.816755053018642 1.3854401280504824 3.9942841805298781 0.06890175148894627 7.2530402477316089 -1.2797938847001962 127.50000000000001 2.0292999487675218 6.150611870455724 0.0032635431795161279 0.87500000000000011 0.00067576238440171727 3.1010218172462518 -0.067294498339122419 0.01124432709555739 29.209665691374074 5.5474969447256077 0.30724194787116682
decision_type=2 2 2 2 2 2 2 2 2 2 2 2 2 2 2 2 2 2 2 2 2 2 2 2 2 2 2 2 2 2
left_child=2 18 23 4 7 -6 16 8 9 -4 11 20 13 -5 22 -16 17 -7 -2 -15 -8 -22 -14 -1 -25 26 -10 -28 -11 -13
right_child=1 -3 3 12 5 6 10 -9 25 28 -12 29 14 19 15 -17 -18 -19 -20 -21 21 -23 -24 24 -26 -27 27 -29 -30 -31
leaf_value=-0.0030095742059451269 0.010534897103083057 0.012551864116076667 -0.00051263437067729505 0.01539454106219753 -0.030183106644266273 0.006737360547266368 0.014516476050335833 -0.025278884066027435 0.035026081871971766 0.00033808929280648963 0.048801388825666446 0.00092852290176115423 0.013839873056742398 0.0094498124886851446 0.0025445278850985634 0.067604040174065391 -0.0531283870225564 -0.020312333885342405 -0.016189357161015928 -0.020181232579124693 -0.019989520050186636 0.0057334435801675169 0.0044275112242485011 -0.0076721155634855353 -0.04003200360922142 0.0065352253216829836 0.027867095419046126 -0.0034163952854354383 -0.032336713505249734 -0.030807411869621961
leaf_weight=2530.8211374636739 257.10811591148376 4413.2409207895398 1632.25689163059 446.02445453777909 404.4362373361364 217.1193613531068 535.44236102420837 192.46817959100008 92.50090616941452 130.97897426504642 57.460906266234815 143.78235705848783 1296.9769668411463 146.52899794280529 55.883526366204023 69.403364650905132 75.156349631026387 518.81662273593247 370.37934289872646 703.26394520699978 322.01424025464803 679.82678134460002 8306.8682419285178 426.90661370009184 175.44153230264783 6208.0912851458415 107.38705472461879 2367.531790021807 281.5309373177588 268.6656926497817
leaf_count=11763 492 11650 9545 1078 15875 1185 2101 1367 162 908 910 1565 3623 315 558 387 880 3551 865 3206 2825 3300 24634 2188 3464 25543 327 9878 2105 4437
internal_value=0.00258373 0.0103372 0.00120726 0.00206622 -0.000100282 -0.00787573 -0.00467453 0.00217509 0.00266344 -0.0048398 -5.26321e-05 -0.00149242 0.00486362 -0.00458531 0.00612212 0.0385846 -0.0161122 -0.012332 -0.0052393 -0.015072 0.00340443 -0.0025345 0.00569863 -0.00571793 -0.0170973 0.00441175 -0.000722872 -0.002059 -0.0219619 -0.019744
internal_weight=33434.3 5040.73 28393.6 25260.4 14235.5 3222.72 2818.28 11012.7 10820.3 2044.77 2007.19 1949.73 11024.9 1295.82 9729.13 125.287 811.092 735.936 627.487 849.793 1537.28 1001.84 9603.85 3133.17 602.348 8775.51 2567.42 2474.92 412.51 412.448
internal_count=150687 13007 137680 120265 86464 36629 20754 49835 48468 12558 15138 14228 33801 4599 29202 945 5616 4736 1357 3521 8226 6125 28257 17415 5652 35910 10367 10205 3013 6002
is_linear=0
shrinkage=0.05


Tree=76
num_leaves=31
num_cat=0
split_feature=22 23 24 23 11 4 20 22 25 25 23 14 16 25 22 25 23 24 13 25 23 11 22 20 25 22 6 23 22 2
split_gain=152.223 64.939 51.8641 56.2669 51.7469 70.5295 46.8811 45.2614 126.086 44.7035 43.5268 38.0083 34.2033 33.4159 44.0341 41.2314 58.2314 57.3708 85.9724 67.0167 46.7957 52.1479 42.016 40.1242 39.8955 69.9975 59.265 54.5993 60.3297 52.1956
threshold=26.37142048816381 1.6422690505400042 548.39296975714637 1.0141485860589643 1.8498092370041106 0.36683929412238631 3.1293587895084434 2.7531021037793155 97.500000000000014 121.50000000000001 2.3829795882546372 1.0000000180025095e-35 -0.004468878452596887 155.50000000000003 15.92838088676835 91.500000000000014 2.2839925363402034 15.09129432664797 6.3411594624455452 67.500000000000014 1.1895576711834723 4.4965588882897638 0.0048368735115676452 4.8791899746132481 22.500000000000004 1.4546549267714772 1.2039063185877079 2.3485183087872286 1.3019911672476405 0.32629800403221115
decision_type=2 2 2 2 2 2 2 2 2 2 2 2 2 2 2 2 2 2 2 2 2 2 2 2 2 2 2 2 2 2
left_child=4 2 3 9 5 -1 7 -6 10 -2 -9 -10 -7 15 23 17 -17 20 19 -19 21 22 -8 -15 25 26 -22 29 -29 -26
right_child=1 -3 -4 -5 6 12 13 8 11 -11 -12 -13 -14 14 -16 16 -18 18 -20 -21 24 -23 -24 -25 27 -27 -28 28 -30 -31
leaf_value=0.015027787383303287 -0.02423276422086441 0.022302944418925288 0.029646985565679237 0.0084635024924274421 0.0071135436955185836 -0.011462035958890259 0.009273342927304867 -0.022388012848181371 0.021608676304718102 0.0039220420700126308 0.03411601882830316 0.0022502388606871759 0.0040598350433467788 -0.010215368293007496 0.0051135601105750201 0.0040696851506808011 -0.013670752691774483 -0.02679084491622662 -0.021707510034767979 0.007930311182552342 -0.012031794324997779 -0.040698034361573009 -0.010116914843084086 -0.03922630475897175 0.039417155038975228 -0.041970541044518521 0.011456054991577289 -0.017584545518038588 0.0087514225527883707 0.0042801606753918786
leaf_weight=1478.506661567837 246.98510669916868 886.49254835397005 255.33061373978853 4402.5660261064768 4007.6147283269092 446.44822817668319 357.20879472792149 662.41518860124052 307.13096111826599 328.5081490110606 35.931784600019455 1453.6450225505978 1730.9916225709021 402.97935092449188 290.25702611356974 5594.2329771462828 504.25468280166388 176.05571917723864 890.85791310109198 659.8243401106447 702.69444300234318 115.17346063069999 1282.1604725401849 169.23997812718153 108.28113759960979 128.61720967758447 434.71142911911011 603.83623446524143 339.84231624752283 4421.3346285419539
leaf_count=4220 905 2725 590 11053 15043 1129 852 8996 1988 778 94 4535 3854 944 704 18846 1765 4615 15596 3234 3490 1537 6497 471 721 3759 2866 4363 1786 22744
internal_value=0.00266141 0.00978868 0.00766887 0.00654159 0.00106392 0.00659994 0.000208076 0.00383683 -0.00150321 -0.00816119 -0.0194807 0.00562692 0.000877331 -0.0011577 -0.0107493 -0.00065078 0.00260281 -0.00259215 -0.0109005 0.000617231 -0.00090312 -0.00817667 -0.00589189 -0.0187957 0.000990507 -0.00700835 -0.00305484 0.00284072 -0.0081003 0.00512012
internal_weight=33424.1 6119.88 5233.39 4978.06 27304.2 3655.95 23648.3 6466.74 2459.12 575.493 698.347 1760.78 2177.44 17181.6 862.476 16319.1 6098.49 10220.6 1726.74 835.88 8493.86 1754.54 1639.37 572.219 6739.32 1266.02 1137.41 5473.29 943.679 4529.62
internal_count=150700 16051 13326 12736 134649 9203 125446 30656 15613 1683 9090 6523 4983 94790 2119 92671 20611 72060 23445 7849 48615 8886 7349 1415 39729 10115 6356 29614 6149 23465
is_linear=0
shrinkage=0.05


Tree=77
num_leaves=31
num_cat=2
split_feature=3 22 0 3 25 16 23 23 18 1 23 17 22 7 26 13 1 13 7 25 22 17 21 13 17 25 3 22 5 0
split_gain=135.561 67.275 51.4966 66.2607 58.8931 48.3183 56.6432 48.0317 64.3739 54.6616 53.6722 53.7027 80.0558 45.9876 44.2212 40.3897 38.9714 37.3177 36.9829 49.7124 48.6216 41.5433 32.7837 32.2784 31.9551 31.1784 49.6602 49.6454 88.3166 48.6361
threshold=1.2828378755946861 45.244870967407827 0 0.35203701394775738 168.50000000000003 -0.0046397562881802471 0.6760576040095726 1.1643941001443745 0.0064029954949488084 9.9746864695094164 2.7520092714813873 0.75986251929400461 0.8343002089762851 8.1251275626822324 0.62500000000000011 5.8683322785778484 0.010456034394553506 4.8449769607059299 8.2205614012161448 109.50000000000001 0.052913309394520221 -1.7328015941592134 153.922652435662 6.9596564834132346 -1.7929080748062882 150.50000000000003 2.8508205268389348 9.3349868168753911 0.048990947694982967 1
decision_type=8 2 1 10 2 2 2 2 2 2 2 2 2 2 2 2 2 2 2 2 2 2 2 2 2 2 10 2 2 1
left_child=2 5 4 -4 -1 15 -7 8 9 18 13 12 -12 14 -9 -2 -16 -18 19 20 -8 -21 -15 -14 -3 26 29 -28 -29 -19
right_child=1 24 3 -5 -6 6 7 10 -10 -11 11 -13 23 22 16 -17 17 25 -20 21 -22 -23 -24 -25 -26 -27 27 28 -30 -31
leaf_value=0.022411740549385262 0.0039110017274842394 -0.0053626172316422046 0.021207545655021875 0.0028781719414494732 0.0012140866566732313 0.020562786454851534 0.0032109109107868643 0.021096343226261569 0.017863272141920006 -0.0020588587513635024 -0.036237484832972233 0.022763376368267335 0.0057586558640280528 -0.0091029786680807395 0.023376299859143652 -0.0083271692687020473 0.016773200171218913 -0.0061551879968017413 0.011538483773254468 0.025639315220601779 -0.033616987398632364 -0.022537976623191448 0.012455975038222374 -0.016410050450371635 0.017192683709759179 -0.005867639694538007 0.00067806523118626647 -0.049948674348373912 -0.0054280806809571137 0.0068643015753773531
leaf_weight=1338.4278441146016 948.31479159370065 188.8083234578371 615.77476242557168 2474.1621114574373 433.88453865423799 390.65045703947544 109.03582171723247 300.78809603862464 306.64938101731241 2316.0082767978311 260.93279244750738 120.31550542265177 388.47262768447399 196.42925644014031 205.87990855146199 2332.2248369948938 390.03636156301945 824.93409393075854 103.24855076521635 94.640431582927704 503.35788093134761 84.875671710819006 1723.8885403843597 284.41589156538248 932.97826939821243 1452.7735002636909 7583.9961152896285 128.58939231093973 832.99883618298918 5498.5183235183358
leaf_count=3827 3611 471 1837 5687 1349 930 706 1115 752 7797 2254 769 1583 768 970 14151 1054 5319 469 489 5926 571 3990 1351 2336 3582 55133 4147 6093 11869
internal_value=0.00271153 0.00139523 0.010428 0.00653092 0.0172223 0.00090357 0.00167847 0.00136734 -0.00402435 -0.0061145 0.00230662 -0.0086772 -0.0127281 0.00291159 0.00209309 -0.00478945 0.00175522 0.00148886 -0.0166075 -0.0202772 -0.0270598 0.00286097 0.0102507 -0.00361159 0.0133964 0.00112362 0.0018067 -0.000678948 -0.0113816 0.00516583
internal_weight=33366 28503.8 4862.25 3089.94 1772.31 27382 24101.4 23710.8 3517.82 3211.17 20193 1054.14 933.821 19138.8 17218.5 3280.54 16917.7 16711.8 895.158 791.91 612.394 179.516 1920.32 672.889 1121.79 16321.8 14869 8545.58 961.588 6323.45
internal_count=150906 138206 12700 7524 5176 135399 117637 116707 16710 15958 99997 5957 5188 94040 89282 17762 88167 87197 8161 7692 6632 1060 4758 2934 2807 86143 82561 65373 10240 17188
cat_boundaries=0 1 2
cat_threshold=1 2
is_linear=0
shrinkage=0.05


Tree=78
num_leaves=31
num_cat=2
split_feature=3 24 13 16 24 20 23 12 11 7 0 3 3 0 23 24 17 1 26 3 20 23 1 1 4 17 21 16 6 24
split_gain=104.864 69.326 49.4679 70.3255 47.4042 63.1468 46.2424 52.0918 48.2559 48.0591 46.1721 41.7898 41.0052 42.8211 41.1322 42.7531 44.694 47.5098 32.0859 33.4299 30.4097 66.6663 36.2342 40.1909 38.9101 49.7875 43.7744 34.3693 34.1293 51.0699
threshold=0.8289220327544462 377.82283839199721 5.8202914584495327 -0.0046397562881802471 31.691187017188927 4.976757140548318 1.1935693454708252 -0.046131789503978081 4.3706513807492575 8.1440527066952928 0 0.20925709967211095 2.1826258518772561 1 2.7520092714813873 0.87192353295938696 0.50009030779501995 0.51318464782417872 0.87500000000000011 3.5156520274011345 4.1416134868393808 2.016011853705181 0.44510419538554885 0.50276106738096282 0.054467674025526359 0.50009030779501995 232.14897034326253 0.0002897840794601724 19.537366668453195 0.22390723289602193
decision_type=8 2 2 2 2 2 2 2 2 2 1 10 8 1 2 2 2 2 2 10 2 2 2 2 2 2 2 2 2 2
left_child=10 2 4 -4 5 18 7 -5 -9 12 -1 -12 13 -8 20 -16 17 -17 19 -2 21 28 -23 -24 25 27 -26 -25 29 -14
right_child=1 -3 3 6 -6 -7 9 8 -10 -11 11 -13 14 -15 15 16 -18 -19 -20 -21 -22 22 23 24 26 -27 -28 -29 -30 -31
leaf_value=0.028259049447770926 -0.024591746779615647 0.017157414671190748 -0.0067157224717011273 -0.0098915525618723105 0.0098700359110810258 -0.014723340419388843 -0.0026806744348251131 0.0031432146174218082 -0.029898998659573323 0.013486136294088916 0.023794047432040506 0.0051802748297994309 0.003274525694572138 0.0099380222922724141 -0.04073985018835205 -0.034383357079235885 0.014914431844830279 -0.00056202756290766806 0.0069700657595680934 0.0075521130435980731 0.0044487450809126685 0.014097655420509765 -0.030026774823365271 0.062369488833449151 -0.0085674421473046561 -0.0046658587195779677 0.019069371264121993 0.016840255511710742 0.004682586775025796 -0.0092271398326465425
leaf_weight=429.89883624762297 177.79394884593785 736.93597691133618 2868.7974480763078 1690.250873231329 3194.9105349369347 522.16675326041877 893.78768896870315 2297.5600654380396 116.08019313495606 981.5764922844246 401.568623367697 1210.5008919723332 1130.2969912514091 2713.1402125731111 102.7553366497159 178.49673230946064 181.47446375340223 248.23968460410833 1957.0810539014637 148.40293117333204 5016.2485905662179 944.80046358518302 96.112797489389777 74.583133834414184 606.28966533206403 124.44608660973608 187.6179737392813 93.307171164080501 968.1043112911284 2946.2422006940469
leaf_count=1294 550 1839 15786 7438 9289 3165 2872 8894 1406 2250 1302 2916 3299 6257 930 1304 1138 1602 8946 621 28382 5064 756 497 2764 1576 704 688 2408 24789
internal_value=0.00272243 0.00200394 0.00163733 0.000639349 0.00570555 0.000962926 0.0016166 -0.00315997 0.0015541 0.00273754 0.0136996 0.00981699 0.00209834 0.00681114 0.000780514 -0.0109098 -0.00587008 -0.0147089 0.00455025 -0.00996793 0.00146244 -0.000626296 0.00679748 0.000964031 0.00370615 0.019301 -0.00203625 0.037066 -0.00375665 -0.00576082
internal_weight=33239.5 31197.5 30460.6 24460.2 6000.36 2805.44 21591.4 4103.89 2413.64 17487.5 2041.97 1612.07 16505.9 3606.93 12899 710.966 608.211 426.736 2283.28 326.197 12188 7171.8 2127.16 1182.36 1086.24 292.336 793.908 167.89 5044.64 4076.54
internal_count=150726 145214 143375 120804 22571 13282 105018 17738 10300 87280 5512 4218 85030 9129 75901 4974 4044 2906 10117 1171 70927 42545 12049 6985 6229 2761 3468 1185 30496 28088
cat_boundaries=0 1 2
cat_threshold=1 2
is_linear=0
shrinkage=0.05


Tree=79
num_leaves=31
num_cat=1
split_feature=22 23 13 25 25 24 6 15 0 24 6 24 18 9 23 12 12 8 22 25 24 11 23 11 18 12 4 13 4 3
split_gain=107.583 72.59 44.6521 44.0473 49.4077 174.173 91.8573 75.0209 60.8742 53.9582 46.4732 120.712 47.9726 45.466 42.5454 40.1082 37.2525 49.4324 59.806 71.4677 75.1545 63.2434 57.3776 54.8972 50.3475 43.0494 42.2604 49.8425 47.4179 53.0874
threshold=26.37142048816381 1.6361608798281388 6.5918093589464393 180.50000000000003 86.500000000000014 13.816755053018642 6.5902274331859827 6.5000000000000009 0 17.157070139212113 8.0356694191555516 6.8948469659205651 0.0064029954949488084 26.595687772524364 1.2779192618565285 0.0038745237055576739 0.050377842174717004 125.19292483923471 0.0048368735115676452 41.500000000000007 0.49050793529303371 3.9514960025737875 1.4033545653823711 3.97042998954969 0.0010725452933123497 -0.10424991040718638 0.059496686061140537 7.0841462664377932 0.03040743275931836 4.2290563866678132
decision_type=2 2 2 2 2 2 2 2 1 2 2 2 2 2 2 2 2 8 2 2 2 2 2 2 2 2 2 2 2 10
left_child=3 2 -2 4 5 7 -7 16 13 -10 12 -12 -6 -8 -4 -15 17 -1 -19 21 -21 -20 23 25 -24 -22 28 -28 29 -18
right_child=1 -3 14 -5 10 6 8 -9 9 -11 11 -13 -14 15 -16 -17 26 18 19 20 22 -23 24 -25 -26 -27 27 -29 -30 -31
leaf_value=0.0060996468531373631 0.0099420191845223244 0.021482330364027746 -0.0067421201029277114 -0.014614535505316072 0.0072229751537842392 -0.034121902284762917 0.0064313349910284506 0.015758370274654789 0.021085371420963166 -0.046447227787547417 -0.027419983148727761 0.0027979352092257635 0.030600845079134072 -0.027684403497207327 0.0072467853402809401 0.0022682928708389824 0.0061261048928753434 0.015955487571754596 -0.0067401595231192232 0.0092940516385967651 -0.020848122604147867 -0.024788230034553736 0.031701209836920041 -0.031558677472727455 -0.0029934057885159493 -0.0009043120656958176 -0.0020429631668295633 -0.043679043350119545 0.023386549899587619 -0.023227341090193632
leaf_weight=1476.4464003704488 2871.714113637805 870.54465173557401 1057.8037516325712 461.12223931401968 1740.9355312865227 501.93093177862465 529.81069362722337 801.4190344363451 36.26152903214097 160.47967255860567 340.76228011399508 10967.187799736857 251.09424727782607 265.45125959068537 1117.9910964723676 193.04047251306474 2334.6779807116836 349.02820045500994 1653.5069479234517 1209.7869922667742 382.68897593766451 687.09167778678238 160.34041241370142 268.81158417277038 300.61277873441577 923.60105622559786 468.43219446018338 84.907321721315384 369.18066572584212 164.91328366566449
leaf_count=12593 7198 2760 3330 1280 8108 19543 2113 1856 347 3296 1888 33566 531 1691 2585 1249 9195 789 5833 3360 1342 6958 954 2873 2355 2892 4155 683 2958 1937
internal_value=0.00204114 0.00814828 0.00584856 0.000706657 0.000972033 -0.00118014 -0.0161945 0.000996723 -0.00860124 -0.0340002 0.00312784 0.00188733 0.0101697 -0.00354507 0.000445815 -0.0150733 -9.52315e-05 -0.00208744 -0.00412398 -0.0053785 -0.000576108 -0.0120382 -0.00644078 -0.0109815 0.00907495 -0.00674702 0.00421967 -0.00843182 0.00665994 0.00418948
internal_weight=33001.6 5918.05 5047.51 27083.5 26622.4 13322.4 1686.97 11635.4 1185.04 196.741 13300 11308 1992.03 988.302 2175.79 458.492 10834 7411.92 5935.47 5586.44 3245.84 2340.6 2036.05 1575.1 460.953 1306.29 3422.11 553.34 2868.77 2499.59
internal_count=150218 15873 13113 134345 133065 88972 28239 60733 8696 3643 44093 35454 8639 5053 5915 2940 58877 39949 27356 26567 13776 12791 10416 7107 3309 4234 18928 4838 14090 11132
cat_boundaries=0 1
cat_threshold=1
is_linear=0
shrinkage=0.05


Tree=80
num_leaves=31
num_cat=0
split_feature=3 24 18 16 16 23 23 7 18 8 1 17 24 24 8 7 3 19 24 23 20 23 24 17 3 2 10 17 18 23
split_gain=106.958 66.519 64.849 48.9927 44.6894 39.9633 43.2742 58.1703 44.1762 53.9662 59.4821 49.8377 38.6296 37.1434 70.0304 36.6576 36.1405 35.9693 35.8378 34.109 33.7508 32.3864 53.1369 83.6246 37.5484 31.9167 29.9005 29.3867 31.2832 29.3118
threshold=1.2828378755946861 235.8178031541195 0.00499252756264266 -0.0046397562881802471 -0.029818383845385699 0.6760576040095726 1.1643941001443745 8.1251275626822324 0.0064029954949488084 232.61459574873098 9.9746864695094164 -1.7328015941592134 0.15169668535970568 3.4706815819334942 99.479483603798116 7.799424904897525 0.47845940505218748 8.5160804744142613 1.7144730141499001 1.1128397832114358 4.165601821537031 2.7520092714813873 0.71339184785876586 0.74794465483684103 1.5298785591943931 0.59082362072058625 31.934327720778683 1.1789369250393056 0.0023911868272817583 1.314193270127775
decision_type=8 2 2 2 2 2 2 2 2 10 2 2 2 2 8 2 10 2 2 2 2 2 2 2 8 2 2 2 2 2
left_child=2 3 -1 13 -4 -5 8 21 9 10 11 17 -13 18 -15 -16 -6 -7 -2 -3 -20 29 -23 24 -24 -26 -11 28 -12 -8
right_child=1 19 4 5 16 6 7 -9 -10 26 27 12 -14 14 15 -17 -18 -19 20 -21 -22 22 23 -25 25 -27 -28 -29 -30 -31
leaf_value=0.017890516086446054 -0.003952524500914773 -0.010441969105343278 -0.020017846083547081 0.017263182909663596 0.017557742015044838 0.03771668076845789 -0.0024426656853916099 0.010348060055589853 0.014707929245218224 -0.010873379682475308 -0.0096426531963811346 -0.0016053862490948468 -0.033555563162486417 -0.0044111772981165935 -0.033233918651131886 0.0087527595000253481 0.0040402514048974436 -0.016323543731639242 0.031700484195385757 0.012603035055058665 -0.0029878729465149492 -0.049077364079789493 0.012424368620100936 0.038151154229733565 -0.031641757066280626 -0.0078163320947429223 0.014419837523356469 0.015957417115008494 0.0075299070106708173 0.0027548411957559731
leaf_weight=1519.5399195998907 523.11805962026119 177.47192566841841 164.40017808228731 391.19062021747231 617.50035930424929 55.183084009215236 3411.31804710906 1907.1475858166814 287.42770615406334 159.03388348966837 1308.8105548303574 118.12570885568857 475.12321688979864 1868.7267069164664 355.29224363993853 60.895426254719496 2481.8627317212522 69.664755526930094 176.21312207728624 1685.6102470979095 116.4708082228899 71.297935828566551 159.73718503862619 103.350894972682 194.6926322504878 505.59767059981823 440.45355649106205 165.26007983461022 332.5999002456665 13244.484427953139
leaf_count=4528 2740 531 474 938 1772 415 15676 4681 728 444 5318 803 5705 5883 6680 306 5930 616 941 4216 740 675 398 584 1284 2992 1095 461 880 72402
internal_value=0.00244202 0.00127567 0.00935832 0.000633664 0.00538591 0.00141623 0.00114681 0.00205153 -0.00405016 -0.00577588 -0.008978 -0.0211511 -0.0271938 -0.00527221 -0.00854213 -0.0270905 0.0067334 0.00756238 0.00388624 0.0104078 0.0178966 0.00115711 -0.00742634 -0.00434382 -0.00945051 -0.0144402 0.00770997 -0.00413957 -0.00616297 0.00169033
internal_weight=33147.6 28364.3 4783.3 26501.2 3263.76 23400.5 23009.3 19597.6 3411.68 3124.25 2524.77 718.097 593.249 3100.72 2284.91 416.188 3099.36 124.848 815.802 1863.08 292.684 17690.5 1034.68 963.378 860.027 700.29 599.487 1806.67 1641.41 16655.8
internal_count=150836 138132 12704 133385 8176 116095 115157 98692 16465 15737 14198 7539 6508 17290 12869 6986 7702 1031 4421 4747 1681 94011 5933 5258 4674 4276 1539 6659 6198 88078
is_linear=0
shrinkage=0.05


Tree=81
num_leaves=31
num_cat=2
split_feature=15 0 23 25 3 7 16 16 1 8 10 15 25 3 18 25 22 16 22 25 4 22 8 0 11 25 22 1 15 12
split_gain=94.3219 50.8642 76.7999 75.7762 68.5732 63.9242 54.906 49.8858 46.9875 71.6698 60.8975 44.5742 44.1632 42.3926 51.174 44.0717 50.7892 42.496 53.683 54.3432 60.0815 41.2349 48.9538 40.3788 58.6419 47.8191 41.5568 38.7954 37.2712 72.7978
threshold=58.500000000000007 0 1.4624592668138372 98.500000000000014 2.101908163532793 7.6670838790124707 -0.0049985229098315105 -0.03591948568308085 0.92652083854374612 130.19870886868642 29.722501929108471 40.500000000000007 137.50000000000003 3.7115261062279656 0.0088174981759215117 155.50000000000003 15.92838088676835 -9.9323600508011319e-06 0.3513468114642167 52.500000000000007 0.0004847025783103318 2.8152045779867638 122.12941379812432 1 0.77037312347405551 179.50000000000003 19.763445744684038 14.922281406166109 33.500000000000007 -0.12699550087009806
decision_type=2 1 2 2 10 2 2 2 2 8 2 2 2 10 2 2 2 2 2 2 2 2 8 1 2 2 2 2 2 2
left_child=1 2 3 -1 12 6 -5 -2 10 -10 -4 -12 -3 15 17 -6 -17 21 19 20 -19 22 -15 25 -25 -9 -27 -22 29 -8
right_child=7 4 8 5 13 -7 28 23 9 -11 11 -13 -14 14 -16 16 -18 18 -20 -21 27 -23 -24 24 -26 26 -28 -29 -30 -31
leaf_value=-0.038144754191084075 -0.012839218326497068 0.014542195808552087 -0.032647762155995491 -0.043988296411318004 0.0025259392353108572 -0.038570144938946567 0.068612388742075467 0.019135381410866806 0.030221036409637522 -0.033846653810071119 0.0013279426481427547 -0.023571972801967475 0.0029311412331726903 0.0072532657421849767 0.039828832839628271 -0.020107326426994018 0.001353887869004087 0.021897562291681476 -0.0086636973111207955 0.015857481154146782 -0.0244267988366005 -0.045481228654577585 -0.016521667620773877 0.016094594415828077 0.00055573280541643881 -0.023292036510482703 0.012024566290565197 0.00013407459668545924 -0.0038389802890040335 -0.0055191772282117161
leaf_weight=270.27562897093594 262.49744019657373 1563.1478149667382 153.56978056859225 72.52163509093225 15104.419795664027 145.48375778086483 56.521998314186931 1508.1994562596083 245.35747219622135 53.09798878710717 2691.9461853541434 192.59188371896744 1720.1563666202128 299.24913044646382 65.823319495655596 477.28843783587217 652.63747669756413 184.91599541902542 1318.7812610212713 663.28958653286099 280.84149883687496 88.310358357615769 783.1356996325776 908.39487721398473 1831.018083550036 133.53746099025011 221.39366392791271 376.08962985873222 584.80137128010392 79.976315008476377
leaf_count=7566 727 3359 1524 427 49964 1866 623 4435 1664 861 27637 552 4397 2668 321 1180 1555 607 12303 2213 2534 3901 5418 2621 4096 408 705 1419 1871 1161
internal_value=0.00193339 0.000821424 -0.00402106 -0.0148145 0.00175512 -0.00810149 -0.00251749 0.00836156 -0.000108184 0.0188228 -0.00196791 -0.000334549 0.00845905 0.000670548 -0.0038988 0.00181341 -0.00771148 -0.00461934 -0.00129885 0.00515413 -0.00327901 -0.0126289 -0.00994856 0.0095707 0.00570845 0.0152495 -0.00126277 -0.0103658 0.00165211 0.0251776
internal_weight=32989.3 28124.2 4546.14 1209.58 23578.1 939.305 793.821 4865.04 3336.56 298.455 3038.11 2884.54 3283.3 20294.8 4060.44 16234.3 1129.93 3994.61 2823.92 1505.14 841.847 1170.7 1082.38 4602.54 2739.41 1863.13 354.931 656.931 721.3 136.498
internal_count=150583 137591 45752 13514 91839 5948 4082 12992 32238 2525 29713 28189 7756 84083 31384 52699 2735 31063 19076 6773 4560 11987 8086 12265 6717 5548 1113 3953 3655 1784
cat_boundaries=0 1 2
cat_threshold=2 1
is_linear=0
shrinkage=0.05


Tree=82
num_leaves=31
num_cat=3
split_feature=13 3 2 22 16 25 0 0 12 3 25 24 13 21 2 19 19 23 17 22 25 24 22 12 16 3 0 22 16 25
split_gain=97.8362 73.4337 66.9639 56.6411 44.8277 40.868 42.3812 40.5731 49.8994 37.022 36.7656 69.3852 36.3864 38.7927 34.1911 33.9657 34.4359 33.6925 31.4764 31.4576 42.0659 94.695 49.0701 43.3889 39.0203 31.1218 30.9252 30.9051 38.1958 36.4684
threshold=5.8202914584495327 0.8289220327544462 0.49375053675848657 38.147880473939587 -0.0040886107631477459 97.500000000000014 0 1 -0.25761614262357641 0.20925709967211095 136.50000000000003 31.691187017188927 6.4546621525010126 163.09573943250859 0.73701081109758981 33.182334976949285 70.398555389268992 1.2856903613474848 -0.31069114364800948 0.028706515886737057 62.500000000000007 8.718694803460755 0.37514031199082093 -0.092156809516825158 -2.088089196836378e-05 4.1926832911746672 2 0.0048368735115676452 -0.0012492180946519534 32.500000000000007
decision_type=2 8 2 2 2 2 1 1 2 10 2 2 2 2 2 2 2 2 2 2 2 2 2 2 2 10 1 2 2 2
left_child=3 7 5 10 12 27 -7 -2 -9 -10 17 -12 18 -14 -15 19 -17 25 -4 -6 21 23 -22 24 -21 -1 -16 -3 -29 -30
right_child=1 2 4 -5 15 6 -8 8 9 -11 11 -13 13 14 26 16 -18 -19 -20 20 22 -23 -24 -25 -26 -27 -28 28 29 -31
leaf_value=0.0047571582072741493 0.027594202640405588 0.017502498668781057 0.019520113786371644 0.018211193951533106 0.0091755125925069049 -0.016350523870321487 0.0037702163098968576 -0.020248803278498845 0.028336420008198734 0.0058600094014561238 -0.022941149495547722 0.0041105823187281461 -0.015958355469613775 -0.0084460688209953526 0.022603965664003422 0.011007246148500948 -0.022116831477194353 0.01222414057078566 -0.0027837519562003282 0.0070133567483461924 0.015058316093602562 -0.029784973006695123 0.0015032270808970835 0.0015378553888574105 -0.017622553338680808 -0.023088353533669559 -0.011593128823749266 -0.029993969117747422 -0.035027031898439552 -0.0069233924296847943
leaf_weight=1826.5525158559904 316.75566167384386 82.21046270430088 234.63882385846227 1058.0030212067068 1210.9895410090685 338.3822978567332 1155.0749271064997 143.06777308136225 242.17112559825182 752.4786694906652 290.89333318918943 1280.310054205358 928.28781630843878 591.30615425202996 214.34174795169383 1435.4315048670396 82.999764648266137 2254.6188139272854 485.47253289911896 215.84715230390429 708.78964661434293 317.80358699150383 11504.19420282729 2908.6456716153771 629.42267720028758 106.17756746895611 95.596736640669405 298.12202987726778 129.52599796466529 1060.9547638390213
leaf_count=6405 993 202 1137 2951 3078 1863 3207 436 804 1773 715 3440 6019 3336 876 6621 485 10334 2009 1235 1743 12013 45962 14974 3078 1076 652 3602 1406 8039
internal_value=0.00224434 0.000850424 0.00020569 0.00757793 0.00118852 -0.00671061 -0.00078867 0.0117675 0.00736109 0.0113324 0.00562431 -0.000897788 -0.00503706 -0.00878446 -0.0013953 0.00202332 0.00919663 0.00807158 0.00448367 0.00140075 0.000822593 -0.00357857 0.00228991 -0.00135995 -0.0113316 0.00322742 0.0120563 -0.0123409 -0.0139891 -0.00998111
internal_weight=32899.1 26082.5 24628 6816.56 21563.8 3064.27 1493.46 1454.47 1137.72 994.65 5758.55 1571.2 2549.64 1829.53 901.245 19014.1 1518.43 4187.35 720.111 17495.7 16284.7 4071.72 12213 3753.92 845.27 1932.73 309.938 1570.81 1488.6 1190.48
internal_count=150464 125543 121537 24921 103218 18319 5070 4006 3013 2577 21970 4155 14029 10883 4864 89189 7106 17815 3146 82083 79005 31300 47705 19287 4313 7481 1528 13249 13047 9445
cat_boundaries=0 1 2 3
cat_threshold=2 1 1
is_linear=0
shrinkage=0.05


Tree=83
num_leaves=31
num_cat=1
split_feature=11 13 24 13 18 11 0 11 12 23 6 23 25 13 16 1 10 18 25 24 24 24 23 25 23 20 23 11 21 24
split_gain=82.0267 60.281 52.4307 59.665 40.3817 47.7314 49.4986 58.9993 39.8553 39.3521 36.5695 46.2945 38.7402 37.4886 36.7708 35.4057 31.8548 31.7743 36.324 69.356 62.3531 62.3447 47.3424 62.9229 77.7411 79.728 68.6253 72.5443 63.4154 56.7565
threshold=3.6009689846353115 7.3659790311852635 35.215099287379502 5.7153543792016501 0.010431721660544605 0.93121815761753923 0 2.1490291673513044 -0.14906808603569091 4.2182686685947379 17.846438305339955 2.2110834703221816 115.50000000000001 7.7675005095210929 -0.009848639411875219 0.14995976701205457 34.242850207675772 0.0090845954889769275 19.500000000000004 0.16764560651736643 2.7567381251635745 1.2565230669345828 1.0504160863744947 74.500000000000014 2.0528972453429106 3.1246031054168166 1.8211257224813127 4.1568350274549566 147.33051123727114 0.76366932030759871
decision_type=2 2 2 2 2 2 1 2 2 2 2 2 2 2 2 2 2 2 2 2 2 2 2 2 2 2 2 2 2 2
left_child=1 4 8 -4 5 -1 -7 9 15 -8 11 12 13 -3 -12 -2 -16 18 20 -20 21 -10 -21 26 -25 -26 27 28 29 -24
right_child=2 10 3 -5 -6 6 7 -9 17 -11 14 -13 -14 -15 16 -17 -18 -19 19 22 -22 -23 23 24 25 -27 -28 -29 -30 -31
leaf_value=0.017827977204644786 0.02403553239525236 -0.013581042617859321 0.032298759134749742 -0.026549437684759331 -0.0017060147732633358 -0.0012493768120914216 0.015433377848170799 0.0047221591577592866 -0.0086890512621863227 -0.0044608894263905392 -0.016152097927429197 0.014781975433373158 -0.0017783611914915663 -0.041654367102984931 0.004373475942289976 -0.0142101613589496 -0.018334507261264645 0.023552545481139341 0.0096904335905414925 -0.013356980190094328 -0.033421494196977423 0.020144108498169014 -0.0091912433105248992 0.013080144634657762 0.012902793725944928 -0.029002076820170548 0.0034284299737501185 -0.028544233012018156 -0.00097327283145480839 -0.054237201824437399
leaf_weight=792.88959936052561 65.545013495720923 419.74721869267523 49.100064672529697 350.82248632237315 1980.3226133286953 2449.4539144253358 2287.6700296625495 9439.6582713704556 1044.3581524007022 278.87358520925045 275.44330267421901 173.4910457469523 430.56003067828715 165.92876684013754 2576.731968132779 788.2037655049935 164.28584659099579 140.88559771794826 1774.8031093627214 738.84596531838179 201.90723307430744 228.49970657378435 184.59005418047309 1476.3040757719427 203.60780968144536 256.49960092827678 1939.4687728900462 406.44683075137436 1500.0562015287578 112.5713124461472
leaf_count=2386 737 2946 580 9610 4909 12456 6288 23067 4992 854 845 783 1660 922 6895 6683 529 660 5416 4097 5474 1342 735 6707 1403 1860 17882 9447 7133 1347
internal_value=0.00187517 0.00370093 -0.00153902 -0.0193244 0.00501106 0.0058834 0.00522825 0.00654978 -0.000896062 0.0132717 -0.00166546 -0.00908899 -0.0131642 -0.0215345 0.00126247 -0.0112739 0.00301245 -2.8179e-05 -0.000358155 0.000886016 -0.00760772 -0.00351301 -0.00140574 4.66894e-05 0.00748723 -0.0104582 -0.00343086 -0.00946779 -0.00515359 -0.0262557
internal_weight=32897.6 21435.1 11462.5 399.923 17228.9 15248.5 14455.7 12006.2 11062.6 2566.54 4206.19 1189.73 1016.24 585.676 3016.46 853.749 2741.02 10208.8 10068 8593.19 1474.77 1272.86 6818.39 6079.54 1936.41 460.107 4143.13 2203.66 1797.22 297.161
internal_count=150645 64540 86105 10190 49960 45051 42665 30209 75915 7142 14580 6311 5528 3868 8269 7420 7424 68495 67835 56027 11808 6334 50611 46514 9970 3263 36544 18662 9215 2082
cat_boundaries=0 1
cat_threshold=2
is_linear=0
shrinkage=0.05


Tree=84
num_leaves=31
num_cat=1
split_feature=3 0 25 24 8 23 3 16 16 7 13 2 16 13 6 3 8 23 18 18 1 1 20 2 23 24 23 17 25 23
split_gain=80.5958 52.7052 60.5698 49.9121 42.8205 54.6081 42.433 40.0856 39.3402 43.9553 38.5777 48.4092 50.4935 40.0683 67.0164 33.0318 41.5064 43.5764 44.1592 32.0996 32.0144 47.0147 33.9683 37.9726 83.3832 36.2658 61.5484 34.8155 34.3622 34.3452
threshold=1.2828378755946861 0 133.50000000000003 377.82283839199721 214.6513833651268 1.0417249358926597 0.20925709967211095 -0.010871842078990774 0.0015775497906457033 8.2307776486780959 5.5285668938712567 0.49375053675848657 -0.0046397562881802471 7.4588577605596358 13.697261909041403 3.5296631532489386 195.4776669365742 1.8560793982762422 8.0825248525770736e-05 0.0041624777630197363 0.010456034394553506 0.092580941415039988 4.1373731611531603 0.51840462088836048 1.917716189114165 0.097473381317940519 1.1007701751607544 0.99882479054736606 153.50000000000003 3.1300166270850336
decision_type=8 1 2 2 10 2 10 2 2 2 2 2 2 2 2 10 10 2 2 2 2 2 2 2 2 2 2 2 2 2
left_child=1 2 -1 4 10 8 -3 -4 9 -6 -2 15 -13 20 19 -12 17 18 -17 -15 -14 -22 23 24 -23 -25 -27 28 -24 -28
right_child=3 6 7 -5 5 -7 -8 -9 -10 -11 11 12 13 14 -16 16 -18 -19 -20 -21 21 22 27 25 -26 26 29 -29 -30 -31
leaf_value=0.031406160121051345 0.0058763486306712019 0.020109903855673666 -0.012653165060084934 0.016014074567584129 -0.030711760446056849 0.014303728960648542 0.002058571307380342 0.013349355297686674 0.0091658757311309635 0.0041605298449097 -0.0019527742697129182 -0.0067103912388686848 0.024338835097900368 -0.026090655259099073 -0.00029630537654657275 -0.0012885696137268233 0.016323121889790168 -0.0037103751930258316 -0.029668474886173003 0.0094790421196696804 -0.01192490290593598 0.0029275974843690953 0.0070116915751905337 0.0078463790689261067 0.050836552385960521 -0.028196546916269435 -0.00025781675173920432 -0.019033924682450295 -0.0098165819249625332 -0.022706101278952034
leaf_weight=435.39153822138906 2781.6279992079362 371.48169639706612 172.35971036553383 553.98151670768857 195.13418230414391 1242.9994546808302 2633.3369961939752 1058.1480867750943 336.30142327770591 168.29889123514295 2356.6364098116755 2074.6298051606864 167.17442176863551 419.39009477151558 2156.3424491677433 184.08955617062747 120.87537960708141 547.76969762565568 536.6368247680366 74.729808683507144 555.87342588277534 409.97752065770328 5891.4598072753288 1118.3137507513165 116.66521899681538 215.71898554638028 5350.2979582697153 140.39073967188597 319.81559770554304 175.99306075647473
leaf_count=1246 10597 1301 592 1459 838 2833 6258 3288 923 480 9080 12145 684 3519 6463 875 560 5641 7200 443 3998 2173 30273 2719 770 1271 30423 652 801 1160
internal_value=0.00216131 0.008245 0.0153783 0.00115408 0.000856428 0.00801413 0.00429023 0.00970713 -0.00315863 -0.0145631 0.000315661 -0.000358822 0.000656232 0.00154934 -0.0041022 -0.00555785 -0.0116727 -0.0143405 -0.0224196 -0.0207112 0.00258513 0.00233072 0.00290751 0.000602111 0.0135407 -0.000391137 -0.00199548 0.00558868 0.00614521 -0.000972716
internal_weight=32881.8 4670.72 1665.9 28211.1 27657.1 1942.73 3004.82 1230.51 699.734 363.433 25714.4 22932.8 19186.8 17112.1 2650.46 3746.01 1389.37 1268.5 720.726 494.12 14461.7 14294.5 13738.6 7386.97 526.643 6860.32 5742.01 6351.67 6211.28 5526.29
internal_count=150665 12685 5126 137980 136521 5074 7559 3880 2241 1318 131447 120850 97494 85349 10425 23356 14276 13716 8075 3962 74924 74240 70242 38516 2943 35573 32854 31726 31074 31583
cat_boundaries=0 1
cat_threshold=1
is_linear=0
shrinkage=0.05


Tree=85
num_leaves=31
num_cat=0
split_feature=15 24 8 25 7 24 25 24 4 17 23 16 22 21 2 12 1 1 1 5 23 16 20 23 1 18 19 22 12 17
split_gain=98.8364 46.9466 43.3072 37.216 37.0235 66.3802 72.0257 43.7922 39.1309 37.6128 38.742 53.1782 60.5559 42.5032 60.3165 47.2583 41.2671 37.9205 46.4783 66.7321 40.519 37.7502 36.9237 70.988 65.158 44.395 37.3384 38.8005 35.0172 32.965
threshold=58.500000000000007 25.852989706533872 214.6513833651268 127.50000000000001 7.502169580466199 12.104535202355693 153.50000000000003 0.097473381317940519 0.416934216151776 0.28820958810488106 1.1128397832114358 0.0028460060751204215 3.3329566808818822 225.31759078549172 0.63568293854029212 0.048911558367419929 0.52490869332987866 0.5468284600470299 0.57850868816213341 0.054806878322872808 2.9116699129939394 0.00092621707079318394 4.2234355334027711 1.2779192618565285 7.5575862602201864 0.00062075807677422869 17.227588324052327 0.11600292239330832 0.014508138362474369 -0.53337404385651754
decision_type=2 2 10 2 2 2 2 2 2 2 2 2 2 2 2 2 2 2 2 2 2 2 2 2 2 2 2 2 2 2
left_child=2 3 4 -2 5 -1 -7 -6 -8 17 -11 12 13 21 15 -15 -16 20 19 -19 -9 -12 23 29 -24 26 27 -26 -28 -20
right_child=1 -3 -4 -5 7 6 8 9 -10 10 11 -13 -14 14 16 -17 -18 18 22 -21 -22 -23 24 -25 25 -27 28 -29 -30 -31
leaf_value=-0.010315432601640596 0.010828665765277787 0.010519287167237665 0.0080276310310695449 -0.013848604173945218 0.005075087678963074 0.0077524042234645846 0.0019464207521884477 -0.0029211569649005881 -0.014097382134685933 -0.020759260715843289 -0.010738966912924891 0.024027817529820444 -0.030168518323197037 -0.024304358629207837 0.033768433231629556 0.011232551620030361 0.0058022296242063167 0.075985308525930467 -0.0061941385190809068 0.010413493192382883 -0.0291801303885953 0.0082531135938753546 -0.0010874406009049966 0.00091765205861307471 0.041629965588923623 0.023358939379362318 -0.035939884127731463 -0.00054746161483303275 0.0085390844851543652 -0.030783152079855519
leaf_weight=802.60673704743385 253.63229342550039 4210.555132035166 1966.3592799399048 384.24562210589647 2650.9059332497418 5173.2357375388965 957.41702295467257 4822.705961744301 630.22624493762851 399.20354540366679 1868.9432052634656 157.85500527638942 234.87697919411585 267.37736588530242 167.58482664264739 143.90409038681537 619.64754981175065 48.508643506094813 272.51173434453085 193.88175249099731 151.5228562951088 304.23801238834858 1386.1253509442322 3461.2725114319474 88.528733011335135 660.11584316566586 93.365271672606468 141.97435566969216 84.116335388273001 272.70705481665209
leaf_count=2895 486 11738 5106 885 7684 12955 2445 33272 1612 2592 10914 1663 8244 1788 1002 872 2232 621 1711 1268 1113 1495 10834 19577 308 1957 493 687 401 2049
internal_value=0.00201293 0.00860428 0.000872467 -0.00403646 0.000332477 0.00327954 0.00489345 -0.000872922 -0.00442228 -0.00186829 -0.0059485 -0.00437788 -0.00562116 -0.00391115 0.00364818 -0.0118703 0.0117556 -0.000413466 0.00204102 0.0235361 -0.00372105 -0.00808014 0.00123457 -0.00172383 0.00606413 0.0153451 0.00237867 0.0156515 -0.0148593 -0.018493
internal_weight=32870.2 4848.43 28021.7 637.878 26055.4 7563.49 6760.88 18491.9 1587.64 15841 4163.63 3764.43 3606.57 3371.7 1198.51 411.281 787.232 11677.3 6703.11 242.39 4974.23 2173.18 6460.72 4006.49 2454.23 1068.1 407.985 230.503 177.482 545.219
internal_count=150899 13109 137790 1371 132684 19907 17012 112777 4057 105093 30802 28210 26547 18303 5894 2660 3234 74291 39906 1889 34385 12409 38017 23337 14680 3846 1889 995 894 3760
is_linear=0
shrinkage=0.05


Tree=86
num_leaves=31
num_cat=0
split_feature=15 25 25 24 22 8 3 8 4 12 22 22 25 3 23 25 20 11 24 25 25 23 21 19 7 8 8 20 4 25
split_gain=69.675 39.9191 42.4811 142.197 71.678 53.8278 66.5818 51.8959 51.8048 51.0332 52.0346 50.1839 90.2389 68.8637 47.7891 45.6468 41.9534 39.2396 38.6326 119.539 56.9114 142.91 59.1158 47.5328 47.1502 47.1628 46.336 39.4356 49.5518 38.1602
threshold=61.500000000000007 173.50000000000003 74.500000000000014 14.119405137825799 0.37514031199082093 125.19292483923471 3.3668094914029969 88.7131028683187 0.0014263683638620029 -0.10424991040718638 0.021428333512895397 4.235533507856819 110.50000000000001 3.7452455949352048 1.9098734494129836 43.500000000000007 3.1246031054168166 3.2910193276526605 2.546824939239912 24.500000000000004 28.500000000000004 2.6389085950082976 158.75035436397536 24.317293340625824 7.7034601413190265 63.88595860982884 93.230092975592115 4.9048515090434952 0.11305307733051805 86.500000000000014
decision_type=2 2 2 2 2 8 10 8 2 2 2 2 2 8 2 2 2 2 2 2 2 2 2 2 2 10 10 2 2 2
left_child=1 2 3 5 -4 18 9 -5 15 10 -7 12 13 16 29 -8 -6 -12 19 27 21 -20 23 24 25 -22 -25 28 -1 -13
right_child=-2 -3 4 7 11 6 8 -9 -10 -11 17 14 -14 -15 -16 -17 -18 -19 20 -21 22 -23 -24 26 -26 -27 -28 -29 -30 -31
leaf_value=0.02959501250317699 0.0080708935965810701 -0.0098455148274743647 0.020487026536102224 -0.0079679569274381523 0.013997336957826963 0.018612260852649495 -0.0012341575133308601 -0.033303616676693008 -0.007797060849807769 0.0096616566901517285 0.0066170109294738585 -0.0086134738244361478 -0.019326118823292732 -0.014497962138571198 0.00994852294222787 0.020257211400716069 6.4976812398862045e-05 -0.02115303978388465 -0.019451118762261223 -0.021891565620026688 -0.0071740699493139486 0.088915728760604107 0.0020123364066864367 0.022230445404867061 -0.025639377667711762 0.032227882710001259 0.077981192807653837 0.038236329294225616 -0.019220636786402224 0.003118741407548282
leaf_weight=101.81103764474392 3982.972542963922 822.02230093628168 559.14826062321663 385.0263359406963 789.53962316736579 171.46902567148209 1210.7970950920135 425.46994633600116 3729.2023301189765 1842.1451014950871 183.52339994162321 747.37206217087805 676.5470971390605 592.26977186277509 2520.4706399682909 310.41329897008836 1711.849174246192 414.54240499995649 260.42399049084634 363.34953873604536 94.126606218516827 34.447818860411644 373.15861390996724 70.591111451387405 51.612627550028265 393.19228973798454 78.956178613007069 151.01761780679226 106.2239925712347 9542.9142471635714
leaf_count=654 10899 2249 1297 3402 2551 313 4957 18027 24001 4697 394 5792 2551 3813 7109 953 6224 1556 4531 2746 440 112 2706 420 512 3145 695 944 769 31997
internal_value=0.00187366 0.00101402 0.00133408 -0.00112971 0.00287954 0.000512168 -0.00137977 -0.0212679 -0.00462497 0.00514425 -0.0056697 0.00228577 -0.00278474 0.000832664 0.00377803 0.0031513 0.00446259 -0.0126315 0.00766716 -0.00167293 0.0126412 -0.00679138 0.0180386 0.0267249 0.0198043 0.0246173 0.0516651 0.0187877 0.00466944 0.00226664
internal_weight=32696.6 28713.6 27891.6 10751.5 17140.1 9941 7862.09 810.496 5250.41 2611.68 769.535 16581 3770.21 3093.66 12810.8 1521.21 2501.39 598.066 2078.91 722.402 1356.51 294.872 1061.64 688.479 538.932 487.319 149.547 359.053 208.035 10290.3
internal_count=150456 139557 137308 75974 61334 54545 36871 21429 29911 6960 2263 60037 15139 12588 44898 5910 8775 1950 17674 5113 12561 4643 7918 5212 4097 3585 1115 2367 1423 37789
is_linear=0
shrinkage=0.05


Tree=87
num_leaves=31
num_cat=0
split_feature=3 24 18 13 1 7 25 24 23 13 9 2 2 13 21 1 8 2 2 24 23 25 18 2 2 5 9 20 5 20
split_gain=89.7521 43.9233 42.6658 37.7422 33.4929 32.1646 30.1265 94.4649 39.7615 29.8443 39.6717 30.2177 78.7565 46.96 41.791 44.0234 44.1411 39.112 42.2484 38.418 39.9002 38.3867 43.0292 49.0191 42.1302 38.0227 42.6646 35.9047 34.0246 33.838
threshold=1.1357681864301539 548.39296975714637 0.0059097447643452891 4.6420391312269764 22.101785250300889 7.4511733458513998 126.50000000000001 31.691187017188927 2.4982523492588871 7.3659790311852635 29.51076147723079 0.7443232189495429 0.75655723708145273 6.9675568081070782 224.71220365054566 0.26163268985604304 166.83692132901703 0.89392083066644867 0.85143424125109135 102.51424491510704 1.023332473409251 135.50000000000003 0.0030912016150553899 0.42643156133196458 0.40964063470375572 0.034520180405876989 27.000611748099654 4.9429730158693532 0.068646714656930771 5.0686832198761334
decision_type=10 2 2 2 2 2 2 2 2 2 2 2 2 2 2 2 10 2 2 2 2 2 2 2 2 2 2 2 2 2
left_child=2 3 -1 -2 5 6 -5 8 -8 11 -11 13 29 19 17 -16 -17 18 -14 21 -21 22 23 24 -7 -15 27 -27 -28 -13
right_child=1 -3 -4 4 -6 9 7 -9 -10 10 -12 12 14 25 15 16 -18 -19 -20 20 -22 -23 -24 -25 -26 26 28 -29 -30 -31
leaf_value=0.015192194217783686 0.014249641649161763 0.026934771818785119 0.0043570886072244073 0.0095310331537727892 0.0063082778915024649 -0.0087350233714709648 -0.034456872898539367 0.0057757257403504118 -0.0023308438222574882 -0.0082918433664068564 0.005975375378561203 0.013630762355860904 -0.001024494986181761 -0.041576300361277192 0.042005022406678194 -0.015884839067998514 0.013111264368359214 0.015518414704197864 -0.017290566277990329 -0.01824594970926054 0.0066827511260472289 -0.012252590501339405 0.0038946396666836702 -0.0010776882117039513 -0.037912242624819736 -0.0073331179293348869 -0.018643438687272602 -0.033349127545372052 0.0059345936060309981 0.041750151838166841
leaf_weight=1561.9898106474429 491.15651290584356 158.0999172180891 2171.8662652522326 1523.2463727239519 2123.6261914670467 1143.0381736392155 238.84486504644156 1533.208877440542 161.39668479561806 2473.1374372979626 606.78318284358829 528.39246398117393 2254.4560662112199 89.404642790555954 98.273607066832483 170.96624123770744 565.01501217018813 286.26967121753842 485.08956513740122 171.72201541718096 2459.5684904670343 794.70302260294557 3265.4009091439657 5735.5474251578562 138.73873431840912 306.64659270830452 187.39979573711753 233.68622205127031 566.41461743973196 134.14964309986681
leaf_count=4870 1389 409 5521 4371 5303 10764 685 3747 353 11569 2112 2408 11311 1497 560 1261 1443 938 2584 716 6959 2149 15287 41971 1627 2078 2028 1746 2548 474
internal_value=0.00159435 0.000652588 0.00888976 0.00050814 0.000269442 -0.00022094 0.00427213 0.00012897 -0.0215021 -0.00090529 -0.00548102 -0.000186811 0.0033982 -0.00126111 0.000664644 0.0105726 0.00637556 -0.00206711 -0.00390472 -0.000375064 0.00505587 -0.00166511 -0.000846851 -0.00305323 -0.0118931 -0.0100404 -0.00786174 -0.0185847 -0.000175555 0.0193243
internal_weight=32658.2 28924.4 3733.86 28766.3 28275.1 26151.5 3456.7 1933.45 400.242 22694.8 3079.92 19614.9 4522.61 15092.3 3860.07 834.255 735.981 3025.82 2739.55 13708.7 2631.29 11077.4 10282.7 7017.32 1281.78 1383.55 1294.15 540.333 753.814 662.542
internal_count=150678 140287 10391 139878 138489 133186 9156 4785 1038 124030 13681 110349 20979 89370 18097 3264 2704 14833 13895 79473 7675 71798 69649 54362 12391 9897 8400 3824 4576 2882
is_linear=0
shrinkage=0.05


Tree=88
num_leaves=31
num_cat=2
split_feature=3 4 13 2 13 2 2 2 9 16 13 22 20 6 3 0 1 0 24 23 9 9 3 3 22 22 23 2 21 8
split_gain=57.9577 39.6704 36.9555 44.2209 38.7247 56.3022 45.3556 43.7817 43.2014 39.7014 48.4355 37.3609 66.052 51.6958 34.8007 59.1824 41.7157 33.8632 33.8422 31.6099 34.3425 31.0553 30.2479 30.0878 52.4691 45.2933 40.6126 30.4147 39.0252 42.9622
threshold=0.9894578379190494 0.93054226313400801 5.5474969447256077 0.49375053675848657 6.6691158984803076 0.72551101940253382 0.70218416696976471 0.76438282994497364 29.618866118842782 0.0002897840794601724 6.9675568081070782 8.6920969340712677 3.8871200661663257 11.273711021098007 3.4714328358486499 0 0.1685256285033063 1 245.85784049004366 2.7520092714813873 26.700170400415114 25.540554567120413 0.050007442200199967 2.7378105208747372 9.3349868168753911 6.4831757130878511 1.2442464595888654 0.63471224362049328 151.32554786266004 182.17569587273294
decision_type=8 2 2 2 2 2 2 2 2 2 2 2 2 2 10 1 2 1 2 2 2 2 10 8 2 2 2 2 2 10
left_child=1 17 18 -4 -5 6 8 19 21 -8 -11 12 14 -13 15 16 -9 -1 -2 20 -7 -6 -19 25 27 -23 -27 28 -25 -30
right_child=2 -3 3 4 5 7 9 11 -10 10 -12 13 -14 -15 -16 -17 -18 22 -20 -21 -22 23 -24 24 -26 26 -28 -29 29 -31
leaf_value=0.019479519853278837 0.0038245760203343172 -0.012746339006715048 -0.0041736683876868524 0.0035129066695117452 0.016309552318152266 0.0015275443306370666 -0.039247185512727024 0.02665435819194863 0.016718227948570523 0.0073111892177091121 -0.028228240606058577 -0.03302983794168167 -0.0033646948182250017 -0.0031595348627468122 0.041131971212639375 0.014675486130382207 -0.025943950963902576 0.026483924523144325 0.01731129075678247 -0.0098279065988844689 0.016768173561309111 -0.018241094722089072 0.0047029115842718528 0.010451466852613044 -0.029639215206396272 -0.021052840674482081 0.0049466906532955948 -0.00018564332519953238 -0.029272318305240148 0.024326906517892145
leaf_weight=725.70211707055569 2895.6821539560333 200.96480070054531 4264.1677154116333 10871.568491651211 170.31487261829898 580.27169341919944 162.44742373470217 48.572994276881218 255.75279143825173 199.56975576840341 184.50148160522804 157.35139535088092 1622.1695481771603 1823.0505505111068 93.614994439296424 988.31921555008739 168.33839669357985 175.96261889487505 554.15843297168612 200.44788623601198 1018.2455190755427 327.88695028424263 1693.0784986428916 108.79775645583868 295.94207674870268 168.0856304122135 1411.5416647884995 788.41805415926501 344.22893221722916 41.941149730235338
leaf_count=2453 11127 548 24999 45188 1089 3441 1410 268 1083 1051 1387 2717 9817 5353 713 2974 1761 650 1616 991 4588 971 4251 907 3521 942 3729 6828 3421 366
internal_value=0.00177224 0.00865518 0.00112533 0.000486981 0.00138905 -0.000679954 -0.00503321 0.00221735 -0.0031487 -0.0185257 -0.00976137 -0.000231246 0.00336316 -0.00553286 0.0117658 0.00948481 -0.0141656 0.0103127 0.00599099 0.00888874 0.0112357 -0.00453804 0.00675351 -0.00555634 -0.0106608 -0.00133013 0.00218012 -0.00628443 -0.015999 -0.023451
internal_weight=32541.1 2795.71 29745.4 26295.5 22031.4 11159.8 4459.43 6700.38 3912.91 546.519 384.071 4901.42 2921.02 1980.4 1298.85 1205.23 216.911 2594.74 3449.84 1798.97 1598.52 3657.16 1869.04 3486.84 1579.33 1907.51 1579.63 1283.39 494.968 386.17
internal_count=150160 7902 142258 129515 104516 59328 26705 32623 22857 3848 2438 23603 15533 8070 5716 5003 2029 7354 12743 9020 8029 21774 4901 20685 15043 5642 4671 11522 4694 3787
cat_boundaries=0 1 2
cat_threshold=2 1
is_linear=0
shrinkage=0.05


Tree=89
num_leaves=31
num_cat=0
split_feature=3 23 18 17 22 8 3 22 25 22 4 9 25 25 2 23 2 4 4 17 21 25 1 23 10 13 21 23 23 4
split_gain=64.541 43.3517 61.7927 45.1531 39.6179 38.5105 36.9853 40.1767 87.0037 53.9259 35.1763 34.4407 60.6176 33.6551 33.3787 46.4966 45.9339 35.556 33.2211 32.8919 39.7114 32.1277 32.6232 35.6551 34.3665 30.0399 42.1152 39.9042 42.4781 42.1542
threshold=0.95085795174831944 1.1935693454708252 0.0067083625011505358 -2.888529488909386 48.700151050606657 217.57412440291952 4.2290563866678132 0.01492659056014631 50.500000000000007 0.28570261164682897 0.16596368595057862 25.815063279090644 121.50000000000001 194.50000000000003 0.89172008613135256 1.7424863291751649 0.9177449086175381 0.12752544190936402 0.93054226313400801 1.0657900417485913 223.43082225478855 85.500000000000014 13.207071380076572 1.0417249358926597 30.615312884971608 7.0069635969093351 134.68866048792123 1.5717440903373627 3.0269895652015331 0.21286634849390304
decision_type=8 2 2 2 2 10 10 2 2 2 2 2 2 2 2 2 2 2 2 2 2 2 2 2 2 2 2 2 2 2
left_child=18 2 3 -2 5 13 7 -5 19 -10 -4 12 -11 14 25 -16 17 -17 -1 -9 -21 22 24 -24 -13 -3 -27 29 -29 -28
right_child=1 4 10 6 -6 -7 -8 8 9 11 -12 21 -14 -15 15 16 -18 -19 -20 20 -22 -23 23 -25 -26 26 27 28 -30 -31
leaf_value=0.010284714343381535 -0.040039443317890354 0.0015421764183315304 0.026955686627498133 0.0062407907263550737 0.013505090390859401 0.015117362598225343 -0.033663145527002343 -0.04009540779112878 0.015736818026716472 -0.025880884717275572 0.0022587299750521724 0.013151803759326853 0.010955664756881055 -0.030218014903179193 0.019897169096845514 0.027631937457237001 -0.036627264838402389 -0.015849946045604149 -0.011228240882396882 0.0067085572671351165 -0.028556764647669271 0.002064464118979589 -0.016983598190812885 0.0052918511890793348 -0.027390404994935953 -0.033671821775156589 -0.013146352095448186 0.0022033098334635465 -0.016529872107182122 0.0038282734213467805
leaf_weight=2357.7147982418537 92.195304185152054 16210.204693221487 228.24820864666253 789.54544615745544 645.98191181197762 470.32841713353992 108.04734392929822 211.14514300459996 339.39805341139436 427.73087491374463 391.45034382492304 62.276930264662951 151.14591590687633 87.881650567054749 507.47154039144516 103.62165999319404 83.359241514466703 86.063537754118443 194.23878555372357 130.15224156714976 206.46162432432175 1485.9764326037839 287.71235391870141 478.25947447121143 325.33481838414446 107.14113140432164 1273.2443028506823 3748.8432522555813 329.1809318177402 513.15299193561077
leaf_count=6771 457 82720 497 2003 1799 993 1403 1837 981 3152 990 383 419 283 1506 508 574 363 525 616 1054 5332 1106 1459 2653 777 8178 18579 1404 1498
internal_value=0.00101497 0.000363152 -0.00355307 -0.0053662 0.00128929 0.000953789 -0.00472726 -0.00408858 -0.00607502 -0.00321906 0.0113551 -0.00521804 -0.0162628 0.000664787 0.000782982 0.0109456 -0.00569159 0.00790344 0.00864728 -0.0246252 -0.0149214 -0.00279583 -0.00905657 -0.0030752 -0.0208766 0.000425389 -0.00260621 -0.00203865 0.000691154 -0.00827029
internal_weight=32433.5 29881.6 5715.08 5095.38 24166.5 23520.5 5003.19 4895.14 4105.59 3557.83 619.699 3218.44 578.877 23050.2 22962.3 780.516 273.044 189.685 2551.95 547.759 336.614 2639.56 1153.58 765.972 387.612 22181.8 5971.56 5864.42 4078.02 1786.4
internal_count=150820 143524 24342 22855 119182 117383 22398 20995 18992 15485 1487 14504 3571 116390 116107 2951 1445 871 7296 3507 1670 10933 5601 2565 3036 113156 30436 29659 19983 9676
is_linear=0
shrinkage=0.05


Tree=90
num_leaves=31
num_cat=0
split_feature=3 1 7 24 25 23 18 13 21 12 19 8 13 23 24 25 25 24 24 21 6 1 23 2 3 24 25 7 7 24
split_gain=52.4111 44.3694 42.7117 40.9131 91.9253 47.3183 37.3417 35.6062 40.3253 41.1432 31.5862 34.3788 30.2318 26.9598 25.7332 26.69 23.5502 30.6212 23.133 21.3765 40.8304 66.558 68.3527 59.7252 40.8014 47.4663 44.1155 42.5819 57.8519 39.5739
threshold=1.1357681864301539 19.924759162697679 7.4511733458513998 33.037571243358151 127.50000000000001 2.3485183087872286 0.0059097447643452891 6.5638343468828824 148.01841862792767 -0.14906808603569091 11.71291430549862 156.68970738043595 5.056404015997761 1.2479334022861515 548.39296975714637 186.50000000000003 25.500000000000004 0.53002650871738066 79.775038584838953 169.01616460425916 1.8794563973331615 0.98156442428108126 1.0141485860589643 0.55817393806413962 4.2168735033669176 3.3452172400271465 30.500000000000004 7.6581784990866213 7.6754395156718669 1.7997348440256518
decision_type=8 2 2 2 2 2 2 2 2 2 2 10 2 2 2 2 2 2 2 2 2 2 2 2 10 2 2 2 2 2
left_child=6 2 3 4 -2 -6 13 8 10 -10 11 -3 -4 -1 15 19 -11 -18 -15 20 23 22 -22 -14 -24 26 -26 -27 -29 -25
right_child=1 7 12 -5 5 -7 -8 -9 9 16 -12 -13 14 18 -16 -17 17 -19 -20 -21 21 -23 24 29 25 27 -28 28 -30 -31
leaf_value=0.0044948449538212499 0.0084353767107828923 -0.0011010580471907132 0.0090037630844596196 0.0087727843806392498 -0.039129090138536882 -0.0056417391208722009 0.0030589407474080829 0.019965648362882532 -0.013299028331322398 -0.0014783965134368532 0.0051341307750684606 -0.034734019042160835 -0.020280852184544933 0.0022899275402419564 0.026484559748765124 -0.022730804958001141 0.019103892595080649 0.0059681255427793505 0.02212645183729842 0.00094739552452464233 -0.036355749803434971 0.014194907671333832 -0.001993712388270927 -0.0001586419638005808 0.029193737545681126 -0.0053870454265268833 -0.031105980366754511 0.10445190169708751 0.028095128875109211 -0.017599379751557811
leaf_weight=549.73259453102946 700.03424263931811 146.07961662113667 786.20930409152061 2517.0113935507834 195.40918593108654 229.24303334206343 2145.1275864131749 417.45468878746033 223.21079115197062 417.69035176560283 260.05772180855274 158.33428143709898 695.83889130922034 181.18042563647032 84.919883221387863 141.57991981133819 786.80627476796508 1017.2827355228364 778.48500034213066 8655.2046202509664 141.61082545761019 694.04266007430851 8059.3873621122912 1740.2267849296331 51.392760224640369 48.575229208916426 74.016357205808163 34.798253619112074 86.391218991950154 400.01458368496969
leaf_count=1302 2201 426 2706 6333 575 519 5512 817 585 1166 749 602 7471 581 224 413 1699 2783 2924 45956 741 2676 45569 7596 340 610 633 361 1229 4997
internal_value=0.00165838 0.000941754 0.000219517 0.00523018 -0.00269805 -0.0210514 0.00729856 0.0062814 0.0043832 0.00716417 -0.00766249 -0.0185945 -0.000621597 0.0133238 -0.000983543 -0.00109556 0.00922001 0.0116969 0.0183814 -0.000947453 -0.00231116 -0.000692733 -0.00190889 -0.0075556 -0.00132501 0.0169332 -0.00639511 0.0341663 0.0500202 -0.00341834
internal_weight=32417.3 28762.8 25335.9 3641.7 1124.69 424.652 3654.53 3426.92 3009.46 2444.99 564.472 304.414 21694.2 1509.4 20908 20823.1 2221.78 1804.09 959.665 20681.5 12026.3 9190.21 8496.17 2836.08 8354.56 295.174 125.409 169.765 121.189 2140.24
internal_count=150296 139977 131150 9628 3295 1094 10319 8827 8010 6233 1777 1028 121522 4807 118816 118592 5648 4482 3505 118179 72223 52159 49483 20064 48742 3173 973 2200 1590 12593
is_linear=0
shrinkage=0.05


Tree=91
num_leaves=31
num_cat=0
split_feature=22 23 7 23 25 25 22 10 22 18 10 1 11 21 24 12 10 6 25 22 25 23 24 13 23 22 10 7 16 21
split_gain=60.9938 39.4617 34.6689 35.1414 30.135 27.2656 126.465 42.9077 42.7518 40.8307 39.2746 33.7927 32.7375 55.1413 41.7661 30.4134 27.7172 26.3728 24.7567 44.556 143.031 62.4661 40.2292 100.453 60.6811 76.8666 81.4996 60.0463 42.4225 42.2823
threshold=28.359419421329857 1.6174076429390152 7.4997070772376491 1.0027166965428511 188.50000000000003 59.500000000000007 2.6321715633356204 28.782129471026977 0.3513468114642167 0.0057788907639642608 29.314353651749837 0.98480123688965571 3.8115966779525823 155.35814159960415 19.813063812402678 -0.0012554582931867228 36.614489334767391 1.6231652927487639 95.500000000000014 5.7087716919793206 127.50000000000001 2.102083011828229 22.887592962201378 6.150611870455724 1.0504160863744947 1.5987846234061995 31.26372964471037 7.9841073627711712 0.0031898451286904305 165.18965882010386
decision_type=2 2 2 2 2 2 2 2 2 2 2 2 2 2 2 2 2 2 2 2 2 2 2 2 2 2 2 2 2 2
left_child=4 2 3 -2 5 6 7 -1 -7 10 -9 12 13 14 -8 -16 -14 -11 22 20 -20 -22 24 -24 29 26 -26 -28 -25 -10
right_child=1 -3 -4 -5 -6 8 11 9 18 17 -12 -13 16 -15 15 -17 -18 -19 19 -21 21 -23 23 28 25 -27 27 -29 -30 -31
leaf_value=0.025328953498037626 -0.0084479639870133974 0.017095754178749364 -0.00066981397519250445 0.010396892050640132 -0.018624393654620885 0.010219068908593632 0.066899063675714396 -0.031485541819144709 -0.03042991760183 0.0037642506309441132 -0.0012863211188346279 0.064343223817130341 -0.044340787018132738 -0.03963249293146752 -0.033037674126329318 0.044741489433367081 0.046420707130621026 0.042049533958956553 0.0037516339288754356 0.0037191002256496057 -0.052058738083010238 -0.014979346967940347 0.0067329115527950236 -0.027300350568101102 0.01457683167574648 0.012383212606281609 -0.027521386844560843 -0.0031809844644295608 -0.0080894251367772171 -0.0043169532626540844
leaf_weight=156.15752767212689 278.8095329310745 705.07938222959638 1928.8315978031605 2194.9107687436044 211.8933860771358 1264.6650561355054 27.132277547381818 109.32349336333573 219.04446738958359 92.609659826382995 7081.9336876124144 9.7160544414073211 250.97585573187098 95.62902868911624 39.478032926097512 18.438500111922622 8.7034458778798562 87.462841394357383 1959.6290814168751 9046.8838280979544 136.88821193575859 667.21017031371593 713.58711292687804 543.06765522155911 479.27040937915444 1453.459603398107 342.21986657753587 976.03307889215648 610.33172144554555 530.35764710232615
leaf_count=583 717 2458 5359 5663 616 3316 281 535 1719 735 36599 333 15759 2161 933 249 522 525 6541 28473 494 1891 3366 7255 1626 8971 2305 3757 4434 2045
internal_value=0.00110131 0.00611375 0.00435496 0.00827291 0.000157717 0.000305554 -0.00214646 -0.000607117 0.0013382 -0.00115656 -0.00174542 -0.0278921 -0.0299272 -0.0135832 0.0157066 -0.00827564 -0.0412988 0.0223598 0.000702876 0.0020217 -0.00353464 -0.0212917 -0.00195182 -0.00801219 0.000876565 0.00383319 -0.00308028 -0.00949978 -0.0171347 -0.0119496
internal_weight=32239.7 5107.63 4402.55 2473.72 27132.1 26920.2 7977.56 7527.49 18942.6 7371.33 7191.26 450.073 440.357 180.678 85.0488 57.9165 259.679 180.073 17678 11810.6 2763.73 804.098 5867.37 1866.99 4000.39 3250.98 1797.52 1318.25 1153.4 749.402
internal_count=150221 14197 11739 6380 136024 135408 59215 38977 76193 38394 37134 20238 19905 3624 1463 1182 16281 1260 72877 37399 8926 2385 35478 15055 20423 16659 7688 6062 11689 3764
is_linear=0
shrinkage=0.05


Tree=92
num_leaves=31
num_cat=0
split_feature=13 2 25 22 25 16 23 22 22 16 2 9 23 22 16 25 2 7 1 20 1 1 16 22 9 12 12 23 13 25
split_gain=65.3255 53.3034 54.637 42.1243 49.7494 39.05 36.501 34.333 33.2267 32.0487 31.7997 50.9706 31.6451 32.7635 41.6459 34.3097 43.1007 31.5145 35.383 32.159 30.1129 29.5602 34.3241 29.5328 50.5744 33.6645 28.556 29.7281 27.7868 54.0549
threshold=5.8202914584495327 0.49375053675848657 97.500000000000014 17.376258538672229 126.50000000000001 -0.0039424596863137963 1.6298470019873166 0.021428333512895397 8.6920969340712677 1.0000000180025095e-35 0.52004164336809444 29.44338106491865 0.75848945434915394 0.059145031179966785 0.00010996578100232593 56.500000000000007 0.71666472258302705 8.2307776486780959 0.79930768520149786 3.8684102345217517 0.91049973431192754 13.403497442257027 -0.0025573783575156988 2.5121274934802895 26.570936237023837 -0.098953519293877926 0.067413028276458342 1.2554607127089168 7.1791614125659544 110.50000000000001
decision_type=2 2 2 2 2 2 2 2 2 2 2 2 2 2 2 2 2 2 2 2 2 2 2 2 2 2 2 2 2 2
left_child=3 2 7 4 6 -3 9 -2 -6 21 11 -7 -11 14 -14 16 26 18 23 -20 -4 22 -1 24 -9 -26 27 -15 -12 -30
right_child=1 5 20 -5 8 10 -8 17 -10 12 28 -13 13 15 -16 -17 -18 -19 19 -21 -22 -23 -24 -25 25 -27 -28 -29 29 -31
leaf_value=-0.0074996735106983778 0.0067269570100369179 -0.0041313527870670058 -0.0017875676890415531 0.011266998942601579 -0.016172957123307144 0.0056470461902920991 0.01423553649480418 0.051358755662305945 0.0016946012673066683 0.034710988217502924 0.002787764294072158 0.034763209109792269 0.0019944416939513109 -0.057572550203586731 0.03895282332499389 0.0051293907157690197 0.025982730026839509 0.018136261960784324 -0.013981813090204846 -0.038433117400655636 0.019206238102286055 0.00022975126817730243 -0.052189325095056298 -0.018783450765079666 0.022482595964589895 -0.01754480358538546 -0.002825251624189147 -0.0068296301846247553 -0.00818459933837184 0.0025490002079937794
leaf_weight=115.33819998754188 202.03512829914689 2866.6975480318069 1519.8219676930457 2426.363351630047 477.6012881025672 941.71571777760983 964.74446806963533 44.120511157438159 571.59275289997458 91.33082595653832 13613.758628763258 178.85987645108253 164.68581198900938 83.391541840974241 141.90006997808814 998.94396810792387 51.51100942492485 66.457779366523027 255.55401162989438 283.82405342767015 192.43598338216543 384.4808031283319 68.474101471714675 401.06511611258611 72.565036853775382 190.24348932597786 86.757702161092311 44.143101397901773 1907.9508561301045 3044.8923425190151
leaf_count=905 618 15436 5298 6951 1141 5106 5214 390 1491 201 62809 747 525 658 360 3932 107 257 1813 2630 527 1359 909 5216 593 1771 666 579 13190 9214
internal_value=0.00160183 0.000460723 -0.00554859 0.00601181 0.00300797 0.00132083 0.0061095 -0.012462 -0.00643885 0.00259551 0.00211474 0.0102944 0.0060991 0.00443609 0.0191002 0.000881372 -0.0150836 -0.0154128 -0.0172002 -0.0268482 0.000571869 -0.007655 -0.0241475 -0.00985001 0.00182335 -0.00649269 -0.024955 -0.0400091 0.00162106 -0.00158583
internal_weight=32453.3 25782 3228.12 6671.26 4244.9 22553.9 3195.7 1515.87 1049.19 2230.96 19687.2 1120.58 1662.66 1571.33 306.586 1264.75 265.803 1313.83 1247.37 539.378 1712.26 568.293 183.812 707.994 306.929 262.809 214.292 127.535 18566.6 4952.84
internal_count=150613 125615 19113 24998 18047 106502 15415 13288 2632 10201 91066 5853 7028 6827 885 5942 2010 12670 12413 4443 5825 3173 1814 7970 2754 2364 1903 1237 85213 22404
is_linear=0
shrinkage=0.05


Tree=93
num_leaves=31
num_cat=0
split_feature=22 23 9 16 3 23 23 13 20 22 21 25 24 13 10 23 12 1 25 20 23 18 24 25 23 9 23 10 24 25
split_gain=58.1597 47.7647 36.9599 37.5567 53.8812 42.3869 37.6377 32.2921 42.0433 34.555 33.1905 30.5206 36.9473 30.8344 32.4436 35.3082 34.0959 38.5232 37.2038 38.9633 40.3599 33.9486 39.6627 40.1381 55.8157 37.0127 39.8711 34.1165 33.6161 77.4863
threshold=28.359419421329857 1.6174076429390152 29.519324019304104 -0.0065004524478703522 1.3607117184907516 2.102083011828229 2.7520092714813873 6.2233622132067898 4.165601821537031 1.3019911672476405 160.07646640730619 155.50000000000003 72.77695852218018 5.2010920724839798 28.782129471026977 0.6760576040095726 0.046016224751308975 0.33730425176227785 26.500000000000004 4.2234355334027711 2.2677460869500665 0.00070868661058537234 0.16764560651736643 52.500000000000007 1.2078479789020442 25.789884906904565 1.4435289248092866 35.253322734121021 4.8559833817668379 43.500000000000007
decision_type=2 2 2 2 8 2 2 2 2 2 2 2 2 2 2 2 2 2 2 2 2 2 2 2 2 2 2 2 2 2
left_child=2 -2 3 7 5 -5 11 9 -9 -1 -10 13 -13 -6 -15 -16 21 -18 -19 -20 -21 22 27 24 -24 26 -26 -17 -23 -30
right_child=1 -3 -4 4 6 -7 -8 8 10 -11 -12 12 -14 14 15 16 17 18 19 20 -22 28 23 -25 25 -27 -28 -29 29 -31
leaf_value=0.027796859994882756 0.004470589582385223 0.018435472224448982 0.0067354116761010122 0.0023106728027883733 0.011734136488881212 0.01619418930772468 -0.010427575233203755 -0.0029206201872189752 -0.02982742112274378 -0.0022258341667406021 -0.0066482695082918548 -0.018804435564612101 0.0024475462981615763 0.015610451107575293 0.013974157813124081 0.0022377741271201903 -0.0064120687945206385 -0.0072328186191549619 0.0028446967491901867 0.015149548725332293 -0.022161013127232138 0.0059518359297803048 -0.040041881866454215 -0.0040429189759801183 -0.046957501968900167 -0.0038754107104399245 -0.0018911164041604906 -0.023368730973937768 -0.032455680757605923 -0.00073195470498615197
leaf_weight=106.65161487460136 4372.7032666448504 712.01487860828638 2254.2979255816899 1344.2163820564747 616.53808492328972 930.19153041392565 849.58028676360846 773.3237734506838 374.38758626952767 945.51333442190662 262.8812343259342 447.56298076361418 376.60359734296799 342.28075463604182 445.05037163197994 1493.6246466543525 906.89022700302303 556.00248497957364 2529.6065846560523 1358.5269149071537 76.566405691206455 1839.1092132516205 221.37938849627972 1110.2790426630527 123.96326310606673 497.14894924825057 81.244513969868422 142.48714397288859 198.70923097059131 6145.0181154967286
leaf_count=655 11723 2508 9688 3364 2473 2671 5202 4474 2395 3707 1407 1126 909 1507 1095 4607 6671 3557 12514 7260 436 8018 1649 4635 1102 2754 672 616 7155 34090
internal_value=0.00151565 0.0064261 0.000602726 5.18308e-05 0.00068989 0.00798878 -0.000125539 -0.00581189 -0.0107567 0.000817385 -0.0202657 0.000323105 -0.00909332 0.000738461 0.000363251 6.88287e-05 -0.000289295 0.00299281 0.0048795 0.00657811 0.0131589 -0.0017922 -0.00578778 -0.0104495 -0.0181499 -0.0112497 -0.0291151 7.73227e-06 -1.27339e-07 -0.00172566
internal_weight=32434.4 5084.72 27349.6 25095.3 22632.6 2274.41 20358.2 2462.76 1410.59 1052.16 637.269 19508.6 824.167 18684.4 18067.9 17725.6 17280.6 5427.59 4520.7 3964.7 1435.09 11853 3670.13 2034.02 923.736 702.357 205.208 1636.11 8182.84 6343.73
internal_count=150640 14231 136409 126721 114083 6035 108048 12638 8276 4362 3802 102846 2035 100811 98338 96831 95736 30438 23767 20210 7696 65298 16035 10812 6177 4528 1774 5223 49263 41245
is_linear=0
shrinkage=0.05


Tree=94
num_leaves=31
num_cat=1
split_feature=3 13 24 25 0 3 24 25 3 1 4 16 3 2 25 19 3 10 8 20 3 24 10 13 1 4 18 22 17 10
split_gain=50.0357 43.3786 38.2411 39.5916 37.7858 87.3612 68.3539 106.276 83.9766 49.7441 45.7917 39.9155 39.5303 44.3688 38.2724 38.1585 39.7661 38.5764 37.9648 37.3099 37.8492 42.7696 37.1239 35.2276 47.4574 34.5913 66.724 41.1253 40.2905 37.636
threshold=0.65998590823813463 5.056404015997761 548.39296975714637 194.50000000000003 0 1.5771011017391146 33.037571243358151 110.50000000000001 1.6238195611322224 0.92652083854374612 0.15271706475603133 0.0070631367750034904 4.0847427661919067 0.74848939524453539 159.50000000000003 2.5676361329572157 4.2049517948349076 34.985302732248833 126.44985443541557 5.0433243673049564 4.2418161210149838 2.0634515258286892 28.568178993727223 6.2870315915791446 0.47565819456676817 0.016116440051053799 0.00083617570266131009 0.93200406878354447 0.18456537429701267 33.047594199278862
decision_type=8 2 2 2 1 8 2 2 8 2 2 2 8 2 2 2 10 2 8 2 8 2 2 2 2 2 2 2 2 2
left_child=-1 -2 3 4 6 14 9 8 -8 10 25 -9 22 15 -6 19 -17 23 -11 20 21 -14 -7 -18 -25 -3 27 -27 29 -29
right_child=1 2 -4 -5 5 12 7 11 -10 18 -12 -13 13 -15 -16 16 17 -19 -20 -21 -22 -23 -24 24 -26 26 -28 28 -30 -31
leaf_value=0.011049794121345824 0.0092480493969495838 -0.02529180364088145 0.023744740022927625 -0.03509529250441016 0.015606473313807058 0.017013394235963871 -0.0097833412588079136 -0.011580820882115006 -0.045147609582889991 0.030616880298120694 -0.0091023655991642454 0.0028263232703805256 0.017798712242061119 0.026389878721937071 0.0012720092013032759 -0.042353339905719101 -0.040797799820262451 0.025464129950922395 -0.015425507829043667 0.022363668606835713 -0.032538194594585561 -0.030698520458535362 0.00030287345569468446 -0.040286923473749729 0.04038373480683205 -0.0065049857918330406 0.0024734229403468142 0.041308726974834536 0.020092585970920604 0.11749784580115466
leaf_weight=1193.3891018740833 1390.8216918446124 96.888239285908639 171.66217566654086 79.793136693537235 1394.8643689677119 337.93340775230899 354.09338249638677 858.21413473598659 319.18961386661977 225.59660883434117 1025.0371033684351 1093.0833710934967 139.05137340724468 77.00235234387219 699.00661696493626 174.31670444039628 104.75459086569026 55.815687270369381 55.857288190163672 108.66621252708137 129.45240036817268 67.543905994389206 20166.88945798995 32.976451301947236 40.771971975918859 42.995351724326611 1766.7249307124875 34.272531584836543 58.273777106311172 30.754083035048097
leaf_count=3716 4367 1320 457 259 4050 1044 1056 4423 9617 1372 5325 3374 858 440 2131 2048 1451 668 854 1136 1747 1060 75319 410 541 309 19271 531 949 443
internal_value=0.00100246 0.000617318 0.000213713 7.71075e-05 0.000172276 0.00107313 -0.00338355 -0.00942028 -0.0265488 0.00136525 -0.000487866 -0.00351019 0.000120904 -0.00995946 0.0108211 -0.0132395 -0.0242694 -0.0108163 0.0214793 -0.00310432 -0.0113398 0.00194311 0.000578274 -0.0221607 0.00431202 0.00386217 0.00532345 0.0356021 0.050285 0.0773421
internal_weight=32325.7 31132.3 29741.5 29569.8 29490 23529 5960.98 2624.58 673.283 3336.4 3054.95 1951.3 21435.2 930.352 2093.87 853.349 408.635 234.319 281.454 444.714 336.048 206.595 20504.8 178.503 73.7484 2029.91 1933.02 166.296 123.3 65.0266
internal_count=150546 146830 142463 142006 141747 92903 48844 18470 10673 30374 28148 7797 86722 10359 6181 9919 5118 3070 2226 4801 3665 1918 76363 2402 951 22823 21503 2232 1923 974
cat_boundaries=0 1
cat_threshold=2
is_linear=0
shrinkage=0.05


Tree=95
num_leaves=31
num_cat=1
split_feature=22 23 25 23 3 25 24 9 25 17 1 22 23 11 8 0 24 25 24 2 23 16 21 2 25 24 23 3 12 22
split_gain=60.0065 47.1415 40.5389 30.827 32.9479 26.9198 56.4519 103.506 67.6547 50.213 44.5974 117.33 57.0195 38.0781 80.2769 35.0168 39.1268 33.2329 43.6452 38.0372 32.5843 31.9525 30.7164 30.2247 29.5369 69.0518 29.3278 28.8622 40.0305 43.1238
threshold=26.37142048816381 1.6422690505400042 180.50000000000003 1.0141485860589643 1.1357681864301539 83.500000000000014 14.119405137825799 26.606628902661441 57.500000000000007 -1.2603228867270468 0.97291612933940796 3.3329566808818822 1.4624592668138372 4.0715722938287771 136.39556671598015 0 30.40583139125479 113.50000000000001 5.9936555181645694 0.65891769949110313 2.2110834703221816 -0.0032848322101466372 220.9802443746338 0.32629800403221115 150.50000000000003 24.818238617637064 2.5442307667949957 2.8657150854701663 -0.14906808603569091 0.0070685028079306303
decision_type=2 2 2 2 8 2 2 2 2 2 2 2 2 2 8 1 2 2 2 2 2 2 2 2 2 2 2 8 2 2
left_child=2 3 5 4 -2 6 27 8 23 -9 11 17 21 24 -15 -10 -17 18 -7 -19 -20 -13 -23 -8 -14 -26 -27 -1 29 -29
right_child=1 -3 -4 -5 -6 10 7 9 15 -11 -12 12 13 14 -16 16 -18 19 20 -21 -22 22 -24 -25 25 26 -28 28 -30 -31
leaf_value=0.0092144035012030091 0.0014032528210747577 0.016859296203394891 -0.015232247133365391 0.0049880149448526352 -0.022971466259007201 -0.026173929039880597 0.062488742546890123 -0.0067386600810734791 0.013558121841715717 -0.035660466853142093 0.0076607700364731265 -0.018553727235044733 0.0051760567126436646 0.059172510217537805 -0.021558401294317658 0.012657389140120365 -0.05048881036428822 -0.017178631045484779 -0.012906710906597696 -0.050888798036982902 0.01429441922450813 -0.00097080737088155145 -0.026456591347615611 -0.042805503661950794 -0.025011176884485287 -0.0023085889225722234 0.013123662325009642 0.024695702535130277 -0.00024491202192865867 -0.013451487073628841
leaf_weight=698.42505964264274 402.56005426496267 761.43015984818339 451.97056659311056 4283.1605359204113 211.46929788403213 232.78868061676621 7.3325190017931154 230.06820804812014 507.90398924145848 431.62172085791826 2357.8185662757605 361.57020612992346 5753.7230635732412 86.129488728940487 47.928109691478312 48.826548109762371 49.300859541166574 297.22021972388029 221.83671247214079 116.47340825200081 218.57450075447559 2001.4040128262714 125.64859758317471 96.643089734017849 279.33734897524118 1094.4514763504267 428.36307535693049 80.208757564425468 9338.607835511677 970.40552954375744
leaf_count=1713 952 2770 1269 11504 852 1521 306 1787 2731 13230 7096 1504 18293 624 537 762 1727 1014 979 609 890 8309 1151 5763 731 2732 1266 162 51877 6044
internal_value=0.000610996 0.00528553 -0.000385869 0.003486 -0.0069913 -0.000128605 -0.00180827 -0.011377 0.0018823 -0.0256044 0.00140756 9.87838e-05 0.00176623 0.00389514 0.0303097 0.00827531 -0.0190683 -0.0155165 -0.00866278 -0.0266696 0.000593112 -0.00481217 -0.0024763 -0.03538 0.00342649 -0.00215936 0.00203246 -0.000624493 -0.00128592 -0.0105392
internal_weight=32193.2 5658.62 26534.6 4897.19 614.029 26082.6 12459.3 1371.7 710.007 661.69 13623.3 11265.4 10178.6 7689.93 134.058 606.031 98.1274 1086.89 673.2 413.694 440.411 2488.62 2127.05 103.976 7555.87 1802.15 1522.81 11087.6 10389.2 1050.61
internal_count=150705 16078 134627 13308 1804 133358 86102 26306 11289 15017 47256 40160 35147 24183 1161 5220 2489 5013 3390 1623 1869 10964 9460 6069 23022 4729 3998 59796 58083 6206
cat_boundaries=0 1
cat_threshold=1
is_linear=0
shrinkage=0.05


Tree=96
num_leaves=31
num_cat=0
split_feature=11 13 2 16 19 5 10 11 19 8 10 7 2 8 25 1 10 12 2 4 13 24 23 25 24 13 5 9 23 3
split_gain=42.5561 39.4171 57.953 43.0937 36.5444 34.3927 31.568 28.7413 48.794 39.6736 47.0699 35.5024 41.9924 31.3948 27.1091 38.1377 30.9843 38.2947 28.3342 25.5125 27.5146 25.3986 44.6779 31.8754 74.7945 50.1888 38.3493 33.5151 74.2365 54.4376
threshold=0.55507181976569642 5.8202914584495327 0.49375053675848657 -0.0046397562881802471 34.208311153561475 0.092590197459801474 35.427627715568192 4.1497670803831559 24.317293340625824 147.01432786465668 36.496298542015943 7.6927693509174313 0.3693605093907536 185.47859143754496 104.50000000000001 0.91523658515233597 32.143373913285011 -0.10424991040718638 0.30815145450010756 0.38478882052644442 7.0069635969093351 0.049645143253354652 1.0141485860589643 62.500000000000007 11.844700536726398 7.2098474166219058 0.39610478557722612 26.606628902661441 1.3988750724180588 4.268408365433487
decision_type=2 2 2 2 2 2 2 2 2 8 2 2 2 10 2 2 2 2 2 2 2 2 2 2 2 2 2 2 2 8
left_child=-1 7 4 6 14 -6 -4 -2 9 10 11 -9 -13 -11 16 19 17 -3 -18 20 -16 -5 -23 24 27 26 -25 28 -24 -29
right_child=1 2 3 21 5 -7 -8 8 -10 13 -12 12 -14 -15 15 -17 18 -19 -20 -21 -22 22 23 25 -26 -27 -28 29 -30 -31
leaf_value=0.015564424594292667 0.0057315520802288444 0.0045805351995846658 -0.0040959265182577975 0.0091602429627154081 -0.056053017385109538 -0.01052682956440189 -0.037341162207698682 -0.017791455762309054 -0.038029326751726766 -0.025136680216110659 0.059028021833410819 -0.0067741105901972243 0.0523556845245901 0.010891565486410805 0.0032639883461397291 0.027458684978831385 -0.041520664714796485 -0.055750710583645557 -0.00591865328048315 -0.022181527382916802 -0.021614631438006206 -0.0083084821546505396 -0.02564269290187688 0.0067697977381889736 -0.028467735647791339 -0.00096577192081473786 -0.0042525373804931273 0.0016368149956243355 0.00069949191936937046 0.038342397019441733
leaf_weight=516.67757967859507 5736.842930295039 40.844980475027114 2425.0081496941857 1133.8575506359339 68.391834639944136 105.44234314654022 73.571156061254442 99.508700395468622 97.44246528390795 180.29189421795309 47.837131416425109 60.456668127328157 59.652941474691033 90.978310192003846 958.46229905262589 118.65507931262255 58.150574365630746 73.873501213733107 1434.9690697500482 141.68526470288634 125.71150434948504 1102.8643392845988 370.040821518749 7539.3060891143978 243.30603426275775 4414.8339618700556 881.38694655895233 2962.8181718261912 964.77113545313478 104.57779337838292
leaf_count=1793 17782 314 12937 2746 732 400 491 1372 1173 1717 440 705 591 479 3273 290 896 809 11231 388 504 4177 2888 30488 11100 17319 2093 14442 5987 967
internal_value=0.00133026 0.00109837 0.000214427 0.00111135 -0.00615957 -0.0284383 -0.00507484 0.0046134 -0.00546987 0.000419348 0.0140844 0.00429484 0.022593 -0.0130536 -0.0048478 0.000391605 -0.00922913 -0.0342701 -0.0073052 -0.00222831 0.000379277 0.00189524 0.00145199 0.00206777 -0.00148122 0.00335224 0.0056161 1.03028e-05 -0.00660317 0.00288823
internal_weight=32232.2 31715.5 25342.5 22216.3 3126.19 173.834 2498.58 6373.01 636.168 538.726 267.455 219.618 120.11 271.27 2952.35 1344.51 1607.84 114.718 1493.12 1225.86 1084.17 19717.8 18583.9 17481 4645.51 12835.5 8420.69 4402.21 1334.81 3067.4
internal_count=150524 148731 124472 105635 18837 1132 13428 24259 6477 5304 3108 2668 1296 2196 17705 4455 13250 1123 12127 4165 3777 92207 89461 85284 35384 49900 32581 24284 8875 15409
is_linear=0
shrinkage=0.05


Tree=97
num_leaves=31
num_cat=0
split_feature=3 13 2 23 25 23 7 3 20 13 14 7 2 20 23 13 24 2 13 2 1 23 2 13 24 5 20 20 13 25
split_gain=38.4516 38.5761 39.8575 44.4517 38.5897 33.9417 29.459 30.3858 35.6698 32.0045 27.6863 27.5491 25.8091 32.6659 34.4093 40.5244 25.6406 23.9756 71.0456 65.9828 43.0728 33.3734 33.0299 38.0027 41.8368 37.0969 33.587 31.2122 50.1254 47.8948
threshold=0.20925709967211095 5.8202914584495327 0.50049657775542522 1.6616881083801709 188.50000000000003 2.9116699129939394 8.2307776486780959 3.5365034117184559 4.10520979457488 7.0069635969093351 7.5000000000000009 7.7582470909475676 0.52004164336809444 3.9026104362488518 1.2149197876093205 6.1994118647361214 226.41005821562726 0.72683843346154897 6.4177044959738465 0.76438282994497364 0.010456034394553506 1.1855047979199504 0.59496864071516409 6.0986201437232159 13.816755053018642 0.0020751720523820801 4.0734421444669531 3.0897029878340292 6.9907791309973399 59.500000000000007
decision_type=8 2 2 2 2 2 2 10 2 2 2 2 2 2 2 2 2 2 2 2 2 2 2 2 2 2 2 2 2 2
left_child=-1 4 3 6 16 -5 7 9 -9 11 -7 -3 13 -4 -15 -16 -2 18 22 21 -21 -19 23 25 -25 -14 -24 -20 29 -29
right_child=1 2 12 5 -6 10 -8 8 -10 -11 -12 -13 17 14 15 -17 -18 19 27 20 -22 -23 26 24 -26 -27 -28 28 -30 -31
leaf_value=0.017648413368177896 0.0036216114557580609 -0.01131192703809337 0.019130150246514564 0.0047660401134884131 -0.021946094982761632 -0.038862079873901223 0.017440081754250655 -0.012528529059455729 -0.043040406226906414 -0.035853139933893732 -0.0034624752980001159 0.0040411305631634841 0.033331232301874882 -0.022144709566474925 0.019860327247943378 -0.0076339776150455025 0.012485433355065896 -0.0067609079574029417 0.0014438440632987591 0.030912451187126419 -0.00082407752371453169 0.010900876325317763 0.0013555214344480055 -0.012320763053643583 0.0063619224405115265 0.003248831072476724 0.013773507043302859 -0.011951208785386228 -0.01412600409201274 0.0002202503864432094
leaf_weight=348.79047576338053 5383.7644505077042 816.69121780712157 427.48390888003632 1254.7904850556515 136.07168490812182 83.918439202010632 92.311883814632893 271.35316822212189 148.04521471587941 95.351180663332343 161.59312013536692 454.95062184100971 129.84434059262276 125.70475925970823 284.56321902852505 253.33252718904987 961.60707312822342 301.00737643893808 1937.4547526757233 108.66014151275158 6643.1715834154747 2400.4600476641208 967.3705389155075 820.89566472731531 471.92111055459827 486.3398293950595 1245.6875805649906 1115.4351911153644 1393.401464832481 2934.8106032763608
leaf_count=1338 21300 3474 2004 8836 473 677 316 2448 2018 500 547 1528 481 856 1234 1424 2867 1132 10181 268 28600 10217 3332 4580 2212 2021 4142 11535 7363 12736
internal_value=0.00113699 0.000956506 7.8754e-05 -0.00497795 0.00439991 0.00143946 -0.0101028 -0.0115261 -0.023299 -0.00791407 -0.0155624 -0.00581912 0.000853744 0.00835107 0.00140731 0.00691135 0.00496488 0.0004634 -0.00106973 0.00232898 -0.000313328 0.00893294 0.00418843 -0.000630606 -0.00550096 0.00958789 0.00834537 -0.00400621 -0.00594594 -0.00313176
internal_weight=32256.8 31908 25426.5 3379.01 6481.44 1500.3 1878.7 1786.39 419.398 1366.99 245.512 1271.64 22047.5 1091.08 663.601 537.896 6345.37 20956.5 11503.2 9453.3 6751.83 2701.47 4122.06 1909 1292.82 616.184 2213.06 7381.1 5443.65 4050.25
internal_count=150640 149302 124662 20344 24640 10060 10284 9968 4466 5502 1224 5002 104318 5518 3514 2658 24167 98800 58583 40217 28868 11349 16768 9294 6792 2502 7474 41815 31634 24271
is_linear=0
shrinkage=0.05


Tree=98
num_leaves=31
num_cat=1
split_feature=3 0 25 3 16 15 16 3 20 13 16 20 6 2 2 24 15 25 25 22 25 5 3 2 10 2 10 19 22 6
split_gain=55.3552 57.1077 62.4577 49.2351 35.5313 30.677 31.0626 27.7448 27.4371 34.3759 33.841 34.994 38.6543 36.0413 52.278 33.1085 40.9781 32.3662 31.3344 42.4093 34.6216 63.5388 34.7569 29.648 29.3866 34.7232 31.2294 29.3048 29.0348 39.2959
threshold=2.1573992384987632 0 168.50000000000003 0.20925709967211095 0.0087432297818186133 58.500000000000007 -0.0054268865346157056 1.2451700431705592 3.1293587895084434 5.8080733891203336 -0.0046397562881802471 4.1373731611531603 17.223893323259155 0.89392083066644867 0.86712188169766546 39.187368055270348 6.5000000000000009 95.500000000000014 128.50000000000003 17.376258538672229 44.500000000000007 0.0014665495295842423 3.8073954370687768 0.57575319735390273 35.849917520445999 0.34090210188094544 35.522224413811607 45.892229726177121 0.3513468114642167 1.2261021431161556
decision_type=8 1 2 10 2 2 2 10 2 2 2 2 2 2 2 2 2 2 2 2 2 2 8 2 2 2 2 2 2 2
left_child=1 3 7 -1 5 6 -5 -3 15 18 -11 12 28 14 23 16 24 -17 20 -20 -10 -22 -23 27 26 -26 -2 -13 -12 -30
right_child=8 2 -4 4 -6 -7 -8 -9 9 10 11 13 -14 -15 -16 17 -18 -19 19 -21 21 22 -24 -25 25 -27 -28 -29 29 -31
leaf_value=0.018301146365593959 0.0021019102058887807 0.01736214418733743 -0.0032346142663486226 -0.040366777323321536 0.002440830892193397 -0.0028452848320958319 -0.010962170898038012 0.0079370566274660406 -0.0051396463378663958 -0.010187288102611229 -0.001777101817284259 -0.0040377456968727042 0.0033746030660157344 0.018665124218862104 -0.024769091915977395 -0.026792048840580687 0.013468693775072952 -0.0020508878905306084 -0.018094627203925146 0.0041648408524778873 0.049614766867007686 0.010381225570998567 -0.0073343699769499483 0.0026877142885766837 -0.048786749203863729 -0.0035520648800674093 0.028642138807587016 -0.041559167020885454 -0.035902842756153422 -0.0087385507275377014
leaf_weight=324.38828156143427 3755.9616703526117 1065.5613719001412 1053.1397010907531 115.05060944892466 2033.5124666616321 1162.4899814799428 409.46515196934342 2921.9804222546518 553.55654058605433 1370.8853209391236 1677.8897505626082 1474.6390084382147 1141.8427660129964 264.27102242503315 209.03661058051512 150.29488037060946 942.07997635751963 1097.2090733554214 368.07511270418763 511.11352190375328 91.970785595476627 1452.3744956217706 342.07623283052817 4545.6265767025761 59.189452863764018 149.78147278912365 114.20985483052209 53.94155704183504 140.37649135896936 2580.679111729376
leaf_count=1271 19469 3566 3173 541 5444 2959 2069 6800 4873 9995 6072 10610 2985 913 1224 2362 2449 4272 921 1499 257 5255 2650 24292 553 904 560 461 1055 21163
internal_value=0.000739103 0.00404438 0.00759537 -0.000380807 -0.00200967 -0.00737429 -0.017412 0.0104557 -0.000563896 -0.00161839 -0.00274229 -0.00189799 -0.00482239 0.000576763 -0.000184027 0.00225849 0.00406969 -0.00503162 0.00293901 -0.00515416 0.00585519 0.00908155 0.0070041 0.000662039 0.00189898 -0.0163645 0.00288512 -0.00536183 -0.0069501 -0.0101399
internal_weight=32132.7 9085.59 5040.68 4044.91 3720.52 1687.01 524.516 3987.54 23047.1 16778.4 13459.2 12088.3 5540.79 6547.51 6283.24 6268.73 5021.22 1247.5 3319.17 879.189 2439.98 1886.42 1794.45 6074.21 4079.14 208.971 3870.17 1528.58 4398.95 2721.06
internal_count=150617 25823 13539 12284 11013 5569 2610 10366 124794 94225 78770 68775 31275 37500 36587 30569 23935 6634 15455 2420 13035 8162 7905 35363 21486 1457 20029 11071 28290 22218
cat_boundaries=0 1
cat_threshold=2
is_linear=0
shrinkage=0.05


Tree=99
num_leaves=31
num_cat=0
split_feature=13 2 2 3 13 23 16 10 21 12 16 10 23 9 4 11 23 9 22 23 22 16 21 5 3 11 22 2 3 10
split_gain=40.0065 46.1789 42.6665 42.0047 33.6853 33.379 45.0897 32.3432 29.5823 28.8361 25.7733 37.1649 30.5252 29.3742 33.9226 26.2622 30.8847 30.571 25.729 30.2516 25.1702 27.4353 27.4823 34.39 24.5067 29.4496 23.2433 25.0796 23.1219 67.7905
threshold=5.8202914584495327 0.50049657775542522 0.52004164336809444 0.5827349521995191 6.3646973430799862 1.5309286639157047 -0.0071359613139813554 31.739346815451835 152.64095262627862 -0.22818453574733369 -0.00098523602083931444 34.348590108794937 0.90142997622059251 25.540554567120413 0.12068392691896769 3.4877671412830868 2.0714540230869742 25.78376181740418 19.763445744684038 2.9850570334393232 0.0048368735115676452 0.02039046942487633 147.85088328871598 0.0061053240323158927 4.0593788173619663 4.1858749764411201 46.933826962782241 0.52964622769170233 3.9115067236792789 36.496298542015943
decision_type=2 2 2 8 2 2 2 2 2 2 2 2 2 2 2 2 2 2 2 2 2 2 2 2 10 2 2 2 8 2
left_child=26 5 4 9 -3 6 -2 -5 -6 -4 11 12 -9 14 -14 -15 -17 -18 19 -7 -8 22 23 -22 25 -19 27 28 -1 -30
right_child=1 2 3 7 8 18 20 10 -10 -11 -12 -13 13 15 -16 16 17 24 -20 -21 21 -23 -24 -25 -26 -27 -28 -29 29 -31
leaf_value=0.0067633141934441256 -0.046460056325082051 0.016847395548725431 -0.0072989393637348035 0.0022224173243694328 -0.030615514898912635 -0.00034559478894969199 0.017661314344913647 0.021863793573360032 0.0050335879847353609 0.020441359043205473 -0.00064903714971224985 -0.021419617676953225 0.039960768799689655 -0.0023325976660082655 -0.0083249078813090877 -0.028465258618863749 -0.042085752912896263 0.0015182231493438816 0.017302552950445634 -0.021581588995240649 -0.059359186366071306 0.015767383670749612 -0.0087851986447774442 -0.016438060910591669 0.024757059157717698 -0.0388510755894311 0.014230913799519868 -0.0021055984360215606 -0.011398289466208224 0.032892455577815269
leaf_weight=3835.3809542139061 83.990070329979062 711.16633419087157 121.28237859159708 8712.7806703355163 70.887184707447886 1439.7044232808985 84.71230886131525 109.11182726174593 324.97728213993832 411.65542356297374 9547.9143396173604 355.29313824139535 73.87933313427493 1040.9872215185314 71.651416795793921 260.35865570791066 51.014695603400469 193.7020854735747 176.02611037716269 189.81424263492227 62.46438024379313 93.509436937049031 1067.7573724361137 184.56026666006073 74.373918102122843 58.918360410258174 543.65214633196592 1522.8273503631353 500.57549877697602 104.41474492568523
leaf_count=13249 426 3234 418 39129 463 10522 210 246 1838 1257 44742 2437 599 3150 285 4548 422 1415 624 929 551 249 5904 1110 518 524 1733 3998 5078 878
internal_value=0.000833269 -5.74101e-05 0.000772151 0.000269751 0.0103401 -0.00549945 -0.0108141 -8.9656e-05 -0.00135007 0.0141284 -0.00179146 -0.00655614 -0.00382558 -0.00536158 0.0161875 -0.007229 -0.0152136 -0.00608629 -0.000857551 -0.00281927 -0.0088088 -0.010401 -0.0122622 -0.0272914 -0.000469975 -0.00789706 0.00433372 0.00343141 0.00533033 -0.00375419
internal_weight=32079.3 25572.5 22190 21082.9 1107.03 3382.54 1576.99 20550 395.864 532.938 11837.2 2289.29 1934 1824.89 145.531 1679.35 638.368 378.009 1805.54 1629.52 1493 1408.29 1314.78 247.025 326.994 252.62 6506.85 5963.2 4440.37 604.99
internal_count=150686 125750 105225 99690 5535 20525 8450 98015 2301 1675 58886 14144 11707 11461 884 10577 7427 2879 12075 11451 8024 7814 7565 1661 2457 1939 24936 23203 19205 5956
is_linear=0
shrinkage=0.05


Tree=100
num_leaves=31
num_cat=1
split_feature=25 22 8 13 23 22 9 9 0 22 25 11 23 6 22 7 20 8 1 1 1 25 18 25 4 4 1 22 8 22
split_gain=60.3781 97.5085 71.4932 52.9455 42.5307 95.106 70.9239 67.779 42.4265 38.7983 53.0926 40.7086 38.415 50.0909 37.5206 35.1526 44.4099 39.9069 33.599 31.3894 39.0987 42.7447 30.3269 34.6965 30.0859 33.9776 44.7632 36.5786 30.9504 37.0357
threshold=74.500000000000014 3.5485066009694086 97.205980722015937 7.4429396178594613 1.4080431212981686 0.30625575084976214 27.019420655336891 26.465643230811434 0 0.065544717105080169 28.500000000000004 3.6565118097136291 1.1007701751607544 1.1668157945952349 0.42427038260945532 7.6037148726014356 4.1873141141721311 59.475597610939026 16.107591433661309 0.51318464782417872 0.55524351708002673 44.500000000000007 0.00079344922543108027 58.500000000000007 0.28798737052577694 0.026066319874764869 0.15560037244287969 1.0670924953105476 112.23578267131644 0.86883306117675263
decision_type=2 2 8 2 2 2 2 2 1 2 2 2 2 2 2 2 2 10 2 2 2 2 2 2 2 2 2 2 8 2
left_child=1 4 3 8 5 6 9 -7 15 10 11 -1 -9 -14 -2 17 -17 -3 -11 24 21 -21 23 -15 25 26 -6 -28 29 -27
right_child=14 2 -4 -5 19 7 -8 12 -10 18 -12 -13 13 22 -16 16 -18 -19 -20 20 -22 -23 -24 -25 -26 28 27 -29 -30 -31
leaf_value=0.016101280235013879 0.014819289535773892 0.0096712362384072537 -0.034495301091478241 -0.058996592427774414 0.046083278441278595 -0.041307057874645982 0.0059328524942777764 -0.025668078110389205 -0.03768328192669676 -0.031114582629112687 0.0083390862918135186 -0.015601764814299779 -0.024651392904997186 -0.0082390776267219339 0.0021491061850305746 0.048400574556207866 -0.014462835883599888 -0.034219277607651449 -0.008220817597336191 0.0072894700703535409 0.0052643923978529144 0.0627025175580916 -0.017080012681862544 0.021639110608033935 0.039800147921361849 -0.027759242612548859 0.028850249287918503 -0.024440425882461758 -0.013976126224052622 0.0082220476819144118
leaf_weight=119.45715965330601 601.12026286870241 156.16861192695796 379.89066024543718 41.758237662259489 74.253628795035183 211.81042558792979 2384.0024645719677 294.55048196017742 63.495420132298023 245.73878291249275 677.46172165311873 664.59095866046846 218.52256623096764 156.12866681348532 20896.08201351203 85.581396083813161 41.824910137802362 77.487061669118702 460.74415425956249 76.652416540309787 2288.6378386551514 63.740946587175131 133.17110704816878 257.29178652539849 40.893698062747717 85.714580290019512 54.921771325170994 77.835847098380327 677.84414735855535 431.75438191089779
leaf_count=232 1453 431 18284 595 571 2054 6669 1960 1939 2597 2117 3134 925 655 72959 872 620 860 1947 677 14784 339 496 664 237 746 378 1094 7028 3255
internal_value=0.000983417 -0.00211615 -0.0183935 -0.0052759 -0.000695522 -0.00339589 -1.88456e-05 -0.015486 7.9103e-06 -0.00656355 -0.00191307 -0.0107715 -0.0103248 -0.00441796 0.0025034 0.00663619 0.0277638 -0.00488414 -0.016184 0.00336555 0.00683555 0.0324479 0.0036712 0.0103556 -0.00247469 -0.00370748 0.0149944 -0.0023941 -0.00694638 0.00226204
internal_weight=32039.1 10541.9 846.206 466.316 9695.72 5823.47 4552 1271.48 424.557 2167.99 1461.51 784.048 1059.66 765.114 21497.2 361.062 127.406 233.656 706.483 3872.25 2429.03 140.393 546.592 413.42 1443.22 1402.32 207.011 132.758 1195.31 517.469
internal_count=150572 76160 23601 5317 52559 23450 16696 6754 4722 10027 5483 3366 4700 2740 74412 2783 1492 1291 4544 29109 15800 1016 1815 1319 13309 13072 2043 1472 11029 4001
cat_boundaries=0 1
cat_threshold=1
is_linear=0
shrinkage=0.05


Tree=101
num_leaves=31
num_cat=1
split_feature=24 16 3 12 13 2 2 18 7 13 21 16 14 26 2 2 2 2 21 11 11 0 2 17 13 21 24 11 3 19
split_gain=28.5131 28.1494 32.8234 37.2932 27.7049 41.3832 28.1454 29.0393 26.1988 32.1533 39.019 39.4537 30.2483 25.906 33.2358 25.8765 40.1449 26.119 28.15 25.8728 37.1705 32.388 29.888 28.0287 25.3742 24.9117 29.4637 35.4482 68.6926 45.0956
threshold=548.39296975714637 -0.03591948568308085 0.65998590823813463 -0.28033479888233331 5.8080733891203336 0.49375053675848657 0.47874240455499695 0.0090845954889769275 7.4341871332959046 7.4268973234170295 159.31021534800968 -0.0010735181316928639 8.5000000000000018 0.62500000000000011 0.68708508404681468 0.89392083066644867 0.49548497978011502 0.88309599148973927 168.58342746955114 3.6732908089427201 4.7321503966081 0 0.30815145450010756 -1.3010743319356954 6.3875918978156028 234.18556109141093 31.691187017188927 3.5602410439803931 3.5009829883060837 14.395163685606896
decision_type=2 2 8 2 2 2 2 2 2 2 2 2 2 2 2 2 2 2 2 2 2 1 2 2 2 2 2 2 10 2
left_child=1 -1 3 -3 25 6 7 19 12 15 11 -11 13 -7 -15 16 -10 -18 -19 21 22 23 -21 -6 -8 26 27 -4 -29 -30
right_child=-2 2 4 -5 5 8 24 -9 9 10 -12 -13 -14 14 -16 -17 17 18 -20 20 -22 -23 -24 -25 -26 -27 -28 28 29 -31
leaf_value=-0.012300662807167014 0.019207053841307557 -0.010786370998884234 -0.010091500499421174 0.013720091553881087 -0.0023931955240681364 0.026949266344451085 -0.01084067915953902 0.023996176150453231 0.03801875945721242 -0.04626733573266565 -0.0015123314351650702 -0.010367257411075862 -0.0096485521434348381 -0.0039087539862128927 0.013434059275348945 0.013263187589433442 0.00076103709821087053 -0.033626908666459482 0.004274177648266801 -0.053248488055582237 0.02826793340044333 0.0027342511838939817 -0.011423970068850943 -0.034206773085778068 -0.039927190999646207 0.019167095623194533 0.0062119848550716145 0.029014287717460282 0.0038366440486001492 -0.016712256592991522
leaf_weight=409.29577114339918 210.11048112437129 187.9132710956037 757.92924914136529 892.88092266768217 162.24840252567083 186.79007064923644 320.22621764987707 91.450971727259457 71.749512060545385 87.20842300914228 2525.7711043395102 625.06033014087006 238.53984527289867 443.03276825323701 733.83910668175668 420.62098802533001 15907.714243095834 114.53175881039351 85.610738295596093 44.897881723474711 56.64868537383154 1271.1928189741448 878.36595243774354 120.76693335548043 97.904869910795242 248.65178952459246 3136.6435779989697 219.47707005962729 1148.8163497326896 347.82848580228165
leaf_count=1180 598 700 2006 2818 754 664 2236 249 427 561 9113 3271 636 1382 1839 1356 83605 648 334 763 693 3595 8736 1022 711 681 9790 762 6625 2905
internal_value=0.000848446 0.000727274 0.00089696 0.00945925 0.000591983 -0.000147107 -0.00560287 -0.00368413 0.000627397 0.00013069 -0.00442702 -0.0147628 0.00677756 0.00965092 0.00690537 0.00101972 0.000701423 0.0005352 -0.0174148 -0.00468305 -0.0110457 -0.000671454 -0.0134579 -0.0159685 -0.0176512 0.00368038 0.00299405 -0.0010857 0.00289174 -0.000939033
internal_weight=32043.7 31833.6 31424.3 1080.79 30343.5 24484.2 3043.7 2625.57 21440.5 19838.3 3238.04 712.269 1602.2 1363.66 1176.87 16600.2 16179.6 16107.9 200.142 2534.12 979.913 1554.21 923.264 283.015 418.131 5859.35 5610.69 2474.05 1716.12 1496.64
internal_count=150660 150062 148882 3518 145364 122595 18759 15812 103836 99315 12945 3832 4521 3885 3221 86370 85014 84587 982 15563 10192 5371 9499 1776 2947 22769 22088 12298 10292 9530
cat_boundaries=0 1
cat_threshold=2
is_linear=0
shrinkage=0.05


Tree=102
num_leaves=31
num_cat=0
split_feature=24 16 3 12 13 25 24 1 24 1 11 4 25 3 8 11 24 1 21 21 10 9 6 22 6 24 20 25 13 15
split_gain=39.1741 37.4366 40.6372 31.8129 27.6632 28.8411 79.4956 36.8501 76.8868 58.174 55.0102 42.835 42.6421 40.9963 35.1515 33.1952 56.779 34.3453 31.7223 30.9563 33.9692 37.9946 37.2547 30.9052 31.9951 40.2099 36.6326 36.4271 44.5424 43.1567
threshold=377.82283839199721 -0.03591948568308085 0.65998590823813463 -0.28033479888233331 6.9283297172723985 59.500000000000007 12.931031034714078 0.89090216529949418 0.32256380879567143 0.47565819456676817 3.720279369245048 0.20967584686772942 36.500000000000007 3.9253317735663029 134.39513488593926 4.5738624666040808 1.5546364609247296 0.85589697592989455 147.50958600110675 235.73396721187339 33.366715829540233 26.583917799456412 1.4844042668690345 0.3513468114642167 1.7031735456160448 1.8855118939009892 3.1246031054168166 155.50000000000003 5.056404015997761 60.500000000000007
decision_type=2 2 8 2 2 2 2 2 2 2 2 2 2 10 10 2 2 2 2 2 2 2 2 2 2 2 2 2 2 2
left_child=1 -1 3 -3 5 6 7 9 12 11 -10 -4 13 -9 -12 17 -17 19 -18 20 22 -22 -11 -7 25 -25 -26 28 -28 -29
right_child=-2 2 4 -5 -6 23 -8 8 10 15 14 -13 -14 -15 -16 16 18 -19 -20 -21 21 -23 -24 24 26 -27 27 29 -30 -31
leaf_value=-0.014578869322994792 0.011448726900472111 -0.0088305287492825412 -0.0063463507382700074 0.014799777227443613 -0.0020790414616918638 0.010191517657892217 -0.034818110694125645 0.00023958526275169999 -0.0011897044258221514 0.033412008984275716 -0.0020437968881325797 0.044448217210061688 0.0089410902172862988 -0.01747245926052108 -0.027014030696591008 -0.0096227657032808417 0.085454338573836539 0.05421623517280471 0.034753226755407304 0.04802242708631585 0.040588654879835991 -0.0025087789929550308 -0.019067684383067152 0.0061026937396667959 0.010258399081823671 -0.01219991426424214 0.015040207024793351 -0.012348374840056487 0.0018742463783600072 0.0049056647184763319
leaf_weight=405.41478387825191 841.45729415118694 172.49066004157066 718.25845359126106 817.30729231238365 8248.7835431434214 1218.7672238759696 173.109493852593 2119.3422191739082 605.41976203024387 40.442788446322083 183.55473691411316 44.050904349423945 1209.5042992196977 386.23719198256731 607.10172531101853 59.495866436511278 41.035233108326793 39.496455666609108 124.30821000877768 39.827619208022952 93.498347745276988 112.88160841073841 206.42209330387414 470.13305034860969 1407.8440817971714 829.66157346218824 693.93593347724527 914.03107476606965 8650.7232675366104 600.52563033252954
leaf_count=1183 2386 629 7772 2592 42301 3194 10583 6652 1549 474 1630 317 3507 2720 5154 524 343 304 1357 337 790 1245 1998 1754 6406 4018 1817 2504 32925 1878
internal_value=0.000802869 0.000516062 0.000714572 0.0106818 0.000383941 0.00132498 -0.00136899 -0.000495744 -0.00252822 0.00633995 -0.012532 -0.00341113 0.00123107 -0.00249074 -0.0212171 0.0161541 0.0322641 0.00935283 0.0473363 0.00575915 0.00204539 0.0170161 -0.0104702 0.00256467 0.00187952 -0.0055799 0.00266991 0.0016861 0.00285195 -0.0055071
internal_weight=32075.1 31233.6 30828.2 989.798 29838.4 21589.6 6803.99 6630.88 5111.16 1519.72 1396.08 762.309 3715.08 2505.58 790.656 757.408 224.839 532.569 165.343 493.072 453.245 206.38 246.865 14785.6 13566.9 1299.79 12267.1 10859.2 9344.66 1514.56
internal_count=150843 148457 147274 3221 144053 101752 47256 36673 21212 15461 8333 8089 12879 9372 6784 7372 2224 5148 1700 4844 4507 2035 2472 54496 51302 5772 45530 39124 34742 4382
is_linear=0
shrinkage=0.05


Tree=103
num_leaves=31
num_cat=1
split_feature=3 16 11 15 20 10 12 23 3 22 25 11 0 25 3 19 3 10 18 23 23 22 16 19 11 1 16 3 1 10
split_gain=36.3769 39.7879 34.9032 33.6835 35.8877 29.5929 40.3412 29.9381 44.2682 46.0568 41.3782 29.5394 28.8586 41.4226 30.7248 27.4845 43.5514 40.4659 31.589 31.2697 37.6498 47.4959 46.3551 32.3443 28.3045 45.5228 41.5241 27.0291 26.4069 27.9666
threshold=1.2828378755946861 -0.029818383845385699 1.4736435597744295 63.500000000000007 3.1246031054168166 32.912248123260774 -0.043451679808265524 2.4202035580919916 3.5229257391546187 0.99826376477479439 24.500000000000004 3.6108837546028356 0 132.50000000000003 0.050007442200199967 3.1614603908122594 3.9895408706799844 30.076052889365396 0.013822656333281747 1.4126295126543618 2.4202035580919916 1.6266422210440887 -0.0052417641041841894 15.544203818847535 4.284150478195234 0.23413081564414975 -0.00028347111509241513 3.9533594949425224 0.71986353239349277 33.975617762835405
decision_type=8 2 2 2 2 2 2 2 10 2 2 2 1 2 10 2 8 2 2 2 2 2 2 2 2 2 2 10 2 2
left_child=1 -1 -2 4 5 7 11 -4 9 -9 -10 -7 13 -3 -14 -6 18 -18 24 -19 21 22 -21 -24 -17 -26 -27 -28 29 -22
right_child=2 12 3 -5 15 6 -8 8 10 -11 -12 -13 14 -15 -16 16 17 19 -20 20 28 -23 23 -25 25 26 27 -29 -30 -31
leaf_value=-0.017546563829894057 -0.013477299957419654 0.026195647064883289 0.0039486200986194554 0.012745138175475214 -0.0030531123814733011 -0.0022461820967500149 0.0038189693802284578 -0.024767186408985759 0.069439243315970817 0.015123350061917038 0.019057053705511216 -0.019480764887797399 0.024008910955894386 0.0067228968945537608 0.0014959999520699318 0.0017739858979533782 0.030231243293505652 -0.023459045120028957 -0.019813555267883191 0.054018326432340981 -0.026595878387533481 -0.015410990879313037 0.028162550526454 -0.014250459027232204 0.073139650434017447 -0.035421917528093545 0.042425213223198241 -0.0082260752506352602 -0.052166161024107718 0.020009220023573037
leaf_weight=189.28454683721066 474.69779408723116 362.87787964940071 3264.9871355509385 524.61241178587079 9564.1244674301706 698.46141352131963 1806.0187479574233 88.796062670648098 63.168335411697626 390.90520533919334 114.84424202516675 386.03350237058476 161.13067721948028 1103.8639358505607 2549.7781142815948 8792.0114476811141 61.957133585587144 349.06730962079018 166.2069672094658 65.26498831808567 100.17414306476712 189.3557405504398 81.905471237376332 99.629202915355563 34.639534084592015 38.302996494341642 75.034161297604442 40.584420434199274 55.164538234472275 47.430492997169495
leaf_count=557 1209 1171 13571 1527 50241 2455 9291 641 339 1427 732 3308 666 3775 6441 37952 500 3700 531 477 861 4873 441 628 455 663 723 464 516 371
internal_value=0.000634945 0.00487498 -3.65706e-05 0.000198876 -4.88065e-05 0.00308045 -0.000758332 0.00590912 0.0156413 0.00773933 0.0369353 -0.00838095 0.00589088 0.0115405 0.00283412 -0.00112772 0.000678219 -0.00896652 0.00178533 -0.0114246 -0.00484978 0.00342596 0.0178785 0.0048856 0.00218507 0.0213525 0.00969795 0.0246456 -0.0226509 -0.01162
internal_weight=31940.3 4366.94 27573.4 27098.7 26574.1 6813.21 2890.51 3922.7 657.714 479.701 178.013 1084.49 4177.65 1466.74 2710.91 19760.9 10196.7 1049.95 9146.78 987.992 638.925 436.155 246.8 181.535 8980.57 188.561 153.922 115.619 202.769 147.605
internal_count=150506 12610 137896 136687 135160 31764 15054 16710 3139 2068 1071 5763 12053 4946 7107 103396 53155 12367 40788 11867 8167 6419 1546 1069 40257 2305 1850 1187 1748 1232
cat_boundaries=0 1
cat_threshold=1
is_linear=0
shrinkage=0.05


Tree=104
num_leaves=31
num_cat=0
split_feature=3 18 11 15 25 22 25 22 22 8 23 7 10 6 18 12 11 23 22 18 1 20 8 20 10 3 20 8 18 8
split_gain=31.4751 48.1993 25.8767 28.5617 28.0177 44.4078 28.4043 93.2018 44.7153 38.3295 37.2783 36.1595 35.6788 27.3206 25.6464 25.2991 35.6213 35.3189 49.1541 30.1522 44.1658 44.3548 41.0657 37.4708 33.4241 31.2085 24.9096 23.7619 52.2064 30.4953
threshold=1.2828378755946861 0.0048903596676582893 1.6533733187874289 62.500000000000007 163.50000000000003 15.563200929310552 59.500000000000007 4.0024220392257615 0.3513468114642167 86.757808289287212 2.7520092714813873 7.4972784021317738 28.568178993727223 8.1842720651384457 0.0070878876504449325 -0.053007977812068514 3.3084681251892358 2.4202035580919916 0.047173283196602613 0.00057564126873116503 0.63684092782170276 4.9191513919276124 177.3895671270391 5.0359709307191363 33.386160676140882 3.6917389789341697 5.0286523112688233 108.26636118665193 0.0024450162046491127 113.19184853902557
decision_type=8 2 2 2 2 2 2 2 2 8 2 2 2 2 2 2 2 2 2 2 2 2 10 2 2 10 2 8 2 10
left_child=1 -1 -2 4 6 14 7 12 -8 13 -10 -12 -4 -9 -6 16 -14 18 -18 22 21 -21 26 -23 -22 -26 -20 28 -17 -29
right_child=2 -3 3 -5 5 -7 8 9 10 -11 11 -13 15 -15 -16 27 17 -19 19 20 24 23 -24 -25 25 -27 -28 29 -30 -31
leaf_value=0.012631221818462577 -0.0092877462300202749 0.0011206225486368494 0.025244395652612939 0.012041705778113681 -0.0059786503237274566 -0.00010270336205688486 0.010539523726516035 0.045720906779484177 0.0011851241351756494 -0.043656290932061512 0.00091528753689133812 -0.028330147504794359 0.010783280119249648 -0.022955392536247485 -0.029723979664438391 0.029368747413651364 -0.0011351054871766252 0.0052816334840134552 -0.043560568422227892 -0.046140646858877365 -0.010714934619434633 0.042613895386657434 -0.0096416173378642295 -0.023601646824262301 0.057721788618368068 0.0033738530594052021 -0.012513095131521044 -0.024320845464238364 -0.0058248733614112399 0.00011016221057061034
leaf_weight=1294.7304883897305 734.68965320661664 3056.348501663655 126.05989585071802 501.67782525345683 198.79174019396305 795.10986736416817 1268.5923415534198 22.439368615392596 15489.627576352563 185.84112979425117 209.16720316559076 213.65193707868457 289.14829561859369 40.83548725862056 265.69619128853083 211.29214124334976 743.44127671606839 413.19549003615975 269.81745228171349 111.11696573719382 122.37092582974583 33.85916540492326 249.14154927432537 57.902780099771917 47.5773597471416 59.385306285694242 84.940915702842176 131.45379288494587 210.20924122538418 4507.813092305325
leaf_count=4396 1925 8268 520 1502 461 2114 3292 685 66525 13478 528 1671 644 406 697 1782 2292 2940 2057 1884 1165 402 911 766 270 726 598 1413 1548 24855
internal_value=0.000593372 0.00454578 -2.98328e-05 0.000223393 -1.54318e-06 -0.00727829 0.000363643 -0.0021141 0.00150551 -0.0322122 0.000785284 -0.0138625 -0.00113637 0.00139951 -0.0195614 -0.00157727 -0.00571228 -0.00788748 -0.0109452 -0.0179843 -0.00790196 -0.0248953 -0.0252002 0.000831172 0.00713115 0.027548 -0.0361268 0.000450617 0.0118171 -0.000582091
internal_weight=31945.9 4351.08 27594.8 26860.2 26358.5 1259.6 25098.9 7917.84 17181 249.116 15912.4 422.819 7668.73 63.2749 464.488 7542.67 2481.9 2192.75 1779.55 1036.11 432.213 202.879 603.9 91.7619 229.334 106.963 354.758 5060.77 421.501 4639.27
internal_count=150721 12664 138057 136132 134630 3272 131358 59342 72016 14569 68724 2199 44773 1091 1158 44253 14655 14011 11071 8779 5213 3052 3566 1168 2161 996 2655 29598 3330 26268
is_linear=0
shrinkage=0.05


Tree=105
num_leaves=31
num_cat=0
split_feature=24 3 25 24 3 23 11 13 23 24 6 17 1 21 21 2 13 25 24 1 6 8 22 17 20 24 6 2 15 5
split_gain=38.5789 38.1044 34.3359 53.3782 40.8187 35.6398 56.2664 59.9404 49.1813 39.1837 45.5864 42.2972 49.9352 42.9454 35.4595 34.0006 47.3923 34.1115 44.8222 38.9326 39.5047 30.9303 30.8038 28.1043 27.6603 26.6893 27.1118 26.3684 26.7847 25.9827
threshold=377.82283839199721 0.65998590823813463 155.50000000000003 53.326796073536748 1.894457318779913 1.5246089934581477 4.5738624666040808 7.8068473601397406 1.4171203376289558 1.4762465068453356 1.8175348660634467 0.54713565144144494 0.14995976701205457 244.33908710701749 147.68631414778304 0.89392083066644867 6.753820581756905 97.500000000000014 45.594150778851294 5.465715528768686 1.7880884272010793 32.047136757131241 1.2684238792628253 0.75986251929400461 4.0664952497237179 112.50699727927609 11.472327273755964 0.85143424125109135 60.500000000000007 0.021138685503144544
decision_type=2 8 2 2 8 2 2 2 2 2 2 2 2 2 2 2 2 2 2 2 2 8 2 2 2 2 2 2 2 2
left_child=1 -1 5 4 -4 6 7 14 21 10 -7 13 23 29 27 16 -16 19 -19 25 -21 -9 -14 -13 -5 -18 -27 28 -3 -11
right_child=-2 2 3 24 -6 9 -8 8 -10 11 -12 12 22 -15 15 -17 17 18 -20 20 -22 -23 -24 -25 -26 26 -28 -29 -30 -31
leaf_value=0.0099470033040512437 0.011346227972676846 -0.002221055288235259 -0.0041766220231240327 0.0046594425438747462 -0.027093926377123247 0.0050634784102462178 -0.032040438482606078 -0.017008071338054466 -0.0046025074595252144 0.02514083038513934 -0.022872193663163939 -0.0092831387962327202 0.00051400587170942241 -0.03514681210050085 0.0023629531904363404 0.017227357310544155 -0.041061015555083159 0.03138350755473264 -0.0028920506641989061 -0.011455525777366164 0.018600601240701765 -0.059419730191148025 -0.025500793806587121 0.039252251743254023 -0.0071221209296934047 -0.036124766768265683 0.0048472797326516159 -0.023434362605325665 -0.01916978331280899 0.0042009714649001995
leaf_weight=1023.2420088835061 835.50084803625941 2775.4428421505727 368.60200008749962 1068.3751620016992 410.89115712046623 274.64681654796004 143.41244164900854 80.201515689492226 234.91649844683707 150.36157233919948 311.85322786122561 50.655791452154517 176.40819874405861 68.728883368894458 9278.2584137460217 320.95030213799328 161.61564982216805 102.94708943367004 1297.8811077587306 578.56038007326424 134.79717959091067 92.649306721519679 320.56785393878818 72.533728460781276 933.45880495384336 69.997148921713233 95.411355592310429 178.22272288333625 254.47932102158666 10033.420135585126
leaf_count=3361 2380 13169 816 2923 1090 1741 2489 278 637 2292 2765 629 1110 445 34078 763 4203 288 4947 1802 335 810 7175 668 2919 606 301 789 673 54084
internal_value=0.000743729 0.000458558 0.000135359 -0.00515665 -0.0162569 0.000675323 -0.000864373 -0.000578799 -0.0194976 0.00279823 -0.00979045 0.0034773 -0.00920269 0.0042443 -7.28852e-05 0.00117171 0.000732008 -0.00546669 -0.000373134 -0.012325 -0.00577607 -0.039741 -0.0162665 0.0192944 -0.000834322 -0.0266104 -0.0124912 -0.00474394 -0.00364456 0.00451014
internal_weight=31899 31063.5 30040.2 2781.33 779.493 27258.9 15799.7 15656.3 407.767 11459.2 586.5 10872.7 620.166 10252.5 15248.6 12040.4 11719.5 2441.21 1400.83 1040.38 713.358 172.851 496.976 123.19 2001.83 327.024 165.409 3208.14 3029.92 10183.8
internal_count=150566 148186 144825 7748 1906 137077 66168 63679 1725 70909 4506 66403 9582 56821 61954 47323 46560 12482 5235 7247 2137 1088 8285 1297 5842 5110 907 14631 13842 56376
is_linear=0
shrinkage=0.05


Tree=106
num_leaves=31
num_cat=1
split_feature=22 13 23 3 23 21 20 16 11 22 25 23 3 5 11 25 22 7 3 0 23 25 20 8 8 1 1 21 5 25
split_gain=27.0465 33.6634 24.6169 43.021 38.3302 36.7046 36.3963 33.426 32.3733 31.5099 38.2788 27.7272 25.6328 33.7208 25.3608 25.1197 39.1204 24.9755 23.8989 62.9519 28.0205 30.6238 48.7202 33.7371 32.6404 29.9196 36.0405 32.7797 27.4721 26.3729
threshold=38.147880473939587 7.2421997256109512 1.1643941001443745 4.2290563866678132 0.6760576040095726 226.78873388378193 3.0534973624608788 -0.0046397562881802471 4.135818394476213 1.3019911672476405 79.500000000000014 1.2592116178760351 3.9324588481051381 0.0029728540728039452 4.0646008357816932 52.500000000000007 0.041945452059137696 8.1440527066952928 1.8096052276312677 0 2.7520092714813873 46.500000000000007 3.1442246922422941 110.30534956461285 138.37249066791938 0.010456034394553506 0.078221842830149282 229.68151246688214 0.40961605883317415 144.50000000000003
decision_type=2 2 2 8 2 2 2 2 2 2 2 2 10 2 2 2 2 2 10 1 2 2 2 10 10 2 2 2 2 2
left_child=2 -2 3 4 -1 6 -6 11 14 10 12 -4 -10 -14 -8 16 -7 18 19 -9 25 22 24 -24 -22 -20 27 29 -23 -27
right_child=1 -3 7 -5 5 15 8 17 9 -11 -12 -13 13 -15 -16 -17 -18 -19 20 -21 21 28 23 -25 -26 26 -28 -29 -30 -31
leaf_value=0.011071672397323012 0.0079087753609410495 -0.0067126891386166468 -0.026051230884352919 -0.037399623680242494 0.01127961244433888 -0.0088937886522322211 -0.0031328883994909207 -0.0029681814984717446 -0.049421954221122028 -0.051738491993858583 0.030971272538476272 -0.0029358515312087855 0.014433557753958839 -0.044008127753954546 0.023971435485629401 -0.0085365752382946802 -0.052354837639904117 0.0078212264078397209 0.020454581287482329 0.01054866619319476 -0.0058056905343621575 -0.02272625591671901 0.017066659671904523 -0.034328673910682304 0.035556917555692118 -0.013327788874494512 0.00084932560904928719 0.016035512662541461 0.013570168861357233 -0.051527231850061299
leaf_weight=454.1666606105864 2208.426115848124 479.04655831679702 134.83721605222672 91.039225806947798 461.15711637586355 115.50056342035532 2158.1501225237735 1517.0266723912209 56.241379657760262 61.910738119855523 42.880122188478708 3425.7138065425679 65.472172705456614 39.618796773254871 89.898111983202398 670.45145507343113 93.849355526268482 1423.2944303937256 187.95857921661809 1993.0805568760261 81.194449815899134 381.49643570929766 45.361429817974567 107.83739623054862 115.60561118647456 408.09003762435168 14787.846628623549 86.271669544279575 60.383380919694901 50.809635750949383
leaf_count=1109 6318 1400 595 1292 1439 403 9257 4152 472 963 222 18183 575 576 521 2137 645 3423 940 5667 537 2717 361 953 719 3222 81011 410 121 175
internal_value=0.000502495 0.00530247 6.08285e-05 -0.00338572 -0.00266714 -0.00428569 -0.0016327 0.000672192 -0.00400111 -0.0204914 -0.0110182 -0.00381123 -0.0221785 -0.00759868 -0.002049 -0.0132576 -0.0283769 0.00142355 0.00096419 0.00470685 0.000158867 -0.00901543 0.0020327 -0.0191108 0.0184918 0.000626939 0.000383883 -0.0122413 -0.0177663 -0.0175573
internal_weight=31894.6 2687.47 29207.1 4400.34 4309.3 3855.13 2975.33 24806.8 2514.17 266.123 204.212 3560.55 161.332 105.091 2248.05 879.801 209.35 21246.3 19823 3510.11 16312.9 791.879 349.999 153.199 196.8 15521 15333 545.171 441.88 458.9
internal_count=150515 7718 142797 19611 18319 17210 14025 123186 12586 2808 1845 18778 1623 1151 9778 3185 1048 104408 100985 9819 91166 5408 2570 1314 1256 85758 84818 3807 2838 3397
cat_boundaries=0 1
cat_threshold=2
is_linear=0
shrinkage=0.05


Tree=107
num_leaves=31
num_cat=0
split_feature=22 23 3 13 25 25 24 22 24 24 3 18 25 9 16 12 13 2 17 2 20 18 2 7 18 25 18 22 17 2
split_gain=35.0037 44.3968 39.214 29.8498 29.0613 24.539 133.74 42.8581 39.8905 46.7027 37.4263 36.1989 34.7673 36.1961 32.5436 38.567 31.6305 45.1569 48.4696 38.3792 41.5897 33.335 32.0087 29.4121 28.3246 28.1107 42.9381 50.1287 32.0892 29.7485
threshold=26.37142048816381 1.0141485860589643 1.1357681864301539 7.4108617734256761 180.50000000000003 35.500000000000007 4.5564748672487854 0.13920248427219198 0.93168826593486165 0.18517261893403522 3.7115261062279656 0.00077269596523797082 42.500000000000007 29.429068371841186 -0.0057623109645700632 -0.10248423665024832 7.0311540490720255 0.73045579697892704 -1.1078855458567094 0.76438282994497364 3.061739224683226 0.0055855327514399674 0.59851412332197473 7.4341871332959046 0.013822656333281747 79.500000000000014 0.0026385332287615997 9.2256161515765047 0.47721583463223588 0.88753238665391077
decision_type=2 2 8 2 2 2 2 2 2 2 10 2 2 2 2 2 2 2 2 2 2 2 2 2 2 2 2 2 2 2
left_child=4 2 -2 -3 5 6 8 -7 9 10 -1 12 13 -9 -11 -16 24 18 -18 20 -19 -20 -23 -21 -13 28 27 -27 -25 -28
right_child=1 3 -4 -5 -6 7 -8 11 -10 14 -12 16 -14 -15 15 -17 17 19 21 23 -22 22 -24 25 -26 26 29 -29 -30 -31
leaf_value=0.0041221285799015496 0.00041461107144815686 0.0076097959203797602 -0.026722786030279357 -0.0022103913802632453 -0.012779748559498115 0.0079709747354156368 -0.03342763478297453 -0.033352913661468274 0.007644061374060384 0.013830031985547768 -0.0095757203829486132 0.0027580274546900943 -0.0037085903335657513 0.013545420010954859 -0.0454987406415817 -0.013168642432098419 2.6426651335303916e-05 0.040240625444606284 -0.023366581549288275 0.014071479563876896 0.0063544420936001815 0.014134818494741878 -0.014478080767650593 -0.019237513947483128 -0.0077389555574352391 0.046188889490758667 -0.0067971397127202099 -0.014964858564905512 0.018071266664303028 0.010060993004539096
leaf_weight=1534.1434511803091 392.796043317765 3953.623719449155 201.36318976432085 962.13944248482585 455.13087959587574 1832.1812388356775 342.99291215045378 195.26033329125494 1019.2332254238427 85.597808472812176 738.82062766514719 11484.739152102266 2216.4609844745137 52.125069266185164 112.8139445502311 505.92930341698229 907.24078137660399 106.92788077425212 607.7519992007874 261.73674451746047 591.111621895805 142.87585973367095 309.41992735210806 425.23362129926682 680.74315419979393 97.167074054479599 1187.8496606303379 51.15121634863317 66.669697948265821 335.63075388129801
leaf_count=4067 955 11336 856 2919 1263 5164 13438 1848 6632 676 3819 55170 10905 214 708 3149 3707 558 4971 700 2720 325 931 4536 1708 581 4572 604 615 992
internal_value=0.000503113 0.00412736 -0.00878237 0.00568774 -0.000254824 -3.46588e-05 -0.00346504 0.000656045 -0.000893572 -0.0038163 -0.000330319 -2.35806e-05 -0.00569288 -0.0234713 -0.0150658 -0.0190633 0.000785882 -0.00252331 -0.00845702 0.00121396 0.0115452 -0.0157176 -0.00543954 -0.00175937 0.00217065 -0.00367438 -0.000582985 0.0250985 -0.0141809 -0.0030832
internal_weight=31856.9 5509.92 594.159 4915.76 26346.9 25891.8 4339.53 21552.3 3996.54 2977.31 2272.96 19720.1 2463.85 247.385 704.341 618.743 17256.2 5090.77 1967.29 3123.48 698.04 1060.05 452.296 2425.44 12165.5 2163.7 1671.8 148.318 491.903 1523.48
internal_count=150639 16066 1811 14255 134573 133310 32489 100821 19051 12419 7886 95657 12967 2062 4533 3857 82690 25812 9934 15878 3278 6227 1256 12600 56878 11900 6749 1185 5151 5564
is_linear=0
shrinkage=0.05


Tree=108
num_leaves=31
num_cat=1
split_feature=13 24 13 10 7 9 9 3 17 25 24 13 7 17 1 2 24 21 22 12 7 15 5 5 5 0 3 24 18 15
split_gain=30.2552 25.9789 23.1392 34.2217 29.8064 33.8882 43.4781 40.3997 28.2079 25.7169 76.2625 36.9614 36.7916 46.305 50.0881 66.5596 65.2846 40.7953 33.1968 31.793 31.7636 30.9624 30.0291 29.6824 42.2388 57.434 28.222 27.7983 28.5521 27.2682
threshold=4.6420391312269764 548.39296975714637 7.1693825851564688 34.216565195899527 7.4318695174162066 29.287540558271257 25.499377814282038 2.9408622847196026 -1.3645923939188365 58.500000000000007 12.931031034714078 5.2010920724839798 7.7441128548107452 1.0483225031986116 18.303547972811746 0.73045579697892704 0.034748589486260979 227.92585832238635 0.37514031199082093 0.051881403498904466 7.9841073627711712 6.5000000000000009 0.036279764873874146 0.063506813904726095 0.07237439844322209 0 3.4937081840459823 0.097473381317940519 7.4588986090443944e-05 1.5000000000000002
decision_type=2 2 2 2 2 2 2 10 2 2 2 2 2 2 2 2 2 2 2 2 2 2 2 2 2 1 8 2 2 2
left_child=-1 2 9 4 8 6 7 -6 -4 10 12 -12 22 14 15 16 -14 20 -11 21 -18 27 -2 -24 25 -25 -16 -15 -29 -21
right_child=1 -3 3 -5 5 -7 -8 -9 -10 18 11 -13 13 19 26 -17 17 -19 -20 29 -22 -23 23 24 -26 -27 -28 28 -30 -31
leaf_value=0.011565151742312187 0.013581410852732338 0.018254564726135524 0.025621264445115144 -0.016657424471662623 -0.0010152559829526816 0.0021228554737959971 -0.0079606047646108256 0.045405761084334806 0.0020297778686540324 0.0092815989071806278 0.088492481347318311 -0.037467424463046593 -0.0016297286659426862 0.0043590040787958011 0.0062369660165920368 0.00019541074773378543 -0.013948793825661871 -0.0066972064409433017 0.0011558957698144668 0.018737179022718955 -0.041742776505039714 0.02037153499329257 -0.0089283074128694052 0.063795103576759091 0.0010050469495211396 -0.0016519846365095439 -0.0069285924121256911 -0.033499010497426679 -0.0061763459664161934 -0.0038970617386245264
leaf_weight=596.63335582893342 669.5610541771166 197.94096414744854 174.5962165761739 409.55858252290636 127.15426913928241 1956.2749653575011 2789.4712591641583 74.231201649643481 461.95166416466236 1361.8215276449919 6.0191486342810085 179.66399049619213 320.19072974473238 506.49451863393188 804.34175257384777 622.87465891800821 135.15726714627817 163.09541668649763 16320.157691527624 457.37091338261962 429.29819082096219 143.46493656933308 500.43655097251758 69.512538384646177 559.59711124980822 64.744332243688405 824.10541982203722 118.65870720893145 492.38495993893594 187.66303391754627
leaf_count=1805 6778 588 464 1844 408 7761 14862 658 1262 3632 264 12427 1139 1347 1946 2477 1552 1244 64114 1484 5112 259 5292 566 4836 632 3074 457 1865 432
internal_value=0.000412097 0.000198324 8.27695e-05 -0.00270684 -0.00168357 -0.00299397 -0.00634081 0.0160957 0.00850059 0.00075322 -0.00175357 -0.0333843 -0.000922714 -0.00308124 -0.00666583 -0.0127485 -0.0204435 -0.0287233 0.00178172 0.00312314 -0.0350876 -0.00149538 0.00510532 0.000353325 0.00704763 0.0322338 -0.000425705 -0.00430256 -0.0114821 0.0121521
internal_weight=31724.4 31127.8 30929.9 5993.24 5583.68 4947.13 2990.86 201.385 636.548 24936.6 7254.64 185.683 7068.95 5205.1 3299.06 1670.62 1047.74 727.551 17682 1906.04 564.455 1261 1863.85 1194.29 693.854 134.257 1628.45 1117.54 611.044 645.034
internal_count=150581 148776 148188 27259 25415 23689 15928 1066 1726 120929 53183 12691 40492 22388 16544 11524 9047 7908 67746 5844 6664 3928 18104 11326 6034 1198 5020 3669 2322 1916
cat_boundaries=0 1
cat_threshold=1
is_linear=0
shrinkage=0.05


Tree=109
num_leaves=31
num_cat=1
split_feature=3 24 22 23 8 25 19 3 25 9 1 25 24 4 8 22 15 6 19 18 3 1 20 17 0 24 25 24 1 8
split_gain=27.6943 24.0998 23.5004 29.1725 52.351 45.5345 42.3675 37.0664 32.7752 36.7321 30.0797 28.2923 62.5789 42.8837 36.7852 38.189 44.6701 43.7058 36.3209 34.5901 29.8864 29.2224 28.6461 28.0646 26.7819 34.7149 26.4862 37.6654 33.761 26.9973
threshold=0.20925709967211095 294.39298090075141 0.0070685028079306303 1.3185472235046096 163.66556992555934 90.500000000000014 17.692294629358532 3.9324588481051381 106.50000000000001 25.986213212801626 0.50752463691536065 143.50000000000003 25.852989706533872 0.42845651380155497 131.91935168022422 4.8929954638455371 2.5000000000000004 6.9552574584094558 59.562120584608479 0.0052433122478707213 3.2761541569248105 0.87603838754868846 2.9832774476153299 -2.6579366365174342 0 196.76075583222098 62.500000000000007 6.1699511504566269 0.14995976701205457 139.02086466645625
decision_type=8 2 2 2 10 2 2 10 2 2 2 2 2 2 8 2 2 2 2 2 8 2 2 2 1 2 2 2 2 10
left_child=-1 2 -2 4 5 7 10 24 9 -6 -7 14 13 -13 18 16 26 -17 -5 22 21 -19 -14 -8 25 -4 27 29 -28 -16
right_child=1 -3 3 11 8 6 23 -9 -10 -11 -12 12 19 -15 15 17 -18 20 -20 -21 -22 -23 -24 -25 -26 -27 28 -29 -30 -31
leaf_value=0.015487021658876214 0.0091526304424977018 0.0066909683272169673 -0.046371055344798656 0.0040798641840344829 -0.018599172680981362 -0.012205302715281094 -0.012458894989797301 -0.029485217935534276 0.025737568639759574 0.0016827806130238537 5.2539192732097337e-05 -0.03439389368261659 0.028485843985047273 -0.0070415197839206207 -0.019444493272325523 -0.034723461680522726 0.014246643514533495 0.0013369427700514684 -0.019676020216067552 -0.0036204849893999164 -0.033530174192367868 -0.029679089502841833 0.004085329795874575 0.011286794640232054 -0.0074279044067012429 0.041209072268439451 0.036197083378026094 -0.030288574572019916 0.0020502369873278926 -0.00051088282542761216
leaf_weight=319.8420405164361 744.73075361549854 1593.9008732400835 84.121000087819993 11120.0808784049 234.18064077943563 1001.9753127023578 150.64088096655905 267.05112036550418 134.5941963866353 4777.0967857805081 999.9376756651327 226.07323357462883 133.45965977013111 391.37635347247124 220.64827835932374 156.63027170440182 519.21820283681154 623.08988708164543 163.26139585766941 2255.5218493230641 86.768538879230618 86.482735686004162 1218.3841297701001 715.17136900126934 1367.5604944070801 13.073163611814378 79.508871875703335 141.30620851414278 807.99174391943961 1283.2664218880236
leaf_count=1328 1812 4505 3046 61519 1625 3802 550 3353 463 15746 3410 728 327 872 1593 6010 1236 3089 1021 6045 1237 572 3731 2293 6478 46 503 3653 3986 6122
internal_value=0.000848062 0.000699879 0.000381606 0.000158353 -0.0020757 -0.00595189 -0.00208587 -0.0123537 0.00138895 0.00073499 -0.00608262 0.00127411 -0.00234763 -0.0170563 0.00227495 -0.00184176 0.000886559 -0.0105793 0.00373613 0.000169966 -0.00583049 -0.00244329 0.00649425 0.00715533 -0.00923032 -0.034591 -0.00185231 -0.00560773 0.00510936 -0.00328875
internal_weight=31916.9 31597.1 30003.2 29258.5 9745.4 4599.53 2867.73 1731.81 5145.87 5011.28 2001.91 19513.1 4224.82 617.45 15288.3 4004.91 3051.94 952.971 11283.3 3607.37 796.341 709.573 1351.84 865.812 1464.75 97.1942 2532.72 1645.22 887.501 1503.91
internal_count=150701 149373 144868 143056 40812 22978 10055 12923 17834 17371 7212 102244 11703 1600 90541 28001 17093 10908 62540 10103 4898 3661 4058 2843 9570 3092 15857 11368 4489 7715
cat_boundaries=0 1
cat_threshold=2
is_linear=0
shrinkage=0.05


Tree=110
num_leaves=31
num_cat=1
split_feature=3 22 23 16 5 3 16 9 4 0 18 4 21 12 20 2 10 9 21 3 1 3 20 9 2 20 24 23 12 15
split_gain=26.7011 27.6707 27.7714 33.2142 29.7125 28.4761 41.4575 27.0445 41.6018 34.9369 40.152 34.4752 33.8657 33.7221 29.944 30.0932 33.3247 28.1625 28.5867 26.7562 31.0371 24.485 27.0948 28.1353 28.9625 24.3341 28.9068 24.3232 30.3156 24.1799
threshold=0.65998590823813463 0.0048368735115676452 1.3185472235046096 0.037160949944044661 0.39610478557722612 1.5771011017391146 -0.0031359055473123192 25.815063279090644 0.13457388863631442 0 0.0052971171303094035 0.11008518108938557 156.01939479007999 -0.073247922625615705 2.9223633310707302 0.40411543626351298 34.511601552185148 29.583652397408962 236.18299938109405 4.1707891682795966 16.920395516133102 2.101908163532793 3.1919497612678653 26.961189903675656 0.59851412332197473 4.0978415701712665 0.16764560651736643 0.8746055518390089 0.014508138362474369 87.500000000000014
decision_type=8 2 2 2 2 8 2 2 2 1 2 2 2 2 2 2 2 2 2 8 2 10 2 2 2 2 2 2 2 2
left_child=29 -2 3 7 5 6 -4 8 12 11 13 -9 25 14 -11 16 -16 18 19 27 -21 -17 -23 24 -24 -3 -27 28 -15 -1
right_child=1 2 4 -5 -6 -7 -8 9 -10 10 -12 -13 -14 17 15 21 -18 -19 -20 20 -22 22 23 -25 -26 26 -28 -29 -30 -31
leaf_value=0.011762541423096981 0.011721829970356826 -0.018712895885822978 -0.0035304387221850226 0.019237847937668071 -0.0051109575382893985 0.00093384525784309571 0.011346116899385195 -0.043244930595365258 -0.00037604013554027612 -0.031750626361168301 0.010147870540570376 -0.0073858644862590892 -0.037092942222902096 0.0020989084152212806 0.030454736398855153 0.013128752109685539 -0.0081250835123693275 0.015080773355963653 0.012086884179549022 -0.041029819190122246 0.015825313649678898 -0.0022862173846080538 -0.026001933862871945 -0.032131890889918302 -0.0026066417603051403 0.029987690245734638 -0.0085181356398393963 0.00017649292013715561 -0.033737562430237886 -0.006240398326217169
leaf_weight=891.06075559556484 508.64638315141201 432.2161291022785 664.51336206868291 179.31445458903909 1760.8638889491558 15445.506167916581 1586.158295083791 71.851950963493437 854.61632043123245 115.0686237514019 842.63897675275803 998.13760710181668 155.16302866628394 114.54790415242314 115.1838634442538 127.72609417513013 108.88886963017285 322.2146346885711 427.50361492391676 84.795257855672389 33.482072286307812 668.86814509890974 199.26653845096007 200.63901206338778 393.56465024175122 63.17991348542273 213.25829730508849 3749.8783916113898 121.72625568881631 235.88713628426194
leaf_count=2861 1212 3508 2220 401 4279 90950 4693 2188 2696 385 2084 4532 1441 446 392 295 537 948 1169 1385 126 1799 1145 792 1430 294 1764 12928 587 885
internal_value=0.00043604 0.000157314 -3.84301e-05 -0.00209837 0.00108314 0.00169949 0.0069538 -0.00246574 -0.00819745 -0.00133308 -0.000145959 -0.00979387 -0.0159356 -0.00142467 -0.00701674 -0.0054479 0.0117067 0.000797806 -0.000217695 -0.0014993 -0.0249352 -0.00786534 -0.00969905 -0.0159478 -0.0104704 -0.0113031 0.000282365 -0.000803907 -0.0163637 0.00799426
internal_weight=31686.4 30559.4 30050.8 10593.7 19457 17696.2 2250.67 10414.4 1718.43 8695.98 7625.99 1069.99 863.817 6783.35 1929.21 1814.14 224.073 4854.15 4531.93 4104.43 118.277 1590.06 1462.34 793.47 592.831 708.654 276.438 3986.15 236.274 1126.95
internal_count=150372 146626 145414 43272 102142 97863 6913 42871 9703 33168 26448 6720 7007 24364 6775 6390 929 17589 16641 15472 1511 5461 5166 3367 2575 5566 2058 13961 1033 3746
cat_boundaries=0 1
cat_threshold=2
is_linear=0
shrinkage=0.05


Tree=111
num_leaves=31
num_cat=1
split_feature=13 9 10 3 0 12 9 11 12 12 17 22 22 25 23 25 24 6 17 7 1 9 6 24 25 4 12 13 25 11
split_gain=31.1961 26.6357 24.3153 23.1924 31.0159 34.6715 23.6603 36.9987 48.9999 57.264 42.9222 35.7271 53.1624 38.3987 35.4331 51.2341 58.3453 32.0368 31.7942 31.7606 30.7239 29.9206 50.9972 32.4124 30.6635 42.3604 28.7827 32.8144 26.8275 26.7544
threshold=5.8202914584495327 29.57287071842558 28.568178993727223 0.8289220327544462 0 -0.19715999061660486 25.801845756636435 4.5738624666040808 -0.097207103784881427 -0.034040848182460844 -0.50564885183669805 5.3415849240474476 5.8042728787026041 98.500000000000014 1.344023623758172 85.500000000000014 0.097473381317940519 7.0870058743250768 -1.9873797295005897 7.4511733458513998 21.411884254570509 25.553219484579532 2.4177009327509489 0.18517261893403522 64.500000000000014 0.067919333913810373 0.092953116499497349 7.3523811440876363 69.500000000000014 4.5989672910226718
decision_type=2 2 2 8 1 2 2 2 2 2 2 2 2 2 2 2 2 2 2 2 2 2 2 2 2 2 2 2 2 2
left_child=1 -1 -2 4 -4 -6 11 20 -9 -10 -11 13 -13 14 15 16 -5 -14 -19 -16 -8 22 23 -21 25 -24 27 -20 -18 -12
right_child=2 -3 3 6 5 -7 7 8 9 10 29 12 17 -15 19 -17 28 18 26 21 -22 -23 24 -25 -26 -27 -28 -29 -30 -31
leaf_value=0.0034867445114435767 0.011690601230641806 0.027366983554944407 0.021530481405977742 -0.0055767754107930202 -0.014193921837833063 0.0075023290721869937 -0.00053664467385473175 0.077901112924492241 -0.048965075206191255 0.049609170683329214 0.052336120465026906 0.039667539937334358 -0.025801664890085143 -0.021965163532692927 0.029630109190994958 0.012918210913192422 -0.057772142099215607 -0.012591021239284989 0.0087971482483606474 0.013952976003389432 0.00777057653061047 -0.0075088856923321845 0.016162218340933673 -0.01668459922484334 0.005765297337861513 0.076247906209281055 -0.0073521528121475808 -0.01163512930689122 -0.024673509119636693 0.00031981300631823343
leaf_weight=6298.827843288891 439.19517891574651 118.97451591584831 266.9310257025063 251.10823045298457 240.88745747506618 781.61734396964312 16425.52510082582 29.394221028778702 36.065001218114048 78.234774214681238 28.186820490751415 84.724427615758032 120.0715440493077 384.67857493832707 78.305096490308642 128.06263979710639 112.83793168608099 388.1257709953934 1473.3510462222621 137.22193869203329 1193.9287821799517 1185.9781434969045 67.614910521544516 232.74681524280459 111.47204051166773 51.809341854415834 521.86327451840043 226.74556710664183 133.83267860300839 201.01189521281049
leaf_count=24518 1710 330 981 924 755 2227 82243 349 544 771 380 584 4043 1373 315 569 1689 1564 4560 378 2772 7457 636 1766 710 330 1707 960 940 2808
internal_value=0.00081465 0.00392944 2.79943e-05 -0.000177119 0.00635314 0.002391 -0.000532665 0.000356118 0.0159417 0.0106397 0.0176319 -0.00334281 0.000661527 -0.00726251 -0.004992 -0.0152867 -0.0225429 -0.000548939 0.00061276 -0.00153767 2.62689e-05 -0.00290354 0.00618641 -0.00532108 0.024625 0.042229 0.00291916 0.00607205 -0.0398143 0.00671677
internal_weight=31829.3 6417.8 25411.5 24972.3 1289.44 1022.5 23682.9 17992.3 372.893 343.498 307.433 5690.55 2814.88 2875.67 2490.99 625.841 497.779 2730.16 2610.09 1865.15 17619.5 1786.84 600.865 369.969 230.896 119.424 2221.96 1700.1 246.671 229.199
internal_count=150893 24848 126045 124335 3963 2982 120372 89867 4852 4503 3959 30505 13418 17087 15714 4122 3553 12834 8791 11592 85015 11277 3820 2144 1676 966 7227 5520 2629 3188
cat_boundaries=0 1
cat_threshold=1
is_linear=0
shrinkage=0.05


Tree=112
num_leaves=31
num_cat=2
split_feature=25 3 13 2 1 24 13 21 0 23 2 9 23 23 25 13 9 2 24 25 7 25 24 0 23 24 2 10 2 9
split_gain=27.6241 24.0846 23.65 24.757 39.0837 26.5555 23.1888 47.1276 30.8008 29.1051 29.6505 36.8885 36.2304 39.2151 33.7029 32.0658 32.0065 30.1265 27.3501 32.0997 35.6039 27.3023 114.063 38.0573 43.872 40.647 40.0404 36.9245 32.9443 33.0062
threshold=194.50000000000003 0.050007442200199967 4.6420391312269764 0.2914381857017983 0.49333247893820154 47.636532373989454 6.9675568081070782 134.68866048792123 0 0.9766412754941266 0.72683843346154897 29.4359039190986 2.3661132098830411 2.0624503390309559 88.500000000000014 7.5965842993439479 25.659379573419745 0.76189779946690106 36.737214393353817 119.50000000000001 7.5483159094078003 43.500000000000007 4.5564748672487854 1 2.4377086186796881 0.016479087727714562 0.89805219511259571 34.000168763618376 0.42643156133196458 25.723912582757503
decision_type=2 8 2 2 2 2 2 2 1 2 2 2 2 2 2 2 2 2 2 2 2 2 2 1 2 2 2 2 2 2
left_child=1 -1 -3 4 -4 -6 21 8 -8 -9 11 12 13 -11 -13 17 -17 -12 -18 20 -20 22 23 24 -5 -25 28 -26 29 -27
right_child=-2 2 3 6 5 -7 7 9 -10 10 15 14 -14 -15 -16 16 18 -19 19 -21 -22 -23 -24 25 27 26 -28 -29 -30 -31
leaf_value=0.019455955585855268 -0.022798663991953846 0.01070576182310122 0.0043286465426800617 0.024015543196857767 -0.035472206713276958 -0.0037921692366969747 -0.01245598763528019 -0.026513448687393866 -0.056741884421044803 -0.0090943057174990762 0.012312485737935782 -0.022979609245282143 -0.023727398583774137 0.011081705686492093 0.0074582045285285382 -0.027605445183028755 0.006617503893676051 0.0013772665447195709 -0.0044350258118769524 -0.00086866435158006411 -0.036704197695549827 0.002128774381113357 -0.030513260156244049 0.0093206081347184024 0.0084319029622742878 -0.056868935056701368 0.03054190550094121 -0.030692055946623331 -0.0035638779110958156 -0.013178195068322738
leaf_weight=166.23890879750252 128.01800474524498 544.29075136873871 235.58064243523404 327.90947161242366 172.35479204775766 107.34934030473232 114.58493507094681 113.25195870175958 59.727022359613329 1430.4672398534603 875.82991716312245 103.52737692790106 332.48540361970663 289.59296875353903 748.31515481229872 132.35873641353101 587.31496027298272 2242.5714025069028 184.30365101899952 729.61218362115324 159.41645466908813 17441.511913021095 329.70565400552005 665.32874226570129 217.3131449110806 53.647272732108831 80.453085154294968 83.471649568527937 2797.9550038641319 222.55330857262015
leaf_count=725 419 1657 1321 2025 1467 355 590 395 553 8074 4519 1030 1565 1106 2459 610 1964 13922 600 2095 1134 70704 12858 1632 1503 493 142 714 12463 1634
internal_value=0.000380575 0.000474631 0.000374084 0.000191733 -0.0106759 -0.0233135 0.000376408 -0.00191319 -0.0276303 -0.00134783 -0.000983176 -0.00498792 -0.00861805 -0.00569743 0.00375899 0.00138505 -0.00394293 0.00444852 -0.00205695 -0.00680352 -0.0194014 0.0012114 -0.00213711 -3.40451e-05 0.0113654 -0.00191019 -0.00427885 -0.0024255 -0.00519014 -0.0216644
internal_weight=31677 31549 31382.8 30838.5 515.285 279.704 30323.2 8103.36 174.312 7929.05 7815.8 2904.39 2052.55 1720.06 851.843 4911.41 1793.01 3118.4 1660.65 1073.33 343.72 22219.8 4778.34 4448.63 628.694 3819.94 3154.61 300.785 3074.16 276.201
internal_count=150728 150309 149584 147927 3143 1822 144784 40616 1143 39473 39078 14234 10745 9180 3489 24844 6403 18441 5793 3829 1734 104168 33464 20606 4242 16364 14732 2217 14590 2127
cat_boundaries=0 1 2
cat_threshold=1 2
is_linear=0
shrinkage=0.05


Tree=113
num_leaves=31
num_cat=0
split_feature=13 18 24 2 9 7 23 17 18 24 18 17 23 7 2 2 1 15 23 19 3 19 19 24 6 12 1 9 1 1
split_gain=21.5776 40.1155 26.8234 30.3279 26.1103 35.7879 30.7157 35.7059 36.8118 28.0953 24.8422 22.9644 23.4813 23.0354 23.7228 51.4554 31.1379 23.3604 22.9037 27.7965 27.7855 22.3681 30.8739 21.2322 48.7707 38.3079 44.302 41.0189 35.0091 43.0402
threshold=7.4588577605596358 0.0040876879933416186 154.55256892073402 0.89392083066644867 26.73535906644544 7.5403679265143131 1.956382899321949 -1.4081693643285613 0.0028324893890479979 112.50699727927609 0.0023137087111265628 -2.8031212170496125 1.7705547518841414 8.2453541672728203 0.22251522809401764 0.2914381857017983 0.49333247893820154 13.500000000000002 1.0141485860589643 4.2550388529583723 2.7704962355209415 21.964334380512135 10.404107189493603 0.097473381317940519 1.1510281255574042 -0.047473109547206072 10.384940478091462 25.6395588967988 10.384940478091462 20.890192348578303
decision_type=2 2 2 2 2 2 2 2 2 2 2 2 2 2 2 2 2 2 2 2 8 2 2 2 2 2 2 2 2 2
left_child=2 4 3 11 5 -2 7 -6 9 -9 -4 12 -1 14 -13 16 -16 -18 19 -12 -20 22 -3 28 25 27 -27 -25 -17 -30
right_child=1 21 10 -5 6 -7 -8 8 -10 -11 18 13 -14 -15 15 23 17 -19 20 -21 -22 -23 -24 24 -26 26 -28 -29 29 -31
leaf_value=0.0014695026836320756 -0.010431445328412524 -0.00066883021757732858 0.024126934365064415 0.012885608481456381 0.0092779347472883526 -0.044967321549235016 0.011038198317982409 -0.026612662049159342 -0.036818927095776111 0.020968430298571972 -0.019211426374949808 0.013192190562160845 0.022384472064459648 0.01005211446989262 -0.00020148212598658182 0.016402311242716079 -0.054011559107378572 -0.017997243931327612 0.0063464885678016494 0.0035340683685570196 -0.010939914210833028 -0.016183784457923546 0.018201460882721444 -0.055283070053650879 -0.00019746888606540859 -0.026929178182235954 0.00023988817099783317 -0.014350214924853512 -0.0044186125304248886 0.010605037059766911
leaf_weight=329.38366114581004 192.66756829246879 2291.599817304872 154.90934161841869 462.18002634868026 123.3374314927496 122.83853098889813 182.15487987361848 58.96569610433653 183.19639197643846 65.472510412335396 226.27075958624482 309.99264380522072 226.46630315389484 525.27916267327964 105.96417321590707 455.75157462991774 82.284267133101821 99.44245433807373 3424.4173647593707 330.53043320868164 249.39003569632769 201.73867739224806 239.40252122003585 68.903481479734182 17150.640635911375 175.06410076189786 1049.7655870988965 547.7206712057814 1301.6086279600859 752.22511680424213
leaf_count=1260 797 6976 410 1498 420 1384 803 599 1131 200 749 1289 717 1482 774 2058 1012 308 10013 893 635 700 648 626 98745 2310 4174 2789 3756 1572
internal_value=0.000397906 -0.00321194 0.000869467 0.000203287 -0.01219 -0.0238776 -0.00617571 -0.0134514 -0.022564 -0.00157812 0.0044609 -4.95767e-05 0.00999075 -0.000296251 -0.000542221 -0.000737617 -0.0217433 -0.0343042 0.0037408 -0.00570916 0.00517303 -0.000161051 0.00111607 -0.000456563 -0.00102771 -0.00876026 -0.00364337 -0.0189242 0.00386576 0.00108386
internal_weight=31689.6 3661.37 28028.2 23642.7 928.633 315.506 613.127 430.972 307.635 124.438 4385.52 23180.5 555.85 22624.6 22099.4 21789.4 287.691 181.727 4230.61 556.801 3673.81 2732.74 2531 21501.7 18992.1 1841.45 1224.83 616.624 2509.59 2053.83
internal_count=150728 13658 137070 124370 5334 2181 3153 2350 1930 799 12700 122872 1977 120895 119413 118124 2094 1320 12290 1642 10648 8324 7624 116030 108644 9899 6484 3415 7386 5328
is_linear=0
shrinkage=0.05


Tree=114
num_leaves=31
num_cat=0
split_feature=3 13 2 9 25 24 23 17 23 24 25 24 23 10 18 25 3 8 24 16 13 25 24 1 24 24 1 18 7 12
split_gain=23.4526 22.8703 42.6583 52.143 30.1166 29.6308 40.3634 28.5283 35.3675 28.3722 25.9775 66.3361 78.1628 36.207 32.9823 30.0988 27.2139 65.2497 57.9579 55.6012 50.8345 41.186 101.326 50.7666 62.5722 58.8448 43.1823 76.936 41.3204 51.3762
threshold=0.050007442200199967 6.9675568081070782 0.72238700735767825 29.368439165877287 117.50000000000001 100.19069154047617 1.6422690505400042 -0.47907736441822019 1.3717776762642184 33.723150171613106 129.50000000000003 35.215099287379502 2.4377086186796881 33.40671359643396 0.0053509867788932167 169.50000000000003 3.0655075679445543 43.955660116795023 31.691187017188927 0.011446523649158751 6.3328559151876505 43.500000000000007 4.8559833817668379 0.94961877231241021 0.76366932030759871 3.4706815819334942 0.51318464782417872 0.0023137087111265628 8.0153826326268263 0.040268548575487222
decision_type=8 2 2 2 2 2 2 2 2 2 2 2 2 2 2 2 10 10 2 2 2 2 2 2 2 2 2 2 2 2
left_child=-1 5 3 7 -5 10 -7 8 -3 -6 14 12 13 -12 16 -13 -2 -18 21 20 -20 22 28 25 -25 -23 -27 -28 -19 -30
right_child=1 2 -4 4 9 6 -8 -9 -10 -11 11 15 -14 -15 -16 -17 17 18 19 -21 -22 23 -24 24 -26 26 27 -29 29 -31
leaf_value=0.019348554459901759 0.0047117136475936724 -0.024768705054708913 0.00107815920010015 -0.0086420993656007652 -0.012495701669750586 0.0029285105487801798 0.015163819344363824 -0.019590788376353793 -0.0021554466475639644 0.013378901788454692 -0.039790821423875543 0.0058641261993417461 0.0024371137978649021 -0.014268683382470386 0.007404138362112709 -0.011501831795493217 -0.036295262241535273 0.0064360235652167952 -0.0084167596111063888 0.057664454929346159 -0.04825254021774765 -0.010083238416696318 -0.032721698637008821 0.0069679434664339894 -0.0048930894408530622 0.0071667311666862802 0.043762224508929026 0.0060142511102672007 -0.010126959672192841 0.0037556890164754386
leaf_weight=169.04252341762185 2854.9298650114797 215.98337286803871 5240.987564382609 410.51285672886297 130.77299357950687 4726.9008102575317 786.16731845960021 704.65890700602904 867.00428408849984 558.06150491535664 271.11163956671953 1190.7292505837977 392.24637611955404 285.0908644720912 1903.0054378211498 315.65619522333145 127.80262320581824 1183.9545492585748 186.47816175175831 21.40106143290177 140.36746741225943 267.26592716947198 276.00450586387888 2003.9726201687008 2497.9375416440889 648.46728666778654 291.46682612970471 251.42286709137261 1706.6652386905625 1093.3931396324188
leaf_count=749 8389 1389 26509 2549 437 13635 2926 4422 3762 1598 808 3234 851 759 5991 881 633 7889 3153 175 4986 2248 10949 6057 12046 6652 3337 1955 7329 4446
internal_value=0.000774477 0.00067496 -0.00161026 -0.00649076 0.00207801 0.00146797 0.00467327 -0.0117603 -0.00666527 0.00846669 0.000481276 -0.00429671 -0.0146552 -0.026709 0.00124022 0.00222517 0.00037464 -0.000782928 -0.000353496 -0.0204124 -0.0255247 0.000329974 -0.00342446 0.00301328 0.000386711 0.01112 0.0158766 0.0262804 -0.00139481 -0.00470593
internal_weight=31719.5 31550.4 8127.98 2886.99 1099.35 23422.4 5513.07 1787.65 1082.99 688.834 17909.4 2454.83 948.449 556.203 15454.5 1506.39 13551.5 10696.6 10568.8 348.247 326.846 10220.6 4260.02 5960.53 4501.91 1458.62 1191.36 542.89 3984.01 2800.06
internal_count=150744 149995 40666 14157 4584 109329 16561 9573 5151 2035 92768 6533 2418 1567 86235 4115 80244 71855 71222 8314 8139 62908 30613 32295 18103 14192 11944 5292 19664 11775
is_linear=0
shrinkage=0.05


Tree=115
num_leaves=31
num_cat=1
split_feature=2 13 20 9 24 0 16 6 22 4 3 24 11 7 2 1 4 1 22 24 16 17 6 11 6 16 19 2 2 20
split_gain=26.9053 25.2404 30.5801 27.2946 30.7463 39.077 28.3806 26.8872 62.2008 43.4725 38.2475 32.4802 41.9325 40.5244 32.262 31.4231 39.2123 36.6548 34.7498 43.1719 53.8904 29.9758 25.6088 25.3377 47.6072 25.1488 25.1373 25.1087 28.7536 24.8415
threshold=0.89392083066644867 7.4588577605596358 3.0339929509574528 29.294849651588468 39.187368055270348 0 -0.010871842078990774 2.0878733570950341 0.30625575084976214 0.0031987876596571256 4.268408365433487 3.5973734088799119 3.8384837626329609 8.2307776486780959 0.85143424125109135 0.97291612933940796 0.086853460890005618 0.95818560056879021 0.96429531422119663 5.4872012726517019 0.0016688136514465361 -0.47907736441822019 5.597526611196459 4.6570773124481528 1.8794563973331615 2.0341256221374762e-05 12.647259642300693 0.40411543626351298 0.56495456569492986 5.1997800855528551
decision_type=2 2 2 2 2 1 2 2 2 2 10 2 2 2 2 2 2 2 2 2 2 2 2 2 2 2 2 2 2 2
left_child=1 2 -1 6 -5 -6 -3 8 10 -10 14 13 26 -11 25 17 27 18 22 20 -20 -22 -9 29 -25 -4 -13 -17 -29 -14
right_child=-2 3 7 4 5 -7 -8 15 9 11 -12 12 23 -15 -16 16 -18 -19 19 -21 21 -23 -24 24 -26 -27 -28 28 -30 -31
leaf_value=0.0053382351287042523 0.0092599670061809473 -0.034719897494713402 -0.0018534074764551178 0.0093430840765816384 -0.00054878838865594687 -0.027969594738442301 -0.0067569490263803796 -0.0054262485982886494 -0.029005044948133593 -0.0044181556373237545 -0.02870193700576958 -0.011113171802860389 -0.035204910573857821 0.02789461031659243 -0.019001900984224766 0.020171346934166081 0.017710130415570069 -0.025800443115416447 0.020320803396076888 0.00050022362316006971 0.0081875505086178788 -0.019100946004428659 -0.032234816565249583 -0.019162329014837519 0.096752341952637821 0.006023620336592447 0.016177165126463715 -0.019063988907333403 0.0035013042056765975 0.027924065559647937
leaf_weight=3295.0863557080738 866.23687070189044 96.449868956580758 1739.7360855937004 634.70253864116967 859.81400245148689 153.0557223027572 1532.5630468563177 312.00527286529541 239.188696234487 1336.6826490387321 104.95597225148231 326.18926055403426 308.17095613572747 104.62519405782223 178.00217333436012 146.46721587749198 627.60762908775359 130.3414476015605 625.90477442368865 14105.566197251435 248.29686712473631 169.22167814522982 124.67690347135067 42.260197477415204 11.207072262652217 2426.6812807992101 113.82501191552728 192.76714399782941 527.44942370802164 16.413325319532305
leaf_count=16484 3105 373 6936 1958 2174 1164 6413 2525 1364 7540 1304 1221 7238 228 578 511 1978 739 3528 65982 1397 909 1057 1598 261 8090 338 1005 1989 338
internal_value=0.00056968 0.000324712 0.000819764 -0.00382315 0.000714577 -0.00469237 -0.00841257 0.000203463 -0.00242182 -0.00873494 0.00112334 -0.00658905 -0.0145464 -0.00207256 0.00184388 0.00126331 0.00819205 0.00060452 0.000825343 0.00122619 0.0110401 -0.00287257 -0.0130803 -0.026759 0.00513411 0.00273448 -0.00405358 0.00129954 -0.00253833 -0.0320127
internal_weight=31596.2 30729.9 27453.3 3276.59 1647.57 1012.87 1629.01 24158.2 6947.94 2498.56 4449.38 2259.37 818.066 1441.31 4344.42 17210.3 1494.29 15716 15585.7 15149 1043.42 417.519 436.682 378.052 53.4673 4166.42 440.014 866.684 720.217 324.584
internal_count=150325 147220 135138 12082 5296 3338 6786 118654 37034 20126 16908 18762 10994 7768 15604 81620 5483 76137 75398 71816 5834 2306 3582 9435 1859 15026 1559 3505 2994 7576
cat_boundaries=0 1
cat_threshold=1
is_linear=0
shrinkage=0.05


Tree=116
num_leaves=31
num_cat=0
split_feature=22 3 13 2 23 2 23 16 3 18 9 9 17 24 11 9 8 6 9 10 21 22 22 10 15 23 23 10 8 22
split_gain=22.2292 19.9323 20.5074 30.3144 25.7031 30.4012 24.0741 22.1806 21.9489 29.2543 22.0455 31.8353 38.9874 33.1432 30.4655 27.1305 29.079 36.8173 34.7351 30.7912 26.3785 26.2736 26.368 26.1395 25.7044 28.6358 65.7487 28.4513 37.4295 24.1525
threshold=64.53775028533569 0.20925709967211095 5.8202914584495327 0.49375053675848657 1.7080307303491959 0.47222950720729984 2.9116699129939394 -0.0046397562881802471 1.894457318779913 0.0060590301709639045 25.698691966220569 25.624387557338309 -0.64358760805368964 0.76366932030759871 4.1427491675352366 25.900360583707329 170.97977552743905 5.1054000108533835 29.221005544637805 32.203446248043186 157.35236835671864 0.86883306117675263 1.6563016636234222 33.066542778470044 23.500000000000004 1.8072238638587779 1.5887561049728054 33.087464398714239 89.639383603575411 5.2540530444832294
decision_type=2 8 2 2 2 2 2 2 8 2 2 2 2 2 2 2 10 2 2 2 2 2 2 2 2 2 2 2 10 2
left_child=1 -1 -3 4 -4 6 -6 -5 9 -9 11 12 24 -13 -12 -16 17 -17 20 -19 -18 -15 -23 -21 25 26 -10 28 -27 -24
right_child=-2 2 3 7 5 -7 -8 8 10 -11 14 13 -14 21 15 16 18 19 -20 23 -22 22 29 -25 -26 27 -28 -29 -30 -31
leaf_value=0.013109529750743474 0.017123210515660844 0.0027138540795089861 -0.0090455109391492476 -0.0042778718055762081 0.0071238937591293974 -0.017133136782305589 -0.011446935233975733 0.0095848881844643671 0.0079832812647768706 0.00018734304772057017 1.1456709050167078e-05 0.0025110745542374652 -0.0066856054055598971 -0.053228550240525786 -0.0066433751747660523 0.0022866100679042032 0.042646344076563175 -0.0012095845638056091 0.063866054771545597 0.071645987420295404 -0.0025384535738138809 0.0086353621919456388 -0.042788909712463685 0.02441404550686831 -0.011865280443608146 -0.0071163199787686654 0.053581944642284302 -0.031057226030659902 0.038720277434238899 -0.014101492185185785
leaf_weight=299.44883169233799 196.91016203537583 6229.1233329758979 1778.2236257260665 2490.3255029194988 891.191762549337 213.11934730084613 217.0073786303401 1506.3212601160631 302.47677733190358 1839.3766174763441 11955.568389822729 234.37060699239373 1170.6251403111964 53.942386716604233 254.06032848684117 682.26904223440215 54.624306140467525 63.984758373815566 52.680944027379155 45.58481387514621 79.034318326041102 85.774653572589159 102.2029185462743 81.963468353264034 140.85392926447093 136.78018082305789 107.02548453770578 61.323824620805681 66.042378148529679 260.07272591581568
leaf_count=1306 604 24364 10080 13428 6116 1645 1130 4655 1851 4512 51798 875 6988 403 2842 9209 376 634 325 368 637 506 922 732 436 665 682 446 498 1744
internal_value=0.000375978 0.000271141 0.000147747 -0.000493513 -0.00512065 0.000161417 0.00348736 0.000163554 0.000735546 0.00441837 -3.49744e-05 -0.00413434 -0.000840731 -0.0130134 0.000805763 0.00803174 0.0115486 0.00772454 0.0294807 0.0270952 0.0159279 -0.0202615 -0.0162925 0.0412944 0.00755968 0.0116213 0.0199007 -0.00121425 0.00780883 -0.0221946
internal_weight=31652.3 31455.4 31156 24926.8 3099.54 1321.32 1108.2 21827.3 19337 3345.7 15991.3 2721.49 1985.13 736.363 13269.8 1314.2 1060.14 873.802 186.34 191.533 133.659 501.993 448.05 127.548 814.503 673.649 409.502 264.146 202.823 362.276
internal_count=150777 150173 148867 124503 18971 8891 7246 105532 92104 9167 82937 16016 11566 4450 66921 15123 12281 10943 1338 1734 1013 3575 3172 1100 4578 4142 2533 1609 1163 2666
is_linear=0
shrinkage=0.05


Tree=117
num_leaves=31
num_cat=1
split_feature=25 13 2 4 23 22 15 25 0 21 16 17 17 2 21 13 2 25 9 13 9 9 3 1 25 9 16 13 3 7
split_gain=27.7725 32.4521 35.6994 28.6213 26.1085 28.1403 31.3991 24.288 33.9544 26.9493 37.9442 32.8655 30.6817 23.7642 35.0957 39.6544 28.4514 26.7357 27.506 24.967 39.5723 30.8693 30.3596 36.9511 30.1968 23.8173 25.9056 23.4027 23.3834 27.429
threshold=167.50000000000003 5.8202914584495327 0.49375053675848657 0.37528200357864389 1.3185472235046096 28.359419421329857 51.500000000000007 100.50000000000001 0 229.97328478656078 0.00073191603486385084 0.78454328116583039 0.91068808254091305 0.59697431285341407 166.71933340933927 6.0711721395027656 0.7578827536082533 130.50000000000003 25.822085308797117 6.6134880541953782 26.812262328067458 25.912478693730787 3.6434339320473321 0.55524351708002673 104.50000000000001 25.629519240268934 0.004388178985666887 6.753820581756905 3.8898269827081768 7.4997070772376491
decision_type=2 2 2 2 2 2 2 2 1 2 2 2 2 2 2 2 2 2 2 2 2 2 10 2 2 2 2 2 8 2
left_child=1 -1 7 -2 13 -6 -7 9 -9 11 -11 -3 -13 14 28 -16 19 18 -18 20 21 25 23 24 -21 -15 -27 -5 29 -4
right_child=3 2 4 27 5 6 -8 8 -10 10 -12 12 -14 16 15 -17 17 -19 -20 22 -22 -23 -24 -25 -26 26 -28 -29 -30 -31
leaf_value=0.0040031530156246194 0.00014394368389342827 -0.010872343705891126 -0.027488912446120811 -0.0086715861816316197 0.0011904440747749915 0.0042391810490789239 0.023133433854032381 -0.011919978432513273 0.0044376552836016226 -0.042065936676920601 -0.0023139622733207837 0.040227522855979192 -0.00042196156229063982 0.016667960759564265 0.022603362393133059 -0.0051723224153166925 -0.021249052538556534 0.0075936730516171259 -0.0045635708871330461 -0.037105550059696478 0.00037220892187820399 0.021116714414806309 -0.032177719373054615 0.0042531392961881733 -0.0058308156350530636 -0.023478285586963649 0.012968437675932948 -0.030368676173408667 -0.033523979811643671 -0.0054558838134955165
leaf_weight=5677.5363656813279 905.24478200823069 1018.3948461071122 181.34788464941084 649.81918553635478 12216.489897126332 774.10070672631264 307.12635669857264 463.48000590875745 1005.4863877557218 139.2857733531855 105.49774110410362 60.536308758426458 199.07639624783769 162.18885856634006 166.93572480045259 558.10020236857235 290.219094555825 371.13178182393312 1658.4310454269871 102.5111708198674 1464.4006651369855 549.53241488523781 83.047012566123158 976.61488289851695 312.36108236759901 122.83477742224932 80.842166832648218 153.6704980917275 125.22521258099005 638.90588726149872
leaf_count=22813 2711 9472 600 1875 70370 1759 1196 2218 2900 1490 1009 544 1076 686 460 2065 1307 1021 5521 985 4572 1780 982 3441 1242 713 248 422 1732 3369
internal_value=0.000246612 0.000601937 -0.000198197 -0.00595261 0.000525191 0.00187472 0.00960616 -0.00531029 -0.000723413 -0.00973503 -0.0249335 -0.00682399 0.00905666 -0.00176244 -0.00705307 0.00122288 -0.00033097 -0.00470604 -0.0070486 0.00230223 0.00546987 0.0136248 -0.00281013 -0.00105741 -0.0135585 0.00237192 -0.00901208 -0.0128212 -0.0133995 -0.0103271
internal_weight=31520.4 29811.6 24134.1 1708.73 21142.3 13297.7 1081.23 2991.76 1468.97 1522.79 244.784 1278.01 259.613 7844.63 1670.51 725.036 6174.11 2319.78 1948.65 3854.33 2379.8 915.398 1474.53 1391.49 414.872 365.866 203.677 803.49 945.479 820.254
internal_count=150579 145571 122758 5008 104049 73325 2955 18709 5118 13591 2499 11092 1620 30724 8226 2525 22498 7849 6828 14649 7999 3427 6650 5668 2227 1647 961 2297 5701 3969
cat_boundaries=0 1
cat_threshold=2
is_linear=0
shrinkage=0.05


Tree=118
num_leaves=31
num_cat=0
split_feature=13 2 2 17 25 10 18 24 25 18 6 26 20 2 20 18 2 23 9 23 1 1 1 25 3 8 17 25 20 6
split_gain=20.5779 32.4833 25.822 30.4436 35.6604 27.2873 24.5563 36.1355 40.8816 28.1093 26.8394 24.873 26.6184 23.1954 23.0819 41.2329 30.0222 21.1241 24.4161 31.8736 21.8602 45.4941 24.0297 61.5005 20.6937 30.2726 47.0099 41.8022 29.6218 44.8795
threshold=5.8202914584495327 0.49375053675848657 0.50561936496353177 -0.00049161284026537941 84.500000000000014 33.722380125803944 9.4394877798263172e-05 31.691187017188927 131.50000000000003 0.015112841848145778 44.904493592951276 0.87500000000000011 5.1532451662676548 0.50306947587670614 4.9893795297871817 0.00093567980922615096 0.47457427381174461 1.6946494274156432 29.486582516320897 0.8434136492545462 0.9339447252982741 0.8018348897126778 0.71176944567707745 91.500000000000014 3.8623971453062431 122.12941379812432 -0.048973222002093815 38.500000000000007 4.1462386937052527 10.131809227329603
decision_type=2 2 2 2 2 2 2 2 2 2 2 2 2 2 2 2 2 2 2 2 2 2 2 2 10 10 2 2 2 2
left_child=6 14 3 4 5 -3 -1 8 10 -10 11 -8 24 -5 16 -16 17 18 19 -2 21 22 -19 -24 28 26 -26 -27 -13 -30
right_child=1 2 -4 13 -6 -7 7 -9 9 -11 -12 12 -14 -15 15 -17 -18 20 -20 -21 -22 -23 23 -25 25 27 -28 -29 29 -31
leaf_value=0.014025558829540688 0.023257967439818249 0.018022498790860809 -6.84599820325829e-05 -0.02160500294360421 0.010011191835147738 0.071009227254619348 -0.016156365191733173 0.0050637326043154948 -0.034318731530372813 -0.0056714271667395082 0.021264023347558111 0.012529102855568795 -0.027060689345844664 0.010706655542827834 -0.052793220137566203 -0.0096347660181987232 -0.016708071973942872 0.0017337305346262933 -0.024370829690324895 -0.0055747942407709198 0.032568024838721482 -0.041088714352819744 0.062491039892447191 -0.0054908078520524498 -0.0031970997935190392 -0.035112612753988297 0.056084179245192933 -0.002092947610022081 0.007577810934121668 -0.03737951526932308
leaf_weight=446.79102146998048 106.354351952672 46.903113129548728 21508.066052407259 101.05832816613838 261.15255477372557 50.414636212401092 258.46281859790906 3543.717431656085 158.3580259680748 186.44789500534534 135.8404331356287 650.77490733843297 82.901618166361004 123.31965325307101 62.045898392330855 512.17627778463066 353.65126796090044 698.30263021355495 148.24251995561644 970.59763218881562 64.997630733065307 56.012436276767403 60.007324995938689 74.661156848073006 116.5127891888842 131.63898531533778 46.905053423251957 352.56012192647904 162.03876626631245 84.439817082136869
leaf_count=1571 283 382 103311 901 969 392 1056 11514 434 403 238 2349 686 564 729 2864 2482 4737 883 5206 379 619 565 289 1490 1313 541 2051 895 341
internal_value=0.000181028 -0.000460316 0.000212947 0.0105973 0.0196381 0.0454718 0.00272304 0.00186867 -0.00291502 -0.0188282 -0.000201489 -0.00174736 0.000540543 -0.0038463 -0.00524717 -0.0142981 -0.00319521 -0.00100225 -0.00534616 -0.00272742 0.00457661 0.00253004 0.00546314 0.0248014 0.00202169 -0.00478979 0.0138181 -0.01107 0.00693807 -0.00782389
internal_weight=31555.4 25198 22090.9 582.848 358.47 97.3177 6357.39 5910.6 2366.88 344.806 2022.08 1886.23 1627.77 224.378 3107.05 574.222 2532.83 2179.18 1225.19 1076.95 953.981 888.984 832.971 134.668 1544.87 647.617 163.418 484.199 897.253 246.479
internal_count=150437 125555 106519 3208 1743 774 24882 23311 11797 837 10960 10722 9666 1465 19036 3593 15443 12961 6372 5489 6589 6210 5591 854 8980 5395 2031 3364 3585 1236
is_linear=0
shrinkage=0.05


Tree=119
num_leaves=31
num_cat=0
split_feature=2 23 2 23 24 25 25 23 24 23 2 7 22 2 13 13 25 13 9 24 25 24 3 1 14 3 23 7 18 18
split_gain=27.2901 37.5176 26.9957 22.9887 45.9736 85.1378 42.3357 42.2635 40.4145 59.0237 30.416 39.0197 29.4775 28.371 47.0883 34.4983 44.5366 56.5835 44.2142 35.4625 34.2453 36.9749 32.7898 32.397 32.6719 30.2846 33.8701 29.2282 25.6446 33.6578
threshold=0.89172008613135256 1.7424863291751649 0.91144513126517934 1.8347222441656523 26.938506904440555 123.50000000000001 158.50000000000003 2.0074336779859112 1.1210719944187433 2.5442307667949957 0.8446641210768322 7.1830456500225344 23.60634156558201 0.62871877879963145 7.4108617734256761 6.2233622132067898 98.500000000000014 6.5204290581606053 29.362013768687024 0.022155949045215877 153.50000000000003 294.39298090075141 3.4788666658236163 0.81380641040300772 1.5000000000000002 4.2544781545035777 1.6679476197010998 8.2010223691251252 0.0040876879933416186 0.0055230667882506836
decision_type=2 2 2 2 2 2 2 2 2 2 2 2 2 2 2 2 2 2 2 2 2 2 8 2 2 10 2 2 2 2
left_child=3 -2 -3 10 5 8 -6 -7 9 -5 11 -1 -8 15 -15 20 17 19 -19 -17 25 -22 -21 24 -18 -13 -27 -24 -16 -30
right_child=1 2 -4 4 6 7 12 -9 -10 -11 -12 13 -14 14 28 16 23 18 -20 22 21 -23 27 -25 -26 26 -28 -29 29 -31
leaf_value=0.017631601388639905 0.015384438533371967 0.0081956994032180205 -0.021126544561541116 0.033612194657447358 0.012153982272658447 -0.03617121204825937 -0.0048890180276781143 -0.0082102361325895861 0.0038839697501377498 -0.024411183471301834 -0.0090828865239917494 0.001189295548414511 0.013041484774871329 0.0027536841069108111 -0.019493498232948207 0.018631966301688851 -0.027908044801520777 -0.037571917334811446 -0.001367867423465221 -0.0034365281967247753 -0.023211529043931218 0.010207340442523334 -0.026270488249155257 0.010683461734853825 -0.0023026046166152356 -0.033288388382271959 0.040476330862048715 0.022336866134825505 0.0053854663353756016 -0.012712998508728566
leaf_weight=299.80576459784061 668.47418066952378 167.5612074630335 147.67208391800523 52.699573114514351 1822.8650608421303 152.93685638159513 849.86238687857985 1161.7071751952171 4908.5027787932195 260.38183578103781 1029.5524834934622 5978.6932960525155 313.87046306207776 8456.0837746828329 326.5530297155492 122.42287088185549 138.38113740645349 317.77389786601998 114.79556064493954 704.72134767333046 304.36589645221829 113.68260445445776 336.69594105985016 442.31282248347998 1249.1952257622033 112.88279924308881 18.050149301066995 34.055168498307467 528.5840709079057 499.77214170899242
leaf_count=1028 2037 727 869 388 6214 496 2356 3147 33331 2417 4433 26154 1168 35651 2432 308 1313 4409 1147 2608 1004 414 4881 1439 3833 2205 540 171 1781 1657
internal_value=0.000481514 0.00867898 -0.0055404 0.000218428 0.00225807 -9.02976e-05 0.00739752 -0.011463 0.00277303 -0.0146444 -0.000700864 -0.000271499 -5.29809e-05 -0.000542596 0.00136712 -0.00241846 -0.00645443 -0.0124637 -0.0279641 -0.00686646 -0.000278974 -0.0141237 -0.00976899 -0.00110002 -0.0048562 0.000668347 -0.0231193 -0.0218057 -0.00728653 -0.00341023
internal_weight=31634.9 983.707 315.233 30651.2 9522.83 6536.23 2986.6 1314.64 5221.58 313.081 21128.4 20098.8 1163.73 19799 9810.99 9988.03 3460.35 1630.46 432.569 1197.9 6527.67 418.049 1075.47 1829.89 1387.58 6109.63 130.933 370.751 1354.91 1028.36
internal_count=150558 3633 1596 146925 49517 39779 9738 3643 36136 2805 97408 92975 3524 91947 41521 50426 20109 13524 5556 7968 30317 1418 7660 6585 5146 28899 2745 5052 5870 3438
is_linear=0
shrinkage=0.05


Tree=120
num_leaves=31
num_cat=1
split_feature=25 3 25 0 3 15 7 9 20 15 25 12 21 23 23 23 10 10 23 13 10 21 23 10 12 12 8 20 15 1
split_gain=30.3295 36.6955 34.9718 31.3033 68.8126 37.8165 45.067 40.6782 42.0912 38.0011 36.5452 33.6288 47.8128 49.3232 47.3266 50.2659 50.243 74.0272 49.1789 36.6991 36.4192 48.5314 36.0042 33.565 38.7548 32.4892 46.9099 32.1484 34.197 45.6329
threshold=35.500000000000007 3.1536275457559011 167.50000000000003 0 1.5771011017391146 1.0000000180025095e-35 7.5134818253723941 29.544293567780738 3.0417719236753613 71.500000000000014 133.50000000000003 -0.0090650866650559599 231.47164374416624 2.2677460869500665 1.5124635667531969 1.6679476197010998 33.745493407377772 32.659856167469464 1.9015504267247985 6.883608108487496 32.523177195128191 142.20398394961168 1.9990575912779858 33.927348272132775 -0.25118636278223661 -0.11699231213925324 122.57056441873276 4.0496044102137407 36.500000000000007 0.49333247893820154
decision_type=2 10 2 1 8 2 2 2 2 2 2 2 2 2 2 2 2 2 2 2 2 2 2 2 2 2 10 2 2 2
left_child=1 -1 3 5 10 6 -2 11 -9 23 -5 19 13 14 -13 16 17 -16 -17 20 25 -22 -20 27 -25 -8 -27 -7 29 -29
right_child=2 -3 -4 4 -6 9 7 8 -10 -11 -12 12 -14 -15 15 18 -18 -19 22 -21 21 -23 -24 24 -26 26 -28 28 -30 -31
leaf_value=0.0079528788306964925 0.052756459930337063 -0.0054786588363654326 -0.0060066058279887313 0.021277700523831277 0.0014400658905928216 -0.01099360393476005 0.058104671189430225 0.060387319292556321 0.00080633324159730272 0.0021541815671138036 0.0061424366263497033 -0.026530249333727801 -0.026947827489713663 -0.0090017890923299957 0.043462782256716063 -0.0072334235352194843 -0.00078200261880891552 0.16600353576274895 0.064085212568308431 -0.021620621891293344 0.044572892425560222 -0.015808190517200098 0.019885950961091168 -0.049233551576116509 -0.012591407055717744 -0.035792885866678198 0.041136227659239265 -0.0082080696630052775 -0.003988013729754194 0.029175428268097076
leaf_weight=589.86099913949147 48.035997283644974 3687.2350750258192 1716.5135076586157 653.29585010930896 17658.58748934092 1031.4914952130057 46.27805316913873 61.417583716567606 57.295701457653195 1654.9859139863402 1023.9397196099162 44.643836631439626 82.814903891179711 175.05168766155839 31.196229945868254 113.22236099792644 20.425656769424677 20.373288423288614 66.412931255996227 259.49182710493915 38.547998634632677 243.43236472597346 150.45480690710247 81.702033060602844 617.94438310945407 36.979979204945266 42.695185877382755 134.92510204156861 969.39091988094151 206.66908472543582
leaf_count=1565 420 30753 5022 1938 65892 7022 545 517 604 4900 3432 2344 1083 1284 647 1464 440 328 473 3792 486 3400 948 494 3617 507 481 1645 2621 2000
internal_value=0.000288517 -0.00362629 0.000902117 0.00136587 0.00235933 -0.00171461 0.00508823 0.00355222 0.0316312 -0.00394321 0.0120377 0.0011227 0.00874133 0.0134948 0.0223101 0.0277329 0.0655869 0.0918743 0.0194766 -0.00692023 0.00243089 -0.00755382 0.0334214 -0.00726034 -0.0168703 0.0247844 0.00543079 -0.00439004 0.000805684 0.0144095
internal_weight=31565.3 4277.1 27288.2 25571.7 19335.8 6235.88 1538.77 1490.73 118.713 4697.11 1677.24 1372.02 704.596 621.781 446.729 402.085 71.9952 51.5695 330.09 667.425 407.934 281.98 216.868 3042.12 699.646 125.953 79.6752 2342.48 1310.99 341.594
internal_count=150664 32318 118346 113324 71262 42062 19763 19343 1121 22299 5370 18222 9011 7928 6644 4300 1415 975 2885 9211 5419 3886 1421 17399 4111 1533 988 13288 6266 3645
cat_boundaries=0 1
cat_threshold=2
is_linear=0
shrinkage=0.05


Tree=121
num_leaves=31
num_cat=1
split_feature=16 25 24 7 9 7 7 24 4 9 10 10 19 25 5 25 9 10 24 8 24 21 24 1 2 0 15 25 17 1
split_gain=25.3579 25.9771 56.618 23.3585 27.3904 24.7063 26.6369 22.6539 34.6067 52.1217 29.7058 32.1938 40.1845 27.3932 28.5911 25.8635 25.6789 60.9619 28.5428 34.319 30.52 35.0843 25.6717 38.3767 22.7391 22.2139 35.3975 27.0633 26.8163 30.4872
threshold=-0.03591948568308085 12.500000000000002 2.9844731015478012 8.0341404861313155 26.968225508935927 7.6887359174500611 7.7398684396537867 0.32256380879567143 0.01190565466814575 26.411484916571041 35.849917520445999 33.573692376828255 18.176363739265476 31.500000000000004 0.00096053327889360945 40.500000000000007 26.77245894129268 33.767828634228444 4.5564748672487854 209.28752142786118 6.3513173026680168 223.43082225478855 0.76366932030759871 20.122814351885452 0.80903371124998136 0 54.500000000000007 142.50000000000003 -2.4838431144578013 0.85589697592989455
decision_type=2 2 2 2 2 2 2 2 2 2 2 2 2 2 2 2 2 2 2 10 2 2 2 2 2 1 2 2 2 2
left_child=-1 2 3 5 -5 -2 -7 10 9 15 11 -3 13 14 -13 -9 17 -11 19 -18 -20 -22 -17 24 -24 28 -27 -28 29 -10
right_child=1 7 -4 4 -6 6 -8 8 25 16 -12 12 -14 -15 -16 22 18 -19 20 -21 21 -23 23 -25 -26 26 27 -29 -30 -31
leaf_value=-0.012175337651855989 -0.016255998364194859 0.0021540307853714583 -0.047147574503237845 -0.024489869101228256 -0.00037119687208422126 0.032345228246318546 -0.00043606274813105176 -0.04551778402981204 -0.016407891874127372 0.025581927662785726 -0.015081167725325181 0.016799562654250363 -0.0096783783597278357 0.024063518230958453 -0.012465532881289725 -0.00067085081833186773 -0.0082014615409166415 -0.02931551384927571 -0.046594175684484269 0.0061400850975503029 0.020099219525311695 -0.029918683675393565 -0.048893360847959172 -0.0034512522281909992 -0.011179471723355275 0.00074824730171867224 0.01664809379532722 0.0042070570508661699 -0.0007652322864297326 0.015957439599315084
leaf_weight=410.8664488424547 91.959970921278 2533.0422144206241 83.90116271446459 213.51783605013043 262.35473176091909 110.93101180717349 140.3979486040771 74.767570175230503 515.69086580304429 213.74976269342005 189.8005377035588 230.24435008317232 170.80421569384634 527.67204603180289 130.91109853237867 214.6177849303931 882.65951127558947 66.242142303381115 74.669895084574819 790.93002388253808 64.53337065782398 76.761466533876956 133.256917538587 145.17683546990156 57.091237928718328 14716.990516126622 592.54462835565209 1666.5906235054135 6083.0463299707044 84.713304492644966
leaf_count=1192 680 7779 2893 1061 782 716 593 737 2805 1073 929 795 788 1530 705 1049 3836 587 415 2012 355 507 1791 564 239 60140 2064 5590 46171 369
internal_value=0.00016508 0.000327904 -0.00802844 -0.00402173 -0.0111929 0.00591911 0.0140329 0.00057748 5.99707e-05 -0.00520213 0.00419686 0.00521531 0.0125333 0.0168017 0.00619159 -0.0179256 -0.00153729 0.012594 -0.00363124 -0.00142372 -0.0207382 -0.00707408 -0.0141757 -0.022814 -0.0375818 0.000681483 0.00164279 0.00747019 -0.00176025 -0.0118413
internal_weight=31550.4 31139.6 903.063 819.161 475.873 343.289 251.329 30236.5 26454 2794.46 3782.47 3592.67 1059.63 888.827 361.155 624.91 2169.55 279.992 1889.55 1673.59 215.965 141.295 550.143 335.525 190.348 23659.6 16976.1 2259.14 6683.45 600.404
internal_count=150747 149555 6725 3832 1843 1989 1309 142830 130304 13165 12526 11597 3818 3030 1500 4380 8785 1660 7125 5848 1277 862 3643 2594 2030 117139 67794 7654 49345 3174
cat_boundaries=0 1
cat_threshold=2
is_linear=0
shrinkage=0.05


Tree=122
num_leaves=31
num_cat=0
split_feature=13 2 20 2 8 2 8 20 15 3 5 13 4 13 12 1 2 9 25 13 15 7 4 18 2 1 24 25 24 24
split_gain=22.4164 36.0871 32.9749 32.0498 32.0101 30.6448 27.3119 26.9257 36.8711 26.0334 35.628 28.0164 26.5289 25.1131 25.0121 24.4805 24.3816 23.1907 22.0273 24.8637 21.131 32.2049 20.9689 27.8994 20.733 20.7601 20.7257 35.8439 34.307 50.9567
threshold=6.7264476748154811 0.72238700735767825 3.1605713755563074 0.70218416696976471 137.09894049830567 0.7536623148762136 159.3727715819069 5.0686832198761334 14.500000000000002 3.3322467945889023 0.070466993252470481 7.0148747972313128 0.047212208351652719 6.8985023428826482 -0.061525549425162189 0.97291612933940796 0.66701577681111224 26.910317079772287 150.50000000000003 6.9907791309973399 17.500000000000004 7.5671216316966943 0.01190565466814575 0.00099372455814973246 0.58658413191479541 0.64199026818139437 0.016479087727714562 20.500000000000004 2.9844731015478012 1.7997348440256518
decision_type=2 2 2 2 10 2 10 2 2 10 2 2 2 2 2 2 2 2 2 2 2 2 2 2 2 2 2 2 2 2
left_child=26 2 3 4 15 7 -6 9 14 10 -3 12 17 -14 -9 16 -2 -11 22 -20 21 -12 -4 -24 25 -25 -1 28 29 -28
right_child=1 5 18 -5 6 -7 -8 8 -10 11 20 -13 13 -15 -16 -17 -18 -19 19 -21 -22 -23 23 24 -26 -27 27 -29 -30 -31
leaf_value=0.010148087808988279 -0.00056883150163825958 0.028791422652158116 -0.033647105811396238 -0.02637562492743576 -0.019069928653739802 -0.00086095160403284153 0.00010160862353834449 0.061917449619769666 0.0039700501190198436 -0.036758504806417812 0.0071610463463752418 -0.031963449934250342 -0.0072141699734265853 0.044737789022548886 0.019326644832692207 0.027357243459907334 0.015663425127592376 0.010692572350563883 -0.0051797301240930687 -0.034573469870681037 0.008178507201074426 -0.035912186842523577 0.023144720340974659 -0.029187703062948486 -0.0050843481857861805 -0.0033644449103288061 -0.0087847078056051617 0.0015751216481250732 -0.033628849338636142 0.025237948765526319
leaf_weight=644.61842052638531 888.29597899224609 169.48018033290282 71.483548544812948 112.39882412692532 291.33106882870197 5357.8172871649731 512.70353541197255 65.854258825536817 152.58278030902147 58.418080382514745 98.91799106169492 91.575228553265333 43.126822575926781 50.499308501835912 72.334990197792649 119.84361828956753 312.79752519121394 46.0441730087623 128.70823753997684 163.12784938514233 545.73416329920292 77.31359119201079 78.47122454456985 194.32382554281503 1759.7331396501977 129.828916862607 910.10219935234636 18202.09582667402 113.48788149072789 125.19254156202078
leaf_count=1588 3349 874 384 888 2447 26141 3572 295 387 572 323 1109 427 452 524 297 1113 392 380 568 1534 576 847 1322 10902 711 4787 79001 4197 714
internal_value=0.000314129 -0.00143517 -0.00477567 -0.000355496 0.00102082 0.000894504 -0.00684494 0.00728456 0.0209143 0.00392913 0.00816059 -0.00909326 0.0014795 0.0208073 0.0396233 0.00580859 0.00365849 -0.0158433 -0.00869128 -0.02161 0.00331754 -0.0117354 -0.00700354 -0.00612275 -0.00722485 -0.018845 0.00132831 0.00103451 -0.00753132 -0.00467053
internal_weight=31588.2 11592.7 4763.05 2237.37 2124.97 6829.7 804.035 1471.88 290.772 1181.11 891.446 289.664 198.088 93.6261 138.189 1320.94 1201.09 104.462 2525.68 291.836 721.966 176.232 2233.84 2162.36 2083.89 324.153 19995.5 19350.9 1148.78 1035.29
internal_count=150673 60386 26780 11666 10778 33606 6019 7465 1206 6259 3307 2952 1843 879 819 4759 4462 964 15114 948 2433 899 14166 13782 12935 2033 90287 88699 9698 5501
is_linear=0
shrinkage=0.05


Tree=123
num_leaves=31
num_cat=1
split_feature=22 10 11 20 12 20 1 7 23 25 22 6 3 24 2 2 13 0 24 25 11 20 12 21 2 18 7 17 2 2
split_gain=29.7367 22.8405 29.4152 28.5271 40.3742 43.217 41.8772 36.9759 23.6461 25.2617 94.3431 78.2327 31.1632 25.0637 27.155 28.856 31.3073 23.8677 28.1906 22.4551 21.9798 39.1307 24.8201 22.6279 23.3298 24.3275 29.7098 21.3408 19.8081 30.4238
threshold=38.147880473939587 30.542082593116085 4.1000330644951601 4.0290574423286865 0.018506454848534051 4.2548975791494206 0.7540960983766738 7.6967301616943429 0.6760576040095726 23.500000000000004 1.4546549267714772 2.1648325320418578 2.9408622847196026 0.049645143253354652 0.22251522809401764 0.28155018826436162 4.8449769607059299 0 2.6509667119484006 121.50000000000001 3.9999976865038565 4.0039759667905903 -0.11310248525360993 164.09402547952965 0.73387811641123191 0.00015211449866699383 7.7167389239245425 -0.32293600085844371 0.34090210188094544 0.3693605093907536
decision_type=2 2 2 2 2 2 2 2 2 2 2 2 10 2 2 2 2 1 2 2 2 2 2 2 2 2 2 2 2 2
left_child=1 2 -1 7 -5 -6 -7 -4 -3 10 11 12 -10 -11 -15 16 -16 18 -14 -2 22 -22 -19 24 25 -23 -27 -13 -17 -30
right_child=19 8 3 4 5 6 -8 -9 9 13 -12 27 17 14 15 28 -18 20 -20 -21 21 23 -24 -25 -26 26 -28 -29 29 -31
leaf_value=0.0021388191254614287 -0.0053444552955062884 0.010887188803654031 0.067195158371311833 0.02902757865909238 -0.059183417194488955 -0.032766263356742258 0.043566745936256646 0.0082442986936448245 0.018704912118006234 0.0091670196016077603 -0.0449003242474472 0.012728181707556008 0.011764735645780941 0.014449153045506372 0.0011667602162127634 0.0055556976198029521 -0.031040550597875027 -0.026761537407182557 -0.02603000154455623 0.0073669848637471546 -0.047937254927541362 0.011214176546136212 -0.0032965819984477813 -0.044242799595522929 0.026220737821827256 -0.0003535718540999004 -0.054086214687841319 0.050956823232602436 -0.013584763316469229 -0.00077900354909331043
leaf_weight=3271.3831101297401 411.78654463216662 432.83690181002021 55.850477437023073 108.74789730506018 35.656987064052373 33.568698105867952 38.661204459611326 50.788861750625074 115.0161282941699 659.31685613840818 147.05593760870397 73.048003569245338 244.81288253515959 290.98979324009269 139.69444802589715 1191.5536537566222 164.07488943869248 134.18408783152699 61.791078569367528 2222.9643803779036 102.59635959938169 61.947194349952042 703.69227425009012 43.510961859486997 47.478596393018961 49.234230760484934 53.876691584475338 72.979164518415928 474.8158113094978 20014.820061190752
leaf_count=12820 1140 1091 522 1155 506 523 313 483 220 1678 6842 450 1591 1135 466 6027 1178 510 582 6575 995 576 2310 422 278 406 729 401 2552 96432
internal_value=0.00029538 -0.000168619 0.00356065 0.0179489 0.00752791 -0.0141433 0.00809114 0.0391188 -0.000698912 -0.000900747 -0.00642362 -0.00321631 -0.00637934 -0.000440519 -0.00072488 -0.000925722 -0.0162294 -0.00829874 0.00414782 0.00538031 -0.0114881 -0.0218462 -0.00705444 -0.0113917 -0.00466641 -0.013551 -0.0284295 0.0318335 -0.000711306 -0.00107576
internal_weight=31508.7 28874 3594.66 323.274 216.635 107.887 72.2299 106.639 25279.3 24846.5 1911.22 1764.17 1618.14 22935.3 22275.9 21985 303.769 1503.12 306.604 2634.75 1196.52 358.644 837.876 256.048 212.537 165.058 103.111 146.027 21681.2 20489.6
internal_count=150908 143193 16322 3502 2497 1342 836 1005 126871 125780 16312 9470 8619 109468 107790 106655 1644 8399 2173 7715 6226 3406 2820 2411 1989 1711 1135 851 105011 98984
cat_boundaries=0 1
cat_threshold=2
is_linear=0
shrinkage=0.05


Tree=124
num_leaves=31
num_cat=0
split_feature=19 21 25 13 17 4 9 25 3 13 16 24 25 19 20 21 12 13 6 15 18 24 25 4 10 9 1 13 12 1
split_gain=26.0088 33.9235 23.3509 22.5209 22.0245 18.7709 31.084 25.279 24.5843 23.0153 19.3599 29.9917 82.2569 31.9321 38.4018 37.1242 28.1219 35.1412 27.1707 33.3195 27.8106 29.2178 29.4956 32.7942 29.1849 35.3749 31.9285 28.3414 33.3411 28.0333
threshold=66.902381705351914 158.03169255661302 194.50000000000003 4.6420391312269764 -0.98221091912828784 0.6495926607644672 25.683733173853557 123.50000000000001 0.8289220327544462 7.5749345116383591 0.0042911897130211898 8.9336514551510842 66.500000000000014 14.536295211408161 3.9893548510751944 148.53177265210084 0.027974933406335386 6.5638343468828824 26.861263271201445 7.5000000000000009 0.00075147335646514647 0.097473381317940519 52.500000000000007 0.020491107938025072 32.344599449569685 25.593022689676207 16.479752853130545 5.6036326045120441 0.065766687533429388 10.384940478091462
decision_type=2 2 2 2 2 2 2 2 8 2 2 2 2 2 2 2 2 2 2 2 2 2 2 2 2 2 2 2 2 2
left_child=2 4 3 -1 -2 8 -7 -8 9 -5 11 18 13 -13 15 -15 -16 -18 19 20 21 29 23 24 26 -26 -23 28 -27 -10
right_child=1 -3 -4 5 -6 6 7 -9 10 -11 -12 12 -14 14 16 -17 17 -19 -20 -21 -22 22 -24 -25 25 27 -28 -29 -30 -31
leaf_value=0.010773769952799125 -0.0526964143743772 0.010147050332870073 -0.020955527808503974 0.010113731560907132 -0.011621651911777374 -0.025639930059709621 0.013629229114533285 -0.0061183663895980006 0.01504343937351936 -0.010746541498291327 0.0024754489761979661 -0.032078436600137317 -0.0014620847733867624 0.10489813730337401 -0.042796232119474392 -0.0056317877990195372 0.048645213369782378 -0.053063056659819079 -0.024759419077434657 0.013706408285210176 0.0039232307034058984 -0.013685379098294174 0.00074953355293573564 0.026667453214398257 -0.047057778063970705 -0.068585033180257673 0.0050670607614393759 -0.0095062622944911811 -0.0089604775478481398 0.00060170187990627344
leaf_weight=552.12682156916708 66.374148453120142 72.529452963266522 124.22728298977017 1117.9876763299108 64.205491731874645 165.65306255221367 200.56803906708956 844.03798510879278 410.24103348888457 149.96201763674617 8793.3304024026729 316.82397578610107 7783.3173990207724 14.431512265466155 50.521281800232828 16.041165755130351 25.061798096168786 12.845648655202238 98.885083399713039 537.76744441688061 4497.9087683046237 394.35546499490738 1763.368546298705 65.554811486043036 80.066737758927047 46.450022269971669 534.83336050622165 837.77915332559496 47.342633582651615 1857.5321728307754
leaf_count=1734 537 332 394 3683 237 463 432 2209 1849 527 32345 15607 33765 456 2579 648 821 824 303 1273 26277 2647 7027 530 864 476 1552 5133 304 4856
internal_value=0.000563603 -0.017271 0.00067919 0.000765291 -0.0325001 0.000585073 -0.00551773 -0.00232676 0.000835849 0.00764656 0.000529452 -0.000353002 -0.00264559 -0.0237864 -0.00169144 0.0467139 -0.018372 0.0141795 0.0013336 0.00156661 0.000946953 -0.00127035 -0.00396814 -0.0081144 -0.00928922 -0.0151654 -0.00289163 -0.0124243 -0.038489 0.00321422
internal_weight=31542.1 203.109 31339 31214.8 130.58 30662.7 1210.26 1044.61 29452.4 1267.95 28184.5 19391.1 8219.04 435.725 118.901 30.4727 88.4287 37.9074 11172.1 11073.2 10535.4 6037.52 3769.75 2006.38 1940.83 1011.64 929.189 931.572 93.7927 2267.77
internal_count=150684 1106 149578 149184 774 147450 3104 2641 144346 4210 140136 107791 54700 20935 5328 1104 4224 1645 53091 52788 51515 25238 18533 11506 10976 6777 4199 5913 780 6705
is_linear=0
shrinkage=0.05


Tree=125
num_leaves=31
num_cat=0
split_feature=17 12 22 16 23 8 8 22 8 23 18 12 4 22 15 22 16 4 18 12 22 22 11 17 2 3 13 8 3 23
split_gain=25.2208 33.1571 31.0277 30.6023 43.3772 28.413 37.1728 34.929 68.6 56.9311 34.668 34.7672 31.9946 31.7211 35.2781 33.4856 33.6302 27.3061 37.2101 50.4295 33.3571 54.0517 30.5698 39.2385 27.0136 26.3575 49.6311 27.8147 25.9335 27.593
threshold=1.0657900417485913 0.050377842174717004 0.71031475502071417 0.00014781507170688729 1.2856903613474848 99.479483603798116 102.22454341703373 3.3329566808818822 92.369731820642045 2.331900217795035 0.0068313570545087098 -0.12493687452490271 0.00067318114619089231 4.6399503950444547 1.5000000000000002 4.3138375018308368 0.0014482175744126779 0.034015814517463473 0.0014835993179731491 -0.20515126689284741 2.5709491887756273 1.3019911672476405 3.7571192338960153 -0.41196814776396867 0.74848939524453539 4.2290563866678132 6.2077516319817736 193.92733005244887 3.5440971740857412 1.1551528981419312
decision_type=2 2 2 2 2 8 10 2 10 2 2 2 2 2 2 2 2 2 2 2 2 2 2 2 2 10 2 10 8 2
left_child=5 2 3 4 -2 7 -7 8 -1 -10 11 12 -8 15 25 28 -17 20 19 -19 21 -14 23 -20 -24 27 -27 -15 -13 -30
right_child=1 -3 -4 -5 -6 6 10 -9 9 -11 -12 13 17 14 -16 16 -18 18 22 -21 -22 -23 24 -25 -26 26 -28 -29 29 -31
leaf_value=-0.0092253865695196714 -0.0073344406282258015 0.012901871226440929 -0.020109245881136828 0.01364759633479449 0.017865175229837441 -0.023423344311124573 0.020077867918981897 0.0018135150148315708 0.046490621226492043 -0.0057017903698023363 0.012346468074643884 0.0035373236755603709 -0.019554604881222869 -0.02617732233660465 -0.0027063879243283927 -0.010707067259035641 0.052487891182814397 0.086535594452548811 -0.012077972023098717 -0.0010433479741542907 -0.048320111527453705 0.015183174632207759 -0.031364127912814642 0.012703571020668767 0.017826049453808442 -0.052270289040163426 0.14010781750958931 0.00072556007617481655 -0.009921913358280722 -0.00039360672168958354
leaf_weight=1558.9199970569462 787.52600204478949 856.59972450230271 160.66871398268268 464.47079253010452 218.05470886267722 201.79125212924555 92.916806088760495 14974.74340397073 108.10576398670673 101.12199311330914 418.95003650011495 3081.4953541471623 634.95604311022907 390.28719590115361 1457.7858070805669 32.460907395696267 59.901871173176914 25.736041468102485 380.68475150549784 45.491970324423164 75.178016798803583 135.95903215836734 176.82865805737674 275.21009474666789 33.141310097649693 6.2307382477447373 7.2579081263393164 127.45054842624813 961.95264158165082 3615.8479912974872
leaf_count=7271 2542 2446 647 1271 468 2087 260 50107 738 706 2037 10895 2909 13255 6596 780 433 379 1848 751 1227 793 2688 1760 410 466 358 1030 5837 27566
internal_value=0.000105001 0.00493674 0.000752739 0.00303284 -0.00187004 -0.000309696 -0.00214093 0.00102877 -0.00561735 0.0212655 -0.00178411 -0.00229372 -0.00852645 -0.00109327 -0.00672612 0.000352076 0.030278 -0.0100169 -0.00413772 0.0306006 -0.0165285 -0.0134282 -0.00699537 -0.00167976 -0.0236 -0.017757 0.0512436 -0.0195547 -8.79798e-06 -0.00239583
internal_weight=31467.7 2487.32 1630.72 1470.05 1005.58 28980.4 12237.5 16742.9 1768.15 209.228 12035.7 11616.8 1876.1 9740.67 1989.01 7751.66 92.3628 1783.19 937.093 71.228 846.093 770.915 865.865 655.895 209.97 531.226 13.4886 517.738 7659.3 4577.8
internal_count=150561 7374 4928 4281 3010 143187 84365 58822 8715 1444 82278 80241 13025 67216 21705 45511 1213 12765 7836 1130 4929 3702 6706 3608 3098 15109 824 14285 44298 33403
is_linear=0
shrinkage=0.05


Tree=126
num_leaves=31
num_cat=0
split_feature=2 13 21 22 23 21 4 6 20 23 9 21 22 6 6 11 22 5 11 12 22 3 7 11 25 23 23 7 23 6
split_gain=22.0045 24.8776 29.6935 27.5648 31.2344 26.9315 24.7759 21.6249 20.5165 20.3728 18.6414 17.9374 17.2419 29.8609 17.5983 37.3645 30.8069 50.6097 31.0182 31.0387 28.1215 30.4251 42.7152 40.5645 34.6834 44.2522 36.2145 34.3541 34.5464 39.3883
threshold=0.89172008613135256 7.4588577605596358 159.31021534800968 26.37142048816381 1.4949917641101431 146.7813417651698 0.2987540970964474 30.976480425525438 4.1373731611531603 1.7217226865427111 26.673530667084208 153.76501787384538 0.018068984344373453 1.0466890986968644 1.0970050394740387 4.171570895692275 0.065544717105080169 0.0008811406955680877 3.5253732667689559 0.02122078732330062 0.19521704493635475 4.2168735033669176 7.7420004850079192 4.2243112983786544 88.500000000000014 1.7491657871140858 1.6422690505400042 7.6596898165322145 2.5216364978547481 3.7213040914739937
decision_type=2 2 2 2 2 2 2 2 2 2 2 2 2 2 2 2 2 2 2 2 2 10 2 2 2 2 2 2 2 2
left_child=1 3 5 12 -5 -3 10 -6 11 -10 -7 -2 -1 -14 15 16 -15 18 -18 -20 -16 23 27 -22 25 -25 -26 28 29 -23
right_child=8 2 -4 4 7 6 -8 -9 9 -11 -12 -13 13 14 20 -17 17 -19 19 -21 21 22 -24 24 26 -27 -28 -29 -30 -31
leaf_value=0.0047423662977036582 -0.0089636400476092951 -0.0025273931931747463 -0.0019571383072367081 0.0017989985585743177 0.022493412570164024 -0.049596193056892342 -0.0076593523937659586 0.006432881153094535 0.023711732760318641 -0.0019492950623685929 -0.019206262426754685 0.0089121333992076262 -0.030659172851699446 0.0033115880959888296 0.0058366743605327738 -0.030768806458224929 0.01738710813685819 -0.0340710712907413 -0.027379711689351452 0.0052773884128417244 -0.00053516320052612323 0.030382349777041986 -0.015688502064315223 -0.032858685533679932 0.039589308727855446 -0.0078835237990473438 -0.010399930346994667 0.022606663864116486 -0.043648895005285737 -0.031166145850896373
leaf_weight=1541.8902727365494 237.78259875252843 279.6163887064904 2594.2783490861766 3436.0698421280831 327.65902793593705 103.01756927347742 145.73711615428329 581.65513824671507 275.19431693153456 107.58505064854398 98.910946124698967 342.43912033364177 83.029632657300681 767.86193755269051 1748.0386020671576 136.4890757065732 135.22428844869137 179.15578304417431 150.47477204352617 140.87802585586905 16004.821946340613 76.09368560067378 138.53323376411572 218.92679623211734 68.880339717492461 934.16327099455521 76.432620188221335 424.29979861923493 41.877331435680389 39.480726630892605
leaf_count=4064 1005 1337 8850 9507 1281 726 417 2175 814 531 578 1229 556 2502 5824 2393 263 1023 697 496 75927 1062 2178 7823 527 10432 639 5084 414 336
internal_value=7.26613e-05 -0.000162498 -0.00431757 0.00032869 0.00397971 -0.0140797 -0.0233708 0.0122201 0.0075141 0.0164994 -0.0347102 0.0015864 -0.000363911 -0.000732431 -0.000615673 -0.0058183 -0.00333906 -0.0117698 -0.00240362 -0.011589 -0.000218314 -0.000805567 0.00926324 -0.0012247 -0.00972434 -0.0126253 0.0132957 0.015205 -0.00474086 0.00935711
internal_weight=31436.5 30473.5 3221.56 27251.9 4345.38 627.282 347.666 909.314 963.001 382.779 201.929 580.222 22906.6 21364.7 21281.6 1510.08 1373.59 605.733 426.577 291.353 19771.5 18023.5 720.285 17303.2 1298.4 1153.09 145.313 581.752 157.452 115.574
internal_count=150690 147111 11908 135203 12963 3058 1721 3456 3579 1345 1304 2234 122240 118176 117620 7374 4981 2479 1456 1193 110246 104422 9074 95348 19421 18255 1166 6896 1812 1398
is_linear=0
shrinkage=0.05


Tree=127
num_leaves=31
num_cat=1
split_feature=3 8 25 0 3 24 8 22 15 25 8 15 3 3 24 7 22 15 20 2 25 17 23 22 25 4 17 3 23 18
split_gain=29.8374 30.5641 27.154 34.7057 64.5196 34.3801 27.5397 41.8501 31.8807 31.4347 32.7344 38.5196 34.4563 29.4754 38.8569 35.7626 29.0106 39.1832 37.9348 27.4631 54.428 26.9086 35.4696 31.2462 41.5866 43.758 40.7267 31.2012 40.6905 31.9111
threshold=3.4166718974532415 49.346052979714905 150.50000000000003 0 1.5771011017391146 20.231391764123295 99.479483603798116 9.9666716013433447 1.0000000180025095e-35 109.50000000000001 49.346052979714905 9.5000000000000018 1.100010760441483 3.2661366374201601 2.8710196727380066 7.7728514143090708 3.6947805272433096 32.500000000000007 4.0978415701712665 0.52964622769170233 86.500000000000014 0.0090833162898685989 2.6918547333791882 1.7223373334070937 44.500000000000007 0.17764441222314889 -0.03773876234277955 3.8623971453062431 2.1577455910491796 0.0021884896756466945
decision_type=8 10 2 1 10 2 8 2 2 2 10 2 10 10 2 2 2 2 2 2 2 2 2 2 2 2 2 8 2 2
left_child=2 -2 3 6 -5 -4 8 13 19 10 11 -10 -13 15 -15 -8 -11 18 -18 -1 -21 22 23 -3 -25 26 27 29 -29 -26
right_child=1 21 5 4 -6 -7 7 -9 9 16 -12 12 -14 14 -16 -17 17 -19 -20 20 -22 -23 -24 24 25 -27 -28 28 -30 -31
leaf_value=0.051665248886713401 -0.035246892964624507 0.0065253865358269117 -0.018983984771448564 0.014901384096964874 0.0024115770742379247 -0.0010732780121417299 -0.0037909344791953281 -0.028533073386747557 0.027620318468027934 -0.020920756094556847 -0.025069659292725172 0.0079750161858559623 -0.015260760871003747 0.018937644434550732 -0.037651295451173517 0.034929714668179304 -0.00070292052502006909 0.0013251651478771288 0.044108699192144316 -0.03207537905417996 0.046527553210590288 -0.0040580550463331384 -0.016437137924045647 -0.028900463426949675 -0.028068985188503072 0.057004431665976733 0.049102013052379073 0.016704723901144934 -0.034647767556426255 -0.0034243275978972339
leaf_weight=53.294083995744586 68.840119337197393 2143.5766896223649 288.20024176687002 1126.5664426460862 12584.071776226163 3809.3808037657291 214.22594484267756 224.6190821134951 88.06979863718152 133.17623065412045 227.4296970772557 240.69688583910465 473.2480286071077 43.439570844173431 100.55637684976682 82.63536952342838 83.212007779628038 2529.433714594692 109.21189091540873 45.228089706972241 42.925684449262917 5330.7886106306687 255.03403786569834 142.54828036157414 178.08589845988899 32.47964258491993 37.645503568928689 265.4441109825857 45.134460652247071 500.53014230937697
leaf_count=425 464 11923 758 3580 35547 11093 2099 3712 641 501 2912 545 2545 291 1430 816 696 6990 882 743 376 39499 2274 7336 3553 160 452 3596 333 4774
internal_value=0.000374743 -0.00205836 0.00134801 0.00216767 0.00343783 -0.00233301 -0.0015444 -0.0109669 1.31178e-05 -0.000835932 -0.00832646 -0.00357855 -0.00742713 -0.0020168 -0.02058 0.00698748 0.00186494 0.00297981 0.0247303 0.0233299 0.00619961 -0.00180255 0.0015369 0.00290712 -0.0035462 -0.000134382 -0.00194172 -0.00388428 0.00924198 -0.0098917
internal_weight=31499.7 9000.11 22499.6 18402 13710.6 4097.58 4691.4 665.476 4025.93 3884.48 1029.44 802.015 713.945 440.857 143.996 296.861 2855.03 2721.86 192.424 141.448 88.1538 8931.27 3600.48 3345.44 1201.87 1059.32 1026.84 989.195 310.579 678.616
internal_count=150946 74364 76582 64731 39127 11851 25604 8348 17256 15712 6643 3731 3090 4636 1721 2915 9069 8568 1578 1544 1119 73900 34401 32127 20204 12868 12708 12256 3929 8327
cat_boundaries=0 1
cat_threshold=2
is_linear=0
shrinkage=0.05


Tree=128
num_leaves=31
num_cat=0
split_feature=13 2 25 22 24 25 24 23 13 7 2 2 25 4 9 13 12 3 4 23 1 22 8 23 25 1 20 2 23 20
split_gain=20.34 23.3827 26.429 78.1361 41.9513 45.9313 34.3111 39.5383 33.5887 31.596 24.6864 34.1303 27.5149 33.34 34.6692 26.4496 41.2425 27.3968 32.9794 24.6346 23.9984 23.2557 24.3167 22.4946 47.4907 30.9082 31.1784 22.3308 31.2742 21.724
threshold=7.3523811440876363 0.89392083066644867 36.500000000000007 1.5136649704255871 1.8855118939009892 14.500000000000002 0.086124216107974175 1.2186964098923183 7.2761588313877006 7.6900653247803854 0.85143424125109135 0.81992733660082229 30.500000000000004 0.00067318114619089231 29.159338877557694 6.7196077465729216 -0.042074011092852914 4.3327889869017291 0.0014263683638620029 0.6760576040095726 18.448986280315221 0.024948863359892805 163.66556992555934 1.5246089934581477 98.500000000000014 0.12034818258765102 3.2369466261921089 0.41992315919036366 1.956382899321949 4.0426735317524392
decision_type=2 2 2 2 2 2 2 2 2 2 2 2 2 2 2 2 2 10 2 2 2 2 10 2 2 2 2 2 2 2
left_child=1 2 3 4 6 9 -1 20 27 -6 11 12 13 -9 15 17 -17 18 -15 -4 -8 22 -21 24 -2 26 -25 28 -5 -14
right_child=23 -3 19 8 5 -7 7 10 -10 -11 -12 -13 29 14 -16 16 -18 -19 -20 21 -22 -23 -24 25 -26 -27 -28 -29 -30 -31
leaf_value=0.0014058215240998696 -0.029705224078373411 0.012060991486365682 0.025973949072218158 -0.031540981324406567 -0.043676293399100737 0.017700636668363665 -0.038824549952816596 0.029749693528747657 0.066753369008287558 0.0047289435886273164 -0.029881328227867938 0.032598538696862543 -0.0072832113836369602 0.015367633427422112 -0.021918021571180109 0.045533854257992383 -0.0062113487908510394 0.020686112031110367 -0.022598331996080152 0.027116983531660224 -0.0090534989101749615 0.0011522206357342101 0.0027044324138950585 0.025437365640517628 -0.0039834063702270245 -0.0020553514573036584 -0.0069282414386204923 -0.03567490690884733 0.052245152127865305 -0.03925900329762308
leaf_weight=1785.749517172575 213.0979089573957 469.60783874010667 102.24257465824485 27.780870163813233 56.11417437531054 507.87318281270564 156.87019702233374 80.447280008345842 9.272245442029087 84.44525402970612 91.515933692455292 63.937842264771461 125.3655308727175 79.228389419615269 199.42312903702259 77.988044871017337 76.065897006541491 82.442774157039821 205.72369550168514 177.1950156763196 119.07273499295115 21919.814211961813 240.38366148620844 214.42122095637023 1136.5203955406323 2654.3018526355736 113.95378627255559 254.72125565144233 18.590184004046023 92.169924754649401
leaf_count=5547 2265 1358 264 1687 508 2914 1708 244 268 701 388 202 624 478 1084 436 527 662 1742 377 446 97990 598 642 4183 10012 540 10956 435 682
internal_value=0.000492521 0.001001 0.000805993 -0.00283685 -0.00090794 0.0106999 -0.00323393 -0.00894702 -0.0269786 -0.0145954 -0.00494503 -0.00283746 -0.00506123 -0.00078008 -0.00418712 0.0025939 0.0199841 -0.00469805 -0.0120422 0.00148698 -0.025978 0.00137489 0.0130636 -0.00268866 -0.00804475 -0.000265101 0.0142057 -0.0298651 0.00204893 -0.0208314
internal_weight=31436.3 27104 26634.4 4194.8 3884.43 648.433 3236 1450.25 310.365 140.559 1174.31 1082.79 1018.85 801.319 720.872 521.449 154.054 367.395 284.952 22439.6 275.943 22337.4 417.579 4332.3 1349.62 2982.68 328.375 301.092 46.3711 217.535
internal_count=150468 132826 131468 32239 18893 4123 14770 9223 13346 1209 7069 6681 6479 5173 4929 3845 963 2882 2220 99229 2154 98965 975 17642 6448 11194 1182 13078 2122 1306
is_linear=0
shrinkage=0.05


Tree=129
num_leaves=31
num_cat=1
split_feature=13 15 25 11 11 1 18 3 24 19 6 13 0 25 3 24 1 25 16 10 18 13 15 3 6 18 18 5 25 22
split_gain=20.0243 33.4363 29.6967 30.1128 22.6068 20.1109 19.5457 18.5025 31.389 55.3338 37.3057 40.2346 29.451 34.7168 43.6391 30.2328 26.0135 23.2752 23.7415 20.1442 45.5612 43.3943 26.7776 56.3139 41.4203 32.9182 20.0045 19.7478 46.7002 50.2976
threshold=7.9414072819126211 52.500000000000007 114.50000000000001 2.7551873343287023 1.8953921106163107 0.31284217097689537 0.0057788907639642608 2.8185995877178081 47.636532373989454 0.60837462361121364 15.774353843609678 6.4395548191582659 0 180.50000000000003 1.3607117184907516 100.19069154047617 0.010456034394553506 119.50000000000001 -0.0065004524478703522 33.326432915879998 0.0042813975628675565 6.0711721395027656 10.500000000000002 2.9549421237038764 6.7115434959446869 0.0024731451555895737 0.0033676859403670031 0.17279047407896594 127.50000000000001 8.1608020575588345
decision_type=2 2 2 2 2 2 2 8 2 2 2 2 1 2 10 2 2 2 2 2 2 2 2 10 2 2 2 2 2 2
left_child=7 2 5 4 -4 -2 -6 12 16 10 11 -10 27 14 17 -15 -9 -14 -19 22 21 -21 23 -11 -25 -26 -27 28 29 -1
right_child=1 -3 3 -5 6 -7 -8 8 9 19 -12 -13 13 15 -16 -17 -18 18 -20 20 -22 -23 -24 24 25 26 -28 -29 -30 -31
leaf_value=0.019489198750573002 -0.0011317566021894555 -0.030720280344868397 0.013640341426854306 0.022735422309605572 0.00061030645859923315 -0.031356845955775994 -0.019709843135752185 0.023552112535676691 -0.0071373067331838499 0.06807604170053215 -0.0030076006334421182 -0.039587004688225284 0.027967914011237178 -0.020261160507379194 0.0028364310551042488 0.0016530975845766877 6.7782804631746237e-05 -0.0033094928930768905 0.013616653692009709 -0.0027990615694721993 0.020559745394280779 -0.053382414855818572 -0.0018475219448357491 -0.052249317341004325 0.063990102817076941 -0.02301743723336884 0.029666240487519053 0.00010542704055313903 0.0080781320977305979 -0.024631509857058184
leaf_weight=76.286942226812243 93.564421453978866 122.19599790126085 155.01183788105845 138.92058083415031 269.28684531711042 133.64466633042321 211.12203917652369 118.90077943727374 152.92419440345839 51.1813954282552 254.51953078061342 254.50209842715412 205.2627731859684 277.72530204430223 8556.258614320308 363.22240489721298 14272.853953956394 269.33162402361631 897.67096595466137 104.86471590772271 89.520639789756387 71.178041333332658 237.41728708893061 24.638004443841055 30.00820480985567 38.403455349151045 33.944953213445842 3243.2959996964782 266.10093958489597 421.48552433308214
leaf_count=584 294 438 405 338 730 641 708 732 1283 296 684 4817 661 767 20138 1191 91431 963 3111 665 204 1050 609 1284 426 622 265 9919 1321 3988
internal_value=0.000525593 -0.00602846 -0.00301589 0.00164785 -0.00296248 -0.0189102 -0.00831965 0.000768573 -0.000420417 -0.00773062 -0.0180255 -0.0274073 0.00205204 0.00343587 0.00416396 -0.00784244 0.000261804 0.0124412 0.00971028 0.00227395 -0.00848256 -0.023251 0.00914734 0.0237978 0.00595284 0.0199625 0.00170107 -0.00159802 -0.00883059 -0.0178697
internal_weight=31435.2 1123.75 1001.55 774.341 635.421 227.209 480.409 30311.5 15734.9 1343.1 661.946 407.426 14576.6 10569.5 9928.52 640.948 14391.8 1372.27 1167 681.157 265.563 176.043 415.593 178.176 126.995 102.357 72.3484 4007.17 763.873 497.772
internal_count=150565 3554 3116 2181 1843 935 1438 147011 104368 12205 6784 6100 42643 26831 24873 1958 92163 4735 4074 5421 1919 1715 3502 2893 2597 1313 887 15812 5893 4572
cat_boundaries=0 1
cat_threshold=2
is_linear=0
shrinkage=0.05


Tree=130
num_leaves=31
num_cat=1
split_feature=23 23 11 25 4 24 25 22 5 20 23 22 6 9 0 20 17 9 10 23 11 1 24 9 11 8 5 13 25 2
split_gain=25.2471 28.1711 40.6413 32.4042 42.9995 26.0757 23.9661 41.4907 38.0389 26.03 25.1111 27.4 24.8813 23.2937 34.6727 31.931 28.1805 27.8826 46.9166 23.0487 36.4198 27.2056 25.2041 25.123 27.8785 37.5173 44.3036 30.4652 27.3016 25.6108
threshold=0.6760576040095726 1.023332473409251 3.8322626523668886 100.50000000000001 0.0031987876596571256 235.8178031541195 150.50000000000003 6.2898539180955497 0.3212704074777526 2.9685056405257071 2.016011853705181 16.279356589245854 72.409731037814069 29.527520521913932 0 3.0299304621766745 0.47721583463223588 29.583652397408962 32.874371981962433 1.2779192618565285 4.3623127797839727 0.010456034394553506 163.39827197574431 25.878888946459508 3.8448234611386991 151.77003862827704 0.022809593757438282 6.4251325759633522 109.50000000000001 0.68345449285133275
decision_type=2 2 2 2 2 2 2 2 2 2 2 2 2 2 1 2 2 2 2 2 2 2 2 2 2 10 2 2 2 2
left_child=-1 2 -2 4 -4 6 13 12 9 -9 11 -10 -8 19 15 17 -17 -15 -19 20 23 -21 -23 28 -25 -26 27 -27 -3 -30
right_child=1 5 3 -5 -6 -7 7 8 10 -11 -12 -13 -14 14 -16 16 -18 18 -20 21 -22 22 -24 24 25 26 -28 -29 29 -31
leaf_value=0.011469270462533274 -0.0019375178827001909 -0.017285695048591423 0.005846853982009988 0.011992635839945889 -0.033901566169274394 0.0057585518742120654 -0.03354744507576176 0.020588290526323966 -0.029737639116360293 0.0004235546756992107 -0.00066807339664453724 -0.008021605927863374 -0.0069054316326200519 0.03203244298818287 0.0096933864231956018 -0.029233919463072602 0.016652569386495952 -0.045169712129704394 0.020379921475078198 0.020282090485689297 -0.022888256825204595 0.00032327139981958811 0.0095739838949099754 -0.0030444878702670956 -0.027123825842640954 0.0086005976142689063 0.038034092139701367 -0.01038736308436637 -0.011191730988974524 0.014305209637981873
leaf_weight=482.23742627352476 1548.9272841392085 503.51050486601889 88.499589225277305 71.334838844835758 294.31041830964386 2060.204417033121 177.51531060039997 178.96874543651938 228.82085416838527 1513.162894481793 470.54439900815487 397.73498846590519 173.0817915648222 73.553659158758819 1386.3870093058795 171.1648707841523 41.58938577119261 47.656804807949811 63.898749011103064 180.79040359798819 214.75251193949953 15055.481123455102 774.1709044072777 3214.5476135981735 84.291409836616367 1012.8587041599676 107.6802046969533 266.91447357460856 219.77882907353342 178.46300101652741
leaf_count=1191 4496 4133 316 248 2603 6232 548 442 632 4460 1155 1171 384 525 4838 1516 493 457 463 943 3124 89368 2096 10785 1162 4017 248 1492 712 520
internal_value=0.000117295 -6.04402e-05 -0.00579396 -0.0189469 -0.0247124 0.000338367 -7.92774e-05 -0.00418311 -0.00214534 0.00255628 -0.00939697 -0.0159524 -0.0203949 0.000466769 0.0059595 -0.00705151 -0.020264 0.00813417 -0.00762304 1.74818e-05 -0.00268222 0.000995957 0.00077569 -0.00190569 -0.000435053 0.00526441 0.00723208 0.00464039 -0.00954839 0.000234142
internal_weight=31282.8 30800.6 2003.07 454.145 382.81 28797.5 26737.3 3139.83 2789.23 1692.13 1097.1 626.556 350.597 23597.5 1784.25 397.863 212.754 185.109 111.556 21813.2 5802.8 16010.4 15829.7 5588.04 4686.29 1471.74 1387.45 1279.77 901.752 398.242
internal_count=150770 149579 7663 3167 2919 141916 135684 8792 7860 4902 2958 1803 932 126892 8292 3454 2009 1445 920 118600 26193 92407 91464 23069 17704 6919 5757 5509 5365 1232
cat_boundaries=0 1
cat_threshold=2
is_linear=0
shrinkage=0.05


Tree=131
num_leaves=31
num_cat=0
split_feature=3 23 1 1 24 4 3 23 16 21 10 13 8 17 4 17 7 3 6 23 11 21 16 13 17 23 4 5 16 4
split_gain=19.3776 16.7678 27.6752 31.1272 21.9714 20.3133 29.6843 27.4173 39.8955 28.9746 27.0118 29.2869 26.0356 21.3944 22.2756 33.7256 33.3525 29.542 33.7456 21.3232 30.6418 29.127 27.7177 41.5582 25.5085 44.5187 38.4556 46.1469 36.7722 36.0789
threshold=0.35203701394775738 1.0417249358926597 24.056770245871082 22.927260231324485 294.39298090075141 0.37528200357864389 1.6238195611322224 2.7520092714813873 0.0029118761334684571 236.18299938109405 32.893094455162426 7.4429396178594613 4.9964289463918172 0.84558665383931764 0.06890175148894627 0.26530362449777256 7.7441128548107452 3.6917389789341697 2.5560536512854175 1.6174076429390152 4.5862416632083969 143.57817372619306 -0.0077919295672738394 5.756222039953955 0.46633497617052205 2.1347760884213516 0.12229670535466569 0.10439460442564207 -0.0048154707296166922 0.11155937724715771
decision_type=8 2 2 2 2 2 8 2 2 2 2 2 10 2 2 2 2 10 2 2 2 2 2 2 2 2 2 2 2 2
left_child=-1 2 3 -2 5 6 10 12 9 13 -3 -12 -8 14 15 -9 -17 -16 -19 20 21 -14 23 -23 26 -26 29 -28 -27 -21
right_child=1 4 -4 -5 -6 -7 7 8 -10 -11 11 -13 19 -15 17 16 -18 18 -20 24 -22 22 -24 -25 25 28 27 -29 -30 -31
leaf_value=0.010089863686494687 -0.0039914344831490497 0.012462151290369962 -0.028995479488347617 0.020923272999550546 0.0072158382736715503 -0.0030561362531945336 -0.030476334315499506 -0.041692467224524035 -0.029200951633652522 0.022094950109159954 0.0038409991245430849 -0.022050786983389557 -0.0067432200238969195 0.016042806620073555 -0.011736075075190491 0.012186810569246687 -0.03001786727218362 -0.0052517104933183685 0.052956867072994851 0.0062419290389873474 -0.028255874280269766 0.012298523813695179 0.0010105675867733356 -0.023951178420748637 -0.02800476373319026 -0.036020370557204612 -0.02162164738453062 0.0018720888930352229 0.0088382423401853257 0.024552522025452522
leaf_weight=485.51167614944279 2466.8362634805962 967.73558140173554 104.27714085578918 132.07469600439072 1129.6554239727557 4291.6533313165419 67.562512169126421 111.42638644948602 182.05289423838258 98.778814561665058 1125.517584271729 120.95391027629375 1581.9077393035404 88.806749161332846 199.50589965283871 102.94591118395329 85.846310999244452 54.104369167238474 46.126764956861734 2306.7181786883157 99.605346121126786 113.8686463329941 10310.258355732309 258.68667675671168 179.07753253006376 53.388590175658464 221.62059989385307 3674.8973188311793 316.58657340239733 304.53917543310672
leaf_count=1960 9363 3098 350 297 3464 10630 240 1094 1267 606 3768 423 8608 577 1027 739 696 460 357 23726 2528 373 47098 1494 6629 569 1881 13151 2411 1830
internal_value=0.000178722 2.24743e-05 -0.00373868 -0.00272529 0.000384372 9.81702e-05 0.000695245 0.000100052 -0.00810618 -0.00322978 0.00619457 0.00132854 0.000508325 -0.00686173 -0.0102521 -0.0198788 -0.00700421 -0.00060996 0.0215361 0.000616115 -0.000635523 -0.00041121 0.000526432 -0.0128717 0.00280912 -0.00754032 0.00368229 0.000535846 0.002365 0.00837741
internal_weight=31282.5 30797 2703.19 2598.91 28093.8 26964.2 22672.5 20458.3 969.594 787.541 2214.21 1246.47 19488.7 688.762 599.956 300.219 188.792 299.737 100.231 19421.2 12364.3 12264.7 10682.8 372.555 7056.83 549.053 6507.78 3896.52 369.975 2611.26
internal_count=150714 148754 10010 9660 138744 135280 124650 117361 6823 5556 7289 4191 110538 4950 4373 2529 1435 1844 817 110298 60101 57573 48965 1867 50197 9609 40588 15032 2980 25556
is_linear=0
shrinkage=0.05


Tree=132
num_leaves=31
num_cat=0
split_feature=2 16 11 7 3 20 16 10 1 1 20 8 20 12 7 8 10 7 11 10 3 3 17 10 2 10 17 19 21 2
split_gain=20.1035 19.2465 17.1895 59.5217 57.3425 34.4802 30.9557 30.7509 26.5186 33.4362 37.1391 30.393 28.944 31.7746 39.0091 23.5359 22.8646 22.3401 21.9205 18.7122 29.5564 24.4059 28.8782 27.9648 23.3704 17.8386 17.3377 16.7329 23.2728 26.6519
threshold=0.94393996844296091 -0.03591948568308085 4.5738624666040808 7.7420004850079192 4.3327889869017291 5.1091909776928661 -0.0015445023529709928 33.595943523286444 0.81380641040300772 0.64199026818139437 4.0904839477491945 129.14810909913373 4.0837296641985832 0.029325248739023761 7.676831798318525 107.74413768189721 33.573692376828255 7.6941038534784782 4.5503004829528368 35.849917520445999 3.6434339320473321 3.7595890508803582 0.64167814407141532 36.496298542015943 0.34710649698210055 35.789351346234447 -0.16493578732443631 31.925519223380938 137.17291421898196 0.64644932227196861
decision_type=2 2 2 2 8 2 2 2 2 2 2 10 2 2 2 8 2 2 2 2 8 10 2 2 2 2 2 2 2 2
left_child=1 -1 18 5 7 8 -7 -5 9 11 -11 12 15 14 -14 -4 -10 -15 19 25 -21 -22 23 26 -25 27 -23 -3 29 -29
right_child=-2 2 3 4 -6 6 -8 -9 16 10 -12 -13 13 17 -16 -17 -18 -19 -20 20 21 22 -24 24 -26 -27 -28 28 -30 -31
leaf_value=-0.010339995587236507 -0.020017738822367723 0.00031125069832766523 0.013799259154926606 0.041765920130450461 -0.042563864134881529 0.070053079644947128 0.016049200484523674 -0.015999483814531583 -0.044310371560223126 0.069264271177268216 0.010674097337953044 0.041539085448167028 0.075963457990525188 -0.023665193964346118 3.1346241951042237e-05 -0.04268651855128866 0.011113780492017349 0.026727609256719933 -0.025342994647373503 -0.0013680422327218842 -0.043930844832468473 -0.046795906708745318 -0.0374237265661439 0.042702919440118323 -0.0066808013367772702 0.020070010196150248 -0.00082585829842302659 0.0030468570852246607 0.0059768749578594125 -0.033826058006178147
leaf_weight=407.47658272273839 120.3705551084131 25612.160392830148 27.208814267069101 44.917604751652107 99.71551108523272 50.237017405685037 56.244822197128087 47.299687834223732 38.240758040221408 52.22233967948705 56.105469048488885 51.455485157202929 33.693578926380724 65.205140111735091 33.964912582188845 57.230683817761019 36.245616285363212 33.186767105478793 82.419493807246909 1290.1211483199149 72.01545071718283 37.058378925547004 73.000457117566839 48.469454050995409 47.372586773708463 119.30889429780655 45.933844731654972 123.31673928606324 2339.7329534429591 81.325551607180387
leaf_count=1178 566 117443 277 591 1747 478 596 699 507 492 562 705 318 878 438 890 429 413 1194 4858 607 470 715 477 511 504 507 525 10401 455
internal_value=0.000376562 0.000455337 0.000598364 0.00791095 -0.0162819 0.0157646 0.0415277 0.0121371 0.0101055 0.0150884 0.0389191 0.00653877 -0.000650969 0.0114691 0.0378451 -0.0244852 -0.0173406 -0.00666812 0.000407286 0.000478291 -0.00475808 -0.018263 -0.0109229 -0.000105209 0.0182936 0.00077718 -0.0213528 0.00069543 0.00456265 -0.0116066
internal_weight=31283.3 31162.9 30755.4 783.174 191.933 591.241 106.482 92.2173 484.76 410.273 108.328 301.945 250.49 166.05 67.6585 84.4395 74.4864 98.3919 29972.2 29889.8 1613.97 323.85 251.835 178.834 95.842 28275.8 82.9922 28156.5 2544.38 204.642
internal_count=150431 149865 148687 10020 3037 6983 1074 1290 5909 4973 1054 3919 3214 2047 756 1167 936 1291 138667 137473 8145 3287 2680 1965 988 129328 977 128824 11381 980
is_linear=0
shrinkage=0.05


Tree=133
num_leaves=31
num_cat=0
split_feature=16 12 13 9 19 22 19 16 19 12 21 25 10 18 10 12 16 23 23 9 19 25 22 25 13 7 22 4 12 23
split_gain=21.3933 22.8869 18.8567 17.5941 26.4306 27.3026 25.2182 24.6392 26.1595 27.9974 21.8373 31.1837 37.3864 24.7352 28.6309 23.4508 27.4321 27.6768 29.75 27.0576 37.4582 27.5025 27.7585 22.9364 22.5825 22.2278 22.6185 46.7774 29.501 32.2561
threshold=-0.03591948568308085 -0.015657359783030157 4.6420391312269764 29.519324019304104 0.23659132783964351 0.01492659056014631 0.47870367070458525 0.011446523649158751 4.7925074209125054 -0.0012554582931867228 167.39696248376492 36.500000000000007 32.932666419717116 0.0090845954889769275 34.000168763618376 0.12847927155609826 0.0057986463437043386 1.0745494458959672 0.9766412754941266 26.893627475421869 9.5274352074698125 87.500000000000014 4.0024220392257615 45.500000000000007 7.5536635176246669 8.14979957152112 0.021428333512895397 0.011261437781449344 -0.050251921852688168 1.2222359650355885
decision_type=2 2 2 2 2 2 2 2 2 2 2 2 2 2 2 2 2 2 2 2 2 2 2 2 2 2 2 2 2 2
left_child=1 -1 -2 4 5 -4 -6 8 9 -5 13 12 -12 15 -15 16 17 18 -8 21 -21 -18 -23 -13 25 26 -19 28 -28 -30
right_child=2 -3 3 7 6 -7 10 -9 -10 -11 11 23 -14 14 -16 -17 19 24 -20 20 -22 22 -24 -25 -26 -27 27 -29 29 -31
leaf_value=0.006020500437299639 0.0099058038633600617 -0.019111413993549278 0.0082166853264875762 -0.0017905310756917193 0.024233519481452737 -0.0021023102185481007 -0.0014707939963454584 0.01946367606921777 -0.018206633546692969 0.010222996343591769 0.0050658868311137068 0.032677456771072221 -0.032617645819817562 -0.0026879937679312937 -0.022525411019886438 -0.0044675165474025854 0.020280799763062532 0.013082853080499585 -0.024279542122680339 -0.032583071556071826 0.0036204219888732177 -0.011448105376950313 0.0077976000652580082 0.007393025159490316 -0.01563028041783722 0.027718032340718308 -0.018598779883383803 0.0034375321574879915 0.020618770420366039 -0.0068559941005453644
leaf_weight=133.62495722994208 514.35269370116293 281.27717695059255 672.9576616846025 976.65877816313878 120.49218714050949 13505.455384847941 398.84411265142262 243.99615009315312 139.97337463917211 963.31986297271214 173.89816264156252 95.26803043554537 105.90186627930962 1030.2593954657204 220.8848795266822 1535.4432114653755 393.48439287347719 400.988645080477 222.83815946336836 99.827727089636028 251.31451702630147 208.33391263335943 1860.6559939347208 1532.7478449949995 186.52696959394962 83.141935395076871 421.79359720461071 3762.3054110181984 129.69135688897222 605.9722781223245
leaf_count=357 1656 838 1665 4484 531 68370 1534 699 722 4130 1049 620 984 2774 703 7750 2286 1066 1391 432 905 732 5371 6313 1103 304 2385 25358 959 2931
internal_value=0.000260756 -0.0110173 0.000412399 0.000251473 -9.52725e-05 -0.00161253 0.00145902 0.00443207 0.00266873 0.00417493 0.00125901 0.00622253 -0.009197 0.000457349 -0.00619022 0.00124486 0.00221665 0.000361527 -0.00964645 0.00631251 -0.00667202 0.00816407 0.00585968 0.00887262 0.00147446 0.00206487 0.00166401 0.000733315 -0.00805672 -0.00201242
internal_weight=31272.2 414.902 30857.3 30343 28019 14178.4 13840.6 2323.95 2079.95 1939.98 13720.1 1907.82 279.8 11812.3 1251.14 10561.2 9025.72 6212.1 621.682 2813.62 351.142 2462.47 2068.99 1628.02 5590.42 5403.89 5320.75 4919.76 1157.46 735.664
internal_count=150402 1195 149207 147551 137516 70035 67481 10035 9336 8614 66950 8966 2033 57984 3477 54507 46757 37031 2925 9726 1337 8389 6103 6933 34106 33003 32699 31633 6275 3890
is_linear=0
shrinkage=0.05


Tree=134
num_leaves=31
num_cat=0
split_feature=19 20 13 10 15 20 21 12 7 5 13 22 1 9 21 12 1 9 1 7 8 6 4 1 20 1 24 20 1 9
split_gain=28.2878 21.7257 22.4859 25.8484 23.4122 31.1651 30.5286 29.5299 32.2639 35.4558 36.8938 30.264 27.1013 34.5389 57.5067 36.4296 30.299 28.5502 26.489 35.1443 42.2817 33.1606 38.3813 33.4345 29.9481 26.0725 26.9292 25.567 24.3325 23.3328
threshold=0.23659132783964351 5.1532451662676548 5.8202914584495327 31.805598055536269 1.0000000180025095e-35 2.8535253042925541 241.91918259521267 -0.03532017909455476 8.2307776486780959 0.10439460442564207 5.9008169818032679 5.6164025225099898 0.7540960983766738 29.236280214872782 224.08161567448488 -0.11137190184635069 9.46124020702457 29.335358116661961 0.49333247893820154 7.7301041536575941 153.22052079418953 1.5740795580662101 0.042744388369303922 0.6068840449722096 3.0497100310844742 0.88344274701114001 5.3219494721544818 3.9967606420876938 0.52906371538481012 29.287540558271257
decision_type=2 2 2 2 2 2 2 2 2 2 2 2 2 2 2 2 2 2 2 2 10 2 2 2 2 2 2 2 2 2
left_child=1 2 -1 -4 5 -5 29 8 9 10 -7 12 13 14 15 -12 -14 27 -9 21 -21 -20 -23 -24 -22 26 -25 -18 -15 -6
right_child=-2 -3 3 4 6 7 -8 18 -10 -11 11 -13 16 28 -16 -17 17 -19 19 20 24 22 23 25 -26 -27 -28 -29 -30 -31
leaf_value=0.0037135645006791465 0.0020562659573380507 -0.0085274094910882305 0.0015480373247693576 -0.035813067753256926 -0.0031835575221329238 0.021585507891461728 -0.023511157011005063 -0.013110928756099628 0.017292493778079707 0.015322560839058154 0.022052915253907786 -0.048714238983768289 -0.039206209797357547 -0.033857863828573656 0.060023726512951472 -0.034100133797228954 -0.042364444805296768 0.0021483183184415745 -0.027193946804296612 -0.0255043205463466 0.014450568316803695 0.06025899900892219 0.055576757222288803 -0.040681103565152789 -0.0042608590087228112 0.03046629031876474 0.013004095195466192 -0.012622574036072448 0.011767000167624712 0.0037647067392515034
leaf_weight=2613.8557535258587 14736.91817312059 895.57807652256452 4818.0610664819833 87.754805944627151 2917.5519233611412 61.013562056235969 145.88873676583171 385.3480691339355 90.927495261654258 97.213367383228615 56.83210544870235 76.378892820328474 180.56650344375521 106.42866933066398 45.21803988981992 58.732481208397076 116.98078501597047 158.57110399752855 35.851665505440906 166.28943076333962 315.40605357848108 56.839697464369237 37.206138458102942 45.960410449653864 664.09704681579024 53.144728198414668 47.501114895334467 189.00041691400111 40.283891494385898 2062.3006352582015
leaf_count=9737 70470 4549 21815 839 9713 316 554 5438 261 729 712 2630 1914 1208 402 734 484 448 519 1556 1618 663 417 366 3589 455 686 808 413 6623
internal_value=0.00046128 -0.000952413 -0.000521169 -0.00136501 -0.00305615 -0.00643117 -0.000966543 -0.0055956 -0.0114124 -0.0136109 -0.0161913 -0.0184313 -0.0160032 -0.00378784 0.0122195 -0.00648531 -0.0218257 -0.0150701 -0.00148267 0.00166782 -0.00219318 0.0176673 0.0243506 0.0132467 0.00176434 0.00250406 -0.013396 -0.0239933 -0.0213303 -0.000306081
internal_weight=31363.7 16626.8 15731.2 13117.3 8299.29 3173.55 5125.74 3085.79 1278.15 1187.22 1090.01 1028.99 952.614 307.495 160.783 115.565 645.119 464.552 1807.64 1422.3 1145.79 276.504 240.652 183.812 979.503 146.606 93.4615 305.981 146.713 4979.85
internal_count=150666 80196 75647 65910 44095 27205 16890 26366 11059 10798 10069 9753 7123 3469 1848 1446 3654 1740 15307 9869 6763 3106 2587 1924 5207 1507 1052 1292 1621 16336
is_linear=0
shrinkage=0.05


Tree=135
num_leaves=31
num_cat=0
split_feature=9 17 3 3 16 6 12 20 9 3 24 24 23 5 6 6 17 3 21 10 23 23 24 3 17 9 18 12 20 12
split_gain=21.1102 37.6698 29.0171 48.9265 75.6816 41.843 41.3889 35.9931 26.0169 33.9849 28.8744 28.4355 28.3219 26.3545 37.5177 25.8826 34.9723 25.783 24.6689 41.4777 28.2355 24.3324 35.2414 29.3186 25.562 24.7763 24.2894 23.7828 23.4662 20.994
threshold=25.546907906469269 -4.3961289113880746e-05 3.3752641652054582 3.8693308261574 -0.00040277134591785768 6.9552574584094558 0.056369156619865808 4.0039759667905903 25.761373708557731 3.7049978435048367 4.8559833817668379 13.215608771707164 4.8036620898489586 0.093746446348186727 11.675167482080312 3.1421697108942359 -0.39963396551678032 2.0401950372552471 147.85088328871598 31.783108468318773 1.7080307303491959 1.4779931770088843 13.512599247779429 2.7539871176153721 0.59336307067212612 25.659379573419745 9.4394877798263172e-05 -0.088874696153189589 4.0075155362712431 -0.053007977812068514
decision_type=2 2 10 10 2 2 2 2 2 10 2 2 2 2 2 2 2 8 2 2 2 2 2 10 2 2 2 2 2 2
left_child=1 2 5 4 -4 -1 7 -6 9 13 -11 -12 -10 21 -15 -13 -17 -3 19 -5 -20 23 -23 -2 -25 -24 -19 -28 -7 -30
right_child=8 17 3 18 6 28 -8 -9 12 10 11 15 -14 14 -16 16 -18 26 20 -21 -22 22 25 24 -26 -27 27 -29 29 -31
leaf_value=-0.02509064390298086 0.020618964853493526 0.0075489240686738256 0.082524971272445208 0.058618249600116093 0.03273476785021355 -0.0035863577322609533 0.048857313238781647 -0.0156392329474518 0.00045550686243327372 -0.0080000897104771703 -0.044046707701779764 -0.055417403433783499 -0.025020620394660822 -0.025412791675099168 -0.0027947067238079169 -0.019867856982463045 0.074972512327985616 0.013098681690563198 0.019862752466890402 -0.0059423908579762322 -0.032863574519902392 0.033770319863018337 0.015666345069389961 -0.0088112138866135708 0.014025841282912101 -0.026687040047287156 0.0033163994072256384 -0.018797980480795316 0.023105444891795657 0.0053645356673566388
leaf_weight=107.64689152128994 147.84310722257942 382.03522528149188 59.526322738733143 39.891633751336485 66.243055438622832 313.96226141415536 79.677493013441563 91.662546383915469 23576.370315929176 655.37810334004462 123.2730632936582 15.636134294327347 109.59980908036232 196.62521731900051 2714.1239834958687 22.82788053737022 16.928545136703178 109.3594428403303 38.222255892585963 66.103095144499093 75.636114136781543 151.85309710819274 89.662119959481061 561.83517533075064 156.71181022934616 56.157237712759525 169.68895171093754 428.80681225052103 290.84660822432488 390.84952232055366
leaf_count=686 515 1057 481 297 482 1122 461 820 112442 4504 2020 1242 344 1370 8076 581 414 521 582 772 788 563 744 3068 481 643 896 2625 956 1265
internal_value=5.07581e-05 0.00426827 0.00910294 0.0188781 0.0321099 0.00452273 0.0194784 0.00465417 -0.000348969 -0.00366188 -0.0128575 -0.0306755 0.000337624 -0.00177969 -0.00432259 -0.000918525 0.0205158 -0.00291912 0.000996545 0.0183553 -0.0151633 0.00457885 0.0169117 0.000341575 -0.00383056 -0.000644583 -0.00856882 -0.012528 0.00772442 0.0129337
internal_weight=31305 2710.16 1620.27 516.963 297.109 1103.31 237.583 157.906 28594.8 4908.86 834.044 178.666 23686 4074.81 2910.75 55.3926 39.7564 1089.89 219.853 105.995 113.858 1164.06 297.672 866.39 718.547 145.819 707.855 598.496 995.658 681.696
internal_count=150818 13811 8712 4683 2244 4029 1763 1302 137007 24221 8761 4257 112786 15460 9446 2237 995 5099 2439 1069 1370 6014 1950 4064 3549 1387 4042 3521 3343 2221
is_linear=0
shrinkage=0.05


Tree=136
num_leaves=31
num_cat=2
split_feature=20 20 2 17 4 11 20 23 3 0 22 0 17 12 2 23 2 23 16 2 20 3 26 20 23 6 17 3 3 20
split_gain=23.4209 24.9527 25.5546 27.8013 20.9037 26.3528 19.8536 18.2202 21.8764 48.1827 22.1652 76.431 29.1045 42.8403 26.3072 24.4226 21.6198 21.2516 28.629 21.165 27.22 22.9159 21.5508 21.2657 19.448 29.3722 19.184 31.6932 39.4241 28.2595
threshold=5.1532451662676548 5.2593362975994689 0.69788969536181555 -0.019969310016365337 0.6495926607644672 0.55507181976569642 5.2152058057205872 4.8036620898489586 1.8096052276312677 0 9.5416848826554475 1 -1.8556240318781707 -0.026134825204750748 0.89392083066644867 1.648863003712238 0.35861767800445171 3.1300166270850336 -0.0081536740645034144 0.75133501957059246 5.0972983634547582 2.3644603641402515 0.87500000000000011 2.9967161423876556 1.4530529406201806 24.864447050811357 -4.3961289113880746e-05 4.1208370356229667 4.2168735033669176 4.9191513919276124
decision_type=2 2 2 2 2 2 2 2 8 1 2 1 2 2 2 2 2 2 2 2 2 8 2 2 2 2 2 8 10 2
left_child=4 6 3 -3 5 -1 -2 8 9 -7 17 12 13 -12 19 -14 -11 26 -19 22 21 -21 -13 24 -24 -26 27 -10 -29 -30
right_child=1 2 -4 -5 -6 7 -8 -9 10 16 11 14 15 -15 -16 -17 -18 18 -20 20 -22 -23 23 -25 25 -27 -28 28 29 -31
leaf_value=0.016749368585777188 -0.0043227662369525605 -0.021390894839080396 0.019398036161566587 0.0094245792848750825 -0.0056058313213193586 0.0090392210549422557 -0.016696544107102636 -0.015897382164101321 0.0045871867428888668 -0.015974691627022468 0.028105459913554773 0.0095291379152999955 -0.040883811633845073 -0.038584589722646147 0.020555571845081826 0.028292496496578945 0.00055198825622314589 0.019581304599341043 -0.02148040571700938 -0.00081586528516456301 0.015672054751819719 -0.014019165352740275 0.026549311942564616 -0.0022930665979375262 -0.013886487780964669 0.019878771385083312 3.8918166541033469e-05 -0.026575738903048735 -0.0094352927018729466 0.01911651330479874
leaf_weight=263.06825833581388 1208.3080346686766 129.50742122344673 192.5455786427483 168.32189374789596 1251.682936809957 2398.6667049080133 443.03037386806682 161.47405172511935 6100.6897884074133 216.6612355504185 50.800410335883498 550.04710908513516 202.45022148056887 45.78331330884248 138.68932582857087 13.617231760174034 2283.8642650917172 53.557944178581238 204.66445259004831 552.13010093942285 125.35233912803233 811.86408242955804 122.67508946359158 3447.9709633747116 133.8018217436038 124.1860688328743 9382.5819745890331 187.21576527762227 223.26695225341246 141.64472141908482
leaf_count=1183 5933 839 778 735 3203 7458 2354 515 36701 658 730 1475 6901 687 321 210 6271 258 1585 1283 336 3062 324 10925 640 244 48246 2319 2771 1508
internal_value=0.000345314 -0.00470148 0.00520232 -0.00397515 0.000715625 0.000998853 -0.00764247 0.000849127 0.000947415 0.0039765 0.000291152 -0.00222246 -0.0263246 -0.00350744 -0.000967939 -0.0365241 -0.000879987 0.00126604 -0.0129638 -0.00147664 -0.00662545 -0.00867461 0.000274653 -0.00105491 0.0101601 0.00236689 0.00149519 0.00354899 -0.00792251 0.00164742
internal_weight=31330.1 2141.71 490.375 297.829 29188.4 27936.7 1651.34 27673.7 27512.2 4899.19 22613 6319.37 312.651 96.5837 6006.72 216.067 2500.53 16293.6 258.222 5868.03 1489.35 1363.99 4378.68 3828.63 380.663 257.988 16035.4 6652.82 552.127 364.912
internal_count=150453 10639 2352 1574 139814 136611 8287 135428 134913 14387 120526 27138 8528 1417 18610 7111 6929 93388 1843 18289 4681 4345 13608 12133 1208 884 91545 43299 6598 4279
cat_boundaries=0 1 2
cat_threshold=1 2
is_linear=0
shrinkage=0.05


Tree=137
num_leaves=31
num_cat=1
split_feature=3 12 0 25 11 5 13 23 6 11 3 24 5 11 25 10 23 12 25 9 11 18 1 10 12 11 1 12 13 9
split_gain=18.6862 19.5977 23.1634 20.5108 17.2466 21.5077 21.0171 15.2207 16.8097 49.665 32.6161 28.4925 48.0169 34.2977 39.5812 40.4505 33.1146 32.0791 31.924 31.4958 27.876 24.5191 32.5707 24.022 24.9858 22.7647 21.4414 21.2561 20.9391 19.7912
threshold=1.0637423018923198 -0.19332512095505203 0 152.50000000000003 1.4006730532500611 0.84564554133524428 6.3875918978156028 0.6760576040095726 1.0689615100546186 4.201350395125611 3.1283879441976103 0.45159935780753385 0.0085464191225440717 3.9824452957511487 58.500000000000007 35.732993121415433 1.1007701751607544 -0.077889116163808184 58.500000000000007 26.847598786315896 3.8254703802301595 0.0008144919739668349 13.403497442257027 31.052562407095831 -0.076316194508039961 3.9024338097838647 16.920395516133102 -0.03941646619356947 6.4620069624124534 29.221005544637805
decision_type=8 2 1 2 2 2 2 2 2 2 10 2 2 2 2 2 2 2 2 2 2 2 2 2 2 2 2 2 2 2
left_child=1 2 3 -1 6 7 -2 -6 9 10 -9 13 16 25 15 17 21 -15 20 28 27 22 -13 -20 -25 -10 -27 29 -19 -18
right_child=4 -3 -4 -5 5 -7 -8 8 11 -11 -12 12 -14 14 -16 -17 18 19 23 -21 -22 -23 -24 24 -26 26 -28 -29 -30 -31
leaf_value=0.022028839024771981 -0.0013901686352769897 0.0066357123653183747 -0.0098388883680012567 -0.0049246974861967109 0.0091004787402601314 0.025081682508126757 -0.018312645436192758 0.014688303503775408 0.0031237454436795981 -0.040631528434335706 -0.0074035110666803537 -0.05980136405970983 0.00042296788008029413 -0.019675931253076619 0.025161013336323996 -0.031854027139731879 -0.031092466597955743 0.0094751449225004593 0.015655830451599736 0.026472013134479819 -0.025837402517459914 -0.0014970449680234499 -0.019250998497052932 -0.020244973296828648 0.0024564942391784843 0.002878715468337607 -0.022422574202592985 0.0030168385246927844 -0.020696148878272497 -0.0024224374706812847
leaf_weight=139.86536429077387 551.31853185594082 2206.9732399638742 450.47907355800271 142.4850849956274 475.26222362741828 87.339414946734905 274.99658017233014 212.02128593251109 2022.2947772145271 94.555033044889569 788.10898565873504 64.143970776349306 20319.733807563316 86.480946934781969 368.63632889464498 67.204931797459722 120.20919177308679 277.54328197613358 236.17068549618125 249.52393591031432 244.23597187921405 119.93841741420329 217.2001289203763 158.38466194830835 516.35941119398922 153.7440926656127 183.88780657947063 313.5590885207057 72.534159440547228 120.56916146911681
leaf_count=513 1408 6613 1381 571 1187 162 709 408 4985 1249 2859 1082 111259 748 1054 594 468 1721 652 1258 2790 450 946 667 1974 560 605 826 524 333
internal_value=0.00048856 0.00428328 -0.00280125 0.00842703 9.56968e-05 0.000309026 -0.00702195 0.000230298 7.42033e-05 -0.00599483 -0.00272019 0.000330594 -0.000322638 0.00453879 0.011736 0.00516622 -0.00750035 0.00879252 -0.0044661 0.0128985 -0.0117636 -0.0204264 -0.0284961 0.00193145 -0.00287229 0.00111719 -0.0109014 -0.00556288 0.00322382 -0.016736
internal_weight=31335.8 2939.8 732.83 282.35 28396 27569.6 826.315 27482.3 27007 1094.69 1000.13 25912.4 22430.5 3481.85 1121.92 753.287 2110.77 686.082 1709.49 599.601 798.573 401.283 281.344 910.915 674.744 2359.93 337.632 554.337 350.077 240.778
internal_count=150556 9078 2465 1084 141478 139361 2117 139199 138012 4516 3267 133496 121447 12049 5899 4845 10188 4251 7710 3503 4417 2478 2028 3293 2641 6150 1165 1627 2245 801
cat_boundaries=0 1
cat_threshold=1
is_linear=0
shrinkage=0.05


Tree=138
num_leaves=31
num_cat=1
split_feature=23 23 24 25 9 25 16 16 13 24 6 11 0 8 25 5 19 23 13 18 21 12 9 18 9 13 11 4 13 5
split_gain=20.4671 29.3835 23.4444 23.1921 21.9527 28.3823 22.2781 20.3537 25.9624 28.5159 44.0483 20.4998 31.3746 29.2098 23.2402 21.0769 20.9512 22.6369 21.6326 20.6831 20.484 27.0988 26.1066 25.7705 21.8437 22.6944 20.269 23.251 26.9931 34.7019
threshold=0.6760576040095726 1.0417249358926597 235.8178031541195 194.50000000000003 29.519324019304104 152.50000000000003 0.011446523649158751 -0.0046397562881802471 6.231329498263789 3.9952178200778605 2.1253894028095401 1.8953921106163107 0 4.9964289463918172 129.50000000000003 0.27583896986105433 53.38826512898963 3.1811048516865732 8.2752232314492211 0.0016085873534422842 163.09573943250859 0.0038745237055576739 25.483418403170401 0.0011894428175180745 29.401136863756879 7.5536635176246669 2.660019506356901 0.31038559932930215 7.0311540490720255 0.091339660624596974
decision_type=2 2 2 2 2 2 2 2 2 2 2 2 1 10 2 2 2 2 2 2 2 2 2 2 2 2 2 2 2 2
left_child=-1 -2 3 4 7 6 -6 8 9 10 -3 12 14 -13 -9 -16 17 18 -15 -19 22 24 -10 -24 25 -22 -25 28 -28 -30
right_child=1 2 -4 -5 5 -7 -8 11 20 -11 -12 13 -14 16 15 -17 -18 19 -20 -21 21 -23 23 26 -26 -27 27 -29 29 -31
leaf_value=0.010227436586191865 -0.0056878551052864023 0.0020840455876290588 0.0054774495054065748 -0.022856580080459082 0.0048584166846633858 -0.014790553181966757 0.023127007971665153 0.020411302773490396 0.014581334743747482 -0.001888757014119602 0.051976362417550617 -0.032792368335561754 -0.00064788467574799179 0.00012744185070920642 0.011930757566562512 -0.0026710613339506867 -0.012505150658112635 0.0036572995749795025 -0.022144646778717497 -0.033596585831753956 -0.015951037081356489 0.0053261326048975226 0.017040058634277922 -0.0097336539550395354 -0.040377563822669001 0.019264032786227556 -0.037598962454378347 0.007055164019259293 0.02709467697684538 -0.027879478275107419
leaf_weight=477.68512142077088 2261.5272387932055 135.04700637236238 1982.9363376162946 112.06968883424997 1705.1974399951287 168.14162216335535 184.98516064882278 360.14009714126587 82.866023031063378 1233.4265002924949 65.790250260382891 69.991884691640735 1712.0531957522035 17200.22567074839 571.03018611297011 435.69719944149256 352.03381183836609 60.987819820642471 109.72084470000118 95.752640083432198 177.86642745020799 495.37961030821316 60.476231965236366 503.42033570446074 61.140915761236101 61.594589449465275 266.25313345575705 52.088391457218677 42.759842626517639 87.342134259641171
leaf_count=1180 8905 875 6060 341 8197 496 559 1100 475 5142 308 236 4390 94369 2141 1156 2086 427 393 544 1470 2483 349 1613 438 187 3124 212 552 679
internal_value=-4.26793e-05 -0.000202439 0.000233659 -0.000159264 -6.27343e-05 0.00489515 0.0066463 -0.00048281 -0.00411693 0.000956128 0.0184278 9.35593e-05 0.00386199 -0.000555045 0.00951078 0.0056113 -0.000428417 -0.000185016 -1.3732e-05 -0.0191011 -0.00796431 -0.00186042 -0.0124005 -0.0146092 -0.0137036 -0.00689295 -0.01662 -0.0243505 -0.0284778 -0.00981145
internal_weight=31185.6 30707.9 28446.4 26463.5 26351.4 2058.32 1890.18 24293.1 3325.45 1434.26 200.837 20967.6 3078.92 17888.7 1366.87 1006.73 17818.7 17466.7 17309.9 156.74 1891.19 795.982 1095.21 1012.34 300.602 239.461 951.864 448.444 396.355 130.102
internal_count=150487 149307 140402 134342 134001 9252 8756 124749 17907 6325 1183 106842 8787 98055 4397 3297 97819 95733 94762 971 11582 4578 7004 6529 2095 1657 6180 4567 4355 1231
cat_boundaries=0 1
cat_threshold=1
is_linear=0
shrinkage=0.05


Tree=139
num_leaves=31
num_cat=0
split_feature=16 3 18 23 10 6 11 22 3 9 16 1 1 9 12 22 20 1 5 1 3 11 16 12 16 9 12 20 17 10
split_gain=24.1428 29.388 25.0834 23.4524 26.2637 27.5587 33.8395 27.8524 59.032 27.0285 21.338 15.7511 24.2242 29.1788 23.5683 36.1058 26.733 18.3624 26.6226 21.6785 39.5709 32.5352 27.5222 22.025 25.1282 40.6527 42.0382 37.9546 43.0563 33.4223
threshold=-0.013527519639566469 1.2828378755946861 0.0068313570545087098 2.9116699129939394 33.066542778470044 4.5682189268230138 3.1759432036363688 0.8343002089762851 3.5365034117184559 25.8291289231042 0.01840280558636254 0.078221842830149282 0.041086456284064383 29.422381409187924 0.080575903864524567 5.8991257223655618 4.0872038279952205 0.16017500608045046 0.096250301045153877 0.43957530770609093 2.8807251420821873 2.9457476640759364 0.0023406580245538592 0.22308333957624774 0.0014482175744126779 29.029042033529034 -0.14679876531135569 4.0039759667905903 -0.83612838144726298 32.304653470380721
decision_type=2 8 2 2 2 2 2 2 10 2 2 2 2 2 2 2 2 2 2 2 8 2 2 2 2 2 2 2 2 2
left_child=-1 2 10 11 5 7 -7 8 -5 -6 -2 12 13 -3 15 -14 -17 18 -13 20 21 -19 -23 24 25 26 -22 28 -26 -27
right_child=1 3 -4 4 9 6 -8 -9 -10 -11 -12 17 14 -15 -16 16 -18 19 -20 -21 23 22 -24 -25 27 29 -28 -29 -30 -31
leaf_value=-0.0053960180300500577 0.0064548415297027879 -0.0036609355202830924 0.00044488358376969537 -0.042548407713833426 0.0027470029407194846 0.00087893830615695776 -0.035375034911577639 0.038588960842677357 0.023120438043957921 -0.029060971494316398 0.021138654248889055 0.015644005255557227 -0.048500310849686305 0.029630507273938747 0.0047743653052282021 0.003262467894625649 -0.034312331876229382 -0.0021082752544420466 0.00089639224261380413 0.00086940466119944768 -0.035329957217550431 -0.0069331631661185 0.019686685424100028 -0.036679657048200719 0.02508525040620695 0.0030055100120995573 0.013124192023080947 -0.023481544052063326 -0.015906421425116699 -0.037740788956194482
leaf_weight=1830.2750608981587 1585.6564698908478 563.94674920174293 1764.9069459624588 52.730943992733955 95.100297648459673 188.94956117123365 97.619349755346775 68.254019796848297 97.498782213777304 224.32334995642304 293.14880778640509 476.27075409307145 93.010875298408791 74.514163298532367 105.89461494283751 126.04708689311519 75.804014597088099 2262.397642784752 856.06126975547522 18293.255872932728 50.672533691627905 134.99895222624764 345.85601441143081 72.555795578751713 105.40310174343176 90.733936095843092 383.85488445544615 459.73605665913783 163.3176585235633 113.00875462917611
leaf_count=7097 5581 3529 4601 430 389 534 859 305 750 1570 776 4673 894 375 601 571 532 6634 2840 87433 923 631 1173 700 672 1071 5678 4616 1942 1919
internal_value=0.000175261 0.000523096 0.00472516 -7.33209e-05 -0.00836965 -0.00127267 -0.0114709 0.0121036 7.05376e-05 -0.019591 0.00874595 0.000201965 -0.00582356 0.000224477 -0.0154589 -0.0227254 -0.0108485 0.000464977 0.00616824 0.000126896 -0.00312063 0.000402089 0.0122132 -0.00983489 -0.00840977 -0.00116692 0.0074737 -0.0147559 0.000172163 -0.019595
internal_weight=31145.8 29315.5 3643.71 25671.8 824.476 505.053 286.569 218.484 150.23 319.424 1878.81 24847.3 1039.22 638.461 400.757 294.862 201.851 23808.1 1332.33 22475.8 4182.54 2743.25 480.855 1439.28 1366.73 638.27 434.527 728.457 268.721 203.743
internal_count=150299 143202 10958 132244 4837 2878 1393 1485 1180 1959 6357 127407 6502 3904 2598 1997 1103 120905 7513 113392 25959 8438 1804 17521 16821 9591 6601 7230 2614 2990
is_linear=0
shrinkage=0.05


Tree=140
num_leaves=31
num_cat=0
split_feature=3 20 2 23 2 20 7 18 12 16 6 10 11 12 23 1 6 21 23 22 6 22 20 22 7 22 3 7 17 23
split_gain=22.3955 18.9897 25.5928 48.4919 23.8671 22.8632 22.5302 23.6255 22.9128 31.2706 26.6153 24.5224 26.6067 23.9528 22.0387 41.47 33.2789 32.4894 31.3135 23.4182 27.5845 21.3323 21.0289 32.0222 29.9379 23.8813 23.5268 21.2676 20.9651 27.519
threshold=0.8289220327544462 3.0858005394701009 0.89392083066644867 1.7282848566241904 0.9177449086175381 4.2001567512032638 8.2453541672728203 0.0096802358886024474 1.0000000180025095e-35 0.0055253824694394323 1.0745493492601457 33.745493407377772 2.8491312642708508 0.0052022644454933903 1.9331894941886476 0.32827899842389735 3.8620782404710039 223.75390024995963 2.2256166337041252 1.7594254362466319 13.220561518918343 0.80408232075665287 3.0299304621766745 1.7990613631502734 7.6741707908354266 0.16525670038790413 3.4083663082874582 7.8353391931995677 -2.250169835779213 1.1770894632137467
decision_type=8 2 2 2 2 2 2 2 2 2 2 2 2 2 2 2 2 2 2 2 2 2 2 2 2 2 10 2 2 2
left_child=-1 6 28 5 -5 -4 7 8 9 22 -10 12 -11 -12 19 -16 21 -18 -19 -15 -21 -17 -2 25 -25 -24 -27 -26 29 -3
right_child=1 2 3 4 -6 -7 -8 -9 10 11 13 -13 -14 14 15 16 17 18 -20 20 -22 -23 23 24 27 26 -28 -29 -30 -31
leaf_value=0.0053385387865095574 -0.0081553307092576046 -0.020508108545074774 0.0072765573533344983 0.0011425726419396127 -0.033978972088708571 0.029258703100602364 0.016531128844273095 0.021250279493912103 0.019171495323056779 0.0048624271153970668 0.027221142936849185 -0.0078585076398755317 0.030928896523441791 0.003953800079811832 0.024053336128632915 0.0027002122123150289 0.024958824782641196 0.016801823501786217 -0.019412193501828115 -0.023986144087730241 -0.0023366517970799211 -0.039266532447303965 -0.0026053931407588496 0.0090981426556500222 -0.033777810560586229 0.008425353572630221 0.040936530789680042 0.0043987779844630245 -0.0010359869944203809 -0.0039259313456331659
leaf_weight=1696.7714926805347 1578.7907042084262 297.20112129859626 265.95934299379587 130.28865900635719 76.93517804890871 213.03638593712822 254.2493560584262 144.79025565180928 265.91780767031014 266.49316993169487 93.902671634918079 174.36564877396449 154.74057790264487 746.76024633459747 270.20124661829323 50.538447391241789 154.70757556241006 102.45602918881923 143.01483841985464 209.04134965548292 496.80912310630083 75.543598706834018 170.3921205997467 121.93784117442556 129.10965061653405 131.97219629585743 96.216245593503118 50.848446803633124 20997.011574306292 1582.1447259644046
leaf_count=5483 8354 1312 913 623 547 541 616 343 711 731 409 731 704 2128 1458 376 698 502 763 2675 1553 1124 490 374 1429 412 493 306 107483 5916
internal_value=-0.000247106 -0.000568975 -0.00120343 0.00831093 -0.0118969 0.0170533 0.00197223 0.00131459 0.000788214 -0.00229064 0.00418095 0.00791053 0.014438 0.00247959 0.00144659 0.00813084 -4.43411e-05 0.00701321 -0.00429698 -0.00221837 -0.00874826 -0.0224447 -0.00495633 0.00225385 -0.0100298 0.0115578 0.0221338 -0.0229907 -0.00148883 -0.00654825
internal_weight=31142.1 29445.4 23562.6 686.22 207.224 478.996 5882.8 5628.55 5483.76 2874.87 2608.89 595.599 421.234 2342.98 2249.07 796.462 526.26 400.178 245.471 1452.61 705.85 126.082 2279.27 700.477 301.896 398.581 228.188 179.958 22876.4 1879.35
internal_count=150198 144715 117335 2624 1170 1454 27380 26764 26421 14024 12397 2166 1435 11686 11277 4921 3463 1963 1265 6356 4228 1500 11858 3504 2109 1395 905 1735 114711 7228
is_linear=0
shrinkage=0.05


Tree=141
num_leaves=31
num_cat=0
split_feature=17 12 17 24 13 23 25 22 9 9 7 21 7 1 20 12 24 24 1 23 9 25 24 23 1 20 17 9 15 11
split_gain=17.3518 28.8143 25.8696 18.5101 16.1743 14.0682 13.8755 46.8101 66.8774 55.739 42.3215 52.4954 41.5734 37.237 37.4265 46.3067 34.074 32.9689 32.6529 30.2582 36.7719 45.8414 30.3214 28.3025 27.8152 27.7866 32.0849 30.7382 27.5524 27.247
threshold=1.1727062137820681 0.029325248739023761 1.1839198098356112 0.097473381317940519 4.6420391312269764 1.5543023116276051 74.500000000000014 3.5485066009694086 26.606628902661441 25.8291289231042 7.6670838790124707 156.01939479007999 8.0341404861313155 0.94395044782007764 3.9340517317035766 0.0025407345923941292 1.9734193322444107 0.71339184785876586 8.4777260407455177 1.0417249358926597 29.486582516320897 52.500000000000007 6.53029192220799 1.8487776520223582 22.101785250300889 4.8390606517180723 1.0844343381669617 26.757138909576927 13.500000000000002 4.3706513807492575
decision_type=2 2 2 2 2 2 2 2 2 2 2 2 2 2 2 2 2 2 2 2 2 2 2 2 2 2 2 2 2 2
left_child=4 2 -2 -3 5 -1 7 12 9 13 -11 -12 -6 14 15 -9 18 29 -8 22 21 -21 -19 -16 -20 26 -23 -27 -10 -14
right_child=1 3 -4 -5 6 -7 16 8 28 10 11 -13 17 -15 23 -17 -18 19 24 20 -22 25 -24 -25 -26 27 -28 -29 -30 -31
leaf_value=0.020939224374662588 0.012802804816146244 0.02578265546320186 -0.0080488374334183859 0.0060859116432610775 0.0032571920641148756 0.0034077599507871892 0.033021640323681836 -0.011765191289284242 -0.034918465374032683 0.015160269399584933 0.15028758586617663 -0.014683019427683103 -0.00020056124290535748 0.05809591562202563 -0.033411805294346543 0.094196758722639939 0.00024594522400338606 -0.053554889893742075 0.00037568936902635148 -0.033725159135021963 0.012755812042239771 -0.02412779001593042 -0.0063166947334329345 0.016538788717108906 0.020729692361431639 0.03482605197328633 0.003096032460957836 -0.0060653734704433125 0.0010261410209023059 -0.019210981673050163
leaf_weight=163.40875992830843 234.08586409501731 234.73822315037251 408.01866484619677 242.49851229228079 3861.7125199157745 381.77913205046207 131.93223851174116 30.382988876430318 307.56154806702398 106.7155910951551 13.770633332431318 7.4209011895582071 3193.4744622362778 17.770549434004351 179.8061724670697 15.606861901236696 19394.087458023336 78.294686120003462 584.51463758759201 194.74690687283874 174.46295090019703 261.96372467279434 60.005847898311913 33.668566208798438 235.46801102906466 75.103370582684875 184.42110106162727 118.42245440464467 64.491994377225637 200.30716846417636
leaf_count=530 642 527 1229 739 30432 1220 658 654 13271 1429 671 507 10487 353 5409 462 70165 728 1583 1361 509 1625 342 648 449 372 515 607 180 2287
internal_value=0.000356291 0.00646888 -0.000447155 0.0157741 0.000128763 0.00866245 -2.88086e-05 -0.00164245 -0.0133824 0.000673023 0.0279768 0.0925178 -0.000556611 -0.011924 -0.0167197 0.0241935 0.000699266 -0.00379976 0.00993513 -0.0111266 -0.00812074 -0.0124844 -0.0330592 -0.0255338 0.00622059 -0.00602014 -0.0128804 0.00980374 -0.0286878 -0.00132259
internal_weight=31190.6 1119.34 642.105 477.237 30071.3 545.188 29526.1 9180.11 777.196 405.142 127.907 21.1915 8402.92 277.235 259.465 45.9899 20346 4541.2 951.915 1147.42 1009.12 834.658 138.301 213.475 819.983 639.911 446.385 193.526 372.054 3393.78
internal_count=150591 3137 1871 1266 147454 1750 145704 72849 23584 10133 2607 1178 49265 7526 7173 1116 72855 18833 2690 6059 4989 4480 1070 6057 2032 3119 2140 979 13451 12774
is_linear=0
shrinkage=0.05


Tree=142
num_leaves=31
num_cat=1
split_feature=25 24 20 3 0 3 13 4 14 20 12 1 1 13 20 5 17 3 13 10 11 24 12 4 11 25 15 23 7 8
split_gain=18.1669 37.5065 32.3882 32.6674 23.1529 51.147 35.927 46.1904 34.8851 34.7015 39.5075 33.4179 53.778 73.5307 31.1669 36.8708 30.5199 46.9131 43.7874 35.5535 30.5595 30.4778 42.7785 40.7601 37.6216 36.5599 54.527 30.9794 29.3205 47.9065
threshold=155.50000000000003 19.026806154656175 5.0433243673049564 2.2768718074732894 0 1.5771011017391146 7.1390671937727062 0.32912538863411239 7.5000000000000009 5.1483069095858758 -0.084117383005350113 0.54971017033889835 0.57567405069412192 6.5776792883492385 3.9395159709211844 0.035089305338355324 0.66452057093625339 3.5296631532489386 6.5850140993684345 31.977884912722317 3.9942841805298781 24.313819623714007 0.15969458900555925 0.25498617993246225 4.2089137696435097 97.500000000000014 44.500000000000007 1.4033545653823711 7.7557327730076731 99.479483603798116
decision_type=2 2 2 10 1 8 2 2 2 2 2 2 2 2 2 2 2 10 2 2 2 2 2 2 2 2 2 2 2 8
left_child=4 -2 -3 -4 6 -6 11 9 -9 10 -8 28 13 -13 16 -16 17 -14 -19 -18 -21 22 23 24 -17 -23 27 -27 29 -1
right_child=1 2 3 -5 5 -7 7 8 -10 -11 -12 12 14 -15 15 21 19 18 -20 20 -22 25 -24 -25 -26 26 -28 -29 -30 -31
leaf_value=-0.0015503384674078549 -0.025503266076617161 0.000340936130143014 -0.0058741267505394434 -0.033697065747154302 0.011193642958233952 0.00078404030808599482 -0.0046203415908753175 0.024123303571701782 -0.0047174299178790648 0.027605351637682053 -0.025527065690774065 -0.0035447421657501428 0.0053749250706567912 0.074026668079590199 0.02188203613002215 0.0071916635863422205 0.022926853122181071 0.0082536388469337685 0.054575558802104934 0.011933996407779488 -0.056784447119197383 -0.025070768070223862 0.02061930893204696 -0.040257005470780288 -0.02535792543957387 0.0081247280254458636 0.0005250683522557948 0.060530945635884272 0.010273446566366494 -0.017668852129410908
leaf_weight=1738.5314399611671 180.56766926497221 2527.1137974187732 410.68658606894314 141.96886502951384 1253.7992354091257 20055.195339526283 376.16393259284087 144.72047512512654 380.57877630181611 45.335687342565507 565.93606797116809 59.274152887053788 365.29646995686926 63.040218690875918 158.66044249199331 180.01718549267389 45.375160331605002 88.141809253953397 121.12530673108995 24.447960247751325 47.83103013294749 111.69741599750705 83.694164657499641 145.80794636951759 175.14623535936698 50.324575936421752 776.29540577344596 64.142934951931238 321.28061310225166 627.3196427100338
leaf_count=8058 498 7211 1350 448 4196 85104 3842 500 979 512 6406 461 2291 528 2004 1362 522 984 983 311 916 2035 474 603 1879 589 2147 282 3539 9826
internal_value=0.000177357 -0.00335543 -0.0020569 -0.0130214 0.000587703 0.00139653 -0.00196183 -0.00875064 0.00322822 -0.0151232 -0.0171794 -4.7469e-06 0.00408299 0.0364352 0.00245989 -0.00109991 0.0114378 0.0161887 0.0350651 -0.0117632 -0.0335408 -0.00339735 -0.01247 -0.0179981 -0.00885993 0.00189411 0.00527538 0.037491 -0.00389957 -0.00582426
internal_weight=31329.5 3260.34 3079.77 552.655 28069.2 21309 6760.19 1512.73 525.299 987.436 942.1 5247.45 2560.32 122.314 2438 1745.79 692.218 574.564 209.267 117.654 72.279 1587.13 584.666 500.971 355.163 1002.46 890.763 114.468 2687.13 2365.85
internal_count=150840 9507 9009 1798 141333 89300 52033 12239 1479 10760 10248 39794 18371 989 17382 11375 6007 4258 1967 1749 1227 9371 4318 3844 3241 5053 3018 871 21423 17884
cat_boundaries=0 1
cat_threshold=2
is_linear=0
shrinkage=0.05


Tree=143
num_leaves=31
num_cat=0
split_feature=16 13 25 13 19 1 24 21 10 16 1 19 10 19 12 10 10 25 7 25 22 8 9 21 24 23 24 23 24 25
split_gain=20.3613 21.3594 16.7525 25.1683 17.933 17.0071 18.142 17.5517 16.6964 16.5084 19.2325 15.8301 28.7902 21.0521 15.0356 30.1965 18.8075 18.6518 33.7066 14.7839 71.4105 39.1924 20.9236 40.8061 22.5093 20.911 17.0566 18.2939 46.0952 34.9045
threshold=-0.03591948568308085 6.4620069624124534 180.50000000000003 4.6420391312269764 16.583111069825954 0.78154035275194478 133.05490080853227 158.20623136263512 28.568178993727223 1.0000000180025095e-35 0.6026053771063582 44.3782495543145 35.057121935736923 66.902381705351914 0.0079272088338150862 31.625125230799952 33.767828634228444 105.50000000000001 7.6455533446126394 13.500000000000002 0.96429531422119663 120.83007020677597 29.051237255596146 163.33696763326182 0.022155949045215877 1.3098205102403442 0.016479087727714562 1.9098734494129836 0.93168826593486165 78.500000000000014
decision_type=2 2 2 2 2 2 2 2 2 2 2 2 2 2 2 2 2 2 2 2 2 8 2 2 2 2 2 2 2 2
left_child=1 -1 3 4 -2 6 7 -4 9 -5 -11 19 13 14 16 -16 -13 18 -17 20 21 -10 23 24 -23 -26 -21 -28 -29 -30
right_child=2 -3 5 8 -6 -7 -8 -9 11 10 -12 12 -14 -15 15 17 -18 -19 -20 26 -22 22 -24 -25 25 -27 27 28 29 -31
leaf_value=-0.0029311805498224743 0.018889871061723622 -0.027372806089688978 -0.022899463634272164 0.028154227662693709 -0.0035456122833785728 -0.02318682466493853 0.0065787863361864447 0.0007747063478208071 0.029887654710495405 0.017536135197761205 -0.0068134141892766094 0.010824856086861111 -0.017331552536598155 -0.0071867188128461254 -0.002433347543406305 0.065120710074910312 -0.015096231009030965 0.012893993595687527 0.018714500308472149 0.010070025487811218 -0.043168173558909534 0.0090648659139547106 0.0042119827808845857 -0.045527562376408204 -0.041944283392253645 -0.0052126744309994155 -0.00061527478341009175 -0.024330162980352111 0.0075641180920184535 0.00030907604000788023
leaf_weight=282.82837566640228 315.85048674466088 130.68925660429522 161.17693220078945 99.72108289715834 124.04884055163711 133.47618121653795 254.05893015116453 152.24097739905119 91.786022435873747 156.22852868819609 168.62487293640152 379.44967202236876 116.96766861900687 170.20103514567018 111.81916389218532 70.933657761197537 85.802340247668326 112.55489607341588 87.271086922613904 444.41166041046381 113.65039959806018 154.95684658735991 353.34136756882071 75.740811986848712 57.073071825318038 120.66788421943784 19329.506538906135 158.87856839597225 2576.6100078984164 4649.2224624529481
leaf_count=758 985 431 479 455 431 406 818 385 591 614 628 1695 706 913 561 303 474 308 585 1062 3458 403 1248 421 520 706 92302 1587 19968 16451
internal_value=0.000365494 -0.0106558 0.000513338 0.000691137 0.0125632 -0.00712803 -0.00335084 -0.0113999 0.000515208 0.0103593 0.00489677 0.00037237 0.00616163 0.0088609 0.0120824 0.0194252 0.00604446 0.0284524 0.0395215 0.000138748 -0.00593566 -0.000978233 -0.00469723 -0.0124046 -0.00486396 -0.0170073 0.00035508 0.000193464 0.00231034 0.0028961
internal_weight=31239.8 413.518 30826.3 30125.3 439.899 700.953 567.477 313.418 29685.4 424.574 324.853 29260.8 1135 1018.03 847.831 382.579 465.252 270.76 158.205 28125.8 967.216 853.566 761.78 408.439 332.698 177.741 27158.6 26714.2 7384.71 7225.83
internal_count=150652 1189 149463 147375 1416 2088 1682 864 145959 1697 1242 144262 5545 4839 3926 1757 2169 1196 888 138717 7347 3889 3298 2050 1629 1226 131370 130308 38006 36419
is_linear=0
shrinkage=0.05


Tree=144
num_leaves=31
num_cat=1
split_feature=24 25 24 9 7 12 3 1 20 25 19 12 0 2 3 2 24 19 23 2 23 19 2 2 2 2 23 3 10 20
split_gain=17.9588 17.5652 17.6455 15.5594 32.9935 24.1356 29.3771 28.1331 27.3921 30.7101 26.9592 26.7728 25.8863 39.7493 34.3919 39.1593 31.2538 30.0061 29.217 32.1235 26.5808 25.2201 42.4343 28.3883 51.5568 40.4702 27.5668 50.2675 33.888 31.5191
threshold=548.39296975714637 180.50000000000003 65.237156736066524 25.761373708557731 7.3758627248660824 0.064238157162370593 4.268408365433487 0.55524351708002673 4.9482431169113239 11.500000000000002 7.1920118426132236 -0.077889116163808184 0 0.40411543626351298 1.8544051127260042 0.58520919669283999 109.9124036364985 2.6834265774639454 2.4377086186796881 0.61011249326572703 0.80431755189098941 17.373217633559197 0.8428804096756628 0.76438282994497364 0.73045579697892704 0.68614506090530913 2.0074336779859112 4.093596148372316 30.847975217158069 3.1065563320703822
decision_type=2 2 2 2 2 2 10 2 2 2 2 2 1 2 10 2 2 2 2 2 2 2 2 2 2 2 2 8 2 2
left_child=1 3 -3 4 -1 6 12 11 9 -7 -9 -8 21 20 -15 16 -16 -17 19 -19 -14 23 -23 24 25 26 28 29 -5 -28
right_child=-2 2 -4 5 -6 8 7 10 -10 -11 -12 -13 13 14 15 17 -18 18 -20 -21 -22 22 -24 -25 -26 -27 27 -29 -30 -31
leaf_value=0.016457090217652504 0.015817013622308376 -0.019403240155454624 -0.002419687651903351 0.027546446293399696 -0.0024341582323214902 -0.022393320861242665 0.071457008166041169 0.01811991957870215 -0.00099057088954915013 0.0063884468889057501 -0.032872748822225462 0.019649405756643566 0.032441186671166182 0.0074874398051952206 -0.0091355664473800179 -0.0017982988307110558 0.0055365726369275047 0.024836190239056793 -0.017911647446987731 0.0043779696042154301 0.0065950209541531428 0.00051066319813557225 0.045260696172009021 -0.016677129611474464 0.023528538180453609 -0.020285651098547998 0.024592160410701544 -0.038212777490486877 -0.0093197277985963504 -0.0005337491748664653
leaf_weight=238.98134694900364 180.97137004137039 222.9718630425632 486.92757616378367 66.262453998904675 7030.925209404435 94.771072316449136 32.695448277983814 65.31910615414381 2318.2195404556114 4200.8576837852597 42.97162822750397 105.09183022240177 107.94088399037719 1236.1612710077316 2146.4684229574632 4882.4735062753316 436.8223073258996 210.28164267726243 132.93796611949801 2192.55374407419 1268.4104369105771 651.88931620703079 57.660654667299241 542.32333706784993 158.85919896978885 401.3516902285628 240.20987740252167 56.514253513887525 1051.5974113538396 259.82311767246574
leaf_count=773 577 561 1526 552 36402 669 345 780 11300 18675 565 1271 249 3562 11189 17861 1094 627 784 8280 5430 4374 364 4668 1306 3357 1739 527 9367 1647
internal_value=0.000112053 2.01934e-05 -0.00775404 0.000202756 -0.00181315 0.000841047 -0.000190102 0.0169552 0.00338961 0.00575346 -0.00211485 0.0319428 -0.000452148 0.00060188 -0.000380396 -0.00135284 -0.00665458 0.000493411 0.00490596 0.00616835 0.00862202 -0.0042656 0.00414722 -0.0064152 -0.00392471 -0.00602573 -0.00260765 0.00648468 -0.00713444 0.0115364
internal_weight=31121.2 30940.3 709.899 30230.4 7269.91 22960.5 16346.6 246.078 6613.85 4295.63 108.291 137.787 16100.5 12614.1 11237.7 10001.5 2583.29 7418.25 2535.77 2402.84 1376.35 3486.49 709.55 2776.94 2234.62 2075.76 1674.41 556.547 1117.86 500.033
internal_count=150421 149844 2087 147757 37175 110582 79938 2961 30644 19344 1345 1616 76977 49076 43397 39835 12283 27552 9691 8907 5679 27901 4738 23163 18495 17189 13832 3913 9919 3386
cat_boundaries=0 1
cat_threshold=2
is_linear=0
shrinkage=0.05


Tree=145
num_leaves=31
num_cat=1
split_feature=19 25 10 18 16 10 17 12 1 20 19 10 11 4 15 3 23 10 16 9 16 12 22 0 8 17 16 19 11 23
split_gain=15.2053 15.6122 14.5734 31.3202 24.075 22.5913 17.102 15.4388 15.0576 16.4761 13.6891 26.595 20.7887 30.8325 34.2933 29.5912 49.8757 33.8952 23.7129 22.7979 57.9772 27.1924 21.5688 21.1382 33.8644 20.1076 17.4469 16.2622 35.4442 30.5773
threshold=74.750835080664828 194.50000000000003 28.568178993727223 0.0014046165396307383 0.005152926651780387 29.209665691374074 0.53554707322822392 0.034820359834991613 0.70576684284175573 4.0597465832174811 32.20561352624096 36.132192439050705 3.7910650405473114 0.075978616014964112 7.5000000000000009 3.6710626646038005 1.2818364704032463 30.345758946569955 0.0030516129414480376 26.724210276458262 -9.9323600508011319e-06 -0.0077721285056070654 7.7344659164093175 0 147.55252316311785 -0.71477561632488962 0.00016111538217384829 27.662767552772241 3.8185428378423114 1.5006858820263635
decision_type=2 2 2 2 2 2 2 2 2 2 2 2 2 2 2 8 2 2 2 2 2 2 2 1 10 2 2 2 2 2
left_child=1 2 3 -1 7 6 8 -5 9 -4 27 12 13 -12 22 16 -14 -17 19 21 -21 25 -15 -23 -25 -19 -18 -7 29 -29
right_child=-2 -3 5 4 -6 10 -8 -9 -10 -11 11 -13 15 14 -16 17 26 18 -20 20 -22 23 -24 24 -26 -27 -28 28 -30 -31
leaf_value=0.027005259107251368 -0.019494713157309232 -0.01707057833864991 -0.021755352381087553 -0.027897805787520404 0.014721583444584289 -1.2988919693121329e-05 0.0082263186239368343 0.0037251865369183606 -0.027235706522291816 0.0031494370668038243 -0.014060807604420673 -0.020737928066372688 -0.0084622660114377565 0.011897481543859901 0.0021855044381860369 0.050686825001392356 0.0219270023660771 -0.053581310779529004 -0.037269564278441351 -0.017557405386464994 0.050974817708457493 0.038902856396491048 0.05176815363240659 -0.032410071612853246 0.021320605416472217 -0.0041622099408530093 0.056392432068438095 0.0080644907415850075 -0.024426929729326773 -0.013922288638918459
leaf_weight=156.92837723065168 100.62552002537996 133.78491745144129 117.24499926250428 88.030956394039094 135.90032202657312 26500.536422665464 100.02119536278769 68.731148862745613 154.00492066750303 153.16407381626777 260.44094402971677 107.81521558389068 68.364545244490728 83.625922190956771 1413.8926550317556 36.744339477038011 60.463305784855038 39.597434792667627 37.629692926304415 53.962502253707498 72.086866985308006 40.067046819254756 57.068122321506962 53.79160320921801 64.47357701510191 42.864562652073801 93.502871796954423 378.5349468968343 217.77104103192687 271.58193395379931
leaf_count=529 561 412 584 530 382 128615 365 336 737 705 957 642 386 443 3997 299 372 583 478 589 543 496 492 653 389 469 596 1190 2224 965
internal_value=-8.98533e-05 -2.69925e-05 4.67308e-05 0.00898311 -0.000680532 -8.50873e-05 -0.010373 -0.0140329 -0.0147562 -0.00764888 9.50283e-05 0.003572 0.00462946 0.00186075 0.0045281 0.0122028 0.0270773 0.00470752 0.000530532 0.00440795 0.0216358 -0.00461035 0.0280698 0.00751552 -0.0031182 -0.0278928 0.0428577 -0.000233555 -0.00696844 -0.00112034
internal_weight=31163.3 31062.6 30928.8 449.591 292.662 30479.3 524.435 156.762 424.414 270.409 29954.8 2586.39 2478.58 1815.03 1554.59 663.548 222.331 441.218 404.473 366.844 126.049 240.794 140.694 158.332 118.265 82.462 153.966 27368.4 867.888 650.117
internal_count=150519 149958 149546 1777 1248 147769 2391 866 2026 1289 145378 12384 11742 5889 4932 5853 1354 4499 4200 3722 1132 2590 935 1538 1042 1052 968 132994 4379 2155
cat_boundaries=0 1
cat_threshold=2
is_linear=0
shrinkage=0.05


Tree=146
num_leaves=31
num_cat=1
split_feature=0 1 3 3 7 1 13 6 2 5 5 3 19 16 20 2 14 19 4 24 3 10 9 24 4 10 16 3 25 7
split_gain=25.2171 35.4446 36.7267 42.2371 32.3268 49.1276 43.0221 41.2145 33.535 48.0575 45.1973 33.3445 31.7106 40.7498 31.3337 29.0013 28.8064 34.0181 34.6011 36.9232 33.2159 26.1335 26.0035 47.0732 38.3448 40.4823 27.846 25.5429 26.0989 24.4458
threshold=0 0.51318464782417872 4.0847427661919067 4.1208370356229667 7.7557327730076731 0.13518211050223608 7.1888292020607851 8.9414780140170169 0.62506937639316396 0.086875660729032064 0.023929576221713145 3.5877203802541042 0.47870367070458525 -0.0052417641041841894 4.0767770181339245 0.77920597710647055 2.5000000000000004 6.580630334916461 0.16823559571534277 16.449358488282513 1.4002853106980673 34.000168763618376 26.877554060582096 2.8710196727380066 0.1161954133260559 33.366715829540233 0.0028460060751204215 0.91254829820663474 167.50000000000003 7.6293898383888417
decision_type=1 2 10 10 2 2 2 2 2 2 2 10 2 2 2 2 2 2 2 2 10 2 2 2 2 2 2 8 2 2
left_child=1 4 -3 -4 7 -6 8 11 9 -7 -10 -1 14 -14 -5 21 17 18 19 -9 -18 22 24 -24 25 26 29 -2 -29 -13
right_child=27 2 3 12 5 6 -8 16 10 -11 -12 15 13 -15 -16 -17 20 -19 -20 -21 -22 -23 23 -25 -26 -27 -28 28 -30 -31
leaf_value=-0.040758429864127567 0.012616676812688224 -0.00060673468969208214 0.0643765465882358 -0.0043849834385064424 0.040196141311579919 -0.033341885387125923 -0.043402848315124309 0.028237022047175653 0.069187178090350673 0.026269508610706302 0.0043733481760242854 0.03998071394854677 0.042531021834777902 -0.017898935922690051 0.047480556242289688 -0.050700593913616032 -0.0034233820055175126 -0.014901652913890829 0.045133497146472579 -0.022497410816884181 -0.018883694873566878 -0.026426453740290613 0.010794260375460432 -0.052332124961102969 -0.040775035682641347 0.064719705818275436 0.046610014307396905 0.0011995660396001688 -0.005488736792085655 -0.018315242998037478
leaf_weight=138.30111301294528 463.08089660108089 3325.3579520268831 41.006485033314675 45.3940346960444 87.644023949047551 87.865772316232324 52.57841359381564 77.531440600752831 39.617816939484328 54.956397255882621 83.776484410045668 22.708999341353774 35.830160203855485 126.0011036163196 81.226950748125091 47.009347039274871 1452.8203861620277 103.7638638978824 84.018116373568773 66.725759378168732 456.60481862258166 156.02312188898213 59.823551289737225 58.323304924648255 32.784223396796733 36.874760875245556 32.390786502277479 22182.118861171883 1561.2360814847052 86.414672055980191
leaf_count=2848 1892 23059 411 528 831 1466 942 513 410 212 800 280 357 1342 749 1063 3931 1045 591 963 3077 2678 400 1185 391 546 421 91270 4440 1797
internal_value=0.000223409 -0.00242585 0.000970911 0.0168947 -0.0061668 0.00704262 -0.00207204 -0.00801042 0.00609089 -0.0104041 0.0251829 -0.0188849 0.0101447 -0.00451948 0.0288866 -0.0132023 -0.00475674 0.00883594 0.019626 0.00476995 -0.00712044 -0.00957028 -0.00158428 -0.0203681 0.00892488 0.0180587 0.00590011 0.000986607 0.000759779 -0.00618366
internal_weight=31179.8 6973.37 3654.82 329.459 3318.56 406.439 318.795 2912.12 266.216 142.822 123.394 670.654 288.452 161.831 126.621 532.353 2241.46 332.039 228.275 144.257 1909.43 485.343 329.32 118.147 211.173 178.389 141.514 24206.4 23743.4 109.124
internal_count=150438 52836 26446 3387 26390 4661 3830 21729 2888 1678 1210 11609 2976 1699 1277 8761 10120 3112 2067 1476 7008 7698 5020 1585 3435 3044 2498 97602 95710 2077
cat_boundaries=0 1
cat_threshold=2
is_linear=0
shrinkage=0.05


Tree=147
num_leaves=31
num_cat=0
split_feature=13 20 12 3 16 23 18 2 13 3 9 2 19 2 12 22 2 1 20 20 23 25 8 8 2 11 20 2 13 20
split_gain=19.4394 28.0317 33.079 37.8805 38.4038 27.0798 25.0133 23.3619 67.4464 37.2606 40.6153 29.7024 29.9149 27.9663 28.4675 34.214 38.1431 28.3976 28.7935 26.8219 36.053 30.8696 29.8754 29.4899 25.3928 35.9232 36.8726 30.5329 33.2369 36.319
threshold=7.4588577605596358 3.0339929509574528 0.01193539315565913 3.30565868723746 -0.0014357579714027282 2.4202035580919916 4.1638093436642351e-05 0.68708508404681468 6.9830435785002827 2.299509187912308 26.827322452832288 0.77003962878481391 0.23659132783964351 0.72683843346154897 0.092953116499497349 10.081044786334557 0.69982992733777516 0.14995976701205457 4.3513317942119851 3.9680869126170522 1.314193270127775 24.500000000000004 174.36185947657489 175.09034805406557 0.66037604114467652 1.8953921106163107 3.1548203898705043 0.59496864071516409 6.1745281620653349 3.1065563320703822
decision_type=2 2 2 8 2 2 2 2 2 8 2 2 2 2 2 2 2 2 2 2 2 2 10 8 2 2 2 2 2 2
left_child=1 2 3 5 -5 -1 -4 8 24 10 -10 12 -9 14 15 16 -14 18 -15 20 -13 -22 -23 -21 27 -26 -27 28 -3 -30
right_child=-2 7 6 4 -6 -7 -8 11 9 -11 -12 19 13 17 -16 -17 -18 -19 -20 23 21 22 -24 -25 25 26 -28 -29 29 -31
leaf_value=0.0033235054956450797 -0.0036033289083596681 0.0004735985992797758 0.035190500164900058 -0.038425158637359652 -0.0043452389579677012 0.029676441049086566 0.0083413750671885584 5.9216132819991141e-05 -0.023880449557295503 -0.024766911147264203 0.007515601031581675 -0.0047368140182411558 0.014275218839234528 -0.024124115610540488 0.017234610778140976 0.009262326873742564 -0.02102204108093389 0.016016309663465102 0.016369942164819164 -0.0024082399106961677 0.035175844535374305 0.0015586789858426683 0.030418645415264872 -0.02225554877874418 0.010115746483172398 0.0068238096891347719 -0.018126414917661378 0.0041061988522665595 0.0091621989175099602 -0.0075687674586010448
leaf_weight=939.32379553467035 3578.9037194303237 7465.3487906772643 92.20513915643096 94.932814232073724 639.63986266381107 108.77072495594621 1465.259365714388 1832.1587290852331 165.49724740255624 454.85712377377786 272.82208323478699 518.33829464390874 101.66510159592144 95.303203389979899 237.31123621645384 332.95353538100608 309.66567663499154 1184.5161773643922 81.387866537086666 2628.6108541646972 125.63909722864628 424.75106097571552 113.67147561814636 201.5063304156065 218.22924578562379 190.1932976054959 668.75502570159733 3380.7727674420457 366.75123482570052 2806.4854637999088
leaf_count=3474 13637 35557 207 1186 4067 498 7252 8990 626 3656 748 1391 687 576 1028 1292 1909 4773 252 12412 716 2389 407 722 564 755 4329 15934 2417 18126
internal_value=-0.000136873 0.000313974 0.00460748 -4.34297e-05 -0.00874957 0.0060584 0.0099309 -0.000279184 -0.00139137 -0.0147419 -0.00433868 0.00189285 0.00484523 0.00858807 0.00215504 -0.002653 -0.0122979 0.0132271 -0.00547165 -0.00117906 0.00514544 0.0128591 0.00765158 -0.00382138 -0.00060149 -0.00799936 -0.0126018 -3.30746e-05 -0.00134847 -0.00563506
internal_weight=31096.2 27517.3 3340.13 1782.67 734.573 1048.09 1557.46 24177.2 15989.7 893.176 438.319 8187.48 4174.96 2342.8 981.596 744.284 411.331 1361.21 176.691 4012.52 1182.4 664.062 538.423 2830.12 15096.5 1077.18 858.948 14019.4 10638.6 3173.24
internal_count=150577 136940 16684 9225 5253 3972 7459 120256 82712 5030 1374 37544 19507 10517 4916 3888 2596 5601 828 18037 4903 3512 2796 13134 77682 5648 5084 72034 56100 20543
is_linear=0
shrinkage=0.05


Tree=148
num_leaves=31
num_cat=1
split_feature=3 13 3 0 24 13 25 8 25 22 23 25 12 3 9 23 9 8 16 23 20 10 2 12 9 7 23 19 16 3
split_gain=18.8193 14.0236 20.1395 31.4493 36.8448 27.1863 26.335 23.897 20.8591 24.4593 24.3455 38.1638 19.5149 19.1593 17.7558 21.3063 17.6043 17.5008 19.7934 17.2985 28.209 25.7031 28.2957 16.6565 15.5725 15.3698 15.0293 15.0144 14.4809 31.0297
threshold=0.050007442200199967 7.5965842993439479 2.1573992384987632 0 16.449358488282513 6.11631415267109 129.50000000000003 94.052730931947522 155.50000000000003 13.399205131959103 3.1300166270850336 26.500000000000004 -0.39224798360294871 0.77950682286428297 29.287540558271257 2.4010816316922159 29.16900623607086 63.88595860982884 0.01933028364416144 1.4171203376289558 4.0496044102137407 31.557163473415901 0.76816000960289443 -0.14440236687550984 26.782498124221746 7.7106444040258681 2.0913562823486571 70.398555389268992 0.0056563880301111003 1.5298785591943931
decision_type=8 2 8 1 2 2 2 8 2 2 2 2 2 10 2 2 2 8 2 2 2 2 2 2 2 2 2 2 2 10
left_child=-1 2 3 4 5 -2 17 28 10 26 27 -12 -8 -14 15 19 -15 18 -5 20 -3 -21 -23 -22 -25 -13 -10 -4 29 -6
right_child=1 14 8 6 7 -7 12 -9 9 -11 11 25 13 16 -16 -17 -18 -19 -20 21 23 22 -24 24 -26 -27 -28 -29 -30 -31
leaf_value=0.017949828376494212 -0.0025294451030246439 -0.037396710114313413 0.00038001823612074446 0.005993357133390287 0.00016621498424647976 -0.033980138096523067 -0.011531150483290106 -0.020164628544313945 -0.029641954619810753 -0.0017788452679402902 0.0093030163569397493 -0.05368043063053686 0.022765281320367228 0.0015732898475857232 0.00055983602413057967 -0.026064879678510323 0.014500554962684258 0.024293391242826257 0.024757695260256257 0.0070921909921500452 0.012827360134733144 -0.00078093845782336495 -0.030756185351396993 -0.030892544427755658 0.00078459375189936622 -0.019273304441517227 -0.008239320538575531 -0.019996834432788754 0.004478677191744918 -0.026420157182725543
leaf_weight=150.28630924783647 136.855011112988 97.684110656380653 19650.859196125297 880.55427060835063 1008.5429782085121 137.9957314953208 212.71592396497726 130.34191806055605 157.36596401408315 656.80866036564112 88.142848778516054 53.914200481027365 132.2429080940783 2077.5637293662876 1423.2601305330172 139.04491133242846 301.58824594318867 227.29192448779941 167.2274475581944 423.384750504978 81.587262949440628 224.78908624127507 121.1653112936765 77.713566901860759 77.477565837558359 81.554645121097565 171.32527605444193 90.819095736602321 1816.4234831901267 123.14964686427265
leaf_count=719 338 694 113489 2360 2815 477 738 554 424 1826 622 429 506 6297 4376 538 792 512 348 1384 332 627 550 413 359 726 411 623 5057 760
internal_value=0.00029916 0.000213506 0.000540059 0.00279149 -0.000779648 -0.0183201 0.00578589 0.000786394 -0.000250061 -0.00735119 0.000100455 -0.0163049 0.00300997 0.00424161 -0.00325317 -0.00761968 0.00321199 0.0117164 0.00898817 -0.00529615 -0.0147894 -0.00116906 -0.0112793 -0.00546263 -0.0150781 -0.0329667 -0.0184862 0.000286277 0.00171268 -0.00272689
internal_weight=31119.7 30969.4 28303.3 7352.49 3353.31 274.851 3999.18 3078.46 20950.8 985.5 19965.3 223.612 2724.11 2511.39 2666.11 1242.85 2379.15 1275.07 1047.78 1103.8 334.463 769.339 345.954 236.778 155.191 135.469 328.691 19741.7 2948.12 1131.69
internal_count=150096 149377 140104 21554 10001 815 11553 9186 118550 2661 115889 1777 8333 7595 9273 4897 7089 3220 2708 4359 1798 2561 1177 1104 772 1155 835 114112 8632 3575
cat_boundaries=0 1
cat_threshold=2
is_linear=0
shrinkage=0.05


Tree=149
num_leaves=31
num_cat=1
split_feature=17 23 23 25 22 7 7 1 10 1 16 23 23 3 17 2 17 2 2 10 2 2 15 11 12 0 2 5 1 1
split_gain=16.3825 28.0204 31.5008 17.2778 50.4378 17.6586 46.6901 28.4648 35.8002 15.4742 15.3149 15.261 18.3065 31.0545 19.6905 16.3846 25.4208 20.4306 21.5257 27.3705 23.8833 40.9476 30.7914 24.6733 39.2149 35.8152 41.5394 38.6983 40.9308 51.7062
threshold=-2.3842485008639671 2.2110834703221816 1.9098734494129836 13.500000000000002 1.1685634117803405 7.6941038534784782 7.7248166536448091 17.256272911349907 31.077727755419922 13.973317867178674 0.0034170460241101891 1.023332473409251 0.75848945434915394 3.3752641652054582 0.54713565144144494 0.22251522809401764 -0.16493578732443631 0.2914381857017983 0.31913748514745438 34.483461384077998 0.42643156133196458 0.41992315919036366 18.500000000000004 3.9824452957511487 -0.077889116163808184 0 0.7443232189495429 0.028357932214846046 0.79576614108371169 0.14995976701205457
decision_type=2 2 2 2 2 2 2 2 2 2 2 2 2 10 2 2 2 2 2 2 2 2 2 2 2 1 2 2 2 2
left_child=1 2 -1 4 5 -2 -7 8 -8 -10 -3 12 13 -5 -15 16 -13 -17 19 -19 21 -20 -23 -22 -25 26 27 -26 29 -29
right_child=3 10 -4 11 -6 6 7 -9 9 -11 -12 15 -14 14 -16 17 -18 18 20 -21 23 22 -24 24 25 -27 -28 28 -30 -31
leaf_value=-0.0047169410148055159 -0.02078312525969761 -0.0043701694115591758 0.013581393360775499 0.02231200602937481 -0.043372339450833214 0.032450553068158895 0.014816254905915691 0.0046461923005809008 -0.016480622081887535 -0.043929131965904755 -0.03078590153362459 -0.0037457832518763647 -0.0059267741235494859 -0.018692937204043709 0.0091959255874722399 -0.011265701648120732 0.026284876456152042 -0.005176999096029822 -0.0020736575732355779 0.018192585044528475 0.00069448311605957219 -0.052519319618648599 -0.0089839132421250731 -0.0062964069063720157 -0.041903229410767788 0.011000570500423577 0.016466173318938428 -0.038827793555795277 -0.034645440459302561 0.01341821450176737
leaf_weight=1595.0565853349399 116.93074073642492 89.925026886165142 275.88044192641973 170.04302265495062 82.263424830045551 97.698357805609703 77.704088779166341 404.52207610756159 191.75475828256458 70.123450336977839 140.7504760324955 126.42983473557979 1577.1444778610021 131.85017330013216 121.7155470661819 337.72157852491364 159.20821962412447 184.6249924460426 2228.6800855062902 389.8588169272989 19018.414919547271 71.704367737984285 93.673004357144237 601.23671325761825 79.618096600519493 2126.4100046285894 212.45287248119712 57.461810403736308 85.40720255789347 269.27240644488484
leaf_count=5569 877 363 861 336 3370 607 290 1100 1264 329 621 553 6417 518 349 2119 587 987 12350 1880 71458 905 268 7512 1885 18994 2583 700 1196 3786
internal_value=0.000217215 -0.00404597 -0.00201875 0.000525274 -0.00579993 -0.00257605 -4.69983e-05 -0.00431382 -0.0149873 -0.0238305 -0.0204882 0.000760075 -0.00344808 0.00578038 -0.00530584 0.00108338 0.0129926 0.000951304 0.00111362 0.0106822 0.000892366 -0.00385493 -0.02786 0.00139861 0.00530068 0.00776395 -0.0020092 -0.00999103 -0.00382619 0.00422986
internal_weight=31185.5 2101.61 1870.94 29083.9 1041 958.733 841.803 744.104 339.582 261.878 230.676 28042.9 2000.75 423.609 253.566 26042.2 285.638 25756.5 25418.8 574.484 24844.3 2394.06 165.377 22450.3 3431.86 2830.62 704.212 491.76 412.141 326.734
internal_count=150634 7414 6430 143220 7837 4467 3590 2983 1883 1593 984 135383 7620 1203 867 127763 1140 126623 124504 2867 121637 13523 1173 108114 36656 29144 10150 7567 5682 4486
cat_boundaries=0 1
cat_threshold=1
is_linear=0
shrinkage=0.05


Tree=150
num_leaves=31
num_cat=0
split_feature=23 25 25 13 12 9 18 21 9 3 6 1 11 2 6 2 24 25 12 13 22 26 9 21 7 19 2 7 9 8
split_gain=16.6575 19.6341 36.8006 37.5555 30.0312 32.3647 28.8105 23.3921 22.2519 21.5262 20.8882 18.7058 28.6133 17.948 30.6876 30.2001 22.7559 25.1274 34.9799 21.2077 52.1419 30.1089 28.6895 26.4911 23.7626 47.9423 35.4098 33.6684 32.6305 30.5818
threshold=1.0417249358926597 27.500000000000004 74.500000000000014 5.9955415285526046 -0.11879094410700743 27.089118449151975 0.0037655839616781237 225.31759078549172 29.407772709643556 3.5009829883060837 24.396921543464156 13.403497442257027 1.8498092370041106 0.50049657775542522 1.0656410831366416 0.52004164336809444 150.59738072404318 81.500000000000014 -0.12290964920452192 5.5285668938712567 0.072588988130486823 0.62500000000000011 27.042402242773743 167.77752631537152 7.7151336712406158 13.867412135060723 0.42932372542008146 7.5984366585173033 25.688392169163901 170.38216473076417
decision_type=2 2 2 2 2 2 2 2 2 10 2 2 2 2 2 2 2 2 2 2 2 2 2 2 2 2 2 2 2 10
left_child=1 9 -3 7 6 10 -5 -4 -7 -1 11 12 -6 14 -2 16 17 18 -15 20 -16 -21 23 24 27 26 29 -23 -28 -26
right_child=13 2 3 4 5 8 -8 -9 -10 -11 -12 -13 -14 15 19 -17 -18 -19 -20 21 -22 22 -24 -25 25 -27 28 -29 -30 -31
leaf_value=0.019088073707071572 -0.03085112275686451 -0.025304005073650878 0.010225905625565053 -0.043013285797641083 -0.012830421404957043 0.019060613505775856 -0.011474801744937421 -0.013728597731026086 -0.0062810297693353867 -0.0024081342413964555 0.005680951543574949 -0.0030345834901938863 -0.045470009719718381 -0.01666694259709596 0.039366165290539892 0.00067026060337323267 0.025628245551975255 -0.0010980447648647764 0.02026883556391107 0.018752286624593772 0.00088812152839697891 -0.0078208892035773591 0.00083952951458124132 -0.025698288028909312 -0.045768349599907526 -0.042844186093397046 0.035771283635054961 0.0074460292021943236 -0.0099612438227011674 0.0059249388550467246
leaf_weight=180.3390856385231 89.97398544382304 215.7072788910009 564.05944578535855 105.84073105361313 208.91300252452493 199.12919985223562 229.26607911102474 124.38863628730178 153.32072784751654 328.79766297526658 146.75243830680847 180.11543008126318 98.948386177420616 76.164703196845949 91.724094929173589 20681.718591606943 171.77728427387774 570.42568023968488 404.69669645209797 146.21660741465166 2194.5718483403325 1394.3407531448174 1618.075915066991 189.26617879397236 74.966703466605395 125.81847376492806 68.790064574219286 487.34663832141086 90.080646099057049 46.270274399779737
leaf_count=324 718 1481 1819 568 559 586 756 383 476 1054 339 636 1173 623 388 98701 445 2020 2728 654 9382 4913 10045 1212 815 1190 426 5487 798 164
internal_value=7.48919e-05 -0.00365214 -0.00567779 -0.00357233 -0.00850295 -0.00411272 -0.021436 0.00589781 0.00803664 0.00520594 -0.010859 -0.0158331 -0.023321 0.000432353 -0.00184962 0.00112174 0.00875612 0.00599926 0.0144185 -0.00144987 0.00243183 -0.00354238 -0.00433844 -0.00772107 -0.00623372 -0.0172055 -0.0056891 -0.00386684 0.00984067 -0.0260395
internal_weight=31257.8 2735.58 2226.44 2010.73 1322.29 987.179 335.107 688.448 352.45 509.137 634.729 487.977 307.861 28522.2 6617.44 21904.8 1223.06 1051.29 480.861 6527.47 2286.3 4241.17 4094.96 2476.88 2287.61 405.926 280.108 1881.69 158.871 121.237
internal_count=150863 10154 8776 7295 5093 3769 1324 2202 1062 1378 2707 2368 1732 140709 36192 104517 5816 5371 3351 35474 9770 25704 25050 15005 13793 3393 2203 10400 1224 979
is_linear=0
shrinkage=0.05


Tree=151
num_leaves=31
num_cat=0
split_feature=24 25 10 16 1 21 7 24 25 6 22 25 11 9 16 4 24 13 16 16 5 17 24 21 12 7 8 25 21 15
split_gain=13.9845 14.3403 13.5353 23.1843 20.8198 11.9391 30.9 28.2672 76.1265 30.8434 30.9519 46.6902 45.8691 40 34.5851 27.0428 24.4168 33.8989 23.7548 32.3464 31.7808 32.4084 22.5692 20.9961 25.1246 29.9084 33.0342 31.7809 22.3507 20.7945
threshold=548.39296975714637 194.50000000000003 28.568178993727223 1.0000000180025095e-35 0.59974169005483235 169.01616460425916 7.6211630466824918 5.1648383118128258 47.500000000000007 1.6231652927487639 3.4756316352257337 107.50000000000001 3.4314403087091363 29.294849651588468 0.001368291943891061 0.092781965076622439 6.7149625581783168 6.5776792883492385 0.0067218963534465791 0.0031193166322335919 0.10295053456874102 -1.1434767181064507 28.597469605525607 166.06397489085228 -0.055755029829200983 8.0580894602901818 101.56928476466298 136.50000000000003 165.4677378547012 26.500000000000004
decision_type=2 2 2 2 2 2 2 2 2 2 2 2 2 2 2 2 2 2 2 2 2 2 2 2 2 2 8 2 2 2
left_child=1 2 3 -1 -5 23 -7 -8 -9 -10 14 18 -13 22 16 -15 -11 -18 19 20 21 -12 -14 28 29 26 27 -26 -4 -25
right_child=-2 -3 5 4 -6 6 7 8 9 10 11 12 13 15 -16 -17 17 -19 -20 -21 -22 -23 -24 24 25 -27 -28 -29 -30 -31
leaf_value=0.028426330839586053 0.01367682505079364 -0.017138983308250588 -0.00099498797857028873 0.015238535842675214 -0.0099279000354142409 0.005335380576202111 0.0018847648503208696 -0.037170844332376135 -0.027233730985812943 0.00019094061370479717 0.037172940127110692 -0.0022655817841729354 0.06582597583473547 -0.026593744800700266 -0.0011680258273446863 0.02284543762924781 0.005181693329659327 0.050053642128119441 -0.03475216366666091 0.0058105932135685753 -0.06453263004474985 -0.01641008006684026 0.022139933923325094 -0.035539021033176889 0.0062962468503693948 0.019111151768285359 -0.034969954249744008 -0.02475822371395385 0.013672292101032721 -0.0073007923419551347
leaf_weight=109.15335489902645 179.1531220190227 126.41411023586988 18009.095612179954 154.41392790828831 175.68223022669554 2913.9701194851659 4720.4173314971849 165.11406508460641 120.62066716980189 84.754808239638805 29.848565742373466 1465.0777945760638 53.792836762964725 51.107858162373304 392.30151055194438 60.288007332012057 68.380686827003956 109.47175906412303 110.36275396915153 230.63365826010704 32.290274737402797 516.92790329712443 65.640631452202797 133.00309222075157 294.84107136633247 120.89251940743998 96.008232565131038 114.33521142788231 263.53684319509193 127.87749071978033
leaf_count=471 585 388 89187 610 655 8436 17823 6224 522 413 137 5179 228 540 1998 299 424 616 845 1807 196 6883 621 940 1205 527 1193 368 1168 392
internal_value=-0.000252379 -0.000333096 -0.000264096 0.00845013 0.00184457 -0.000390212 0.00090736 -0.000651547 -0.0040178 -0.00240375 -0.00148809 -0.00392173 0.000998373 0.0217148 0.00823283 0.000162991 0.0222765 0.0328013 -0.0129907 -0.0100246 -0.0163315 -0.013485 0.0418161 -0.00114812 -0.0086608 -0.0032286 -0.00857459 -0.00238123 -0.000783449 -0.0216973
internal_weight=31095.4 30916.3 30789.8 439.25 330.096 30350.6 11191 8277.03 3556.61 3391.5 3270.88 2615.97 1695.91 230.829 654.909 111.396 262.607 177.852 920.063 809.7 579.067 546.776 119.433 19159.6 886.958 626.077 505.185 409.176 18272.6 260.881
internal_count=150880 150295 149907 1736 1265 148171 53191 44755 26932 20708 20186 16735 6867 1688 3451 839 1453 1040 9868 9023 7216 7020 849 94980 4625 3293 2766 1573 90355 1332
is_linear=0
shrinkage=0.05


Tree=152
num_leaves=31
num_cat=0
split_feature=22 25 24 8 8 8 24 10 13 9 10 17 3 9 24 2 1 25 19 19 22 13 6 20 19 25 19 19 1 3
split_gain=22.0212 24.4474 38.8845 59.987 37.3621 37.9985 67.9081 38.1688 47.6211 35.2307 38.441 37.4918 45.1264 34.8784 47.6605 43.9526 36.0806 36.2802 33.9975 42.7103 33.2727 31.8783 30.8825 30.4011 30.1881 28.2222 27.7562 35.4518 26.8138 43.9429
threshold=0.024948863359892805 74.500000000000014 14.119405137825799 88.7131028683187 120.83007020677597 114.92822521820703 2.3471647005610103 35.133724595918949 7.2098474166219058 25.465824880769834 33.658001118910143 -0.85224992938900546 3.7595890508803582 26.411484916571041 0.76366932030759871 0.42262971098229568 9.9746864695094164 44.500000000000007 18.330988881254729 0.11348266450370924 0.42427038260945532 6.5850140993684345 2.8072896247769794 4.1128454959888492 4.2550388529583723 34.500000000000007 4.3576618596675925 10.28447264939064 16.920395516133102 3.4937081840459823
decision_type=2 2 2 8 8 10 2 2 2 2 2 2 8 2 2 2 2 2 2 2 2 2 2 2 2 2 2 2 2 10
left_child=-1 2 4 -4 5 6 24 8 18 -8 22 12 -12 14 16 -16 -6 -18 19 -7 -3 28 -11 -21 -2 -24 -17 -28 29 -15
right_child=1 20 3 -5 13 7 9 -9 -10 10 11 -13 -14 21 15 26 17 -19 -20 23 -22 -23 25 -25 -26 -27 27 -29 -30 -31
leaf_value=0.0052830501733364147 -0.038487193758638918 0.012327328346431724 -0.00020956134295275461 -0.029510099353377114 -0.035885813764739816 -0.0072906473696388099 0.03957440979040585 0.056718991614904651 0.059270947691926951 -0.035619909576790017 0.019554854553866755 0.03641399128697647 -0.033997957732410815 -0.029399939221433542 0.014912669251269418 -0.053742969660625597 -0.012888060920867916 0.0084019709394137828 -0.023237543332650715 0.070949089385132239 0.0003319994650215648 0.0041919282443963956 0.031574449139063508 0.016732400383160553 -0.0073861964618166954 -0.0029606051287440799 0.012939497989351954 -0.036277159998768863 -0.000264786988336266 -0.0055730108291219558
leaf_weight=1923.7849184498191 121.83178978785872 595.08766186237335 376.95232328493148 325.53552762023173 84.386403003707528 108.74121226370335 77.634951878339052 55.853276245296001 46.440977297257632 63.797819695901126 127.19126049429178 154.15705660404637 56.951203085016459 235.74060017429292 53.61493606120348 112.93273881217465 374.71956646069884 429.41942179389298 79.197694150032476 41.062693465035409 20251.403172067367 1626.0313558280468 66.90328336507082 69.820181239396334 216.98713758587837 510.9814936676994 51.458732138387859 126.62430912069976 1644.0166013147682 1080.0665578069165
leaf_count=5283 1014 1456 3427 18164 1260 1055 557 494 310 1132 673 1229 644 856 600 1377 2353 1310 940 346 73068 9827 567 678 1683 3446 438 1305 4894 10067
internal_value=0.000101711 -0.000240054 -0.00253161 -0.0137875 -0.00149346 0.00480726 0.000911096 0.0183713 0.0121677 0.00715189 0.00458335 0.0182219 0.00299215 -0.00343982 -0.0109047 -0.026688 -0.00478288 -0.00151894 0.00484726 0.0149748 0.00067442 -0.00143247 -0.00260698 0.0368102 -0.0185694 0.00103761 -0.0343523 -0.0220556 -0.00452233 -0.00984185
internal_weight=31089.3 29165.5 8319.05 702.488 7616.56 1797.55 1396.44 401.116 345.263 1057.62 979.982 338.3 184.142 5819.01 1233.16 344.631 888.525 804.139 298.822 219.624 20846.5 4585.86 641.683 110.883 338.819 577.885 291.016 178.083 2959.82 1315.81
internal_count=150453 145170 70646 21591 49055 14768 10945 3823 3329 8248 7691 2546 1317 34287 8643 3720 4923 3663 3019 2079 74524 25644 5145 1024 2697 4013 3120 1743 15817 10923
is_linear=0
shrinkage=0.05


Tree=153
num_leaves=31
num_cat=0
split_feature=25 24 3 24 23 3 24 21 23 25 4 1 22 25 12 4 21 21 22 10 20 20 21 1 22 3 7 3 7 17
split_gain=16.5638 50.0192 56.1496 45.9638 41.9749 51.6106 32.3723 33.7756 33.6343 42.5896 63.9594 31.023 35.0226 32.2355 28.1236 40.4649 28.4551 28.1157 27.6897 47.9731 25.3234 51.6657 30.5265 23.0058 22.9913 45.7841 41.9764 38.6208 36.3534 55.1991
threshold=36.500000000000007 4.8559833817668379 3.1408070359867017 1.4762465068453356 2.6389085950082976 3.6987340317353872 0.022155949045215877 153.12228637476315 1.2937898822139482 14.500000000000002 0.001857289171028791 0.51318464782417872 1.101679256421263 23.500000000000004 -0.0064683255803145235 0.05616082276779321 225.61580439356013 160.45066130846195 0.11600292239330832 33.447739856946605 4.1167304462796706 4.0459941916153666 150.19173715085904 16.107591433661309 1.5699397557429982 3.8623971453062431 7.6981553305109136 3.8004202302216084 7.7020857660663529 -0.027399365136908212
decision_type=2 2 8 2 2 10 2 2 2 2 2 2 2 2 2 2 2 2 2 2 2 2 2 2 2 10 2 8 2 2
left_child=1 3 -3 6 5 -5 -1 20 -9 -10 -11 12 -7 17 15 -6 -16 -13 19 -2 21 23 -22 -8 26 27 -20 -26 29 -27
right_child=18 2 -4 4 14 11 7 8 9 10 -12 13 -14 -15 16 -17 -18 -19 24 -21 22 -23 -24 -25 25 28 -28 -29 -30 -31
leaf_value=0.0049094815947760967 0.00056647182907103885 0.057966576357292535 -0.029632593711064737 -0.037590912586023338 0.0098368009421001806 0.013912307205973241 -0.035461539368163424 -0.0087387520038827004 0.024474377234213623 0.012014437139194764 -0.024615911459982903 -0.013957824650787319 -0.027682940949250542 0.035356814081626046 -0.0098430499443526581 0.057818279551562074 0.032830350921576171 0.028353577893751654 -0.013409151390410011 0.018549553629015593 0.00060909435692193148 -0.061783521705275651 -0.036405543575307418 -0.0012787346646873966 0.0011938519968480059 0.0136813035114563 -0.00037792519380668434 -0.024514994533927286 0.0024090532843819316 0.058312168944952614
leaf_weight=821.07474856823683 946.43693554215133 19.755000870674849 247.19535798300058 75.835061516612768 78.513670392334461 94.393190510571003 79.890607925131917 1047.5932597145438 206.60626342892647 300.1234061345458 197.64804146625102 102.38299915939569 109.09179061837494 132.19982927385718 94.169749345630407 99.789487667381763 66.758347533643246 63.683898005634546 733.89058242365718 609.81373999081552 262.433718576096 79.511105510406196 70.710294119082391 128.22357356920838 19760.387529185973 282.49393919319846 3912.7692722147331 147.16989647620358 362.37573588802479 91.78934960346669
leaf_count=2083 2552 285 13217 588 451 547 868 4732 1025 893 1507 718 1052 633 613 465 313 440 4719 1744 1556 671 491 514 79521 3741 16807 2003 4708 1375
internal_value=0.000674834 -0.00217705 -0.02315 -0.000815037 0.00905314 0.000854111 -0.0036478 -0.00660901 -0.00305802 0.0053907 -0.00253022 0.00666472 -0.00838762 0.0169338 0.0230131 0.0366902 0.0078593 0.0022679 0.00113985 0.00761311 -0.0166308 -0.0274993 -0.00724732 -0.0144008 0.000741525 0.00145675 -0.00243607 0.0010038 0.0136974 0.0246266
internal_weight=31224.7 4377.58 266.95 4110.63 916.818 577.587 3193.82 2372.74 1751.97 704.378 497.771 501.752 203.485 298.267 339.231 178.303 160.928 166.067 26847.1 1556.25 620.769 287.625 333.144 208.114 25290.9 20644.2 4646.66 19907.6 736.659 374.283
internal_count=150832 33662 13502 20160 5820 3978 14340 12257 8157 3425 2400 3390 1599 1791 1842 916 926 1158 117170 4296 4100 2053 2047 1382 112874 91348 21526 81524 9824 5116
is_linear=0
shrinkage=0.05


Tree=154
num_leaves=31
num_cat=0
split_feature=13 23 7 8 18 6 22 17 15 3 22 25 17 6 4 6 25 21 23 13 22 24 3 3 19 3 2 10 2 3
split_gain=26.4109 41.1615 26.6578 26.0528 21.7344 17.6377 14.946 20.4632 16.9065 34.168 41.1828 44.7176 38.7061 38.3702 36.4622 28.0657 27.1078 26.8054 21.8876 21.6117 25.5428 21.5994 38.3116 39.0622 20.3709 19.8641 18.3926 22.4987 18.3273 22.9903
threshold=7.8068473601397406 1.4171203376289558 7.4951182572702262 159.78968215187982 0.0049412891096615218 19.891890452749362 28.359419421329857 -2.5995903318498201 23.500000000000004 3.2761541569248105 7.3140749872733828 97.500000000000014 -1.2603228867270468 8.4766713488708216 0.06890175148894627 16.625952885175519 17.500000000000004 156.01939479007999 2.8788184232225227 6.6907579701232907 5.1622462230626871 26.938506904440555 3.3921561415136932 3.9749764765898807 43.671067924772764 2.1826258518772561 0.71666472258302705 33.306135344360008 0.72082309992777505 1.8544051127260042
decision_type=2 2 2 8 2 2 2 2 2 10 2 2 2 2 2 2 2 2 2 2 2 2 10 10 2 10 2 2 2 10
left_child=6 2 -2 5 -4 -3 8 -8 9 16 15 24 -13 14 -14 21 -1 19 -18 -10 -21 -11 -23 -24 -12 -19 27 -27 -22 -30
right_child=1 3 4 -5 -6 -7 7 -9 17 10 11 12 13 -15 -16 -17 18 25 -20 20 28 22 23 -25 -26 26 -28 -29 29 -31
leaf_value=0.016608186225589631 -0.0054059635165098893 -0.018587738185923793 -0.065122803314027131 0.018423749382761517 -0.0237545576256856 -0.0025295849249199359 -0.0076122154474130904 0.0043123428832760732 -0.0025102342789973791 -0.00042062172888934573 -0.038873331470242467 0.042042840930719132 -0.01968398340343374 -0.051304451758455896 0.039950224071566662 -0.035592524828456013 0.0031568539605228126 0.0040964962098098395 -0.018462558574668161 -0.028224141977956196 -0.016131757721518515 0.070199601032131312 -0.01404111436754675 0.068012242319779037 0.036801737453901855 -0.017515971355918088 0.0054967470340141437 -0.00083500417015966238 0.0060457238584410572 -0.014646750744013285
leaf_weight=373.77763013658114 92.907095693983138 203.06533326301724 53.038036073790863 129.98065862618387 79.108068595640361 1082.8478441424668 396.89873469155282 3846.3442162284628 2941.7705839537084 10188.779507435858 172.99873955640942 41.927599245682359 64.636400163173676 44.427335329353809 42.477809434756637 56.251817367970943 6662.1274031563662 2191.041024742648 119.16531522572041 175.05574961006641 367.02564237639308 29.794216665439308 65.252869936870411 18.650154669769108 9.3748422788921726 356.75087590701878 359.11253215558827 466.42748604342341 353.73426126688719 216.32177376840264
leaf_count=956 292 788 513 288 466 3012 1098 11663 8172 69479 9385 278 740 595 284 347 26861 6076 776 516 1311 197 1249 461 397 980 786 1174 953 589
internal_value=0.000107995 -0.00606623 -0.025929 -0.00290908 -0.0403581 -0.00506541 0.000450739 0.00319696 -9.54167e-06 0.000822998 -0.000960998 -0.0172197 -0.000474848 -0.0122384 0.00396489 -0.000371089 0.00349948 -0.00201484 0.00277694 -0.0047549 -0.0106924 -0.000178779 0.0214936 0.00419789 -0.0349833 0.00127803 -0.00394518 -0.00806424 -0.00741728 -0.00180654
internal_weight=31201.1 1640.95 225.053 1415.89 132.146 1285.91 29560.1 4243.24 25316.9 17889.6 10734.6 375.843 193.469 151.542 107.114 10358.7 7155.07 7427.24 6781.29 4053.91 1112.14 10302.5 113.697 83.903 182.374 3373.33 1182.29 823.178 937.082 570.056
internal_count=150682 5359 1271 4088 979 3800 145323 12761 132562 112005 83412 11679 1897 1619 1024 71733 28593 20557 27637 11541 3369 71386 1907 1710 9782 9016 2940 2154 2853 1542
is_linear=0
shrinkage=0.05


Tree=155
num_leaves=31
num_cat=0
split_feature=25 24 19 15 11 11 1 9 17 9 2 24 11 17 12 11 24 10 3 25 17 8 8 24 3 23 25 12 11 9
split_gain=15.7445 71.9328 37.5181 31.0016 29.2452 47.4591 29.6736 25.8534 41.8464 41.9047 28.2031 27.6242 24.8429 28.0524 31.7146 27.0263 26.368 41.206 25.9748 23.9222 30.0027 27.487 24.6152 23.6315 23.0443 21.4339 25.3345 23.4169 21.4431 41.1807
threshold=32.500000000000007 3.4706815819334942 3.771054548945457 5.5000000000000009 4.5738624666040808 4.6125992091327381 0.79930768520149786 26.666332433233453 -0.14228986401008417 25.527392833753385 0.5158941254234094 0.034748589486260979 4.3623127797839727 0.37770658611911151 0.027974933406335386 3.883909292865185 0.086124216107974175 30.685901760826585 3.4637887131057026 24.500000000000004 -0.03773876234277955 115.35528965534346 127.32828359561037 4.4115257408936133 3.3668094914029969 1.0141485860589643 84.500000000000014 0.023875935027551875 3.4182741343641765 26.520320295772617
decision_type=2 2 2 2 2 2 2 2 2 2 2 2 2 2 2 2 2 2 10 2 2 10 10 2 10 2 2 2 2 2
left_child=1 3 -3 4 7 -6 -7 8 9 -1 -11 -10 13 14 15 -9 24 -18 -19 22 21 23 -4 -21 -15 26 27 -2 -28 -30
right_child=25 2 19 -5 5 6 -8 12 11 10 -12 -13 -14 16 -16 -17 17 18 -20 20 -22 -23 -24 -25 -26 -27 28 -29 29 -31
leaf_value=0.034885440005910116 -0.0076135337316194157 -0.036921719668893148 -0.035281671983634598 0.018718258236119844 0.058955514058900073 0.014722543041979098 -0.024383989048794814 0.0053678562758706109 -0.0068332821934812887 0.018745471797794854 -0.014681799194624754 -0.028812857512858454 -0.02141843117841255 0.015550659171182557 -0.0078801422359164406 0.0368827337731552 0.016186080770717856 -0.029387929548555326 -0.006071856522954726 0.053396466359167866 -0.03961733129370526 0.082156456245331994 0.04449552465622425 -0.035122434553137925 -0.0020987572600033619 0.0010048116614308513 -0.0076486596802617657 -0.035352976435393174 -0.021638213703537149 0.010181245375991112
leaf_weight=79.993257252499461 227.03459097770974 220.08995655307081 64.507522987900302 196.58184030652046 47.571927542798221 185.3579820394516 65.701704761013389 123.5086425691843 268.07155577465892 86.67168549913913 232.02673613838851 306.27868112828583 125.75030413642526 287.92342539131641 122.27987631224096 151.44711631163955 123.88965082354844 209.72887570038438 277.49063409678638 14.332001134753229 17.116141310194507 20.198999925516546 11.373948602471499 15.909431114327161 517.10080078430474 25541.091302425368 747.53571169264615 114.42516146879643 123.58888786658645 573.67599748633802
leaf_count=389 1360 7722 3314 376 359 1265 783 438 779 480 1282 2282 1136 570 577 791 475 850 1725 58 511 415 354 763 1514 114384 2194 839 695 1800
internal_value=0.000216576 -0.00281203 -0.0239543 -0.000556391 -0.00173649 0.013165 0.00448846 -0.00326459 -0.00991513 0.0025301 -0.00559108 -0.0185541 7.26311e-05 0.00156296 0.0133049 0.0227264 -0.00173074 -0.00956146 -0.0161085 -0.00405723 0.0175835 0.0369937 -0.0233238 0.00682839 0.0042137 0.000634494 -0.00466055 -0.0169092 -0.00176575 0.00454131
internal_weight=31098.3 3770.9 363.528 3407.37 3210.79 298.632 251.06 2912.16 973.042 398.692 318.698 574.35 1939.12 1813.37 397.236 274.956 1416.13 611.109 487.22 143.438 67.5566 50.4404 75.8815 30.2414 805.024 27327.4 1786.26 341.46 1444.8 697.265
internal_count=150480 29208 13137 16071 15695 2407 2048 13288 5212 2151 1762 3061 8076 6940 1806 1229 5134 3050 2575 5415 1747 1236 3668 821 2084 121272 6888 2199 4689 2495
is_linear=0
shrinkage=0.05


Tree=156
num_leaves=31
num_cat=1
split_feature=3 24 13 6 11 17 2 17 18 14 1 20 8 6 2 8 25 22 19 3 11 6 2 1 22 19 0 20 3 13
split_gain=15.1045 31.62 42.7995 56.5903 25.4615 27.3556 25.2091 27.5256 36.548 24.4885 23.2877 23.1652 27.1676 21.7498 24.0801 21.5321 28.1631 46.8575 25.1213 39.2663 37.0353 37.7782 36.7771 39.8872 30.7771 44.8496 27.359 24.0524 40.3722 26.3773
threshold=2.7704962355209415 42.715314412917344 6.1827348058804041 14.702607838804235 3.1316179920395579 -0.23642670994366349 0.59496864071516409 -1.1818305388884129 0.0055855327514399674 2.5000000000000004 0.97291612933940796 3.9853097134203161 68.19289959741424 1.0466890986968644 0.93481652088947753 132.49544955176199 100.50000000000001 2.3881278811261004 15.544203818847535 4.350738414285078 4.2694332691600172 7.8915646732115201 0.34090210188094544 0.65715920298947428 1.3947972700035691 4.1245954226243526 0 4.0565045263005466 4.2544781545035777 6.0711721395027656
decision_type=8 2 2 2 2 2 2 2 2 2 2 2 10 2 2 8 2 2 2 8 2 2 2 2 2 2 1 2 8 2
left_child=9 6 -3 4 -4 -6 7 8 11 -1 -11 12 -2 -8 -15 18 17 27 19 20 21 22 -9 -24 -21 -26 -25 -17 29 -29
right_child=1 2 3 -5 5 -7 13 15 -10 10 -12 -13 -14 14 -16 16 -18 -19 -20 24 -22 -23 23 26 25 -27 -28 28 -30 -31
leaf_value=0.0074861349201380909 0.026716487097921161 0.0031289084609849105 -0.055091970170710026 -0.0025235040786350596 -0.012958479524607531 -0.037844647524184476 -0.01720213783029733 0.07095598073747128 0.014237187107982597 -0.00035786797235815151 0.0089789299985527458 -0.021984287673104654 -0.015409258902720296 0.0014966707464821628 -0.028538313318257152 0.00023650197934733269 0.01382667380551993 -0.023370870122329801 -0.0093192413624267594 0.013770233745804489 -0.011402401615331535 -0.00050832952993572482 -0.010971118168093543 0.065394554244852493 0.023708285612215701 0.1127207221079599 0.013378384206063196 3.1463401818445325e-05 -0.047950453146529459 -0.016881015096396695
leaf_weight=1228.609772155527 59.301167592406273 585.82549507310614 61.591890852898359 580.82105202227831 340.23359263432212 163.48701182217337 162.39891404565424 38.821286749327555 112.5954990205355 13073.396951349918 703.78931358270347 497.11942838341929 107.93561197933741 8664.3116018448491 67.251482217106968 1851.1401099800132 207.55588688328862 318.69013661239296 290.72688207984902 114.66281492076814 293.69490344740916 303.61972668487579 73.246196198044345 47.008832012768835 36.697966614970937 23.03334214957431 54.688028709730133 573.86448019836098 63.431000422686338 385.35984578542411
leaf_count=4059 250 2915 242 1649 5679 4819 590 514 486 38498 1890 3593 799 49021 489 8711 930 4963 3499 787 4332 1537 1538 408 700 330 543 3194 1201 2616
internal_value=-0.000418635 -0.00148338 -0.00786505 -0.0134844 -0.024746 -0.0210355 -0.000713002 -0.00338963 -0.0121046 0.000722272 0.00011909 -0.016569 -0.00047172 0.000928132 0.00126534 -0.00194166 -0.00402031 -0.00518061 0.00359627 0.00740651 0.00277852 0.0108284 0.0269304 0.0171608 0.0289305 0.0580329 0.0374226 -0.0031634 -0.00931766 -0.00676297
internal_weight=31084.9 16079.1 1731.96 1146.13 565.312 503.721 14347.2 5453.19 776.952 15005.8 13777.2 664.356 167.237 8893.96 8731.56 4676.24 3400.04 3192.49 1276.2 985.473 811.079 517.384 213.764 174.943 174.394 59.7313 101.697 2873.8 1022.66 959.224
internal_count=150782 106335 15304 12389 10740 10498 91031 40931 5128 44447 40388 4642 1049 50100 49510 35803 21615 20685 14188 10689 8872 4540 3003 2489 1817 1030 951 15722 7011 5810
cat_boundaries=0 1
cat_threshold=2
is_linear=0
shrinkage=0.05


Tree=157
num_leaves=31
num_cat=1
split_feature=9 17 25 18 3 3 23 10 25 24 23 7 7 9 16 25 17 16 21 6 18 16 18 9 19 7 23 0 25 18
split_gain=20.0541 25.0847 29.5177 28.2071 24.7353 22.0727 21.8383 20.7952 20.2071 23.3658 28.3108 20.0918 21.4666 19.454 19.9112 18.7678 27.7663 26.1809 26.1661 18.8201 37.4845 30.0228 23.0763 29.2117 24.4628 19.2539 18.3906 27.9813 50.6909 48.6342
threshold=25.540554567120413 -4.3961289113880746e-05 23.500000000000004 0.0001011433246387724 2.0401950372552471 1.1357681864301539 4.8036620898489586 33.326432915879998 31.500000000000004 15.748363478595136 1.6233039132582927 7.6037148726014356 7.6741707908354266 25.718786534244966 -0.0028376803627080814 35.500000000000007 0.32256489506401925 6.6656066106575849e-06 154.08750430903106 2.7046125890467101 0.00050731078855847228 0.00016111538217384829 0.0019226560185637406 25.668912309057323 2.4392209217897238 8.0679104549048848 1.8000444416676096 0 86.500000000000014 0.0018511171759791245
decision_type=2 2 2 2 8 10 2 2 2 2 2 2 2 2 2 2 2 2 2 2 2 2 2 2 2 2 2 1 2 2
left_child=1 7 -3 -4 5 -5 13 8 -1 11 -11 -10 -13 14 -2 17 19 -16 -18 20 21 -17 23 24 -21 -22 27 28 29 -15
right_child=6 2 3 4 -6 -7 -8 -9 9 10 -12 12 -14 26 15 16 18 -19 -20 22 25 -23 -24 -25 -26 -27 -28 -29 -30 -31
leaf_value=0.035591912848787398 -0.010699548870105808 -0.029118839102661921 0.027889107179316225 -0.0063758908274148471 -0.0084776025390306039 0.018766281256571763 -0.018006645857090661 0.0017229129924671465 -0.025108373995061585 0.009722893256994658 0.03434919510035523 0.029252915496594496 -0.0054252934604061692 0.0058873921777724617 -0.0026472905291511461 -0.020769238377458019 0.0052998738603807355 -0.033279687996113604 0.039303275052563535 0.046379068856953171 -0.045583511960232886 0.014578600435438108 -0.0015526040010402861 -0.01904300559690382 0.0093089669849449139 -0.0099814098755981514 0.0028752752269943982 0.00088288231358239766 -0.0023772020993071429 -0.039164155083597385
leaf_weight=94.391775225521997 678.12009412632324 86.2447211407125 91.089715862181038 146.36833690479398 507.75987031171098 216.29593758657575 162.92189299687743 601.54438525717705 65.760293266735971 401.64753513759933 164.50700483378023 69.071387114934623 126.09331536944956 87.727071010973305 207.59997994196601 99.994930907152593 198.38119845138863 105.04920182283968 79.148748497478664 74.050924451323226 91.106635690201074 150.45618357276544 2048.0013927959371 49.752904334338382 111.53596624475904 65.119264829903841 7833.6168754533865 13693.037820708938 2636.1719349035993 188.88783070596401
leaf_count=750 3838 803 405 486 2631 515 494 3379 375 1885 747 468 664 5097 1589 499 1012 1020 370 547 745 637 7716 586 1128 350 42798 50196 13075 5854
internal_value=0.000627639 0.00485748 -0.00109728 0.00141617 -0.00135422 0.00861911 0.000246907 0.00895405 0.0136746 0.0111733 0.0168785 -0.00120605 0.00684779 0.000351631 -0.00290016 -0.00128778 -6.01852e-05 -0.0129397 0.0149973 -0.00161367 -0.0115234 0.000465648 0.000151321 0.0149794 0.0241003 -0.0307436 0.000878305 -6.3744e-05 -0.00451384 -0.0248763
internal_weight=31131.5 2570.77 1047.76 961.514 870.424 362.664 28560.7 1523.02 921.471 827.08 566.155 260.925 195.165 28397.8 3958.32 3280.2 2967.55 312.649 277.53 2690.02 406.677 250.451 2283.34 235.34 185.587 156.226 24439.4 16605.8 2912.79 276.615
internal_count=150659 13108 4840 4037 3632 1001 137551 8268 4889 4139 2632 1507 1132 137057 20037 16199 13590 2609 1382 12208 2231 1136 9977 2261 1675 1095 117020 74222 24026 10951
cat_boundaries=0 1
cat_threshold=2
is_linear=0
shrinkage=0.05


Tree=158
num_leaves=31
num_cat=0
split_feature=3 17 12 15 3 22 22 25 8 8 10 10 25 6 9 1 19 13 8 5 4 13 19 8 13 13 3 7 17 18
split_gain=18.7235 18.3167 32.394 32.306 22.6659 18.9696 17.5402 18.3068 16.6025 18.599 15.9478 24.1062 15.6368 15.2294 28.7775 28.0203 26.8042 34.24 21.7834 16.7655 25.4191 16.5539 15.06 14.9961 16.4415 13.6332 23.3135 30.5476 31.5808 50.6628
threshold=0.050007442200199967 -2.2104575779196494 0.013233421579879966 22.500000000000004 2.7378105208747372 3.2658698205582537 4.8929954638455371 117.50000000000001 43.955660116795023 61.057394475036823 30.542082593116085 30.579142405065273 79.500000000000014 1.0707026822311752 26.968225508935927 15.670823508732271 24.957148175958071 6.4990878436466604 154.0723863906143 0.00038135557062982762 0.00058514089626469153 6.2949870327751221 26.278862993504593 23.435058170453583 7.1593779957422603 6.9830435785002827 2.8185995877178081 7.4888316116588474 -1.0898973073030016 0.0028900879672922792
decision_type=8 2 2 2 8 2 2 2 10 10 2 2 2 2 2 2 2 2 10 2 2 2 2 8 2 2 8 2 2 2
left_child=-1 2 5 4 -4 12 -7 23 -6 -10 -3 -12 -2 14 15 16 17 21 -17 -15 -21 -13 -9 -8 -25 -22 -27 -28 29 -29
right_child=1 10 3 -5 8 6 7 22 9 -11 11 13 -14 19 -16 18 -18 -19 -20 20 25 -23 -24 24 -26 26 27 28 -30 -31
leaf_value=0.017534270341799576 -0.010019828836220462 0.0033447738907056478 0.028737870141019473 -0.0051306878260289884 -0.005444829219865055 0.011425976134147028 -0.0059997345401705086 -0.0064982198226133051 0.036677415996695106 0.0011871339493122407 -0.025045143305244572 -0.035712366944423278 -0.039760037624367001 0.017572823912803185 0.0020764900996985852 0.0037053789172274264 0.0041121912935841434 -0.06528667535590664 -0.018568945249189357 -0.020206820087601829 0.00090682661375787168 0.0043472636491077585 0.012284535877293374 -0.01499969162204022 -0.040063417919027559 0.00038633546174197096 -0.0323666665312747 0.036875369233507288 -0.0096002606143415596 -0.003096677624445147
leaf_weight=151.67316541075706 93.910632053390145 3721.7597337136976 147.13810912147164 585.15705131553113 173.6969747627154 122.32693950086832 254.8511798940599 569.43962876312435 67.639842269476503 81.270049786893651 96.990234197350219 62.37350888014771 83.492573212832212 138.56948238797486 676.66475400747731 269.55280695296824 52.957345983246341 64.668759641470388 185.16191470623016 152.64973800233565 17886.486410618294 43.966816190164536 131.33373469300568 225.06398263270967 92.251875163987279 3277.1894017327577 109.82370416820049 103.18204434704967 1107.8782705452759 342.08176049566828
leaf_count=740 517 16465 408 1706 657 436 818 1628 302 583 531 674 479 346 2007 855 338 459 693 744 90547 275 370 1080 568 10035 493 1119 12596 2110
internal_value=9.73073e-06 -7.62344e-05 -0.00406953 0.00270903 0.0124749 -0.0086164 -0.00665831 -0.00839617 0.0050575 0.017308 0.000294637 -0.000167381 -0.0240167 -6.87873e-05 -0.00522006 -0.0124949 -0.026971 -0.0365968 -0.00536483 0.00023322 0.000128659 -0.0191496 -0.0029781 -0.0150321 -0.0222864 0.000264649 -0.00206044 -0.00688228 -0.00508026 0.00616614
internal_weight=31071.2 30919.5 2627.57 1054.9 469.745 1572.67 1395.27 1272.94 322.607 148.91 28292 24570.2 177.403 24473.2 1355.35 678.681 223.966 171.009 454.715 23117.9 22979.3 106.34 700.773 572.167 317.316 22826.6 4940.16 1662.97 1553.14 445.264
internal_count=150579 149839 9552 3656 1950 5896 4900 4464 1542 885 140287 123822 996 123291 5301 3294 1746 1408 1548 117990 117644 949 1998 2466 1648 116900 26353 16318 15825 3229
is_linear=0
shrinkage=0.05


Tree=159
num_leaves=31
num_cat=0
split_feature=17 2 12 8 24 20 21 25 24 9 19 9 9 2 23 3 25 20 24 25 25 24 25 11 20 23 23 12 24 21
split_gain=13.7873 29.7858 27.3121 36.1219 52.9261 24.6184 29.1437 71.4264 22.7231 19.9558 16.2623 28.2958 17.53 19.0123 18.7157 15.0119 22.6269 22.6652 25.8365 19.3794 20.363 38.3683 47.21 46.637 53.0645 57.4879 49.2398 39.3202 33.6374 26.9401
threshold=-2.1316690351520342 0.7960114132566708 0.013233421579879966 51.099021171886257 39.187368055270348 3.0819353886454124 161.50947464851558 111.50000000000001 28.597469605525607 25.815063279090644 0.88354795292435917 26.635478193450762 25.718786534244966 0.62352913286812572 1.3808295648663489 3.30565868723746 155.50000000000003 5.0470340963558487 268.23262189836703 116.50000000000001 100.50000000000001 14.760281183018366 60.500000000000007 4.1290760801446016 5.0433243673049564 1.6679476197010998 1.5124635667531969 0.11045194587686426 62.347030677233342 227.07255458672793
decision_type=2 2 2 10 2 2 2 2 2 2 2 2 2 2 2 8 2 2 2 2 2 2 2 2 2 2 2 2 2 2
left_child=1 2 5 8 -5 -1 10 -8 -4 -3 11 -7 -12 -14 -15 16 -2 -18 -19 20 21 -17 28 -24 25 26 -25 -27 -23 -22
right_child=15 9 3 4 -6 6 7 -9 -10 -11 12 -13 13 14 -16 19 17 18 -20 -21 29 22 23 24 -26 27 -28 -29 -30 -31
leaf_value=0.0084798818510051655 0.002163289332467538 0.0017417669272508072 -0.016921256646424295 0.04131514656962873 0.00012786402421569506 0.002348752552495571 -0.053603488423793672 -0.0056207296137629516 0.0040720453286230964 -0.023486464301816726 -0.011746467578572338 -0.035113746318226773 -0.003611116531426488 0.0027048498902647465 0.032493241805383932 -0.00045993355500555051 -0.00052576998106042467 -0.01788952958473863 0.0072509765535739377 -0.021430505882286493 0.014540851495390378 -0.050680692241840013 -0.015440240195885323 0.011185985226800928 -0.053378397160520522 -0.03071950979054415 0.11899490874908331 0.056959125046526018 0.1033280243338425 -0.018160389924348486
leaf_weight=262.23640714399517 15038.617485041497 110.46337596233934 171.6783135868609 146.01909477985464 167.43667629687116 104.0322282826528 111.42813984677196 255.15856194682419 517.27368042804301 269.92927692458034 204.6748109087348 97.778854925185442 245.20711367903277 111.05030507408082 100.4034463474527 8937.6527535666246 2439.287187455222 417.63041423633695 135.3024347089231 115.10118431597948 396.57675722241402 95.3217843741877 404.76515291212127 17.288021337706596 20.456780678592622 35.36839151289314 27.341763679869473 20.027759847231209 3.6824252246879032 74.87185513228178
leaf_count=721 50757 479 741 660 605 381 620 747 1423 1092 838 445 959 423 384 55874 7043 1282 461 988 1974 11568 6297 612 624 748 415 302 528 531
internal_value=0.00017092 -0.00312756 -0.00114005 0.00524293 0.0193144 -0.00542859 -0.00839452 -0.0202056 -0.00115923 -0.0161604 -0.00337823 -0.0158021 0.000412998 0.00586285 0.0168491 0.000507422 0.00137322 -0.00259762 -0.0117377 -0.00103084 -0.000796821 -0.00129698 -0.0132814 -0.00731168 0.0199965 0.0350027 0.0772335 0.000979563 -0.0449524 0.00934749
internal_weight=31054.1 2874.77 2494.38 1002.41 313.456 1491.97 1229.73 366.587 688.952 380.393 863.147 201.811 661.336 456.661 211.454 28179.3 18030.8 2992.22 552.933 10148.5 10033.4 9561.9 624.252 525.248 120.483 100.026 44.6298 55.3962 99.0042 471.449
internal_count=150522 10518 8947 3429 1265 5518 4797 1367 2164 1571 3430 826 2604 1766 807 140004 59543 8786 1743 80461 79473 76968 21094 8998 2701 2077 1027 1050 12096 2505
is_linear=0
shrinkage=0.05


Tree=160
num_leaves=31
num_cat=0
split_feature=13 10 25 22 5 19 23 21 5 3 25 16 23 1 25 22 15 15 8 6 20 19 20 3 15 12 1 15 9 9
split_gain=19.7447 25.3457 20.6737 26.0161 19.3133 20.5786 20.4045 27.5821 23.3913 23.7492 22.3284 21.8286 21.1282 28.8017 33.6873 46.971 32.231 27.3113 32.1799 25.6608 20.8372 44.5411 28.0569 32.5902 26.6984 25.7512 25.5762 44.1565 38.8546 33.2894
threshold=5.8202914584495327 37.28859717454656 135.50000000000003 8.7906461259632831 0.00021540845570890466 66.902381705351914 1.4126295126543618 244.33908710701749 0.62469360676823427 0.91254829820663474 129.50000000000003 -0.0077919295672738394 2.8788184232225227 0.81802802204826419 45.500000000000007 1.0325743058016139 50.500000000000007 29.500000000000004 161.72994969260495 1.647977755356328 4.1416134868393808 1.0158098558346011 3.1993117351299918 2.6330199002823851 22.500000000000004 0.0038745237055576739 7.5575862602201864 3.5000000000000004 26.777505305068289 26.706229234229912
decision_type=2 2 2 2 2 2 2 2 2 8 2 2 2 2 2 2 2 2 10 2 2 2 2 8 2 2 2 2 2 2
left_child=2 4 -1 -4 -2 6 11 8 9 -8 -9 -6 -11 14 15 19 -15 18 -16 -14 22 26 -13 -24 25 -25 27 -22 29 -28
right_child=1 -3 3 -5 5 -7 7 10 -10 12 -12 20 13 16 17 -17 -18 -19 -20 -21 21 -23 23 24 -26 -27 28 -29 -30 -31
leaf_value=0.0046006360562915894 0.016651502808906482 -0.026515274765573138 -0.013036955179117611 0.0011815415301269765 -0.013845422636509418 -0.019177918080595747 0.0096300343701630296 -0.042686333685918315 -0.018235018245752792 0.0013729524425695981 -0.00010090160971477489 -0.00054065252699279443 -0.022123953618236224 -0.04538372436839052 -0.038197666730248596 0.051205008922597384 -0.0039254708808204516 -0.0023459490386271119 0.0066863072866468337 0.012754342256081389 -0.04639375317458054 0.0045840041362409691 -0.00082993628546500187 -0.01690052603281747 -0.040239360921910314 -0.0034825747832503127 0.0024897429739397475 -0.0075978689504159688 -0.0086458049387314311 0.032743867038702065
leaf_weight=4120.6373787380289 162.84850626625121 94.057045739376917 395.88594328612089 1717.2262270879 383.03512326977216 148.549185881624 791.55058922804892 65.660098593914881 156.12242165580392 11219.354357652366 57.943804480135441 3074.7366082994267 76.529506575316191 89.112994540482759 131.33185642957687 60.129311822354794 98.920466929674149 520.39733995310962 57.382047601044178 169.61154169589281 79.522737317718565 2935.5775082693435 1046.2566279591992 776.87540149386041 80.928967613726854 662.50676374998875 287.36891644541174 943.9436987224035 491.20962872356176 133.00731418933719
leaf_count=18294 419 684 929 5633 1375 875 2890 656 403 68015 159 10021 608 744 1097 203 299 1529 500 1302 2319 12560 3396 4764 236 4029 1211 3203 1854 456
internal_value=2.31904e-05 -0.000609242 0.00253866 -0.00148226 -0.000510594 -0.000624493 -0.000511488 0.000788016 0.00100536 0.00123268 -0.0227229 -0.002121 0.000697622 -0.00559843 -0.00226974 0.011588 -0.0235734 -0.00825501 -0.0245498 0.00191008 -0.00169378 0.000701989 -0.00376226 -0.00762173 -0.0122957 -0.0107246 -0.00518724 -0.0106123 0.000903641 0.0120622
internal_weight=31028.2 24794.5 6233.75 2113.11 24700.4 24537.6 24389 13494 13370.4 13214.3 123.604 10895 12422.8 1203.42 1015.38 306.27 188.033 709.111 188.714 246.141 10511.9 4870.63 5641.3 2566.57 1520.31 1439.38 1935.05 1023.47 911.586 420.376
internal_count=150663 125807 24856 6562 125123 124704 123829 78405 77590 77187 815 45424 74297 6282 5239 2113 1043 3126 1597 1910 44049 21603 22446 12425 9029 8793 9043 5522 3521 1667
is_linear=0
shrinkage=0.05


Tree=161
num_leaves=31
num_cat=0
split_feature=8 16 7 22 25 20 18 22 25 7 9 5 10 5 12 23 17 24 18 9 18 11 12 10 25 18 8 2 13 22
split_gain=16.5498 17.6701 25.7335 48.2123 48.4042 55.0388 24.9206 22.4869 23.8941 22.2376 35.4928 33.8951 31.0658 27.4232 23.0413 22.2371 20.211 23.5861 24.5829 49.4343 31.845 23.2283 18.7998 24.5942 18.4493 41.9398 25.9719 25.1875 17.8621 17.6907
threshold=4.9964289463918172 0.0041914718843766253 8.0301355861128592 2.3253915181130078 83.500000000000014 4.9191513919276124 0.0039786701698359917 1.5136649704255871 49.500000000000007 7.6567236766736366 29.519324019304104 0.1180957630232109 35.789351346234447 0.42426421667725112 -0.046131789503978081 2.2677460869500665 -1.6500330323882184 2.546824939239912 0.0054077102006012965 26.893627475421869 0.0044864208937544399 2.6974249285954151 -0.11310248525360993 32.08242798570074 87.500000000000014 0.0021626277395607606 59.475597610939026 0.49740858347092182 7.0148747972313128 33.086707112771528
decision_type=10 2 2 2 2 2 2 2 2 2 2 2 2 2 2 2 2 2 2 2 2 2 2 2 2 2 10 2 2 2
left_child=-1 16 3 4 5 6 7 8 -3 13 11 12 -11 22 -13 -7 17 -2 19 20 24 -20 23 -5 25 -19 28 -27 -26 -18
right_child=1 2 -4 9 -6 15 -8 -9 -10 10 -12 14 -14 -15 -16 -17 29 18 21 -21 -22 -23 -24 -25 26 27 -28 -29 -30 -31
leaf_value=-0.012354254190668396 -0.030541195996097781 0.0076335613706938581 0.013315348946594627 0.013780799417300139 -0.02765025906492128 -0.0085753651628297026 0.029373107909338114 0.019078387983725322 -0.040027848196370813 -0.0078640597180373983 0.01980659663852213 -0.048266717884918542 0.03090831427385049 -0.0034692773766360667 -0.011094221613212964 -0.049899723073095835 -0.00064930215880096244 0.017725374720856453 -0.025441873501102566 0.011291782682872412 -0.028779645314999519 -0.0015775726631197227 0.0022406875150878971 0.0037917660453240885 -0.00053709486773197222 -0.059314190847918238 0.017968394468400688 -0.016888337149723202 -0.02260230366395349 0.0055581106276363038
leaf_weight=269.07060461258516 89.304955808445811 53.798154022544622 460.40460498770699 988.19515048270114 277.16277169063687 69.261444687843323 113.3273914437741 83.557334469631314 51.440613619983196 494.07669841730967 118.01449520955794 82.721487003145739 57.695649939589202 1399.5010846443474 84.038051908370107 61.425139732658863 16856.070963871898 64.971273402217776 235.89671935141087 514.81924897548743 151.44414044800214 179.59900523815304 4560.3217664912809 1636.9577329494059 439.11583420820534 50.026177075458691 155.5986589351669 116.34222141117789 115.93370793573558 1231.6655091755092
leaf_count=849 595 356 1240 3124 1428 425 534 466 431 3912 683 406 378 3521 358 453 98982 726 822 1765 600 633 14800 5455 1335 326 662 956 472 3953
internal_value=-7.75917e-06 0.000100126 0.00175423 0.00122886 -0.0113358 -0.0008884 0.0108384 -0.000287328 -0.0156633 0.00217569 -0.00560607 -0.00977995 -0.00380986 0.00293397 -0.0295337 -0.0279986 -0.000767173 -0.00539436 -0.00428466 -0.00148365 -0.0074987 -0.0151265 0.00418112 0.00755197 -0.00407734 -0.0163415 -8.49332e-05 -0.0296456 -0.00514588 -0.000226615
internal_weight=31061.8 30792.7 10591.9 10131.5 709.973 432.81 302.123 188.796 105.239 9421.52 836.546 718.532 551.772 8584.98 166.76 130.687 20200.8 2113.05 2023.75 1608.25 1093.43 415.496 7185.47 2625.15 941.988 231.34 710.648 166.368 555.05 18087.7
internal_count=150646 149797 37970 36730 4093 2665 1787 1253 787 32637 5737 5054 4290 26900 764 878 111827 8892 8297 6842 5077 1455 23379 8579 4477 2008 2469 1282 1807 102935
is_linear=0
shrinkage=0.05


Tree=162
num_leaves=31
num_cat=0
split_feature=17 4 2 24 25 10 13 21 23 20 9 3 20 2 24 13 24 25 25 22 1 15 4 25 21 24 17 17 21 22
split_gain=14.2565 18.1298 14.7385 13.3063 11.4196 15.0412 20.634 16.5378 13.4232 31.5358 27.1597 25.7259 24.3617 25.3093 28.3841 27.535 22.351 29.602 28.9668 20.832 20.8067 20.7622 20.0071 23.1225 30.4364 25.2732 18.1007 69.7971 29.7199 32.162
threshold=-3.2322614740068607 0.24244092740960152 0.66541141784233504 548.39296975714637 167.50000000000003 31.237169094737997 7.1888292020607851 154.86934137030744 1.3185472235046096 5.2152058057205872 25.927079353049901 4.1404297462710193 4.0631133751776671 0.83942351792230785 120.87965719818072 6.0808349971915963 8.0758452332852233 82.500000000000014 109.50000000000001 0.021428333512895397 13.973317867178674 54.500000000000007 0.0014263683638620029 76.500000000000014 149.35704384579932 0.16764560651736643 0.832718021945966 0.79736386935893633 146.59243998211079 1.1685634117803405
decision_type=2 2 2 2 2 2 2 2 2 2 2 8 2 2 2 2 2 2 2 2 2 2 2 2 2 2 2 2 2 2
left_child=1 -1 -3 4 8 -6 7 -7 9 10 11 12 13 14 16 -16 17 20 -18 -13 -2 -17 -14 24 25 -24 27 -10 -28 -30
right_child=3 2 -4 -5 5 6 -8 -9 26 -11 -12 19 22 -15 15 21 18 -19 -20 -21 -22 -23 23 -25 -26 -27 28 -29 29 -31
leaf_value=0.0025210837860401374 -0.041642746214048093 -0.030397567177278758 -0.0059132805837160225 0.013615693233664253 0.0046228093040247406 -0.010138364208108286 -0.019892409718159906 0.0025197111364637344 0.0011141750088469321 -0.015331713563722297 0.00083189221469535187 -0.0014754674603448923 0.024040018736946247 -0.036849531258293662 0.015453516797941573 0.0047742847116019373 -0.044535237821861112 0.016002980867664673 -0.0050890751684884161 -0.051790986164318931 -0.0085133555600241089 -0.022639218493052692 0.018547738714874727 0.0025738725941684025 -0.04684717668030166 -0.02920225289089497 -0.023947510580899334 -0.047418144482718624 0.018352633676568517 -0.010362137907368323
leaf_weight=196.10206423699856 62.426550981588662 120.02762889862061 125.97051163576543 184.37432967498899 396.32243140041828 491.59640215337276 235.49660402163863 543.11656809784472 17130.238877319498 371.25612365477718 8221.7491094733123 33.784546503797174 87.215866105165333 78.532004425069317 203.2964038727805 139.59089320432395 116.70071872789413 96.060004955157638 77.412761183455586 52.60008732508868 196.8040186855942 136.71565764397383 63.095409300178289 811.77101827925071 58.661139969946817 49.412876257556491 61.171139958547428 74.404196806717664 487.67137770727277 121.88793724984862
leaf_count=670 763 442 444 614 1029 1538 679 1551 93367 1786 30445 188 337 356 533 576 1423 387 303 1079 913 374 201 3115 684 764 350 982 1676 3056
internal_value=9.51577e-05 -0.0088194 -0.0178597 0.000224023 0.0001428 -0.00388109 -0.00653442 -0.00349419 0.000376193 -0.00101051 -0.000503458 -0.00535263 -0.00429111 -0.0094895 -0.00740143 0.00148655 -0.0151602 -0.00770589 -0.028804 -0.0321129 -0.0164914 -0.00878983 0.00108888 -0.000947569 -0.017648 -0.00242373 0.00121844 0.000904289 0.00927666 0.0126108
internal_weight=31025.5 442.1 245.998 30583.4 30399 1666.53 1270.21 1034.71 28732.5 10857.1 10485.8 2264.08 2177.7 1107.54 1029.01 479.603 549.404 355.291 194.113 86.3846 259.231 276.307 1070.16 982.94 171.169 112.508 17875.4 17204.6 670.73 609.559
internal_count=150625 1556 886 149069 148455 4797 3768 3089 143658 44227 42441 11996 10729 5628 5272 1483 3789 2063 1726 1267 1676 950 5101 4764 1649 965 99431 94349 5082 4732
is_linear=0
shrinkage=0.05


Tree=163
num_leaves=31
num_cat=0
split_feature=13 23 18 23 20 21 3 18 9 23 20 7 12 21 25 24 20 24 9 11 25 25 11 9 19 25 16 3 20 18
split_gain=19.9592 26.4844 35.8737 14.892 22.9886 25.4752 22.6049 29.8301 20.7185 30.6545 29.1034 40.9938 23.0553 49.1116 23.3361 54.4815 33.4714 23.082 36.0705 28.7674 27.876 27.4888 24.6534 24.8229 22.9084 22.886 23.3176 24.2477 22.4737 22.3905
threshold=7.8068473601397406 1.4577348385259523 0.0046593047622160242 1.314193270127775 5.2593362975994689 160.8511534889453 4.268408365433487 0.0013868612328218424 25.822085308797117 0.6760576040095726 4.0698989769551703 8.0153826326268263 -0.20112991097640043 227.92585832238635 60.500000000000007 0.71339184785876586 3.0180919688178154 3.5973734088799119 26.852591400938099 3.9514960025737875 83.500000000000014 95.500000000000014 3.8578300795043075 26.666332433233453 1.7250862244604435 15.500000000000002 -0.002464058050719808 3.4560246476794276 4.9255086012996143 0.00099372455814973246
decision_type=2 2 2 2 2 2 10 2 2 2 2 2 2 2 2 2 2 2 2 2 2 2 2 2 2 2 2 10 2 2
left_child=3 2 -2 6 -5 -6 8 -8 10 -10 11 -1 13 -11 15 25 -17 18 22 24 -20 -21 -16 -24 28 26 27 -14 29 -19
right_child=1 -3 -4 4 5 -7 7 -9 9 12 -12 -13 14 -15 17 16 -18 19 20 21 -22 -23 23 -25 -26 -27 -28 -29 -30 -31
leaf_value=-0.0045520871159572835 -0.040893772678888607 -0.001762942366864841 -0.0057426892062698498 0.00140175423369604 0.003136709030606262 0.033197487231983173 -0.039381366984594747 0.026869017934895312 0.014591777310920593 -0.0033629957468622931 0.0014130848760911358 -0.026595683577513088 0.014710468913100787 -0.040786650552409355 0.0040472181609242852 0.0022381088578011794 -0.028342790449931782 -0.01731614623129403 -0.0015494847256486621 -0.037933626340765782 0.015478766385325788 0.0077290607582209533 0.011152855212697366 0.042501663760232636 0.0058749724695988624 0.0020766934901194222 -0.026027208474231796 -0.018163501289541625 -0.0084863183439884068 0.005993893671358678
leaf_weight=725.1534556588158 110.23467095126398 1313.8700029170141 212.51016838755459 18166.965620709118 170.28539944742806 120.24692506552674 76.167697207070887 21.869421010371298 371.09219001606107 628.31422189087607 887.03934772487264 297.40813663322479 117.96827291697264 101.88120395177975 144.81040065735579 127.03411048627459 302.652586159762 118.61702828109264 839.67294388450682 91.543968809302896 336.72334047779441 51.500903178006411 106.39436185359955 155.34825413487852 1528.5651789985131 2068.4933522036299 157.06423283182085 106.94267464894801 826.0568544594571 783.41897637723014
leaf_count=3355 669 3790 883 99719 886 531 1512 171 874 2386 4421 2072 271 340 367 448 2502 393 2383 1346 696 260 481 515 5214 7239 707 592 3158 2554
internal_value=0.000458856 -0.00491537 -0.0177487 0.000757727 0.0016249 0.0155784 -0.000701105 -0.0246027 -0.000485608 0.000521739 -0.00521432 -0.0109634 -8.58813e-05 -0.00858457 0.000703366 -0.00287939 -0.0193017 0.00277433 0.00776161 0.000452185 0.00332456 -0.0214935 0.0206006 0.0297589 0.00141613 2.44178e-07 -0.0112443 -0.000920741 -0.0025279 0.00292864
internal_weight=31065.8 1636.61 322.745 29429.2 18457.5 290.532 10971.7 98.0371 10873.7 8964.1 1909.6 1022.56 8593 730.195 7862.81 2880.16 429.687 4982.65 1582.95 3399.7 1176.4 143.045 406.553 261.743 3256.66 2450.47 381.975 224.911 1728.09 902.036
internal_count=150735 5342 1552 145393 101136 1417 44257 1683 42574 32726 9848 5427 31852 2726 29126 11759 2950 17367 4442 12925 3079 1606 1363 996 11319 8809 1570 863 6105 2947
is_linear=0
shrinkage=0.05


Tree=164
num_leaves=31
num_cat=1
split_feature=10 13 7 13 2 25 20 20 21 20 7 1 3 17 23 12 25 3 21 0 7 4 2 3 6 6 24 6 3 5
split_gain=15.3334 51.6342 19.526 14.8694 22.1635 37.7292 42.8954 23.3778 22.5958 36.1864 34.8655 31.194 27.3467 46.1262 45.7103 65.098 37.488 28.1859 27.4985 24.9705 24.4497 23.8963 30.9634 23.7682 21.5334 45.1755 30.1146 40.5397 41.5931 27.8097
threshold=37.28859717454656 5.5285668938712567 7.6781034364447303 6.9283297172723985 0.66541141784233504 107.50000000000001 3.2162824563918022 5.2339826623172048 156.68428452980297 5.1738765028788256 7.6685176086760922 0.21825885660512309 3.594756435602926 -0.153455179363329 2.0338931368701494 -0.024819132519210692 37.500000000000007 3.3322467945889023 149.02646170928895 0 7.6967301616943429 0.093971785880637607 0.80539773443018603 2.425379724712037 8.330072941959779 6.9552574584094558 11.844700536726398 3.2024806049910413 3.0913533960800383 0.079324911121974415
decision_type=2 2 2 2 2 2 2 2 2 2 2 2 10 2 2 2 2 8 2 1 2 2 2 10 2 2 2 2 10 2
left_child=3 -2 -3 -1 5 -5 -7 8 11 10 21 23 17 14 15 -14 -16 -13 -15 20 -12 22 -10 -6 25 26 27 28 -21 -26
right_child=1 2 -4 4 7 6 -8 -9 9 -11 19 12 13 18 16 -17 -18 -19 -20 24 -22 -23 -24 -25 29 -27 -28 -29 -30 -31
leaf_value=0.0011009664375414101 0.0080495506374999911 -0.056227397914582949 -0.017976577117468848 -0.017683219423867299 -0.00548927332843309 0.0032876345842548535 -0.016916877732929891 0.020215382689779075 0.0058436366271151343 -0.029491859462822886 -0.041679970866069865 -0.0021116910513611122 -0.015942658808048186 -0.038947685828932196 0.032465920621725729 0.089158847622673038 -0.020052048919665968 -0.026235372298157963 0.014529522609662147 0.013159151836082131 -0.0082911261331198773 0.0052607598858637975 0.054256848763246796 -0.028194407445409027 -0.019791725698003308 0.047449064830184774 -0.026618857269713844 0.033552760321528666 -0.024029744997188286 0.0018313349267443557
leaf_weight=22142.015217603999 164.81922763725743 55.756907673552632 83.071656936779618 514.1533581528347 250.8053959114477 1037.3242187751457 351.78354286309332 140.13169330265373 75.589193838415667 90.162510634399951 64.063194986898452 1490.0689357179217 20.895098936976865 56.094861256657168 75.107518365606666 49.957587896147743 62.052801087498665 131.79310203855857 42.065236454131082 193.72662952542305 380.38274319376796 2179.6144819629844 58.652838576585054 213.27893311902881 222.79836033470929 63.985835301689804 73.973645990947261 113.52087647467852 122.87286880798638 447.07979193888605
leaf_count=104727 751 333 681 4294 792 3575 1310 716 714 539 909 5523 554 813 426 828 403 1648 587 425 4858 6988 544 2052 954 387 1627 517 785 1111
internal_value=0.000307183 -0.0108734 -0.033339 0.000417899 -0.00135687 -0.00611194 -0.00182904 1.04902e-05 -0.000426544 0.00183271 0.00253945 -0.00428599 -0.00148472 0.0122206 0.0255522 0.0581635 0.00870623 -0.00407199 -0.0160307 -0.00293757 -0.0131039 0.00652178 0.0269963 -0.0159239 0.000712283 0.00787317 0.00284971 0.00791781 -0.00127393 -0.00536039
internal_weight=30967.6 303.648 138.829 30664 8521.94 1903.26 1389.11 6618.67 6478.54 4086.42 3996.26 2392.12 1928.04 306.173 208.013 70.8527 137.16 1621.86 98.1601 1682.4 444.446 2313.86 134.242 464.084 1237.96 568.08 504.094 430.12 316.599 669.878
internal_count=150371 1765 1014 148606 43879 9179 4885 34700 33984 20358 19819 13626 10782 3611 2211 1382 829 7171 1400 11573 5767 8246 1258 2844 5806 3741 3354 1727 1210 2065
cat_boundaries=0 1
cat_threshold=2
is_linear=0
shrinkage=0.05


Tree=165
num_leaves=31
num_cat=0
split_feature=13 10 4 9 3 4 3 24 13 1 9 13 2 2 17 2 19 17 9 7 4 8 24 12 22 21 21 20 21 1
split_gain=19.2697 19.039 22.728 19.3118 22.9783 16.8651 27.4023 18.7808 20.5552 28.346 17.2476 25.4306 34.0468 28.6972 33.7854 28.3466 21.863 35.8208 28.4639 21.6669 21.6461 59.8244 49.4463 27.1713 25.2311 24.5159 22.7493 38.4901 21.1093 20.7915
threshold=7.9414072819126211 31.648549863569638 0.23085326997423991 29.486582516320897 2.3212979170520716 0.6495926607644672 0.8289220327544462 42.715314412917344 5.3669287322384642 0.49333247893820154 29.273528674009434 5.5474969447256077 0.42643156133196458 0.40411543626351298 -1.9516190324108085 0.39335646083011222 0.23659132783964351 -2.3349763340015093 25.310950819356226 8.2670964408376246 0.071788708648294827 133.7406077280277 11.844700536726398 0.15037864289906069 1.3947972700035691 240.97607766543339 233.47956362391298 3.1246031054168166 233.13109622143588 0.19423698988801166
decision_type=2 2 2 2 10 2 8 2 2 2 2 2 2 2 2 2 2 2 2 2 2 10 2 2 2 2 2 2 2 2
left_child=5 3 -3 4 -2 6 -1 8 -7 -10 11 -8 13 15 -15 29 17 -14 -18 -19 21 -12 -23 28 -22 26 -26 -28 -24 -13
right_child=1 2 -4 -5 -6 7 10 -9 9 -11 20 12 16 14 -16 -17 18 19 -20 -21 24 22 23 -25 25 -27 27 -29 -30 -31
leaf_value=0.0077292469156493683 -0.013198659640786276 -0.0053184804671231253 -0.02773332378367931 0.012592292313245868 0.01271087414130964 -0.00034187831343705002 0.0038939773602106953 0.00050053719555221224 -0.007284107366572575 -0.034059464080027836 -0.040911835747768084 0.018755465114465578 -0.018298420724033374 0.012631913908621071 -0.029807237872292947 0.012872140477999902 0.025668663610849213 -0.0022526950470248943 0.00062782754669452219 0.020123161060905524 0.021517341568911455 0.0031974093308502431 -0.0046230264055209715 -0.058444685253419927 0.0027863437167201066 -0.017509125378700582 0.023004183490421593 -0.010459730946614985 -0.03199181374085585 -0.010418641332306135
leaf_weight=1218.789081228897 333.32527775503695 286.37621803907678 186.89846088923514 186.65662152506411 115.13062387006357 262.48456066101789 2749.3551055786666 687.28890632279217 240.8158111050725 167.66853621602058 87.370580826653168 65.576247196411714 349.69687055749819 57.439635892398655 255.48057813150808 187.06082570273429 114.83819109015167 6981.7590215322562 9628.7205704601947 109.89031177386642 238.83818169683218 3017.2314985417761 281.29230254562572 33.546879776287824 1581.6051482472103 120.6267036285717 368.74665248207748 112.03536505741067 93.996271691517904 888.76677123387344
leaf_count=4203 1079 970 614 479 386 554 11520 1917 560 450 1207 458 1352 147 2230 865 612 38222 50047 327 1309 11354 3708 461 6495 562 1251 489 1433 5458
internal_value=-0.000105154 -0.00657893 -0.0141702 -0.000922043 -0.00654699 0.00013482 0.000393859 -0.00530868 -0.0112592 -0.0182745 6.66621e-05 -0.000595086 -0.00125724 -0.008603 -0.0220171 -0.00492547 -0.000635582 -0.00267631 0.00092296 -0.00190596 0.00245136 -5.5597e-05 0.000986307 -0.0153318 0.00608825 0.00440019 0.00568164 0.0152062 -0.0114779 -0.00841399
internal_weight=31009.3 1108.39 473.275 635.113 448.456 29900.9 28542.7 1358.26 670.969 408.484 27323.9 21388.6 18639.2 1454.32 312.92 1141.4 17184.9 7441.35 9743.56 7091.65 5935.29 3513.44 3426.07 408.835 2421.85 2183.01 2062.39 480.782 375.289 954.343
internal_count=150719 3528 1584 1944 1465 147191 143710 3481 1564 1010 139507 111238 99718 9158 2377 6781 90560 39901 50659 38549 28269 18163 16956 5602 10106 8797 8235 1740 5141 5916
is_linear=0
shrinkage=0.05


Tree=166
num_leaves=31
num_cat=0
split_feature=2 19 25 23 6 2 25 3 23 2 20 9 9 2 20 18 6 19 14 19 17 24 19 5 9 3 8 2 23 25
split_gain=14.1769 18.1268 18.4826 23.8566 19.3246 36.2569 27.5857 18.5662 14.3077 13.9531 14.2301 27.8936 40.9653 19.2635 17.8632 22.6527 35.8518 29.0811 17.4414 13.7858 13.2353 15.3931 11.6768 11.6217 28.8852 20.9198 22.9889 20.2644 19.1279 30.5481
threshold=0.30360661437303466 27.925241367053285 48.500000000000007 2.0528972453429106 8.330072941959779 0.26007060138903859 109.50000000000001 3.5365034117184559 4.8036620898489586 0.31913748514745438 5.2593362975994689 26.968225508935927 26.802490744892349 0.70873619830854273 5.2152058057205872 0.0072366467683475525 3.451964488242901 0.74667353622109645 2.5000000000000004 63.82185004791414 -1.1434767181064507 49.868727063536952 1.5986413436950666 0.42426421667725112 25.654665425960108 1.8096052276312677 4.9964289463918172 0.39335646083011222 2.7520092714813873 48.500000000000007
decision_type=2 2 2 2 2 2 2 10 2 2 2 2 2 2 2 2 2 2 2 2 2 2 2 2 2 8 10 2 2 2
left_child=1 2 3 -1 5 -4 -6 -7 9 -2 14 12 13 -12 19 16 17 -16 -14 23 21 -21 -18 25 -25 27 -27 -11 -28 -30
right_child=8 -3 4 -5 6 7 -8 -9 -10 10 11 -13 18 -15 15 -17 22 -19 -20 20 -22 -23 -24 24 -26 26 28 -29 29 -31
leaf_value=-0.046642725376257584 0.0096070539672441051 -0.02554935953495116 0.040972220937903071 0.0067853850634784704 -0.025214902115753203 0.014466603607587109 0.0010805647736851121 -0.02946071447663658 -0.013376295805858883 -0.00652750530269174 -0.015566619098021199 -0.017393651305226882 0.043905561988944478 0.016794019231404042 -0.0018315546063607628 -0.030655108668531824 -0.0068287917473710521 -0.055042675960854576 0.015051328832562336 -0.041462132939008307 -0.00050828813705754399 -0.0043072490642408626 0.016291144197725416 -0.019634395938489334 -0.00093124639198483667 -0.027845066407560123 0.00056539946763253877 0.0049542156440693461 0.00079325210012244933 -0.017917381414373962
leaf_weight=51.860997400479391 419.29692514357157 103.79510584822856 71.965737186837941 34.989815579261631 131.49177364166826 51.89297908404842 413.01947661675513 44.838767508976161 185.57453308999538 423.65837534144521 112.78668759902939 83.283777520759031 106.14156145812012 77.647678634850308 52.005126903997734 100.08102703164332 88.708017673110589 50.719225163338706 103.38459320925176 59.513408771716058 127.72345838369802 52.438675349345431 142.08589801960625 235.26120141893625 1684.8877142183483 73.009739344008267 20959.409810391022 4135.6091798814014 532.59211899153888 369.48367289453745
leaf_count=997 2004 630 361 310 609 266 1331 567 545 1450 690 403 592 318 347 335 477 429 254 576 480 231 632 640 4214 252 111691 12674 3799 2599
internal_value=0.000279544 -0.00589071 -0.00334031 -0.025118 -0.000688338 0.0140982 -0.00526942 -0.00589534 0.000464365 0.00055001 0.000421585 0.00893126 0.0144129 -0.0023719 0.000280208 -0.00979244 -0.00353204 -0.0281041 0.0296683 0.000432632 -0.0115086 -0.0240587 0.00740476 0.000533358 -0.0032228 0.000805588 0.000165027 0.00388731 0.000258571 -0.00687049
internal_weight=31079.2 903.855 800.06 86.8508 713.209 168.697 544.511 96.7317 30175.3 29989.7 29570.4 483.244 399.961 190.434 29087.2 433.599 333.518 102.724 209.526 28653.6 239.676 111.952 230.794 28413.9 1920.15 26493.8 21934.5 4559.27 21861.5 902.076
internal_count=150703 5071 4441 1307 3134 1194 1940 833 145632 145087 143083 2257 1854 1008 140826 2220 1885 776 846 138606 1287 807 1109 137319 4854 132465 118341 14124 118089 6398
is_linear=0
shrinkage=0.05


Tree=167
num_leaves=31
num_cat=0
split_feature=13 16 7 9 23 15 18 21 1 8 1 24 23 22 24 6 5 22 24 23 22 22 4 24 24 18 13 16 3 2
split_gain=20.2037 27.199 24.8978 26.9455 27.946 25.6722 23.6048 26.4966 18.0266 33.2081 20.8718 30.3048 22.5116 20.7198 28.8096 40.5557 23.8451 26.3369 29.9725 23.7167 35.5504 63.4771 18.3116 17.7653 22.9747 17.1051 22.421 21.7887 21.4533 30.1647
threshold=7.4942765355057084 -0.009848639411875219 7.466829945770427 26.724210276458262 1.2897699889104308 52.500000000000007 0.0051400931316079885 147.33051123727114 0.17212108181057692 163.66556992555934 0.21825885660512309 14.760281183018366 2.8464862888892535 0.86883306117675263 4.273220115194837 6.0175586084688559 0.077278807920133599 2.8152045779867638 120.87965719818072 1.6616881083801709 7.1045024275673105 5.3415849240474476 0.045733897271478939 3.4706815819334942 2.6509667119484006 0.0085657452684093759 6.2627817016407272 0.01106767711585064 1.933499519233175 0.8033364367103788
decision_type=2 2 2 2 2 2 2 2 2 10 2 2 2 2 2 2 2 2 2 2 2 2 2 2 2 2 2 2 8 2
left_child=8 -2 5 4 -4 -3 7 -6 9 13 11 12 -10 -1 23 19 17 -17 -19 20 21 -16 -11 24 -15 26 -18 28 -28 -30
right_child=1 2 3 -5 6 -7 -8 -9 10 22 -12 -13 -14 14 15 16 25 18 -20 -21 -22 -23 -24 -25 -26 -27 27 -29 29 -31
leaf_value=-0.019146464105011723 -0.019970072537360137 0.009318564735397503 -0.048965031673373613 -0.0027044374193888904 -0.0038319949765340737 -0.012803831821029879 0.012070809967637723 -0.041619138230704733 -0.032880466217717778 0.0051561464518703236 0.00051003553682978911 -0.0014612226773342174 0.0032054903000911122 0.031876261854744778 -0.020675219404449968 0.054422223172110512 0.012849589342465629 -0.0082746443078350745 0.044942789325535408 -0.032331901180876602 -0.037268174615414783 0.17540613150060738 0.040628606200135003 0.041930628314672647 -0.0074088223346524852 -0.0059231766757742851 0.0084619007867161363 0.013033652005914557 -0.014817551046065542 0.014227129079895554
leaf_weight=100.44223469123244 231.51434129057452 686.27306847926229 60.419599864631891 1906.5813208417967 103.07509899837896 162.12135318294168 76.81522492133081 84.361153655685484 164.46377618750557 59.041750344447792 23983.179352581967 535.04396851174533 58.624089151620865 71.832800235599279 9.2701081163249928 46.309802014380693 591.99949792120606 77.438512095250189 40.189057221170515 123.0176499504596 16.230052340775728 7.440190657740458 94.794430308975279 70.870107224211097 77.227951604872942 453.40301000699401 261.53042796626687 270.94811507314444 440.302278006915 112.16644615679979
leaf_count=857 822 1737 488 7261 714 526 203 653 1304 555 117597 2410 374 382 663 231 1799 974 123 2606 1131 340 501 414 476 1145 863 835 2039 413
internal_value=0.000248876 -0.00344216 -0.00219966 -0.00497186 -0.018287 0.00509115 -0.0112726 -0.0208392 0.000690635 0.00440294 0.000251835 -0.00791623 -0.0233976 0.00314746 0.00398608 0.00243009 0.00410723 0.0224825 0.00990781 -0.0222423 0.0154379 0.0666292 0.0270144 0.0213213 0.0115228 0.0026932 0.00502284 0.000752196 -0.00333581 -0.00892068
internal_weight=30976.9 3311.16 3079.65 2231.25 324.671 848.394 264.251 187.436 27665.8 2924.45 24741.3 758.132 223.088 2770.62 2670.18 2450.25 2294.29 163.937 117.628 155.958 32.9404 16.7103 153.836 219.931 149.061 2130.35 1676.95 1084.95 813.999 552.469
internal_count=150436 12404 11582 9319 2058 2263 1570 1367 138032 16347 121685 4088 1678 15291 14434 13162 8422 1328 1097 4740 2134 1003 1056 1272 858 7094 5949 4150 3315 2452
is_linear=0
shrinkage=0.05


Tree=168
num_leaves=31
num_cat=1
split_feature=23 3 0 25 1 18 14 21 5 23 17 25 7 2 23 18 18 22 7 8 1 7 20 17 8 18 1 20 7 3
split_gain=18.4734 13.6971 27.1518 14.4725 15.5558 13.8653 21.909 14.9674 13.256 12.2156 32.9316 27.3272 18.4848 18.074 25.5437 15.9472 27.7188 19.0672 16.2035 28.0343 16.1337 16.7953 17.5911 15.8197 15.5917 18.7115 18.115 14.8739 13.88 33.0373
threshold=4.8036620898489586 0.9894578379190494 0 132.50000000000003 0.72694557152537775 0.0054077102006012965 9.5000000000000018 148.36358691332526 0.00021540845570890466 1.023332473409251 -1.7048467142736528 100.50000000000001 8.0376240357301381 0.35861767800445171 0.99047552888197576 0.0022387223493866436 0.001694529435317373 6.2898539180955497 8.1293778344887908 232.61459574873098 20.890192348578303 8.0580894602901818 4.10520979457488 0.37770658611911151 220.56891349247334 2.7349483849827875e-05 9.7568166127288887 4.1416134868393808 7.7441128548107452 4.350738414285078
decision_type=2 8 1 2 2 2 2 2 2 2 2 2 2 2 2 2 2 2 2 10 2 2 2 2 10 2 2 2 2 10
left_child=1 2 3 -1 -5 -4 -7 -8 -3 10 -10 13 -13 -12 15 16 18 23 20 -20 21 -15 -23 -17 25 27 -26 -11 29 -27
right_child=-2 8 5 4 -6 6 7 -9 9 24 11 12 -14 14 -16 17 -18 -19 19 -21 -22 22 -24 -25 26 28 -28 -29 -30 -31
leaf_value=0.028585609527487468 -0.015598154544884639 0.012205480364928668 0.0082101628828827652 0.014125568828819346 -0.0086199382439381671 -0.013886927757422854 -0.007268906651499419 0.0052594088592118398 -0.024751208981854386 -0.029201488390241084 -0.025320954951408611 -0.0034928232901498889 0.016524424166484801 -0.015886481538869412 -0.025399075636295676 -0.03516230562979946 0.026156888281956038 0.0068441670820574875 -0.032964496558752408 0.0061116536272665129 0.016811958222870564 0.018139560674340378 -0.0095492358684846467 -0.0081986037031515687 0.020408348405530605 0.00031403499265121419 0.0028539720056815583 -4.8113188199630988e-05 -0.0018940958079367088 0.015974862387261504
leaf_weight=121.69454450532794 189.64655324071646 211.82866495661438 472.26666951738298 339.03661628812551 96.583578638732433 292.00679885223508 341.55570256523788 789.33141416870058 176.05071593914181 100.07943504792638 108.01437170244753 197.11391619406641 277.97306123748422 144.87553865741938 125.84730323497206 91.281210575252771 104.2601979020983 103.22981446096674 95.730647842399776 88.176984986290336 151.04513230919838 128.79498819541186 103.42486843746156 134.62511199712753 182.56509342975914 16589.792344940361 753.60595704615116 77.732424634741619 8010.862571898615 343.73280811100267
leaf_count=548 587 586 1453 1371 399 692 1042 2257 725 539 647 625 640 723 783 452 415 383 550 270 336 345 509 485 506 84751 1661 370 42206 3777
internal_value=-4.08053e-05 5.51328e-05 0.00363969 0.0133412 0.00908255 0.000786735 -0.00167714 0.00147555 -0.000255497 -0.00034947 -0.00408489 -0.00212289 0.00821925 -0.00568513 -0.00401678 -0.00166756 0.0020786 -0.0109586 -0.00144702 -0.0142289 0.00300386 -0.00252696 0.00580767 -0.0190937 -5.84099e-05 -0.000294508 0.0062773 -0.0164568 -0.000179298 0.000631933
internal_weight=30942.8 30753.1 2452.48 557.315 435.62 1895.16 1422.89 1130.89 28300.6 28088.8 2030.44 1854.39 475.087 1379.31 1271.29 1145.44 816.308 329.136 712.048 183.908 528.141 377.095 232.22 225.906 26058.4 25122.2 936.171 177.812 24944.4 16933.5
internal_count=150633 150046 7762 2318 1770 5444 3991 3299 142284 141698 7888 7163 1265 5898 5251 4468 3148 1320 2733 820 1913 1577 854 937 133810 131643 2167 909 130734 88528
cat_boundaries=0 1
cat_threshold=1
is_linear=0
shrinkage=0.05


Tree=169
num_leaves=31
num_cat=1
split_feature=9 13 2 13 17 8 12 19 0 10 2 5 24 6 7 6 12 18 16 12 12 12 21 16 10 7 9 22 9 16
split_gain=21.6338 26.2523 30.2995 52.1521 41.8301 20.7803 34.9893 19.7847 20.659 28.9524 28.8515 29.915 57.674 29.3748 46.9036 31.903 30.1439 37.82 36.8671 35.5296 36.1929 27.7338 28.1521 36.4906 35.2525 26.9094 26.1758 27.7825 29.9136 32.9778
threshold=25.889381633993171 5.2771639106645862 0.37700768747512509 5.5474969447256077 -0.21234399741936216 167.42195794639858 -0.057098140419402192 32.513450311527151 0 29.65071247517993 0.40090297814155268 0.12675201631052493 2.546824939239912 1.3047820552000107 7.6981553305109136 1.9124964047363671 0.092953116499497349 0.0036282514042751302 -0.0039424596863137963 0.11468160538596377 0.18631907370632125 0.067413028276458342 162.86197006634816 0.00082897608119533337 33.466855252286969 7.502169580466199 29.029042033529034 1.7990613631502734 29.34246252885676 0.0014482175744126779
decision_type=2 2 2 2 2 8 2 2 1 2 2 2 2 2 2 2 2 2 2 2 2 2 2 2 2 2 2 2 2 2
left_child=1 -1 3 4 -3 -4 -7 8 9 -2 11 12 -11 14 -12 -15 18 19 -17 -18 -21 22 23 24 -20 -19 -24 28 -28 -30
right_child=7 2 5 -5 -6 6 -8 -9 -10 10 13 -13 -14 15 -16 16 17 25 21 20 -22 -23 26 -25 -26 -27 27 -29 29 -31
leaf_value=0.0053614464403786205 -0.022291001659383757 0.013524401045511645 -0.0014438705029601992 -0.035988561830382827 -0.029086918407777301 0.0080838618401838907 -0.029368850117406455 0.0071217917720980996 0.001626602408443946 0.021184811778809258 -0.020779959455668535 -0.0013654191005807348 -0.042302797781758272 -0.02187022656802062 0.05596823494736225 -0.01935747059513403 0.057957652330947657 0.0097193305176126281 -0.0015761729050925021 -0.0034570068759271124 0.042620345484946566 -0.022629995759911391 0.017480680916300017 -0.0089787239742140507 0.058862656656708839 -0.015746070558271076 -0.0050933122418775241 -0.0040856271167849303 0.0093560863535216317 0.059464807724098172
leaf_weight=1179.1575664069969 174.50822879886255 169.74367303913459 7918.1863915806171 180.74187972815707 87.171780201606452 98.634275417309254 169.56795525876805 1324.1547889886424 15842.722381356172 46.459165871143341 30.853264440316707 231.44992312300019 155.505827086512 168.92198941041715 56.111675483640283 276.98603438772261 62.658275313442573 309.56329890526831 59.097557660192251 110.92424608883448 69.20721689471975 127.75458977860399 367.06468963203952 790.08860037662089 40.771856009494513 156.02536956081167 94.704993564635515 610.82138776965439 73.701504435390234 59.216472037136555
leaf_count=4342 1511 852 40054 1267 614 508 1082 6221 61746 414 496 814 2650 2510 608 1970 655 874 776 1376 715 1260 2496 5071 424 1135 727 6533 509 372
internal_value=0.000306873 -0.001636 -0.00259275 -0.0154105 -0.000933681 -0.0019075 -0.0155952 0.00120363 0.000810127 -0.00236618 -0.00147415 -0.0136362 -0.0276984 4.73523e-05 0.0287396 -0.000691424 0.000423573 0.00952832 -0.00215606 0.025527 0.0142461 -1.29711e-05 0.00136592 -0.00537913 0.0230981 0.00118551 0.00634541 0.00147047 0.0163801 0.0316801
internal_weight=31042.5 9803.2 8624.05 437.657 256.915 8186.39 268.202 21239.3 19915.1 4072.4 3897.89 433.415 201.965 3464.47 86.9649 3377.51 3208.59 708.378 2500.21 242.79 180.131 2223.22 2095.47 889.958 99.8694 465.589 1205.51 838.444 227.623 132.918
internal_count=150582 48719 44377 2733 1466 41644 1590 101863 95642 33896 32385 3878 3064 28507 1104 27403 24893 4755 20138 2746 2091 18168 16908 6271 1200 2009 10637 8141 1608 881
cat_boundaries=0 1
cat_threshold=2
is_linear=0
shrinkage=0.05


Tree=170
num_leaves=31
num_cat=0
split_feature=2 20 2 25 21 21 13 2 4 2 25 25 24 15 6 22 25 13 2 13 20 21 1 21 2 16 10 13 25 20
split_gain=14.9848 26.3613 32.8324 45.8315 27.6862 15.0026 27.7627 37.3322 46.8414 36.1083 64.7633 27.8551 35.8415 47.2714 23.0973 37.3825 30.4156 50.6332 36.7874 30.1251 31.5587 27.8724 26.1971 22.6512 27.7688 21.7478 26.5475 29.4576 26.8674 25.7096
threshold=0.89392083066644867 4.0734421444669531 0.9177449086175381 111.50000000000001 227.92585832238635 169.01616460425916 7.6734155763134764 0.85988119060197543 0.30414371952081792 0.85143424125109135 134.50000000000003 138.50000000000003 44.616986315335843 54.500000000000007 1.2146739867063949 0.11600292239330832 36.500000000000007 6.4395548191582659 0.45961025507217551 5.9341192468716342 3.9767675228843911 137.57575217856029 21.167236711345563 169.96858865151475 0.73387811641123191 -0.00028347111509241513 31.077727755419922 7.1791614125659544 81.500000000000014 4.0904839477491945
decision_type=2 2 2 2 2 2 2 2 2 2 2 2 2 2 2 2 2 2 2 2 2 2 2 2 2 2 2 2 2 2
left_child=5 4 -3 -4 -2 6 9 8 -8 11 25 14 13 -13 15 16 18 -18 22 -20 -21 -17 -1 24 -7 -11 28 -28 29 -27
right_child=1 2 3 -5 -6 23 7 -9 -10 10 -12 12 -14 -15 -16 21 17 -19 19 20 -22 -23 -24 -25 -26 26 27 -29 -30 -31
leaf_value=-0.043207744503391932 -0.0099852922159457853 0.028783239592696019 -0.022464789247764443 0.023321858663025743 0.019904116191280078 0.0046254594058927284 -0.043451145424267784 0.012584888364574713 -0.0012216197462123757 0.0014386271651043617 0.012096538008066246 -0.025526077907803479 -0.0013239847160530826 -0.0022823827793957241 0.0017650512944426969 0.016992527694784255 0.017842208203632085 -0.012299858474257375 0.023942921396937124 0.016916621176402781 -0.0085282995126224372 -0.017872449729859349 -0.0039004550099461114 0.0011000047293425726 0.039619346681802836 0.02405919220363234 -0.059227351109273435 -0.015129778431624505 -0.034721805926732935 -0.023040871681571203
leaf_weight=97.746658459305763 305.80267895944417 221.48847229778767 104.49131083581597 114.59261814504862 103.76566736027598 172.62614111718722 144.29531491966918 93.039143213070929 120.5042562559247 79.170292137889192 193.50932638719678 399.20359544456005 2986.7976933289319 483.87413293868303 11716.230033694301 63.978200415382162 455.13091251440346 200.79137486964464 106.79203746560961 146.79314363095909 717.4071369888261 551.1493678370025 74.845751155167818 10854.263956109527 84.411968061234802 57.89725242019631 101.15817013871856 60.53312364872545 101.73183233337477 57.994564739055932
leaf_count=917 1273 710 595 238 306 882 823 426 335 685 467 1088 9520 1059 64969 503 1409 638 413 541 3200 4984 292 51880 285 278 494 511 443 495
internal_value=0.000172588 0.00671904 0.0152082 0.00148408 -0.0024127 -1.21744e-05 -0.00086527 -0.0146606 -0.0242334 -0.000600618 -0.0121598 -0.000181941 -0.00394043 -0.0127899 0.000847357 -0.00360545 3.18889e-05 0.0086151 -0.00489116 -0.00111031 -0.00420622 -0.0142462 -0.0261619 0.00144741 0.0161175 -0.0223974 -0.0273725 -0.0427183 -0.0159707 0.000489386
internal_weight=30972 850.141 440.572 219.084 409.568 30121.9 19010.6 357.839 264.8 18652.7 651.995 18000.7 3869.88 883.078 14130.9 2414.63 1799.51 655.922 1143.58 970.992 864.2 615.128 172.592 11111.3 257.038 458.485 379.315 161.691 217.624 115.892
internal_count=150659 3122 1543 833 1579 147537 94490 1584 1158 92906 3373 89533 11667 2147 77866 12897 7410 2047 5363 4154 3741 5487 1209 53047 1167 2906 2221 1005 1216 773
is_linear=0
shrinkage=0.05


Tree=171
num_leaves=31
num_cat=0
split_feature=13 26 17 23 10 16 24 15 9 23 10 9 19 13 10 5 19 24 15 9 23 18 8 7 16 17 23 13 12 7
split_gain=21.6959 22.4248 23.0079 20.1998 28.55 13.1737 23.8942 35.7701 30.4547 16.9362 14.7407 13.5456 24.2182 18.5841 31.7949 20.5847 19.4515 21.7606 12.4248 12.3588 19.6576 23.8076 27.7627 47.5019 36.151 21.1305 20.6785 20.4672 37.3899 21.4062
threshold=7.9414072819126211 0.87500000000000011 -2.4319307796311045 1.4675124104870834 31.58040134663862 -0.011472629819677444 3.3452172400271465 8.5000000000000018 26.928624409402776 1.7705547518841414 33.426838015604396 25.683733173853557 8.3907854633836507 5.9653640478613505 34.483461384077998 0.29732003562455395 10.913310049551496 58.189316649876318 31.500000000000004 25.546907906469269 1.6233039132582927 0.0079230041823340636 115.77781661845442 7.611596636373835 0.00017594205909920549 0.091833809366274236 1.7424863291751649 6.1910990744954022 0.059413655934753791 7.6455533446126394
decision_type=2 2 2 2 2 2 2 2 2 2 2 2 2 2 2 2 2 2 2 2 2 2 8 2 2 2 2 2 2 2
left_child=5 -2 -3 -4 18 6 8 9 -1 10 -8 12 -9 -13 15 16 17 -15 -5 20 -7 22 23 26 25 -24 -22 -25 29 -29
right_child=1 2 3 4 -6 19 7 11 -10 -11 -12 13 -14 14 -16 -17 -18 -19 -20 -21 21 -23 24 27 -26 -27 -28 28 -30 -31
leaf_value=-0.0057994571821646523 0.0074514725768353388 -0.028653057086599199 -0.022550062291995406 0.015468786749775129 -0.015745458244675426 0.00016052236342498183 -0.04288729841934677 -0.02796400551049465 0.031308866060584736 -0.044241245913555723 0.030754159322192689 0.0051641022727266913 -0.00039340279304914816 0.025334931619356661 -0.028797328980129312 -0.012967566498012048 -0.012030019633048289 -0.00038489738247816279 -0.0037388602301024806 0.00015523797559220125 0.025771716962803167 -0.013062807950477928 -0.018034617292626922 0.0068508913958298528 -0.051607917298359632 0.039194577798055047 0.0025514628761390632 0.053100445802785112 0.075851093615344783 0.008861560006424074
leaf_weight=115.58989273756742 217.3218680433929 145.44323009811342 161.36782746901736 186.0358082447201 240.16812239214778 1466.1861308107618 11.494979756651448 146.80277938582003 105.98896547034383 83.183444413589314 16.62108256528154 594.45949649065733 174.12629542127252 142.84815322980285 133.04097186680883 281.69971479848027 133.44208916835487 193.82423435803503 153.79847028106451 25304.746353000635 121.43532814946957 107.07465386483818 32.872396108694375 51.128476940095425 37.64437783556059 31.667259235400707 455.59795681363903 45.25509586231783 57.313615560997277 69.092719554435462
leaf_count=766 643 563 803 442 697 7428 558 512 542 1327 420 1668 491 319 453 747 414 593 408 125418 423 277 385 551 431 386 1739 369 376 632
internal_value=-5.97434e-05 -0.00694274 -0.0104702 -0.00690302 -0.00254971 0.000194317 -0.0035923 -0.005394 0.0119508 -0.0329019 0.000646563 -0.00369333 -0.013005 -0.00167321 -0.00626662 -0.00227959 0.00412481 0.0105279 0.006776 0.000485078 0.00385704 0.00922804 0.0118741 0.0150095 -0.0126674 0.0100457 0.00743811 0.0346197 0.0428904 0.0263699
internal_weight=31017.3 1104.14 886.813 741.37 580.002 29913.1 2133.12 1911.54 221.579 111.3 28.1161 1800.24 320.929 1479.31 884.855 751.814 470.114 336.672 339.834 27780 2475.27 1009.08 902.007 799.823 102.184 64.5397 577.033 222.79 171.661 114.348
internal_count=150781 3556 2913 2350 1547 147225 8810 7502 1308 2305 978 5197 1003 4194 2526 2073 1326 912 850 138415 12997 5569 5292 4090 1202 771 2162 1928 1377 1001
is_linear=0
shrinkage=0.05


Tree=172
num_leaves=31
num_cat=0
split_feature=16 13 2 8 7 12 21 20 2 3 12 9 11 2 12 1 13 16 20 12 20 16 3 23 20 23 21 20 2 2
split_gain=13.6214 33.3768 37.5318 25.7552 23.9325 19.6815 23.8253 31.3146 17.0711 16.1642 30.2685 15.7719 16.373 15.4239 19.3963 20.3185 20.9984 16.6851 15.8943 23.6469 23.191 28.0661 42.6256 20.8937 20.6151 25.4917 19.8135 19.6445 25.379 27.0106
threshold=-0.010339845536061504 6.4472505161301061 0.64644932227196861 5.0000066548829141 7.4363689843602092 0.16643125216179386 160.07646640730619 4.889017596544849 0.56495456569492986 0.65998590823813463 -0.22818453574733369 25.688392169163901 1.4383902539957241 0.28155018826436162 -0.055755029829200983 0.40205462443001316 4.9253015658489607 0.0041914718843766253 3.0139718024795039 0.050377842174717004 2.95854502434837 -0.0012492180946519534 3.1040777758303109 1.023332473409251 2.9921840645339723 2.1347760884213516 238.78375799568497 4.1508909565739556 0.89392083066644867 0.8641270429673179
decision_type=2 2 2 8 2 2 2 2 2 8 2 2 2 2 2 2 2 2 2 2 2 2 8 2 2 2 2 2 2 2
left_child=1 11 3 -3 -4 6 7 -6 -5 10 -2 -1 -13 14 17 -16 -17 -11 19 20 -15 22 -22 -23 25 -25 -21 -20 29 -29
right_child=9 2 4 8 5 -7 -8 -9 -10 13 -12 12 -14 18 15 16 -18 -19 27 26 21 23 -24 24 -26 -27 -28 28 -30 -31
leaf_value=-0.0082653290517992421 -0.0073187916136518844 -0.0089681977027982872 -0.028041829342409893 -0.048209416629382718 -0.00059992978393872765 0.018251475861687832 0.0077688729119580677 -0.038990458986240234 -0.020031489454178306 -0.037461087343311161 0.013152416130778184 -0.0059126933171037583 0.0085926644880210748 -0.0035629395927346411 0.019504701328602637 0.0042389139567937661 -0.028883946563477411 -0.0083567631329891055 -0.0013725489589474782 0.011718754068498316 0.012340428846917852 0.031105882378779925 -0.051761551074642913 0.0065287268360327989 -0.0034592193450608821 0.033195878676822062 -0.011008274709738398 0.0015316808789752074 0.015886401916040047 -0.013936362434610087
leaf_weight=296.84386772592552 255.34667825698853 203.85112591460347 80.596292153000832 104.89517529332079 137.75598702346906 128.97030648915097 219.56455480819568 86.453568473923951 110.24070857954212 83.843444307334721 616.59957191720605 262.47247749380767 751.66373635211494 1344.5928221263457 90.016034296248108 118.56813672091812 80.222890402190387 119.33121938304976 12946.78433210752 1009.9090580698103 54.720091331750154 98.654404973611236 49.298167556058615 360.51240233378485 305.49930210225284 119.26240774989128 105.96144464216195 10244.922061202582 298.64511008467525 290.22510186349973
leaf_count=1128 960 542 259 700 805 435 1112 514 833 674 2087 827 2951 6570 428 465 737 431 64004 4382 192 254 609 1591 1451 531 479 52173 1029 1549
internal_value=0.00015165 -0.00348001 -0.0100224 -0.0217033 -0.00253146 0.00105834 -0.00393835 -0.015403 -0.0337704 0.000454361 0.00715749 0.0018714 0.00483848 0.000243518 -0.00853062 -0.000203657 -0.00912794 -0.0203672 0.000402052 0.00357437 0.000710585 0.00652684 -0.0180399 0.00941779 0.0066931 0.0131576 0.00956063 -5.79645e-05 0.00151301 0.00110556
internal_weight=30976.2 2383.31 1072.33 418.987 653.341 572.744 443.774 224.21 215.136 28592.9 871.946 1310.98 1014.14 27721 491.982 288.807 198.791 203.175 27229 3448.41 2332.54 987.947 104.018 883.929 785.274 479.775 1115.87 23780.6 10833.8 10535.1
internal_count=150702 10106 5200 2075 3125 2866 2431 1319 1533 140596 3047 4906 3778 137549 2735 1630 1202 1105 134814 16059 11198 4628 801 3827 3573 2122 4861 118755 54751 53722
is_linear=0
shrinkage=0.05


Tree=173
num_leaves=31
num_cat=0
split_feature=13 16 2 3 21 25 16 17 12 9 18 19 12 10 20 3 25 15 23 13 21 2 8 16 16 19 2 4 16 18
split_gain=21.3814 32.4195 28.1671 22.3072 20.5874 24.4922 30.9959 22.9142 30.0778 24.5506 24.4729 21.7763 28.1255 33.5281 21.2007 22.3172 41.4786 31.8855 51.7718 20.7314 30.9995 28.1538 40.2797 32.0808 35.5263 30.5675 23.5777 22.8855 22.7699 33.3922
threshold=6.7264476748154811 -0.029818383845385699 0.42262971098229568 0.20925709967211095 163.83556848866317 14.500000000000002 -0.0034418453048973003 0.43325969800715475 -0.018262525550123084 25.506836488089544 0.0041624777630197363 9.0215204467991814 0.18631907370632125 31.507373436701702 5.0935280044450293 3.3836420419097322 70.500000000000014 16.500000000000004 1.6679476197010998 7.0311540490720255 134.68866048792123 0.70873619830854273 51.099021171886257 0.005152926651780387 0.001856676899029052 3.3968988541106788 0.66159194718007253 0.31623458195354054 -0.004468878452596887 0.0037314283376918577
decision_type=2 2 2 8 2 2 2 2 2 2 2 2 2 2 2 10 2 2 2 2 2 2 10 2 2 2 2 2 2 2
left_child=-1 -2 -3 -4 5 6 -5 9 -9 10 -7 12 -6 -14 15 17 -17 18 -13 28 -21 22 26 24 -23 -24 -22 -26 29 -11
right_child=1 2 3 4 11 7 -8 8 -10 19 -12 14 13 -15 -16 16 -18 -19 -20 20 21 23 25 -25 27 -27 -28 -29 -30 -31
leaf_value=0.00054754453595357846 -0.025079844586048963 -0.025670991024320234 0.019929907343886649 -0.0017256181227013707 -0.00198916832216444 0.011922745335752364 0.043672436305070436 -0.0075205113478595091 -0.045894481118359122 -0.046710355872257241 -0.012772326715074351 0.014660889309501338 0.03091955133795924 -2.9958891562188338e-05 -0.010961164857619813 0.0071837892401815972 0.071443623677696674 0.01674574477211278 -0.04129490277726746 -0.034025953685942946 -0.016713537570779643 -0.00294000978098402 -0.027827495291936413 0.0016025805028884498 -0.027145529653012507 0.026657337304244966 -0.047750458148818314 0.0066951945892349931 0.00065149520044491596 -0.0021391851277477269
leaf_weight=19544.798120849649 152.5116272571031 122.94122392497957 118.95396107807755 101.84614603850059 4682.1385012918618 415.17458017729223 59.601353033911437 155.65129653341137 75.994946820661426 65.059972764691338 132.29149338416755 93.724468567874283 146.59735644003376 217.09512402280234 118.87215749663301 62.069510493194684 42.175848903600127 330.84855832811445 73.955890331882983 111.89208652987145 130.71645758952945 552.75626017758623 42.242169844452292 988.65493174083531 352.69981904793531 65.904863125411794 115.04458122327924 58.204556044191122 1619.5257356208749 118.6712522751186
leaf_count=90198 523 646 542 1208 24711 2459 343 948 669 709 387 450 484 837 667 771 320 803 533 764 444 3859 466 3550 2903 644 481 149 8668 453
internal_value=-0.000454094 -0.00218291 -0.00187032 -0.00160548 -0.00183986 -0.00413368 0.0150339 -0.00475254 -0.0201097 -0.00400656 0.00595535 0.000213119 -0.000948772 0.0124452 0.00833719 0.012143 0.0331822 0.00774356 -0.0100186 -0.00529852 -0.00832437 -0.00707739 -0.0200527 -0.00472528 -0.0112173 0.00537559 -0.0312424 -0.022352 -0.00124093 -0.017922
internal_weight=30868.6 11323.8 11171.3 11048.4 10929.4 5161.93 161.447 5000.49 231.646 4768.84 547.466 5767.48 5045.83 363.692 721.646 602.774 104.245 498.529 167.68 4221.37 2418.12 2306.22 353.908 1952.32 963.661 108.147 245.761 410.904 1803.26 183.731
internal_count=150589 60391 59868 59222 58680 29104 1551 27553 1617 25936 2846 29576 26032 1321 3544 2877 1091 1786 983 23090 13260 12496 2035 10461 6911 1110 925 3052 9830 1162
is_linear=0
shrinkage=0.05


Tree=174
num_leaves=31
num_cat=0
split_feature=16 16 9 17 21 9 13 12 11 19 21 18 18 10 17 9 2 10 2 25 12 19 9 20 5 5 9 12 25 18
split_gain=14.1727 18.4694 17.0114 47.6531 25.6487 21.1251 34.6686 17.4742 30.8955 49.9425 40.6403 25.0185 28.4765 22.0875 19.7701 18.8288 18.6757 29.6164 27.2776 18.3566 23.8441 44.0036 18.7103 17.0921 16.9751 29.0026 20.8178 16.9268 16.8324 29.0733
threshold=0.0042911897130211898 0.0035675606319209535 25.435002253364239 -4.3961289113880746e-05 148.7039373963008 25.465824880769834 6.7331743877554304 -0.12493687452490271 4.3144677233416227 18.330988881254729 158.93749008341931 3.4747096675597708e-05 0.0024450162046491127 30.076052889365396 0.16258730711609207 25.659379573419745 0.46225083989129584 34.216565195899527 0.37349053816998762 76.500000000000014 -0.20515126689284741 4.4685631484123087 29.422381409187924 4.0698989769551703 0.00074391162978678152 0.00081058733656829936 29.464314944023435 -0.040838759921587482 22.500000000000004 4.1638093436642351e-05
decision_type=2 2 2 2 2 2 2 2 2 2 2 2 2 2 2 2 2 2 2 2 2 2 2 2 2 2 2 2 2 2
left_child=1 2 3 -1 -5 6 -4 8 11 10 14 -7 13 -13 -10 23 18 -18 -17 20 -14 -22 -21 -15 26 -26 27 -9 -29 -30
right_child=-2 -3 5 4 -6 7 -8 24 9 -11 -12 12 19 15 -16 16 17 -19 -20 22 21 -23 -24 -25 25 -27 -28 28 29 -31
leaf_value=0.0022705485908983292 0.0016245618657775946 -0.0077199543719936037 0.00064721374847611279 -0.01248392056926618 -0.047145954470413948 0.020144034664476201 0.041547680684498239 -0.019421606876403111 0.032675819121034663 -0.037835755103566474 -0.0086561509154407176 0.0091541968471441412 0.03410254977467251 -0.016714874885260557 0.0858256463847413 -0.018650832079045564 -0.010173066388765561 -0.038071557946180681 0.021002776373697237 -0.00087094465970913239 0.022381602647572749 -0.042470845740484812 -0.019448844219108745 -0.051395654229957455 0.022574533127513854 0.000680368941507616 0.013340127202795536 -0.017553682852167983 0.010163408168065579 -0.011787165333344124
leaf_weight=368.88529427163303 10607.112068554154 878.78184448019601 146.34575081942603 125.74376849201508 92.726167805492878 97.526583978906274 80.206204807152972 239.37768526468426 37.028896388364956 29.328619793523103 34.236204290064052 123.67752397339791 81.186172012239695 96.98481565900147 33.168562970589846 75.458932863548398 761.34995780489407 108.71190372225828 101.98233412439004 1163.7478979746811 71.179298202740029 41.351795534137636 153.39078991673887 56.063754638424143 152.87678653746843 14288.073864329606 131.65869546681643 182.39040968380868 318.72116778139025 286.40044079069048
leaf_count=2440 37837 4716 876 790 736 249 417 880 448 496 537 596 701 734 439 611 4244 831 669 4107 644 458 620 524 476 81527 333 694 953 1053
internal_value=0.00014262 -0.000629494 -0.000309625 -0.00868957 -0.0271957 -4.9097e-05 0.0151272 -0.000233295 -0.00368383 0.019816 0.0360067 -0.00475571 -0.00561226 -0.0109648 0.0577893 -0.0130374 -0.0106439 -0.0136589 0.00413962 -0.00092088 0.0134501 -0.00144972 -0.00303448 -0.0294189 0.000444973 0.000912148 -0.00537823 -0.00777813 -0.00423889 -0.000225667
internal_weight=30965.7 20358.6 19479.8 587.355 218.47 18892.4 226.552 18665.9 3066.37 133.762 104.434 2932.61 2835.09 1324.23 70.1975 1200.55 1047.5 870.062 177.441 1510.86 193.717 112.531 1317.14 153.049 15599.5 14441 1158.55 1026.89 787.512 605.122
internal_count=150636 112799 108083 3966 1526 104117 1293 102824 16908 1920 1424 14988 14739 8209 887 7613 6355 5075 1280 6530 1803 1102 4727 1258 85916 82003 3913 3580 2700 2006
is_linear=0
shrinkage=0.05


Tree=175
num_leaves=31
num_cat=1
split_feature=17 12 13 12 3 6 24 8 6 23 3 0 25 16 13 23 1 16 8 25 8 24 25 13 19 17 8 10 25 25
split_gain=16.0766 27.5777 24.1438 24.6847 30.1397 20.9868 18.3362 15.5531 19.2136 14.4018 13.5117 19.1555 25.904 20.2181 23.2461 18.992 26.6548 21.8952 32.372 36.1872 17.8347 19.3853 29.0021 23.0847 16.9822 28.0157 16.7944 14.5148 14.4789 14.9795
threshold=-2.4319307796311045 0.12847927155609826 7.8461770679389984 0.013233421579879966 2.5016367789741651 25.341183565567444 13.512599247779429 4.9964289463918172 40.317783796091099 0.4615492646373347 1.5771011017391146 0 142.50000000000003 -0.0032848322101466372 6.2233622132067898 2.9116699129939394 0.81802802204826419 -0.0055699780067145757 138.37249066791938 45.500000000000007 95.565557712214982 25.852989706533872 127.50000000000001 7.5330542572084305 57.716600331390772 -1.1434767181064507 166.30572048779402 32.383138079446297 171.50000000000003 178.50000000000003
decision_type=2 2 2 2 10 2 2 10 2 2 10 1 2 2 2 2 2 2 10 2 10 2 2 2 2 2 10 2 2 2
left_child=1 2 3 6 -5 -3 -1 8 -2 -9 11 20 -13 14 -14 24 17 -17 -19 -20 21 22 -11 -23 28 -26 -21 -16 -12 -30
right_child=7 5 -4 4 -6 -7 -8 9 -10 10 15 12 13 -15 27 16 -18 18 19 26 -22 23 -24 -25 25 -27 -28 -29 29 -31
leaf_value=-0.021603795021438322 -0.026147318203546585 -0.030437117610359034 -0.017870699275706906 -0.0074611729304896041 0.020284167728447398 -0.0019514941017131787 -0.0013552943295120936 0.01248226677209105 0.00074425633797794771 0.0015044186930081773 0.00044912906460966586 0.013674524592135666 0.0076455293623388029 0.0063069012488457324 -0.0045019748398202634 0.01095989962125108 -0.03048057650563267 -0.022602993760103284 0.026557270799598756 -0.034585230478626452 -0.017096551643409359 0.0042962720969761522 -0.023907970604482978 -0.013429581365886567 -0.03559381756443205 -0.00069610685385819264 0.0067917039820325851 -0.028515449138278328 -0.01704367441126935 -0.0013985419921514123
leaf_weight=128.04980290215462 123.44950664741918 163.79314611409791 208.42755215615034 151.91432151384652 275.1926829686854 106.83470700308681 881.34122054674663 246.15507736057043 143.78968827798963 292.46556482464075 21724.226717917831 764.92357079312205 163.71048056334257 903.39486182108521 125.3289783783257 173.90873290225863 112.90452920459211 234.55132108926773 97.4027189463377 55.552705090492964 143.29412577138282 2191.2094736574218 182.22903473675251 200.48011633194983 87.93721137358807 166.21282617631368 43.906189657747746 126.38567560724914 239.56137912347913 423.3990395180881
leaf_count=686 437 724 747 487 907 284 2977 582 394 667 118814 2599 558 3011 410 790 750 1501 630 544 496 6074 466 609 831 701 378 468 705 1157
internal_value=3.49666e-05 -0.00440127 -0.00196786 0.000339546 0.0104156 -0.019192 -0.00392399 0.000328336 -0.0116781 0.000440137 0.000335957 0.00266936 0.00635446 0.00210878 -0.00702056 -0.000172828 -0.00817749 -0.00401752 -0.0100551 0.00489504 0.000117985 0.000978561 -0.00825106 0.00281043 8.10955e-05 -0.0127709 -0.0163194 -0.0165591 0.000226997 -0.00705193
internal_weight=30881.9 1915.55 1644.93 1436.5 427.107 270.628 1009.39 28966.4 267.239 28699.1 28453 5093.42 2083.74 1318.82 415.425 23359.6 718.226 605.322 431.413 196.862 3009.68 2866.38 474.695 2391.69 22641.3 254.15 99.4589 251.715 22387.2 662.96
internal_count=150384 6812 5804 5057 1394 1008 3663 143572 831 142741 142159 15358 7046 4447 1436 126801 4593 3843 3053 1552 8312 7816 1133 6683 122208 1532 922 878 120676 1862
cat_boundaries=0 1
cat_threshold=2
is_linear=0
shrinkage=0.05


Tree=176
num_leaves=31
num_cat=1
split_feature=25 13 16 11 11 19 4 9 10 3 6 6 24 18 13 0 7 13 10 20 21 25 23 21 23 11 21 13 2 10
split_gain=15.7668 15.3886 13.4089 24.1308 44.1707 36.0176 41.8657 28.6121 29.4516 26.9886 27.6169 30.4121 26.262 25.6889 19.4838 17.6043 17.0417 16.5201 35.1536 27.5173 17.1142 19.8361 17.4889 25.1809 16.0716 20.6088 23.0909 19.1652 42.3505 13.8124
threshold=191.50000000000003 8.2752232314492211 -0.0046397562881802471 4.1427491675352366 3.9641637133802723 1.0158098558346011 0.095278239264263154 26.862683193725669 34.985302732248833 3.9040280416619981 2.3718203310601553 1.7880884272010793 1.9734193322444107 0.0018063309981283585 5.9955415285526046 0 7.4363689843602092 5.7153543792016501 34.268797224292548 3.9930846793723354 160.26594306116274 100.50000000000001 2.456886448889557 223.75390024995963 2.2538209034131573 1.051414222890527 222.75423653292606 6.2627817016407272 0.66159194718007253 32.542779646502531
decision_type=2 2 2 2 2 2 2 2 2 10 2 2 2 2 2 1 2 2 2 2 2 2 2 2 2 2 2 2 2 2
left_child=1 2 3 4 15 6 -6 8 9 -5 11 12 -11 -14 -9 24 -17 -18 20 -20 21 29 23 -22 25 -1 27 -27 -29 -19
right_child=-2 -3 -4 7 5 -7 -8 14 -10 10 -12 -13 13 -15 -16 16 17 18 19 -21 22 -23 -24 -25 -26 26 -28 28 -30 -31
leaf_value=0.0052812820231198081 -0.01334425715371048 -0.01022419184484308 0.00055796566743369609 -0.033629210460136429 -0.029004545259326615 0.048308356941840852 0.038569673997100797 0.003838567475050873 -0.044354050177276401 0.028478710992521875 0.041739408378288996 -0.048117919527794747 0.037988947738712531 -0.040308586469849923 -0.040735746566300766 -0.010139819608599167 0.0086787126444054213 -0.032470493899949521 -0.0020432680838052583 -0.032045297979094188 0.011701914706536407 0.0016427133933802748 0.021351612414239649 -0.011258858397414112 -0.024968985197915843 -0.0058009895179346356 0.014444417673712151 -0.052841681339662563 -0.0066620608672098448 -0.0041231983200315089
leaf_weight=269.37113954313099 222.290128974244 362.2471093358472 26204.467616256094 43.841188362333924 49.421444251900539 79.227072993991897 42.746567690279335 30.96849519922398 39.819435827434063 74.680887694470584 50.377525977557525 27.927046640077606 14.658652652287854 36.712925732135773 117.65698017540853 380.28092758730054 567.2499740710482 84.661143720615655 158.53509674989618 147.56499835662544 318.6383297664579 492.79625154286623 176.71086155623198 190.978357110871 127.56265573762357 202.24356840457767 70.059967827517539 90.906275941524655 109.38958487589844 87.265845268033445
leaf_count=892 673 1178 127629 717 553 682 415 373 707 601 524 477 285 1292 1932 1107 1640 433 521 594 915 1322 548 743 710 791 544 644 629 369
internal_value=-7.60388e-05 2.01926e-05 0.000142722 -0.00252278 -0.00119237 0.0235865 0.00233568 -0.0136306 -0.00443627 0.0019679 0.00960463 -0.000908922 0.00955028 -0.0179667 -0.031448 -0.0024148 -0.00035836 0.00131387 -0.00120715 -0.0165067 0.00225918 -0.003459 0.00779736 0.00309739 -0.00857486 -0.00575631 -0.0120475 -0.0166583 -0.0276211 -0.0180821
internal_weight=30871.3 30649 30286.7 4082.25 3645.61 171.395 92.168 436.643 288.018 248.198 204.357 153.98 126.052 51.3716 148.625 3474.21 2604.68 2224.4 1657.15 306.1 1351.05 664.723 686.328 509.617 869.533 741.971 472.599 402.539 200.296 171.927
internal_count=150440 149767 148589 20960 14052 1650 968 6908 4603 3896 3179 2655 2178 1577 2305 12402 8192 7085 5445 1115 4330 2124 2206 1658 4210 3500 2608 2064 1273 802
cat_boundaries=0 1
cat_threshold=2
is_linear=0
shrinkage=0.05


Tree=177
num_leaves=31
num_cat=0
split_feature=25 7 22 25 4 15 4 25 15 13 1 13 21 11 21 21 25 19 24 6 23 7 12 25 17 1 25 17 1 5
split_gain=16.534 14.6074 17.2777 62.8944 21.6764 20.8679 19.7872 19.4936 18.4512 19.2424 18.338 16.556 14.5248 14.2133 13.8378 21.895 13.7295 13.4896 13.3294 22.6691 43.0401 36.6094 33.4388 21.7556 21.3477 20.3579 41.404 32.5075 20.6447 20.0158
threshold=167.50000000000003 7.4511733458513998 6.4831757130878511 127.50000000000001 0.46831528009795259 45.500000000000007 0.44124377052771729 104.50000000000001 51.500000000000007 6.9439778192904154 0.65715920298947428 6.3254915202442161 153.61280844608325 2.8686768338884376 158.20623136263512 148.53177265210084 133.50000000000003 4.3576618596675925 0.097473381317940519 1.0970050394740387 1.2739393679882427 8.0979695332104757 0.065766687533429388 42.500000000000007 0.66452057093625339 10.384940478091462 44.500000000000007 0.75986251929400461 8.311177142696307 0.00096053327889360945
decision_type=2 2 2 2 2 2 2 2 2 2 2 2 2 2 2 2 2 2 2 2 2 2 2 2 2 2 2 2 2 2
left_child=1 2 3 10 -5 6 7 12 17 11 -1 -10 -4 14 15 -9 -16 -7 25 20 22 -22 23 24 -20 26 27 -3 -29 -21
right_child=-2 18 5 4 -6 8 -8 13 9 -11 -12 -13 -14 -15 16 -17 -18 -19 19 29 21 -23 -24 -25 -26 -27 -28 28 -30 -31
leaf_value=0.012197499645953597 -0.0050735789299670431 -0.012467822628666121 0.0065236505254564897 -0.035648956997262636 -0.0096020705658963409 -0.00031350751675426051 0.024326690897509246 0.01108521488781505 0.0020302204320065778 -0.0084017699883381994 -0.0045749722907011212 0.015608091861570259 -0.019428724040341717 0.022302666757379505 0.02227785185009722 -0.012221667607330414 0.0032892030639311933 -0.023229632609944196 -0.012434663448990923 0.02052464734838215 -0.0067571990050415923 0.022572664681937568 0.00081454495690367733 -0.00060285667810723023 -0.042654921010761224 0.00087025261825559436 0.043188245408764259 0.0030928599066551302 0.034834704186570579 -0.00065263929499434058
leaf_weight=420.38556254096329 1737.0327279493213 152.27077566739172 105.17477598972619 142.21057268232107 182.22873597592115 131.73305358365178 186.6826888769865 221.33663875609636 714.98179021850228 283.30602482706308 266.13649346493185 327.27413393557072 110.6156975752674 185.01453031226993 210.92927255108953 184.98238545656204 173.49054263532162 125.29957574605942 83.727550970157608 112.15893433243036 361.00184440379962 150.85101773682982 149.66598261403851 61.263319401070476 193.47367294877768 2098.8782146591693 88.788094885647297 108.99983679503202 96.643263563513756 21492.379920653068
leaf_count=1280 5072 997 345 449 421 373 365 517 2293 923 894 899 445 412 439 507 404 401 753 293 2322 444 821 219 1118 5548 276 532 314 120395
internal_value=-0.000334721 -5.20621e-05 0.00276583 -0.0028778 -0.0210191 0.00469283 0.00919091 0.00681954 0.0007756 0.00315294 0.0056955 0.00629375 -0.00677972 0.00982706 0.00690806 0.000474433 0.0137082 -0.0114848 -0.000497072 -0.000883352 -0.00824314 0.00188677 -0.0188653 -0.0275676 -0.033527 0.00293306 0.0126254 0.0050436 0.0180101 -0.000542698
internal_weight=30858.9 29121.9 3971.78 1010.96 324.439 2960.82 1378.23 1191.54 1582.59 1325.56 686.522 1042.26 215.79 975.753 790.739 406.319 384.42 257.033 25150.1 22604.5 999.983 511.853 488.131 338.465 277.201 2545.58 446.702 357.914 205.643 21604.5
internal_count=150471 145399 11367 3044 870 8323 3434 3069 4889 4115 2174 3192 790 2279 1867 1024 843 774 134032 126365 5677 2766 2911 2090 1871 7667 2119 1843 846 120688
is_linear=0
shrinkage=0.05


Tree=178
num_leaves=31
num_cat=0
split_feature=13 10 3 5 13 10 15 13 17 23 12 10 2 21 24 23 21 17 21 7 7 23 21 7 5 23 24 2 2 15
split_gain=14.6271 23.7612 25.2914 19.0806 24.9118 28.2306 24.5435 17.4135 30.269 15.8288 15.1104 14.3501 13.6506 25.7006 20.5818 35.2425 15.1588 26.4952 21.0027 19.8348 21.0116 17.5614 16.1622 14.2316 14.1724 13.6867 14.6323 13.2134 30.3466 19.3378
threshold=7.3659790311852635 34.242850207675772 2.3435132078079359 0.073347162923065132 7.4268973234170295 31.934327720778683 2.5000000000000004 7.9414072819126211 -2.4319307796311045 2.0247370389753967 -0.079369514594069782 30.615312884971608 0.89172008613135256 158.03169255661302 22.413376326881053 2.0624503390309559 217.32525300900326 -1.8850746334750739 233.13109622143588 7.7485534372663123 7.6781034364447303 1.9816503841707971 204.0603353021001 7.4714727707131932 0.24846319862708618 1.7705547518841414 28.038693649592002 0.22251522809401764 0.28155018826436162 7.5000000000000009
decision_type=2 2 10 2 2 2 2 2 2 2 2 2 2 2 2 2 2 2 2 2 2 2 2 2 2 2 2 2 2 2
left_child=27 3 -3 4 -2 6 9 12 -9 -6 -7 -8 13 14 15 -5 17 -15 19 20 25 -20 24 -14 -19 -18 -27 -1 29 -29
right_child=1 2 -4 7 5 10 11 8 -10 -11 -12 -13 23 16 -16 -17 18 22 21 -21 -22 -23 -24 -25 -26 26 -28 28 -30 -31
leaf_value=0.010988190758020832 -0.041287364245454761 -0.003594739973572768 -0.035502420851646142 0.030686521246397105 0.061937416648057075 -0.0082229254199527591 -0.022998525614516929 -0.025423513928764421 -0.0019564417679309256 0.0058184469512211909 -0.046968325941574213 0.0076374306970591541 0.027648844493261944 0.02843151454959016 -0.012607315214119825 -0.01494676959775729 -0.014629556771544282 -0.014838525810929624 -0.00012967046664255031 0.015278999481091954 -0.025579048625357315 0.021570700781773516 0.01822136911140864 0.0022191035715323189 0.0086098550638832577 -0.0080651971072542208 0.012806500678123748 -0.038245457991801977 0.00095003662543058929 -0.0081808529700483305
leaf_weight=319.66200467245653 61.248248226940632 146.67093790322542 107.71315170219168 83.597974660806358 25.801446238299832 49.149922787910327 67.159562269691378 164.14803812094033 843.59118156693876 24.493258636444807 51.562771058641374 88.715914619620889 101.31716600200161 155.82992408098653 494.84279631008394 85.667430058121681 165.90877103991807 130.42442392930388 190.01717420574278 112.90457050409168 127.81007419340312 183.0416584610939 132.72985389363021 120.4004146954976 127.37279527029023 159.61110937595367 177.19624806568027 67.426089635351673 26242.411702449666 258.68978379387408
leaf_count=1337 870 431 570 418 630 391 437 624 2580 170 442 479 234 512 2209 347 512 706 611 418 605 497 392 705 309 547 404 1057 130412 866
internal_value=0.000455528 -0.00229647 -0.0171053 -0.00133658 -0.0121728 -0.00636202 0.00423717 -0.0002149 -0.00577893 0.0346078 -0.0280598 -0.00556219 0.00198511 0.000855581 -0.00745927 0.00759092 0.00417637 0.0110008 0.000836822 -0.00402108 -0.00747703 0.0105176 0.00404549 0.0138396 -0.00325312 -0.00287479 0.00291552 0.00088324 0.000761661 -0.0143969
internal_weight=31067.1 4178.93 254.384 3924.54 368.131 306.883 206.17 3556.41 1007.74 50.2947 100.713 155.875 2548.67 2326.95 664.108 169.265 1662.85 546.357 1116.49 743.431 630.526 373.059 390.527 221.718 257.797 502.716 336.807 26888.2 26568.5 326.116
internal_count=150722 17050 1001 16049 3419 2549 1716 12630 3204 800 833 916 9426 8487 2974 765 5513 1919 3594 2486 2068 1108 1407 939 1015 1463 951 133672 132335 1923
is_linear=0
shrinkage=0.05


Tree=179
num_leaves=31
num_cat=0
split_feature=22 19 25 10 12 12 4 17 22 15 22 13 19 10 10 12 16 13 19 7 3 13 19 19 22 3 22 25 22 23
split_gain=15.7662 14.9672 18.1476 16.5376 24.3019 30.4578 22.2261 19.6719 18.3832 54.7399 33.5902 31.6501 26.7091 28.1356 32.1511 29.0185 23.7152 27.0611 22.6517 16.7699 16.1825 15.7707 15.7651 21.0182 13.1805 12.6393 12.6373 24.864 84.7665 28.8458
threshold=64.53775028533569 31.925519223380938 194.50000000000003 33.722380125803944 0.01579348836770356 0.060994532653107565 0.089205170942367365 -0.99910353704641797 5.3415849240474476 8.5000000000000018 2.9402912638458449 7.2421997256109512 53.38826512898963 30.125160217007686 31.761531040119937 1.0000000180025095e-35 0.00014781507170688729 6.3802961578818502 41.3102536922867 8.0301355861128592 0.050007442200199967 4.6420391312269764 36.929500075653742 45.892229726177121 3.8446012263275002 3.5084633064731103 0.00949342684110706 43.500000000000007 1.994377078251226 1.2701506278705799
decision_type=2 2 2 2 2 2 2 2 2 2 2 2 2 2 2 2 2 2 2 2 8 2 2 2 2 8 2 2 2 2
left_child=1 2 20 8 6 -6 7 -5 10 11 12 18 13 -3 15 -15 17 -16 -10 -14 -1 -22 -7 -24 -12 -9 -23 28 29 -28
right_child=-2 3 -4 4 5 22 -8 25 9 -11 24 -13 19 14 16 -17 -18 -19 -20 -21 21 26 23 -25 -26 -27 27 -29 -30 -31
leaf_value=0.017271232710571321 0.014767276408922274 0.03594472342126858 -0.020318133544116979 -0.054159279335989741 0.029426295438668017 0.016619962035647487 -0.0029845656121546961 0.0052899954511934112 0.080241430213552498 0.0062375938958911274 -0.042618723205509912 -0.0038722507243388947 -0.032486118901341218 -0.037188081480852918 0.019819944779853899 0.0060506592233491932 0.026195784550317094 -0.02503501415025405 0.029218202354916456 0.0023871960014578116 0.0087257601970593072 0.0053675354305685657 -0.029402031761188857 0.0051033940699959958 -0.010733445977177423 -0.03088422664863065 -0.0090468184817582547 -0.00023881121305365993 -0.035867799585696164 0.00017690534653215398
leaf_weight=127.99281548522413 176.97125697880983 85.845274468883872 115.60314834117889 44.519198487279937 107.80623222212307 77.127999860560521 332.55920077580959 45.246920562814921 48.307432991219684 1008.9206476407126 50.062533574644476 27.885430632624775 68.596940006129444 71.398034987971187 70.155452239792794 84.9978993460536 175.95608363533393 64.576157381292433 39.570392447290942 69.299916009418666 450.9158870880492 831.38128528743982 80.295239805709571 97.991823899559677 91.922731758793816 51.781617799308151 1257.3725685412064 22335.744136906229 204.42323199298698 2601.1729274373502
leaf_count=639 588 305 359 503 495 364 1308 193 567 2821 444 445 509 403 368 418 754 434 604 294 1447 2112 460 530 660 616 6209 96460 13578 15814
internal_value=-0.000113827 -0.000199555 -0.000548709 0.00328903 -0.0025917 0.00714014 -0.0100474 -0.0266412 0.00580455 0.00997408 0.000173721 0.042539 0.00472612 0.00963585 0.00480055 -0.0136887 0.0141078 -0.0016788 0.0572662 -0.0149606 -0.000466527 -0.000548544 -0.00226646 -0.0104368 -0.0219759 -0.0140152 -0.000702121 -0.000893275 -0.00449112 -0.0028288
internal_weight=30896.4 30719.4 27924.6 2794.82 837.328 363.221 474.107 141.548 1957.49 1124.68 832.811 115.763 690.826 552.929 467.084 156.396 310.688 134.732 87.8778 137.897 27809 27681 255.415 178.287 141.985 97.0285 27230.1 26398.7 4062.97 3858.55
internal_count=150701 150113 136618 13495 4469 1849 2620 1312 9026 4437 4589 1616 3485 2682 2377 821 1556 802 1171 803 136259 135620 1354 990 1104 809 134173 132061 35601 22023
is_linear=0
shrinkage=0.05


Tree=180
num_leaves=31
num_cat=1
split_feature=25 24 5 17 24 24 11 18 7 18 13 23 25 24 23 7 15 13 23 23 25 25 0 15 24 11 15 18 23 17
split_gain=19.3559 60.8101 31.7674 33.3901 27.617 31.5331 39.5543 27.23 29.8493 32.001 29.78 27.1863 42.4297 57.4057 65.8287 36.3912 26.1214 25.841 30.1039 26.8574 25.8275 25.6775 60.5481 42.2369 41.5577 39.2775 24.9442 27.4132 24.9006 61.437
threshold=59.500000000000007 16.449358488282513 0.063506813904726095 -1.3863280120519061 1.7997348440256518 6.7149625581783168 4.4217600495863687 0.0019708321662927661 7.709237405609783 0.0015233996155360667 7.2638722794929587 1.5246089934581477 133.50000000000003 31.691187017188927 2.5216364978547481 6.9961033086780384 16.500000000000004 6.6691158984803076 2.5442307667949957 2.456886448889557 49.500000000000007 97.500000000000014 0 19.500000000000004 196.76075583222098 3.804620132623461 32.500000000000007 0.0011104687133146869 1.2628372367022165 -0.64358760805368964
decision_type=2 2 2 2 2 2 2 2 2 2 2 2 2 2 2 2 2 2 2 2 2 2 1 2 2 2 2 2 2 2
left_child=1 2 3 -1 -2 6 28 8 10 -10 17 15 -13 14 -14 -7 -15 18 19 -5 -19 22 24 -23 -17 26 27 -24 29 -6
right_child=4 -3 -4 7 5 11 -8 -9 9 -11 -12 12 13 16 -16 21 -18 20 -20 -21 -22 23 25 -25 -26 -27 -28 -29 -30 -31
leaf_value=-0.032804417800082274 0.006331990787380861 -0.032460638775785006 0.0071237888793601288 0.015913248383176839 0.031981764195834643 0.026853266657501637 -0.036169972821347228 -0.017142258501236254 -0.0022664386233692494 -0.026939072768489215 0.049194903359904563 0.0054820713094485673 -0.020804917996455039 0.02101631423657728 0.0026850359744798385 -0.037386744680847649 0.0012988891150288418 -0.00013676541128635844 -0.01310166870194979 0.064416749253457029 -0.044600235004658151 0.0084644955224634413 0.019210783156383717 -0.0019359601704417495 0.019433505037484505 -0.025381377938438306 0.018667320926286941 -0.0050957706277130425 -0.010501156563294421 -0.003613663908050937
leaf_weight=91.189348729560152 2003.7058916334063 162.33088910183869 928.84012175351381 276.89151554252021 138.61830593273044 114.04389666393399 101.16727948281914 296.10260389465839 5268.0451441016048 134.78606479777955 41.377090043388307 5654.1628458290361 669.71770969033241 176.83872684463859 537.73735219985247 222.09320301306434 3350.0142716933042 237.96366991405375 82.414230849593878 31.820003729313612 37.855476854369044 1178.0133163649589 128.69075587391853 5697.3757889987901 37.632675359025598 177.36739038862288 152.58030228689313 1176.1399425058626 857.82982718572021 965.93025650456548
leaf_count=871 6196 12531 8355 3482 443 340 1128 3552 24867 1431 360 25688 1953 564 1162 5870 10253 2665 752 180 399 5539 379 16531 163 2183 327 4197 4758 3669
internal_value=6.30539e-06 -0.00218715 -0.00152549 -0.00276176 0.000719576 0.000192502 -0.00568183 -0.00233419 -0.00161669 -0.00288195 0.00803428 0.000821482 0.0025581 -0.000933987 -0.0103437 -0.00120924 0.00228753 0.00548068 0.0137455 0.0209127 -0.00623926 -0.00157417 -0.00672823 -0.00015397 -0.0291538 -0.00316535 -0.000461657 -0.0026985 -0.00411006 0.000853481
internal_weight=30929.3 7589.62 7427.29 6498.45 23339.7 21336 2063.55 6407.26 6111.15 5402.83 708.322 19272.4 10388.5 4734.31 1207.46 8883.94 3526.85 666.945 391.126 308.712 275.819 8769.89 1894.5 6875.39 259.726 1634.78 1457.41 1304.83 1962.38 1104.55
internal_count=150788 59445 46914 38559 91343 85147 9998 37688 34136 26298 7838 75149 39620 13932 3115 35529 10817 7478 4414 3662 3064 35189 13119 22070 6033 7086 4903 4576 8870 4112
cat_boundaries=0 1
cat_threshold=2
is_linear=0
shrinkage=0.05


Tree=181
num_leaves=31
num_cat=0
split_feature=20 20 13 2 2 20 13 8 8 3 3 5 20 2 2 22 3 18 2 1 24 11 8 2 10 21 20 11 10 1
split_gain=15.846 11.0586 19.9645 37.4454 25.8515 29.7214 29.6014 38.431 28.4325 25.7844 46.2905 29.4975 30.3805 22.801 27.6917 27.032 45.103 31.9854 26.0871 22.5814 42.0617 35.2169 33.8561 30.164 25.873 22.2432 21.9416 25.1051 26.5285 37.5854
threshold=2.7826876787914121 3.1993117351299918 6.4177044959738465 0.72683843346154897 0.77003962878481391 5.207489595234394 7.4768158220415906 169.166200558789 160.26081618750729 4.2168735033669176 4.1208370356229667 0.021138685503144544 5.0396597214051155 0.77003962878481391 0.59697431285341407 46.933826962782241 3.7934881505042712 0.011413473174721569 0.60585682022087883 0.77045151647958721 13.512599247779429 3.8115966779525823 164.22282157426773 0.89023724385969105 31.956003803800261 162.62455487689206 5.0826915695182633 4.3300958424296514 32.855200432360824 0.67093897292527316
decision_type=2 2 2 2 2 2 2 8 10 8 10 2 2 2 2 2 10 2 2 2 2 2 10 2 2 2 2 2 2 2
left_child=-1 -2 13 9 5 6 7 8 -5 10 26 -11 -13 14 -3 16 17 -15 -16 20 21 -6 -21 24 -22 -24 27 -4 -29 -30
right_child=1 2 3 4 19 -7 -8 -9 -10 11 -12 12 -14 15 18 -17 -18 -19 -20 22 23 -23 25 -25 -26 -27 -28 28 29 -31
leaf_value=-0.018614512337411897 0.0016841160716040597 0.00010727040713774353 -0.0043510730691029348 0.0061833972762354184 -0.041008457706150206 0.029382060497393558 -0.015620309340482802 -0.026485377000784571 0.033533505011492389 0.053139182410562404 -0.043288868850095738 -0.014311769954527313 0.034805132602185887 -0.035208224056860027 0.024776760729122702 0.010920666503978622 0.0052221953927659853 -0.0036941988560117013 0.0046455864389569118 0.0063019628056507765 -0.0097710866879565546 -0.0097983538425859273 -0.025547273953445932 0.011133587601725774 0.0049133165306391646 0.0044150089433608684 -0.01223261461591935 -0.0045453304781755818 0.07150849855851818 -0.0031015397274709142
leaf_weight=112.80532653187402 8579.5390024132794 8272.0603638475295 3622.9653779473156 1331.0838782230858 125.26170725934207 123.41964943241328 173.15619272366166 84.903809970710427 102.33001130027696 37.230078994296491 81.311876871855929 89.387129330309108 48.600156201282516 222.84066942706704 171.68562813941389 154.22386356070638 216.68688839115202 126.06614861637354 2567.9318074400071 1298.590531534981 892.12189986184239 324.63508702488616 154.46807647868991 379.24133781320415 451.92302119079977 103.410395110026 903.40289676201064 68.835364481434226 39.165291782235727 29.664826970081776
leaf_count=595 40376 41681 18588 6716 734 441 670 404 298 478 1529 1283 517 729 554 489 650 338 8299 5419 4588 2930 608 1546 2141 331 5264 1265 573 451
internal_value=9.10636e-05 0.000159626 -0.000429627 -0.0020173 0.000800252 0.00569453 0.00396615 0.00619988 0.00813589 -0.00519215 -0.00588764 0.0136438 0.00298757 0.000986659 0.00155024 -0.00763489 -0.0126945 -0.0238217 0.00590716 -0.00158136 -0.00487392 -0.018488 0.00301579 -0.00131971 -0.00483359 -0.0135323 -0.0052356 -0.00355473 0.0174028 0.0393526
internal_weight=30888.9 30776.1 22196.6 10465.1 5544.55 1814.89 1691.47 1518.32 1433.41 4920.56 4745.35 175.217 137.987 11731.5 11011.7 719.818 565.594 348.907 2739.62 3729.65 2173.18 449.897 1556.47 1723.29 1344.04 257.878 4664.03 3760.63 137.665 68.8301
internal_count=150485 149890 109514 56774 26826 8529 8088 7418 7014 29948 27670 2278 1800 52740 50534 2206 1717 1067 8853 18297 11939 3664 6358 8275 6729 939 26141 20877 2289 1024
is_linear=0
shrinkage=0.05


Tree=182
num_leaves=31
num_cat=0
split_feature=25 22 3 24 22 23 10 13 12 4 17 22 25 18 24 23 10 3 24 3 22 3 9 5 3 20 25 24 7 13
split_gain=13.2316 51.6794 29.8784 29.6725 30.5535 28.2035 28.328 30.439 28.9089 28.1558 24.3458 23.5183 21.9754 28.5774 36.5686 42.6489 31.1325 30.959 29.3276 21.6841 33.8304 20.7596 20.4034 20.1728 19.0904 37.9385 18.7973 23.8158 29.5564 21.9062
threshold=35.500000000000007 1.5136649704255871 3.1408070359867017 0.93168826593486165 0.065544717105080169 1.1973952716877185 33.48849725816536 5.944554021696173 -0.050251921852688168 0.028974943411904236 0.75986251929400461 0.2288054717628896 38.500000000000007 0.00079344922543108027 4.7004122038007763 1.8487776520223582 33.245479496115891 3.30565868723746 0.075822572241965966 4.370199378434303 1.994377078251226 3.7115261062279656 29.368439165877287 0.016127702109736134 3.051540025620239 4.0872038279952205 41.500000000000007 0.61682086085114818 7.631266925576381 7.0069635969093351
decision_type=2 2 8 2 2 2 2 2 2 2 2 2 2 2 2 2 2 10 2 10 2 10 2 2 8 2 2 2 2 2
left_child=1 3 -3 4 21 22 7 -7 -8 23 -11 24 13 17 -15 16 -16 -2 -19 -4 -21 -1 -6 -5 -9 -26 27 -14 -29 -30
right_child=12 2 19 9 5 6 8 11 -10 10 -12 -13 26 14 15 -17 -18 18 -20 20 -22 -23 -24 -25 25 -27 -28 28 29 -31
leaf_value=0.0029252718714785336 0.026292555198238855 0.039302213536326867 -0.033192891525054384 0.0060962971164525426 -0.018013797446153449 0.027943497433665393 -0.059078531220125047 0.017004792259308815 -0.012760826989206935 0.0049567176058320939 -0.025332889085540794 -0.027787197610776943 -0.00021504265520260019 0.045787820244910703 -0.0076472833380906886 -0.046736474101940179 0.15510277819584106 0.014169810362740606 -0.022512610609726175 0.05603788092419254 -0.051207615578386226 -0.0078444676177788636 -0.063249176831237597 0.039217801493737388 -0.029732009977856196 0.011485346218761131 0.00048754931809430143 0.023277941976915253 -0.044320329039976042 0.0019305669438593135
leaf_weight=1399.8774397671223 99.777596882544458 17.703557717613876 225.840682278038 85.547644298523664 60.852448973804712 70.132185088470578 48.333736449480057 102.50757294893265 111.17904307413846 772.53436385747045 72.572340502403677 107.94364295993 244.00026395916939 101.9909311644733 6.3669679758604598 26.497535642702132 5.4567218176089227 93.568384882062674 130.45757126039825 17.835722505114976 12.511893848190082 657.67208527587354 42.225440101698041 99.370373319834471 111.30809511151165 112.01039782818407 25798.68041868601 27.162201491184533 110.39587018964812 33.331316327210516
leaf_count=3758 201 274 11804 497 727 297 480 202 938 4915 585 891 910 548 479 427 332 236 1162 369 977 3471 334 498 696 627 111451 332 1680 437
internal_value=0.000101083 -0.00253323 -0.0235193 -0.00104185 -0.00369142 -0.0122123 -0.00843176 -0.00261862 -0.0267955 0.00622255 0.00235564 -0.00755993 0.000508703 0.0112936 0.0301414 -0.0115012 0.0674631 0.00312632 -0.00719155 -0.0278605 0.0118221 -0.000517152 -0.0365443 0.023895 -0.000858787 -0.00905852 0.000317755 -0.0102404 -0.0245548 -0.0335944
internal_weight=30805.6 4127.96 273.892 3854.07 2824.04 766.493 663.415 503.902 159.513 1030.02 845.107 433.77 26677.7 464.116 140.312 38.3212 11.8237 323.804 224.026 256.188 30.3476 2057.55 103.078 184.918 325.826 223.318 26213.6 414.89 170.889 143.727
internal_count=150535 32340 13424 18916 12421 5192 4131 2713 1418 6495 5500 2416 118195 3385 1786 1238 811 1599 1398 13150 1346 7229 1061 995 1525 1323 114810 3359 2449 2117
is_linear=0
shrinkage=0.05


Tree=183
num_leaves=31
num_cat=0
split_feature=23 9 25 24 25 24 25 5 12 2 24 8 9 17 23 17 24 12 2 12 11 1 12 24 25 16 9 9 25 16
split_gain=15.4018 29.4022 32.4057 60.0793 45.0866 35.4923 49.8732 47.0126 35.4689 44.5847 35.1083 30.416 29.8102 29.3338 27.405 25.5332 25.4896 26.4023 24.4669 23.8009 25.3291 22.4972 22.3539 22.1213 22.023 28.6492 21.8763 41.2395 20.3476 21.8087
threshold=1.9098734494129836 29.244190744482029 55.500000000000007 12.104535202355693 124.50000000000001 2.4452044787197171 84.500000000000014 0.234508277230596 0.096737906760738582 0.66037604114467652 35.968753025258628 175.84213047892516 25.808201970725946 -1.9516190324108085 2.1124648769949776 -0.61544801885230205 1.7997348440256518 0.07389019006857124 0.61917080112880429 -0.062939017665948047 2.813163982102362 0.73664569845785333 0.0052022644454933903 19.026806154656175 108.50000000000001 0.003335956899097717 25.693285207010994 26.724210276458262 159.50000000000003 -0.00073663502757848856
decision_type=2 2 2 2 2 2 2 2 2 2 2 10 2 2 2 2 2 2 2 2 2 2 2 2 2 2 2 2 2 2
left_child=-1 2 13 5 19 -4 8 21 9 12 14 16 -7 -2 -6 -14 17 -3 -9 -5 -21 24 -16 -22 25 -8 -11 -28 29 -12
right_child=1 11 3 4 10 6 7 18 -10 26 28 -13 15 -15 22 -17 -18 -19 -20 20 23 -23 -24 -25 -26 -27 27 -29 -30 -31
leaf_value=-0.00076685439442558808 0.034728913716227244 -0.024776322001150416 -0.042402429990878641 0.02159618982011182 -0.024294122761160448 0.039861344890062475 -0.038482523391971668 0.0034871971980334916 -0.02314727041858039 -0.034628414626774143 -0.00024386312279320831 0.031065293975153174 -0.010833863411969284 0.0044457881445828682 0.0033121253327412629 0.02630952770299827 0.0066062175468255078 0.020616206623727793 -0.019587715260813744 0.015941344540245123 0.0030129997119998793 -0.053405416337329939 -0.014017967302587987 -0.029057492414708758 -0.048966716543678852 0.0025598194060809541 0.031586142596262627 -0.019434054902856598 -0.0024342746344389759 0.01805855859539468
leaf_weight=22010.131728373584 84.331191638484597 128.39312183484435 81.773443572223186 347.40320249646902 228.26545728743076 115.46005246788263 72.794314596801996 258.16724991798401 117.20894690603018 62.285235688090324 301.24503744579852 118.77398025617003 93.801397923380136 1544.9268828728236 412.14239721000195 91.30491790547967 2138.5202512806281 42.683810532093048 206.98001454770565 253.12073778547347 186.43258877377957 86.54536011070013 339.23740763962269 75.563445531763136 63.085973657667637 102.23586537316442 64.123035509139299 103.59269225224853 745.01179006136954 354.05868489854038
leaf_count=105402 452 1189 808 1074 670 483 505 596 685 404 1257 895 510 12564 902 469 11788 325 594 620 857 600 820 463 409 516 334 646 2418 1239
internal_value=-5.94276e-05 0.00170605 -7.34943e-05 -0.00215607 0.0016884 -0.0103606 -0.00853798 -0.0169721 0.00174538 0.00724448 -0.001861 0.00638953 0.0199236 0.00601326 -0.00912153 0.00748736 0.00512055 -0.0134509 -0.00678062 0.0114823 0.00466132 -0.0315735 -0.00451217 -0.00623659 -0.0236385 -0.0145095 -0.00932459 7.25828e-05 0.00321839 0.00964488
internal_weight=30829.6 8819.47 6391.1 4761.84 3242.48 1519.36 1437.59 789.809 647.776 530.567 2379.96 2428.37 300.566 1629.26 979.645 185.106 2309.6 171.077 465.147 862.52 515.117 324.662 751.38 261.996 238.116 175.03 230.001 167.716 1400.32 655.304
internal_count=150494 45092 30895 17879 10320 7559 6751 3220 3531 2846 7306 14197 1462 13016 2392 979 13302 1514 1190 3014 1940 2030 1722 1320 1430 1021 1384 980 4914 2496
is_linear=0
shrinkage=0.05


Tree=184
num_leaves=31
num_cat=0
split_feature=1 11 10 20 6 22 10 7 1 9 22 6 18 7 9 25 22 22 12 21 19 12 22 3 17 21 25 12 2 6
split_gain=16.348 41.2233 20.3019 33.0912 17.8529 31.3169 46.0226 40.6366 28.6495 35.0938 34.8178 31.8136 24.7472 34.2847 28.3595 24.5824 62.1736 37.7553 32.4597 30.8142 28.1801 34.964 24.3226 29.1002 27.1325 26.2455 26.2125 23.7845 23.2622 22.9829
threshold=19.924759162697679 3.9824452957511487 34.660086861872692 4.0459941916153666 2.0878733570950341 1.1685634117803405 29.49520685107132 7.6900653247803854 0.97291612933940796 29.594712990163732 0.90024664742082827 3.7213040914739937 0.002749220953712047 7.6670838790124707 26.802490744892349 54.500000000000007 2.6916739446824542 1.4546549267714772 0.10853636885640304 137.17291421898196 15.678876884183545 -0.14199518951427398 0.32815416561427074 4.2544781545035777 1.1513342787073162 160.07646640730619 39.500000000000007 -0.020833325841143089 0.45189659271210597 3.7213040914739937
decision_type=2 2 2 2 2 2 2 2 2 2 2 2 2 2 2 2 2 2 2 2 2 2 2 10 2 2 2 2 2 2
left_child=4 -2 3 -3 5 12 -7 -8 10 -10 11 -6 13 -1 -14 16 18 -17 29 -18 -21 -22 23 -15 25 27 -25 -24 -23 -12
right_child=1 2 -4 -5 8 6 7 -9 9 -11 15 -13 14 22 -16 17 19 -19 -20 20 21 28 24 26 -26 -27 -28 -29 -30 -31
leaf_value=0.026602292752525659 0.0013097247338819992 0.047735329085576116 0.0018010042617944873 0.012012831922206717 -0.0009967512166135185 0.03358085201909819 -0.047341542981542598 -0.011039342059256451 0.0083413177242097521 -0.022557084758312321 0.008045598168820188 -0.02730418330722148 -0.0064021315980124088 -8.0428396558844203e-05 0.026825149343430152 -0.017312515102039235 0.04892174910381733 -5.2309379601645002e-05 -0.0084059172560519164 -0.036739204612779575 0.098992563085986196 0.057793005869793114 -0.032302858191698779 -0.055597737718000986 -0.039049560838767178 -0.0014040597857485635 -0.001146865322977766 -0.006524252030407126 -0.034097821540547468 0.024639750602433189
leaf_weight=100.99314550310373 2891.5185648687184 107.5954787414521 124.28250585496426 163.10205275937915 235.74233657121658 51.224253350868821 87.808691872749478 631.45703130343463 1591.2494373389054 97.5286979614757 432.42270240746439 224.22675317898393 107.57401848956943 3424.6128949150443 159.32930079475045 322.43164664506912 15.391072768950833 18236.468914697878 161.935936213471 130.67443407664541 8.6919271447695774 9.0435963927302492 162.54963124450296 45.458961211144924 71.749915613792837 671.44125703442842 43.01793250720948 199.04517340287566 28.885170222027227 403.2269491981715
leaf_count=563 7459 307 538 637 1908 429 3704 8678 6170 348 3217 2178 810 13606 847 2178 676 74237 1120 8447 379 401 1392 883 344 2969 465 1676 1971 2325
internal_value=4.54998e-05 0.00337939 0.0185307 0.0262116 -0.000350708 -0.00282856 -0.01221 -0.0154712 0.000300638 0.0065569 -0.000222167 -0.0138212 -0.00137876 -0.00221653 0.0134331 9.45611e-05 0.00706019 -0.000352178 0.0120825 -0.0189414 -0.0248326 0.00854066 -0.0028468 -0.000811874 -0.00931763 -0.00725259 -0.0291234 -0.0181126 -0.0121877 0.0160528
internal_weight=30940.7 3286.5 394.98 270.698 27654.2 5756.26 770.49 719.266 21897.9 1688.78 20209.1 459.969 4985.77 4718.87 266.903 19749.2 1190.27 18558.9 997.586 192.686 177.295 46.6207 4617.88 3513.09 1104.79 1033.04 88.4769 361.595 37.9288 835.65
internal_count=150862 8941 1482 944 141921 36366 12811 12382 105555 6518 99037 4086 23555 21898 1657 94951 18536 76415 6662 11874 11198 2751 21335 14954 6381 6037 1348 3068 2372 5542
is_linear=0
shrinkage=0.05


Tree=185
num_leaves=31
num_cat=0
split_feature=10 2 23 16 16 2 2 7 17 8 4 5 24 11 9 10 16 24 23 2 21 20 17 9 4 13 20 21 25 17
split_gain=13.6369 17.6014 15.9841 15.985 14.3468 16.6566 21.2109 22.0864 27.8016 20.5102 31.6006 19.0677 24.8396 20.6817 19.5293 16.8209 27.8864 24.9838 27.5397 20.8041 24.7177 23.1362 31.1788 20.7822 17.8408 28.8294 15.6457 46.1572 32.729 20.0258
threshold=30.995196040421586 0.50378876732577071 0.6760576040095726 -0.00089594775802793341 0.037160949944044661 0.77920597710647055 0.79498814073703639 7.4386471044923743 -2.5412295949126968 142.1957296420637 0.20633134451235077 0.00060212042621148835 2.8710196727380066 4.0074953257915302 26.666332433233453 30.26010653231015 0.00070288998011822101 8.5036558453543609 1.4080431212981686 0.89023724385969105 151.6505427093567 4.0734421444669531 0.091833809366274236 26.904429823176496 0.16596368595057862 7.5127226119913706 3.9340517317035766 214.74138543785935 139.50000000000003 -2.4319307796311045
decision_type=2 2 2 2 2 2 2 2 2 10 2 2 2 2 2 2 2 2 2 2 2 2 2 2 2 2 2 2 2 2
left_child=1 -1 3 -2 5 11 9 -8 -9 10 -7 -3 13 -13 -15 19 -17 -18 -19 21 -21 24 -23 -20 25 -10 27 -14 -29 -28
right_child=2 4 -4 -5 -6 6 7 8 15 -11 -12 12 26 14 -16 16 17 18 23 20 -22 22 -24 -25 -26 -27 29 28 -30 -31
leaf_value=-0.017526412958179464 -0.0020266173485776408 -0.017593449471053135 -0.00077344040164516637 0.018135515773257584 -0.015048048597365775 -0.04733580145928315 0.015061605360625636 -0.027993258771263803 0.0016623443052128989 0.0035500297427105681 -0.0069579851592508945 0.0087460234453366863 0.029681644015420863 0.01056437963232227 0.040969962822662354 0.016870465491551384 -0.027308965368298334 -0.014803912139131773 -0.0010556745618808051 -0.0099155491995706873 0.017085208882859786 -0.0082388373505048514 -0.042748847152107326 0.031484871607143326 0.015191429612058738 -0.033104409191689381 -0.02022518326395794 -0.0071310700019515602 0.018772930706983937 0.0018617184835542277
leaf_weight=112.40504077752121 174.83837235346437 87.225690251216292 24542.013346936088 224.58051093667746 114.77972170431167 75.079453607089818 273.0493060015142 85.428452793508768 283.88143257354386 137.04318107618019 136.6503532808274 563.30707077682018 198.69232498598285 97.436294998973608 115.30674348212779 368.3520048414357 79.461061542853713 120.16179703245871 95.938662153668702 131.53884961130098 238.34589555766433 285.73334282264113 84.896320712286979 100.42886235378683 143.95023535378277 75.482151340460405 112.26465595769696 364.00012988178059 183.36424340307713 1195.3899472220801
leaf_count=667 479 269 123401 546 325 715 690 385 1413 462 415 1606 844 672 589 1511 414 534 547 630 867 1489 508 382 371 413 441 2361 460 6126
internal_value=-0.000102024 0.00206854 -0.000611963 0.00930991 0.00245178 0.0028084 -9.75487e-06 0.00168667 -5.76995e-05 -0.0115211 -0.021276 0.00543182 0.00614156 0.0137622 0.0270442 0.00113069 0.00696823 -0.00224287 0.00404969 -0.00245652 0.00748317 -0.00666336 -0.0161437 0.0155866 0.000317747 -0.0056402 0.0032619 0.00903965 0.00154664 -3.44844e-05
internal_weight=30801 5859.59 24941.4 399.419 5747.19 5632.41 2715.42 2366.65 2093.6 348.773 211.73 2916.99 2829.76 776.05 212.743 2008.17 764.342 395.99 316.529 1243.83 369.885 873.943 370.63 196.368 503.314 359.364 2053.71 746.057 547.364 1307.65
internal_count=150532 26106 124426 1025 25439 25114 11746 10154 9464 1592 1130 13368 13099 2867 1261 9079 3388 1877 1463 5691 1497 4194 1997 929 2197 1826 10232 3665 2821 6567
is_linear=0
shrinkage=0.05


Tree=186
num_leaves=31
num_cat=0
split_feature=9 8 21 11 18 13 22 18 12 19 22 13 16 7 19 17 21 24 12 13 1 13 13 19 20 20 15 25 1 12
split_gain=13.1369 19.1857 15.1962 17.4755 15.0728 26.2591 17.8959 23.5085 19.3887 34.2613 16.399 17.1098 16.4477 15.7071 14.9677 38.1381 22.7882 25.0943 24.5202 17.5666 26.505 25.9588 27.5244 23.6656 21.9164 19.6694 20.5489 18.7299 22.064 23.0029
threshold=25.718786534244966 157.60229569269518 137.9743560034992 3.9392757146230086 0.0039786701698359917 7.5536635176246669 5.3415849240474476 0.004320529592107691 -0.16497689845420543 18.176363739265476 18.151191252889372 7.1593779957422603 0.012654082969734989 7.4511733458513998 27.447198573813434 -1.4531277235618478 150.8469110139124 2.6509667119484006 0.02256389349047257 7.2421997256109512 0.42741915055515883 6.3802961578818502 6.2870315915791446 24.738671321297055 3.8684102345217517 3.9930846793723354 4.5000000000000009 20.500000000000004 0.59444582078667485 -0.0955397956391104
decision_type=2 8 2 2 2 2 2 2 2 2 2 2 2 2 2 2 2 2 2 2 2 2 2 2 2 2 2 2 2 2
left_child=1 4 -3 -4 5 13 8 -8 -6 -10 11 12 -9 -1 19 -16 18 -18 -17 21 -21 22 27 24 -23 26 -26 -15 29 -29
right_child=-2 2 3 -5 6 -7 7 10 9 -11 -12 -13 -14 14 15 16 17 -19 -20 20 -22 23 -24 -25 25 -27 -28 28 -30 -31
leaf_value=0.010200477722073997 0.00029271913671093125 0.0069559513944363743 -0.0070634253600011104 -0.027808791884633935 0.0049714261028915531 -0.022799821883595958 -0.018452757191744131 -0.0063925840840115544 -0.032723247368602104 0.0015764936046712176 -0.0056083925516018087 0.018009389401776606 0.0099349465551613145 -0.021573525877313093 0.0073035187334507413 -0.015285127930558222 0.01556314623736281 -0.026119028713223736 -0.05051805376655967 0.042601198440331535 0.0023224506536276015 0.021184607767231984 0.026074420638943357 0.027089813035311536 -0.033844580561288161 -0.0050102414192300625 -0.0018514311144109152 -0.023406398088489815 0.0097630830475991699 0.0026966607550765196
leaf_weight=432.88611099263653 24379.334018809022 91.210840947926044 247.82921142503619 171.94563752226532 101.23097936925478 117.01569659728557 206.02663393621333 360.61996731010731 199.27675196179189 114.71670252946205 797.11422575823963 181.61614538123831 269.51981346122921 74.223894458264112 273.32839511241764 139.3364810871426 84.385076195932925 63.117067968240008 76.490405385149643 64.237381167476997 112.14724394562654 63.594882989767939 141.50804899795912 53.154454524861649 138.86296271416359 681.45211319730151 78.597465861588717 118.54236254398711 700.97839015186764 293.03285598172806
leaf_count=1396 117499 451 802 1658 353 759 757 1009 966 470 2441 454 589 848 1424 1141 402 698 664 527 803 433 794 348 1463 5088 288 777 3686 1758
internal_value=-0.000238105 -0.0022451 -0.0115417 -0.015561 -0.00144496 0.000509115 -0.00469301 -0.00255063 -0.0140571 -0.0201919 -0.00051425 0.00448801 0.000590935 0.00126889 4.41953e-05 -0.00680574 -0.01742 -0.00227291 -0.0277719 0.00177455 0.0169915 0.000629451 0.00523061 -0.00538795 -0.00718154 -0.00918834 -0.0222812 0.00274525 0.00436767 -0.00482157
internal_weight=30827.3 6448 510.986 419.775 5937.01 3706.89 2230.12 1814.9 415.224 313.993 1608.87 811.756 630.14 3589.88 3156.99 636.657 363.329 147.502 215.827 2520.33 176.385 2343.95 1328.29 1015.66 962.507 898.913 217.46 1186.78 1112.55 411.575
internal_count=150746 33247 2911 2460 30336 23297 7039 5250 1789 1436 4493 2052 1598 22538 21142 4329 2905 1100 1805 16813 1330 15483 7863 7620 7272 6839 1751 7069 6221 2535
is_linear=0
shrinkage=0.05


Tree=187
num_leaves=31
num_cat=1
split_feature=1 0 20 3 3 7 17 23 7 25 25 6 11 11 13 7 10 13 7 9 25 25 2 24 2 18 12 1 4 7
split_gain=17.114 24.4509 38.1841 34.3994 30.3137 32.6265 32.2183 34.9247 29.3939 25.5357 25.1909 45.4972 42.2607 25.0826 24.3423 32.1469 34.4648 24.7863 23.8763 23.1053 20.6944 19.8083 19.6264 25.6613 19.224 18.0021 16.5651 19.37 26.0136 16.9871
threshold=0.36719398298454176 0 4.0459941916153666 2.1826258518772561 1.4841339566254239 7.7509579636152788 0.82116781864973076 2.3151541415465258 7.791069257010637 155.50000000000003 26.500000000000004 2.2449114761178515 4.0507559746039261 3.9329066448898571 6.3573101124102438 7.65505066097636 34.784263158915543 6.0342908692469361 7.4363689843602092 26.991796612273806 194.50000000000003 150.50000000000003 0.54077207127170934 33.723150171613106 0.69788969536181555 0.0093776041412955199 -0.073247922625615705 0.09818691290947075 0.26863704397961585 7.4699555522770531
decision_type=2 1 2 8 8 2 2 2 2 2 2 2 2 2 2 2 2 2 2 2 2 2 2 2 2 2 2 2 2 2
left_child=1 2 10 21 -3 18 7 8 24 14 11 12 -1 -10 15 22 17 -17 -6 26 -2 -4 23 -5 -7 -12 29 28 -28 -16
right_child=20 4 3 9 5 6 -8 -9 13 -11 25 -13 -14 -15 19 16 -18 -19 -20 -21 -22 -23 -24 -25 -26 -27 27 -29 -30 -31
leaf_value=0.04404464208964215 0.0010439697282640849 -0.00031524544673936791 0.009832544893643113 -0.030418205106164681 -0.056091504699652517 0.010802533496369159 0.053702506106433345 -0.034950774095684624 -0.03244228006101111 -0.025794495764451447 0.0026736778063239418 0.076664252946404582 -0.037911290711942089 0.02161841507435509 -0.024647293671806556 -0.025757285446271112 0.062156962254096684 0.034482497046540675 -0.014411035153121336 0.011224573419862674 -0.024101316153786842 -0.0046462889109499979 0.006370157607237502 -0.0014613776710726504 0.066190095249831687 0.02289817614519089 -0.048655069756856434 -0.012945367867670202 -0.0067281662762728907 0.0026618841735274665
leaf_weight=32.733108575455844 23262.798408318777 1150.0547506287694 569.41032019816339 117.077989887679 35.744085884653032 33.592040545772761 29.44742487790063 58.451478108763695 47.939078564755619 177.55933019146323 2207.4440450789407 33.658502555917948 30.280481535475701 38.839294515317306 76.050869449973106 34.2892942475155 41.172373694367707 34.015657353680581 886.76017716189381 104.35087948199362 82.112609107047319 403.69792328961194 282.0671696588397 220.80305798375048 29.357088970253244 115.80139191821218 101.88809497701004 413.99415437947027 58.087952789850533 226.64164247154258
leaf_count=277 109142 3120 1619 612 389 669 328 464 851 527 8855 284 654 479 214 431 409 374 12040 451 250 1305 771 642 291 229 930 2528 139 1467
internal_value=0.000284912 -0.00177739 9.94411e-05 -0.00381064 -0.00606779 -0.0117704 0.00475071 -0.00217364 0.0106221 -0.00774666 0.00472239 0.0297309 0.00466163 -0.0082464 -0.00587313 0.00104429 0.0260227 0.00424194 -0.016026 -0.0110165 0.000955525 0.00382594 -0.00336668 -0.0114951 0.0366332 0.00368176 -0.0136639 -0.0186552 -0.0334312 -0.00419949
internal_weight=30936.1 7591.21 5281.02 2861.11 2310.19 1160.13 237.626 208.179 149.728 1888 2419.92 96.6721 63.0136 86.7784 1710.44 729.426 109.477 68.305 922.504 981.014 23344.9 973.108 619.948 337.881 62.9491 2323.25 876.663 573.97 159.976 302.693
internal_count=150741 41349 22718 12419 18631 15511 3082 2754 2290 9495 10299 1215 931 1330 8968 3239 1214 805 12429 5729 109392 2924 2025 1254 960 9084 5278 3597 1069 1681
cat_boundaries=0 1
cat_threshold=1
is_linear=0
shrinkage=0.05


Tree=188
num_leaves=31
num_cat=0
split_feature=13 25 25 24 25 1 25 4 4 24 24 12 24 24 10 10 25 12 1 13 13 20 8 8 1 9 7 5 19 20
split_gain=17.1375 37.1433 22.4715 16.3653 15.8481 14.2077 22.7787 23.046 18.1888 29.9181 28.6828 43.268 36.0591 34.2882 32.4775 50.2811 30.4176 26.9433 26.333 26.2555 23.7134 35.3729 28.7052 53.544 29.0242 28.344 27.8234 25.4219 25.1801 23.6543
threshold=7.9414072819126211 117.50000000000001 144.50000000000003 81.703111356022305 162.50000000000003 22.575330207672682 65.500000000000014 0.021203468305644967 0.035463886441240149 0.53002650871738066 0.24515581033061373 -0.10599500869873078 8.2877593589565404 3.1010218172462518 33.552266826418695 32.952355883111984 35.500000000000007 0.057886585294306174 16.479752853130545 6.3024714354464377 6.5422920450815001 4.9725622121870918 148.62888703748717 172.25980714886381 13.207071380076572 25.540554567120413 8.0900591627810545 0.00096053327889360945 1.1391745934354993 5.0094120247848339
decision_type=2 2 2 2 2 2 2 2 2 2 2 2 2 2 2 2 2 2 2 2 2 2 8 10 2 2 2 2 2 2
left_child=5 -2 -3 -4 -5 8 -7 -8 10 -10 14 12 13 -12 15 -1 18 -18 -16 -15 22 27 25 24 -24 -13 -26 -22 -29 -27
right_child=1 2 3 4 -6 6 7 -9 9 -11 11 20 -14 19 16 -17 17 -19 -20 -21 21 -23 23 -25 26 29 -28 28 -30 -31
leaf_value=0.0010901541430591414 -0.022936415708921177 0.0066342904868358686 -0.023833887490255241 -0.013678067248760716 0.010173116680584066 -0.00015024747590865903 0.017334121637043773 -0.0035040586394029928 0.028038535733838851 0.0005053785097595009 -0.018580274488997718 -0.027573195014629959 -0.044135803364119097 0.033001929940159096 -0.0090365626365392204 -0.020596285032616513 0.010160134567539872 0.036854276709680854 0.012100819273780726 -0.0064599661830262479 0.031908468466415478 0.019679465690704799 -0.04630711593262387 -0.0037007347023675346 -0.0074893525727800407 0.019641543202513947 -0.042057081216922323 0.0021927119396845155 -0.014655988817304394 -0.01391094048301343
leaf_weight=1810.976302605588 255.07590104965493 442.62885652855039 135.32903184741735 150.76429219543934 129.44240570440888 1011.8600518219173 492.10330234840512 181.66414994001389 99.144230879843235 20395.876259354409 484.75178613001481 50.868970108684152 96.72130710084457 62.49661448225379 299.45710677700117 313.55887791048735 290.57239440456033 140.1062472127378 290.07468499802053 129.47391427960247 55.228912238031626 249.57397636119276 107.99990015593357 1474.0963356366847 231.13527598045766 251.25971976225264 77.807130437344313 734.63890281505883 317.62656631856225 66.413813411490992
leaf_count=5724 1074 1303 377 501 310 2719 1147 440 585 100043 2526 679 1908 364 1977 1341 929 403 944 798 147 1622 2554 5987 1511 2856 561 5711 2439 987
internal_value=-9.37761e-05 -0.00618442 -0.00120515 -0.00955573 -0.00265993 0.0001344 0.0045927 0.0117156 -0.000133709 0.00063857 -0.00223433 -0.00484529 -0.0155791 -0.0114976 0.00141059 -0.00211053 0.00874314 0.0188441 0.00136393 0.00638698 -0.00254979 0.0026745 -0.00568741 -0.00817529 -0.0239951 0.00707823 -0.0161952 -0.00115758 -0.00289307 0.012627
internal_weight=30828.7 1113.24 858.165 415.536 280.207 29715.5 1685.63 673.767 28029.9 20495 7534.84 4390.09 773.444 676.722 3144.75 2124.54 1020.21 430.679 589.532 191.971 3616.65 1357.07 2259.58 1891.04 416.942 368.543 308.942 1107.49 1052.27 317.674
internal_count=150467 3565 2491 1188 811 146902 4306 1587 142596 100628 41968 30650 5596 3688 11318 7065 4253 1332 2921 1162 25054 9919 15135 10613 4626 4522 2072 8297 8150 3843
is_linear=0
shrinkage=0.05


Tree=189
num_leaves=31
num_cat=0
split_feature=3 8 18 12 9 25 3 24 13 19 14 9 16 12 18 6 12 9 1 13 8 20 23 16 16 9 18 25 24 1
split_gain=13.9316 19.4246 22.2104 15.3067 14.0029 22.5683 19.2303 20.5988 12.2899 13.3617 12.2529 16.4544 11.1408 12.7126 11.1107 10.5629 10.0715 18.0183 28.9748 26.1769 27.7711 34.1684 25.8357 22.7347 27.5693 26.3887 25.5807 24 21.3157 36.4343
threshold=0.9894578379190494 21.153948973097574 0.0057100781871518612 -0.34386271901034138 25.869130612944986 141.50000000000003 0.5827349521995191 146.75766084073942 4.6420391312269764 16.434256876269039 10.500000000000002 26.021413606373262 -0.0085534051813350113 0.072251441929649704 0.0077324375061847287 52.441190252463855 0.056369156619865808 29.228367188496822 0.33730425176227785 6.7047606689525132 114.06618233664967 5.061647452071667 1.9255221657526018 0.0013263798148007175 -0.00034574856186953424 29.57287071842558 0.0046138206439339507 133.50000000000003 17.157070139212113 0.79576614108371169
decision_type=8 8 2 2 2 2 10 2 2 2 2 2 2 2 2 2 2 2 2 2 8 2 2 2 2 2 2 2 2 2
left_child=1 3 -3 -1 5 6 -5 -8 9 15 16 14 13 -6 -12 -2 -10 18 19 20 -18 -22 23 24 27 -26 -25 -19 29 -24
right_child=8 2 -4 4 12 -7 7 -9 10 -11 11 -13 -14 -15 -16 -17 17 22 -20 -21 21 -23 28 26 25 -27 -28 -29 -30 -31
leaf_value=-0.013085857696848863 0.0040113981361879457 0.019727120602621721 -0.0051159799158207696 0.0053384149351708545 -0.014226507432583163 0.0083690330490199302 -0.027629550298159181 -0.0025568904149626892 -0.0010103123294703442 -0.0060218904602323065 -0.010760867425036586 -0.016316849618134351 0.0090781151987777229 0.008613084628034182 0.006883081786938733 0.021823751916883655 0.0010447553188589614 -0.021180990749187403 0.0015580529798752446 -0.015808405889059445 -0.049339525559816765 0.02068663798841032 0.011560057685852736 -0.023694487116894897 0.0054993377953517115 0.029627310658857122 0.0014176503403479711 0.010263986017618427 0.02224601733914177 -0.028543592701002693
leaf_weight=166.72965749539435 165.20628220029175 327.09054861590266 124.10201379284263 157.58830668218434 124.44241860322654 302.39849861711264 175.1439716219902 153.90133567526937 18711.907705568592 128.01679543266073 150.82272492721677 284.83867040649056 851.22010258771479 119.36530484631658 218.47259500622749 167.73242904618382 862.61097347666509 157.72024249425158 4855.4000037612859 496.56553147477098 59.945509113604203 24.555556964827701 354.90395368635654 169.76087392983027 626.45845986995846 138.34914877801202 251.87398246861994 98.624971818178892 321.54810428246856 67.388425270328298
leaf_count=645 597 1097 365 588 440 1040 539 412 97114 442 436 821 2542 338 489 435 3551 1068 24315 3139 1109 339 2390 1035 2106 413 703 270 1084 596
internal_value=-7.49551e-05 0.0035014 0.0128939 0.00143496 0.00271997 -0.00235808 -0.00902401 -0.0159025 -0.000390996 0.00770651 -0.000525013 -0.00728733 0.00637901 -0.00304452 -0.000322827 0.0129851 -0.000362371 0.00106641 -0.000291064 -0.00651004 -0.00163496 -0.0289903 0.00497692 0.00107452 0.00510759 0.00986394 -0.00869313 -0.00908301 0.0125462 0.00516041
internal_weight=30814.7 2501.98 451.193 2050.79 1884.06 789.032 486.634 329.045 28312.7 460.956 27851.7 654.134 1095.03 243.808 369.295 332.939 27197.6 8485.71 6299.08 1443.68 947.112 84.5011 2186.63 1442.79 1021.15 764.808 421.635 256.345 743.84 422.292
internal_count=150458 8006 1462 6544 5899 2579 1539 951 142452 1474 140978 1746 3320 778 925 1032 139232 42118 32453 8138 4999 1448 9665 5595 3857 2519 1738 1338 4070 2986
is_linear=0
shrinkage=0.05


Tree=190
num_leaves=31
num_cat=0
split_feature=2 9 9 6 23 11 17 7 2 2 11 7 2 2 17 18 2 26 15 24 1 9 2 23 9 17 3 24 12 22
split_gain=13.2517 25.4225 19.6082 30.3455 35.3766 26.3552 43.4012 21.091 19.076 24.8259 23.1351 22.4159 20.1191 19.032 17.8821 22.2512 16.7086 18.3344 16.2162 30.3814 15.8496 15.2413 14.8803 14.8899 14.1923 31.9674 32.5666 31.4093 29.8912 29.0771
threshold=0.46225083989129584 29.618866118842782 29.308664263875833 1.0869604052277444 0.80431755189098941 4.4572957498942367 0.67654273741000182 8.1557105311280633 0.34090210188094544 0.2914381857017983 4.2694332691600172 7.7231695954269872 0.22251522809401764 0.47222950720729984 0.19571680063233596 3.4747096675597708e-05 0.35861767800445171 0.62500000000000011 47.500000000000007 83.619579087517863 0.31964327689184524 26.556394496769425 0.34710649698210055 2.3661132098830411 25.540554567120413 0.16258730711609207 3.3752641652054582 16.098966423258002 0.0052022644454933903 0.072588988130486823
decision_type=2 2 2 2 2 2 2 2 2 2 2 2 2 2 2 2 2 2 2 2 2 2 2 2 2 2 10 2 2 2
left_child=1 2 3 14 -5 7 -7 22 9 12 18 -12 21 -2 -1 -16 -10 -18 20 -20 -11 -6 -4 -24 25 26 27 -15 29 -27
right_child=13 -3 5 4 8 6 -8 -9 16 10 11 -13 -14 24 15 -17 17 -19 19 -21 -22 -23 23 -25 -26 28 -28 -29 -30 -31
leaf_value=-0.037558083549266055 0.01225140252317081 -0.025713286737179399 -0.0058583567672942129 0.029413513718908792 0.018043595226684927 -0.0058490206130546712 0.063174518683921543 -0.016130588064256542 -0.017456305714815563 -0.0033512446345348233 0.0019889813874642706 -0.049187076037994132 -0.013807356244260627 -0.01713376281389312 0.011612124540595061 -0.021871887962521579 0.01562061250416842 -0.0046817072064041449 -0.022003030899093765 0.011878036174915306 0.018084125446804197 -0.0070615592224268211 0.015211431525784889 -0.00822788869218497 7.698641911182198e-06 0.028281226017089125 0.018199215087012995 0.0058600326582904797 -0.03572443511944675 -0.018185019189963767
leaf_weight=85.383104722946882 340.83107547252439 112.17250083386898 187.33851024380419 88.529627953656018 115.90901282476261 43.058973166625947 48.34435784642119 129.63213352672756 244.00282345688902 105.24657812016085 57.720371143659577 34.002557838801295 348.79455560748465 173.0722169643268 74.648708511143923 147.95305338036269 116.42481829924509 2479.3574715290451 103.29820721969008 184.06562541238964 477.47191604902036 126.36499632149935 368.61631537252106 83.014060761779547 22764.708271931391 58.30633039213717 460.85451077460311 1046.8086978485808 88.922729782527313 79.67430464993231
leaf_count=630 1985 788 992 284 502 561 594 497 1494 547 664 627 2134 597 258 952 420 12906 369 687 1822 514 1859 477 108247 173 4021 3432 871 774
internal_value=1.89921e-05 -0.0021429 -0.00167487 -0.00292316 -0.00187975 0.00527659 0.0306584 0.00225815 -0.00251044 0.00194535 0.00690133 -0.0169825 -0.00611917 0.000516945 -0.0181048 -0.0106431 -0.00494699 -0.00377112 0.00941913 -0.000301136 0.0142126 0.00494928 0.0059888 0.0109031 0.000354842 0.00449746 0.00687565 0.00259776 -0.0131184 0.00145017
internal_weight=30774.5 5761.35 5649.18 4789.17 4481.19 860.004 91.4033 768.601 4392.66 1552.87 961.805 91.7229 591.069 25013.2 307.985 222.602 2839.79 2595.78 870.082 287.364 582.718 242.274 638.969 451.63 24672.3 1907.64 1680.74 1219.88 226.903 137.981
internal_count=150678 30578 29790 24810 22970 4980 1155 3825 22686 7866 4716 1291 3150 120100 1840 1210 14820 13326 3425 1056 2369 1016 3328 2336 118115 9868 8050 4029 1818 947
is_linear=0
shrinkage=0.05


Tree=191
num_leaves=31
num_cat=0
split_feature=9 9 25 22 23 22 20 20 17 25 23 3 20 23 3 16 11 3 21 1 23 17 3 2 20 20 2 25 20 21
split_gain=14.6993 26.5307 30.6397 23.0531 30.2636 30.1737 16.9858 20.3994 21.9619 20.6479 19.5676 16.8114 21.7706 16.92 16.7696 16.7543 38.4889 28.3894 22.9794 18.1957 28.0254 24.3409 26.0593 19.1518 20.6339 34.3358 17.2753 17.2152 14.6488 14.2832
threshold=29.51076147723079 29.414915872494191 129.50000000000003 0.059145031179966785 2.2989379922061697 1.2022127122248134 2.8988471613764184 3.1065563320703822 -0.084880170053922233 79.500000000000014 1.4255914605793534 3.1536275457559011 2.9921840645339723 1.2114432525192675 3.3836420419097322 -2.088089196836378e-05 4.1427491675352366 3.7115261062279656 219.30256729977319 18.303547972811746 2.0247370389753967 1.0844343381669617 3.3921561415136932 0.8428804096756628 2.9685056405257071 3.0377357216785774 0.58658413191479541 58.500000000000007 3.022092406521955 231.47164374416624
decision_type=2 2 2 2 2 2 2 2 2 2 2 8 2 2 8 2 2 10 2 2 2 2 10 2 2 2 2 2 2 2
left_child=1 -1 3 -3 6 -6 -5 9 -9 11 -11 -8 -13 -14 -10 17 19 18 -2 20 21 22 -17 24 -22 -26 -20 -18 -24 -4
right_child=15 2 29 4 5 -7 7 8 14 10 -12 12 13 -15 -16 16 27 -19 26 -21 23 -23 28 -25 25 -27 -28 -29 -30 -31
leaf_value=9.3185932595510158e-05 0.021132660902740043 0.005389614653451137 -0.0011543242472754831 0.0029292779642066157 -0.022799443664910036 0.015626425893490052 -0.018919604892403186 -0.030769706767970008 0.012392222204474248 -0.0033946133424764473 -0.031770781718694852 -0.078904132919448811 -0.056222049598314984 -0.012725709630140648 -0.01735004344900928 -0.0017521031632722899 0.014889329183365286 -0.028207802861725684 -0.019948705264201918 0.017801204411506139 -0.0030605294417327981 0.013744913580203359 -0.0085110278954695431 -0.0074038995267904084 0.047688053215076659 0.011538938763260134 0.0023211917168265805 0.054785260876415276 -0.0387006175936494 0.019137353882412514
leaf_weight=26672.952589533292 114.49636332248338 196.4122176617384 251.21529275178909 87.968049867660739 76.82690716907382 152.49294175393879 69.385009302292019 86.015840575098991 110.1843109249603 124.96266157925129 118.23718573711812 42.265873126336373 46.636915834620595 42.947501764516346 83.163594805169851 632.98528618179262 53.2597060080152 96.386512270430103 122.45222638756968 219.71789327263832 95.337234824895859 186.66151254437864 76.933560758130625 99.708394679240882 99.01363717019558 195.17311540432274 301.4838073621504 54.923199615906924 84.113356356974691 132.44277007132769
leaf_count=131766 437 528 759 484 641 721 316 483 413 397 681 463 256 551 664 2508 540 1008 627 442 406 519 366 348 360 887 1397 331 512 337
internal_value=3.63884e-05 -0.000284276 -0.00649467 -0.010322 -0.0132862 0.00275296 -0.0178172 -0.0203386 -0.00975125 -0.0269937 -0.0171903 -0.0388413 -0.049325 -0.0353695 -0.000400643 0.00376604 0.00623177 -0.00321698 0.00125671 0.0043806 0.00237455 -0.00250173 -0.006321 0.0121493 0.0171545 0.0237055 -0.00411138 0.035144 -0.0242788 0.00585057
internal_weight=30726.8 28294.1 1621.16 1237.5 1041.09 229.32 811.767 723.799 279.364 444.435 243.2 201.235 131.85 89.5844 193.348 2432.65 1797.83 634.819 538.432 1689.64 1469.93 980.694 794.032 489.232 389.524 294.187 423.936 108.183 161.047 383.658
internal_count=150148 139460 7694 6598 6070 1362 4708 4224 1560 2664 1078 1586 1270 807 1077 10688 7219 3469 2461 6348 5906 3905 3386 2001 1653 1247 2024 871 878 1096
is_linear=0
shrinkage=0.05


Tree=192
num_leaves=31
num_cat=0
split_feature=13 25 4 8 3 26 3 5 12 2 20 23 1 23 21 21 23 11 16 23 1 11 25 20 20 21 23 25 16 16
split_gain=19.4221 13.4454 24.8138 38.4886 22.1885 20.61 28.4443 40.7551 42.4723 31.69 26.6278 23.4517 41.1873 26.618 24.263 37.0216 35.9609 39.8822 34.9183 34.677 44.2786 31.8094 31.0552 38.7373 29.089 26.3425 56.5264 36.2279 23.8591 38.375
threshold=4.6420391312269764 74.500000000000014 0.14019480036131945 99.479483603798116 2.2062977399801045 0.87500000000000011 3.780249855683242 0.031757610051922083 -0.024819132519210692 0.6155422812816731 4.0221519883673915 1.8142285681810733 0.75148073694620587 1.6361608798281388 158.93749008341931 160.45066130846195 2.4202035580919916 4.1497670803831559 0.0037317699670816056 2.331900217795035 0.78154035275194478 4.2545672881396115 59.500000000000007 4.0326035134236902 5.061647452071667 153.44950092343376 2.1829322396774895 43.500000000000007 -0.011472629819677444 -0.0015445023529709928
decision_type=2 2 2 8 8 2 8 2 2 2 2 2 2 2 2 2 2 2 2 2 2 2 2 2 2 2 2 2 2 2
left_child=-1 4 -3 -4 -2 6 9 8 -8 10 -6 12 13 -7 19 -16 17 -17 28 20 25 -22 23 -19 -21 -13 27 -27 -18 -30
right_child=1 2 3 -5 5 11 7 -9 -10 -11 -12 14 -14 -15 15 16 18 22 -20 24 21 -23 -24 -25 -26 26 -28 -29 29 -31
leaf_value=0.0095859695241253089 0.028230644572241888 0.0033788887179039377 0.0001329972321320367 -0.014221703227534294 0.0098815968701144851 -0.029615641307151382 0.058294306017077226 -0.026918384766875015 0.0016416383072347012 -0.029537724322402432 -0.025746278731825889 -0.00010218156782053047 -0.0016796641157166355 -0.0026835534366531099 -0.035101640233745415 -0.021576497437028792 0.031671485710617842 -0.031303138830179288 -0.026231569214119267 0.00361609411353543 0.054442892591954666 0.014854741401829952 0.033648156746396339 0.0088910558519319591 -0.027330622958019635 0.0071595684957090865 -0.0218640325461739 0.071265952805402252 -0.0089667889105453803 0.014466630971670525
leaf_weight=548.06844108644873 62.767132677137852 6491.6693576201797 13176.634657292161 484.12148564867675 140.29787914291956 225.4828040364664 47.477914729854092 70.696957269217819 109.11580974794924 241.7753265784122 83.749904866097495 343.89084091922268 5918.6718066200847 154.67797435063403 77.401843985542655 313.70923206838779 105.11534210853279 89.415450379368849 74.954450581222773 552.95837067067623 104.00630196882412 99.080083708278835 67.032475219108164 181.86422185692936 88.022187385708094 35.082923805806786 42.771812554448843 59.271941110491753 268.64347618632019 499.6574948579073
leaf_count=1775 167 32081 38840 1864 515 9577 458 866 957 1384 522 3626 27999 5757 705 5268 559 2498 546 3776 631 856 625 1582 685 599 278 431 1937 3177
internal_value=0.000257792 8.8561e-05 0.000833748 -0.000375717 -0.00140457 -0.00159068 -0.00990833 0.00459224 0.0188183 -0.0169836 -0.00343624 -0.000970894 -0.00270436 -0.0186576 0.00266521 -0.00132895 0.000304445 -0.00873475 0.00651905 0.00772253 0.015552 0.035129 0.0031731 -0.0043572 -0.000633641 0.00728653 0.0258162 0.04743 0.00932963 0.00627292
internal_weight=30758.1 30210 20152.4 13660.8 10057.6 9994.82 693.114 227.291 156.594 465.823 224.048 9301.71 6298.83 380.161 3002.88 1677.79 1600.39 652.021 948.371 1325.08 684.104 203.086 338.312 271.28 640.981 481.018 137.127 94.3549 873.416 768.301
internal_count=150541 148766 72785 40704 75981 75814 4702 2281 1415 2421 1037 71112 43333 15334 27779 16897 16192 9973 6219 10882 6421 1487 4705 4080 4461 4934 1308 1030 5673 5114
is_linear=0
shrinkage=0.05


Tree=193
num_leaves=31
num_cat=0
split_feature=9 9 8 12 16 3 12 22 20 13 1 22 9 16 5 23 7 10 16 16 10 12 12 23 16 8 12 20 11 2
split_gain=12.4669 21.2399 21.6158 25.1552 23.5202 35.1639 27.2749 23.2938 26.8782 20.5894 26.8064 25.9897 19.162 25.8425 40.0855 18.867 19.4537 18.7147 19.1348 18.1151 18.0045 27.8247 21.5278 24.8579 17.8209 35.0584 30.836 26.8209 40.2164 50.708
threshold=25.546907906469269 25.889381633993171 169.166200558789 -0.050251921852688168 5.4373270586546085e-05 4.1208370356229667 -0.22818453574733369 42.196967301130734 3.842126036650602 6.8909720890631814 0.67093897292527316 4.7192640733726758 25.435002253364239 0.013641100063376469 0.15228321922351101 1.9905710306024147 7.4267466542364664 32.523177195128191 0.0059419448456079138 0.0023406580245538592 33.679033842174512 -0.093839161862360673 0.094786535348252043 1.8000444416676096 0.00027060281858682977 80.643013475737561 0.077221871490475699 4.1090133839427923 3.8516042095854321 0.74540207622032117
decision_type=2 2 8 2 2 8 2 2 2 2 2 2 2 2 2 2 2 2 2 2 2 2 2 2 2 8 2 2 2 2
left_child=12 2 4 -4 6 7 -2 8 -6 -10 11 -11 13 14 20 16 -13 18 19 -12 22 -22 23 -1 27 -26 -27 28 -14 -30
right_child=1 -3 3 -5 5 -7 -8 -9 9 10 17 15 24 -15 -16 -17 -18 -19 -20 -21 21 -23 -24 -25 25 26 -28 -29 29 -31
leaf_value=0.020341352959884849 -0.029646788924910933 0.00054034661887299553 0.0025398387874231696 -0.036257323913810147 -0.018997604841732931 -0.026970878300030102 -0.0051210413302799161 -0.013576895008519949 0.0040812783949460427 -0.028312992502788625 0.014085836841354822 0.014854287079561684 0.0073367893132750871 0.01847774688928348 -0.024666922935841613 0.013583107941573573 -0.015849551941894868 -0.013540426721671465 0.026573662038989067 -0.01849877897060347 0.012566902283540399 -0.025555271862117035 -0.017804882856803494 -0.0091560627800625887 0.0078166760822837387 -0.023366626704189621 0.01606461292398581 -0.0025613448841260798 0.019607901251285309 0.075043676560711606
leaf_weight=248.217221285915 119.88816649024375 21128.499356709071 71.523779106792063 100.46658330783248 156.27005389635451 119.68730616779067 2081.7088877552887 277.31450137682259 3210.9170020149322 155.70672385720536 108.88964579394087 62.932760067284107 284.31892074272037 129.47300069779158 206.06413674168289 108.17546032369137 286.20431455527432 94.399761805543676 129.14423294598237 70.120875515975058 76.110022358130664 128.97690871125087 74.213892842642963 100.27655197866261 755.68575035268441 196.07078248076141 66.362564704148099 199.63271590322256 131.75400478974916 60.053515196079388
leaf_count=1440 729 102009 361 658 742 1572 11813 956 12593 1153 549 164 913 333 692 263 2113 518 407 451 470 1047 581 758 2370 1820 585 1176 1221 301
internal_value=5.0713e-05 -0.000256936 -0.00261183 -0.0201232 -0.00218043 -0.000210791 -0.00645659 0.000476503 0.00136572 0.00211863 -0.00408664 -0.0106694 0.00332516 -0.00230513 -0.00553208 -0.00466209 -0.0103151 0.00593776 0.0119047 0.001322 0.000748642 -0.0114077 0.00664659 0.0118537 0.00652718 0.00234897 -0.0133955 0.0128222 0.0192723 0.0369644
internal_weight=30939.1 28281.8 7153.35 171.99 6981.36 4779.76 2201.6 4660.08 4382.76 4226.49 1015.57 613.019 2657.21 963.332 833.859 457.313 349.137 402.555 308.155 179.011 627.795 205.087 422.708 348.494 1693.88 1018.12 262.433 675.759 476.126 191.808
internal_count=150758 137051 35042 1019 34023 21481 12542 19909 18953 18211 5618 3693 13707 5321 4988 2540 2277 1925 1407 1000 4296 1517 2779 2198 8386 4775 2405 3611 2435 1522
is_linear=0
shrinkage=0.05


Tree=194
num_leaves=31
num_cat=0
split_feature=2 23 11 11 23 2 1 5 4 18 7 10 8 20 10 4 25 2 2 20 18 8 8 8 22 5 21 7 1 23
split_gain=19.7596 22.2279 19.9368 28.9495 19.5813 15.4576 20.1155 28.2263 31.0675 27.8657 32.4024 27.4499 23.5096 23.2629 22.8633 16.7524 16.0212 15.9091 24.2421 21.2246 37.5722 29.6601 27.0945 60.6523 30.9007 26.3524 25.0537 24.0264 23.6014 22.4119
threshold=0.89392083066644867 1.7282848566241904 1.8953921106163107 3.9514960025737875 1.4255914605793534 0.81919837496046199 0.28199456796897004 0.069577676358174523 0.048761906632219243 0.0058432939952781761 8.0800637074447241 32.424106169769424 132.49544955176199 4.8791899746132481 32.383138079446297 0.015384137005076766 90.500000000000014 0.59697431285341407 0.60268696961564439 4.9482431169113239 0.0013276204439468492 122.98760550085075 130.19870886868642 125.19292483923471 4.235533507856819 0.027254728395949484 147.50958600110675 7.1830456500225344 0.25614472965369278 1.0141485860589643
decision_type=2 2 2 2 2 2 2 2 2 2 2 2 8 2 2 2 2 2 2 2 2 10 10 10 2 2 2 2 2 2
left_child=5 4 -3 -4 -2 17 7 8 -7 10 11 12 -8 -12 -9 -14 -13 19 -19 27 25 28 23 -23 -24 26 -21 -1 -22 -30
right_child=1 2 3 -5 -6 6 9 14 -10 -11 13 16 15 -15 -16 -17 -18 18 -20 20 21 22 24 -25 -26 -27 -28 -29 29 -31
leaf_value=0.022345584745898511 0.0057875355092985364 0.01794455661827132 -0.024689214958629774 0.016395692556390385 0.02467701985746017 -0.0033403379990158129 -0.0045865721267775083 -0.0064282159097645191 0.051231919752508105 0.0048227523392890548 0.0071907586057814946 -0.046940392894906341 -0.01155890224656634 -0.016935805924344672 0.020081849600012365 -0.033553219978799308 -0.01718119902646054 0.01497990401774651 0.00097346222424785122 -0.042734778638510294 0.0051480791572495813 0.098973893764503329 -0.0089181339043255363 -0.0040466363413955977 0.029432547235746811 -0.047293197707798419 -0.0083038564048735688 -0.00020403738022607427 -0.030539788379241397 -0.0053201821629591372
leaf_weight=119.67665900662541 356.60527310520411 74.695918932557106 141.76511834468693 61.466519379522651 222.98416520492174 45.777235937071964 641.51950825552922 377.14859711215831 60.609459209255874 469.15802618674934 405.38798599690199 86.976143590873107 211.02300648624077 132.58864327147603 103.69207951286808 146.80535771860741 94.219034776091576 315.8330397058744 14126.084276519134 60.465705391718075 557.60016865818761 26.668212134158239 141.57765966351144 30.77288691198919 83.504088167333975 61.995997076388448 418.60399788198993 9123.8708587279543 92.382127741351724 1897.4417193231639
leaf_count=374 1008 195 834 419 725 483 4040 1407 581 1301 1034 857 686 487 329 1238 406 1193 65920 617 2634 343 731 468 382 727 3726 48320 340 8688
internal_value=-2.75024e-06 0.00748038 -0.0041446 -0.0122633 0.0130548 -0.000217856 -0.00377184 0.00444489 0.02775 -0.00597742 -0.00892588 -0.0135606 -0.0103141 0.00124457 -0.000711387 -0.0205825 -0.031466 0.00014664 0.00127977 -0.00115064 -0.00454684 -0.00223871 0.0131319 0.0437828 0.00530976 -0.0166191 -0.0126495 8.79137e-05 -0.00394339 -0.00649106
internal_weight=30688.9 857.517 277.928 203.232 579.589 29831.4 2774.91 587.227 106.387 2187.68 1718.52 1180.54 999.348 537.977 480.841 357.828 181.195 27056.5 14441.9 12614.6 3371.01 2829.95 282.523 57.4411 225.082 541.066 479.07 9243.55 2547.42 1989.82
internal_count=150493 3181 1448 1253 1733 147312 12849 2800 1064 10049 8748 7227 5964 1521 1736 1924 1263 134463 67113 67350 18656 13586 1924 811 1113 5070 4343 48694 11662 9028
is_linear=0
shrinkage=0.05


Tree=195
num_leaves=31
num_cat=1
split_feature=20 12 24 6 1 3 0 19 20 2 21 10 2 10 25 18 9 10 25 9 10 10 20 23 10 7 21 7 12 12
split_gain=12.4143 21.8231 30.5659 28.24 27.3068 26.8238 36.1056 26.199 25.0468 23.7179 26.3596 23.6017 27.2164 26.1634 43.3439 36.4958 30.8605 28.9209 29.8033 23.0991 21.5881 21.3501 20.5829 20.5185 20.2045 20.0694 19.9505 19.162 18.9587 16.7888
threshold=3.1246031054168166 0.01193539315565913 39.187368055270348 14.959593225303967 0.19423698988801166 3.2761541569248105 0 5.8500471355971833 2.9921840645339723 0.54077207127170934 226.21448039923641 30.718593678953287 0.68345449285133275 32.912248123260774 31.500000000000004 0.00066576464924964602 29.335358116661961 33.552266826418695 49.500000000000007 29.387959234256321 31.389655541664059 32.464549285669598 3.061739224683226 1.4435289248092866 35.094228095164219 7.7798809647242706 220.9802443746338 8.2307776486780959 0.019827656282002129 -0.023525178345563832
decision_type=2 2 2 2 2 8 1 2 2 2 2 2 2 2 2 2 2 2 2 2 2 2 2 2 2 2 2 2 2 2
left_child=1 5 4 8 20 27 26 11 23 10 19 -8 13 15 -15 -13 -17 -16 -19 -6 -3 -5 -20 -4 25 -12 -7 -1 -11 -28
right_child=-2 2 3 21 9 6 7 -9 -10 28 24 12 -14 14 17 16 -18 18 22 -21 -22 -23 -24 -25 -26 -27 29 -29 -30 -31
leaf_value=0.0012013705147136389 -0.00047848365620212734 0.048608903724684877 0.023794984826225024 0.010614537559914532 0.012305333932971533 0.0028347463876593365 0.016848629307107506 -0.031504253490644084 -0.037509981218330518 0.022914325961546897 0.033643145362391463 -0.0083295369328667112 -0.019569191603243972 -0.037001927928466925 -0.027622971227947414 0.058155184344712056 0.0079922516566522175 0.038285345260542891 -0.011353401377605316 0.043661872749036996 0.014217175827821652 -0.0072781547003557025 0.022710975472659482 -0.025239524015056181 -0.017097286086537742 0.0010732151727265952 -0.051390306456233097 0.01935244281129701 0.0017040936977907235 -0.0098317161817699904
leaf_weight=2577.6981623473112 23685.918178610154 67.15840314142406 42.985603564186022 335.54829340986907 117.61797688598745 36.929502395680174 152.38505240227096 77.229623538674787 98.929717018501833 113.6117557878606 76.108201884198934 95.871557730715722 222.45110898371786 91.463598286383785 66.802962579531595 60.773335362202488 61.877902711508796 66.127027749200352 137.47800044482574 117.3128802687861 142.33889546757564 331.35945955850184 65.459777147509158 42.356757577043027 74.390552504919469 124.94664909318089 83.442941377288662 154.09643097966909 1449.7890301411971 34.28754217736423
leaf_count=9725 117220 324 282 888 650 563 594 512 1070 454 506 423 1106 813 510 393 438 437 912 524 987 1020 339 518 482 528 1412 315 6133 452
internal_value=7.17924e-05 0.00190268 0.00502389 -0.00306289 0.00803856 -0.000552732 -0.00661132 -0.00342523 -0.0203887 0.00630062 0.0156594 -0.00130065 -0.0044858 0.000709364 -0.00648704 0.0147823 0.0328478 0.00182278 0.00913352 0.0279632 0.0252421 0.00172438 -0.000365568 -0.000541614 0.00516522 0.0134024 -0.0292291 0.00222525 0.00324543 -0.0392869
internal_weight=30804.7 7118.83 3134.45 851.18 2283.27 3984.37 1252.58 1097.92 184.272 2073.78 510.376 1020.69 868.305 645.854 427.331 218.523 122.651 335.868 269.065 234.931 209.497 666.908 202.938 85.3424 275.445 201.055 154.66 2731.79 1563.4 117.73
internal_count=150530 33310 14366 3778 10588 18944 8904 6477 1870 9277 2690 5965 5371 4265 3011 1254 831 2198 1688 1174 1311 1908 1251 800 1516 1034 2427 10040 6587 1864
cat_boundaries=0 1
cat_threshold=1
is_linear=0
shrinkage=0.05


Tree=196
num_leaves=31
num_cat=0
split_feature=9 4 10 4 8 23 10 21 10 25 9 10 7 15 22 2 3 16 20 21 2 10 3 15 7 24 16 9 2 21
split_gain=11.8424 19.9261 27.4398 27.3273 19.3322 15.266 23.9511 22.6079 27.7023 16.4207 11.9699 20.6033 24.275 23.1815 23.704 22.8287 16.7561 25.6285 33.0729 12.4565 25.5039 17.2385 12.0866 12.9822 11.9665 11.0344 10.8023 26.7292 23.9469 25.1932
threshold=25.435002253364239 0.1970950227280113 32.952355883111984 0.11155937724715771 52.812818351091117 2.4760303984172802 32.325031836758846 138.71034746989258 33.326432915879998 71.500000000000014 25.540554567120413 33.186616358561217 8.0153826326268263 1.0000000180025095e-35 2.7531021037793155 0.55206605703323008 1.8096052276312677 0.00027060281858682977 4.1015603255207109 152.96150863875312 0.65042922996149544 30.615312884971608 0.20925709967211095 84.500000000000014 7.4560334594104321 117.93660540471886 1.0000000180025095e-35 25.614197744157579 0.66037604114467652 143.13404360159322
decision_type=2 2 2 2 10 2 2 2 2 2 2 2 2 2 2 2 8 2 2 2 2 2 8 2 2 2 2 2 2 2
left_child=1 3 -3 5 -5 6 -1 -8 -9 -10 11 16 13 14 -13 -16 -2 18 -18 20 -19 -22 23 -12 -15 -26 27 28 29 -24
right_child=10 2 -4 4 -6 -7 7 8 9 -11 22 12 -14 24 15 -17 17 19 -20 -21 21 -23 26 -25 25 -27 -28 -29 -30 -31
leaf_value=-0.03006748450651647 0.019903201565581022 -0.031680323872349307 -0.0011751535565607686 -0.00098324765815035824 0.027886036683613599 0.013889252475147565 0.027897431761397952 0.013511240831367972 -0.046409061051404278 -0.008090848091992937 0.017795258347408676 0.0037971574544932991 -0.02671914778501468 0.0087089624050324232 0.014435981359905859 0.087521462198084099 0.027841264101757236 0.021191376781773564 -0.010278760444222665 -0.016830877812241015 0.0098325013282877499 -0.021991287912300771 -0.032237572043037996 -0.0062908451906739313 -0.018331271550071332 0.0023534709600427886 -1.1002461228016167e-05 -0.0015170822506605504 -0.033510571214447261 0.0017836979229820229
leaf_weight=127.74145568022504 245.36001813039184 150.63097334606573 144.37379541108385 122.75035118311644 109.91585172014311 63.514521649107337 46.928469068836421 70.635710332775488 53.737660760991275 58.282831699587405 177.83847236260772 77.464043274056166 92.673745703883469 115.02016177587211 21.849801660515368 20.909345523221418 191.79011328192428 110.76990064443089 80.900021339766681 119.62385645206086 70.513615894597024 107.31695059058256 72.955946468631737 81.620270539075136 170.43316029664129 103.7070308374241 20102.145666812197 7380.8486601390177 119.35314685816411 214.12310639454518
leaf_count=1177 648 536 416 422 479 384 344 517 769 368 830 580 666 318 466 300 951 518 541 703 310 672 497 413 679 329 91203 42424 856 1230
internal_value=-0.000465327 -0.00596501 -0.0167513 -0.00109591 0.0126551 -0.00869832 -0.0127132 -0.00305731 -0.0110103 -0.0264726 -0.000289552 0.00401994 -0.00318086 0.00110154 0.0202921 0.050175 0.00870029 0.00466344 0.0165321 -0.00326468 0.00235846 -0.00937248 -0.000523534 0.0102183 -0.004827 -0.0105062 -0.000623466 -0.00220448 -0.0146878 -0.00686219
internal_weight=30625.7 948.512 295.005 653.507 232.666 420.841 357.326 229.585 182.656 112.02 29677.2 1528.33 602.057 509.384 120.223 42.7591 926.274 680.914 272.69 408.224 288.6 177.831 28148.9 259.459 389.16 274.14 27889.4 7787.28 406.432 287.079
internal_count=150546 5412 952 4460 901 3559 3175 1998 1654 1137 145134 7681 3338 2672 1346 766 4343 3695 1492 2203 1500 982 137453 1243 1326 1008 136210 45007 2583 1727
is_linear=0
shrinkage=0.05


Tree=197
num_leaves=31
num_cat=1
split_feature=0 10 3 5 1 10 1 2 4 21 17 12 10 13 23 20 3 13 5 16 1 15 5 25 23 3 15 22 25 21
split_gain=17.4729 28.6223 25.7724 24.7832 39.3177 44.5071 32.6844 48.3231 31.7349 37.084 29.1685 51.5933 28.4082 26.647 26.6279 25.9924 24.4076 21.5428 21.4633 20.3815 19.7726 22.9725 50.7483 22.9096 45.6695 72.1551 34.2144 71.417 46.3793 44.0676
threshold=0 29.791113891864715 1.4841339566254239 0.03007483371514116 0.54971017033889835 35.212616343596238 0.79930768520149786 0.67481289765202812 0.023245045269648715 164.90075327685093 0.16258730711609207 -0.028785461737307203 32.835565921750337 6.883608108487496 2.456886448889557 3.2257596646277835 1.0269915636951181 6.8760873298780485 0.042332663130048818 -0.0085534051813350113 0.94961877231241021 2.5000000000000004 0.082471092858600312 109.50000000000001 1.5124635667531969 1.4405671217462375 36.500000000000007 5.7087716919793206 140.50000000000003 168.17038345158713
decision_type=1 2 8 2 2 2 2 2 2 2 2 2 2 2 2 2 8 2 2 2 2 2 2 2 2 8 2 2 2 2
left_child=1 2 -1 4 10 6 7 8 -6 -10 -3 13 -13 14 15 -12 19 -8 -4 -2 23 22 -22 24 25 -5 27 -25 29 -29
right_child=16 3 18 20 5 -7 17 -9 9 -11 11 12 -14 -15 -16 -17 -18 -19 -20 -21 21 -23 -24 26 -26 -27 -28 28 -30 -31
leaf_value=-0.0021181777589871845 -0.0079032176654658271 -0.035008548280399836 -0.0017017291528462067 -0.0030067479718792096 0.012506439763992025 0.077231846582801689 -0.031540012009185429 -0.0044856333480310998 0.030870612332590683 0.10072374434229224 -0.026044813217599799 0.0059487953365736316 -0.038306776696304487 -0.010545593261986383 0.073653707777269706 0.059534541814065992 0.00051967556394776125 0.020365186790376296 -0.039279515246331997 0.014216051597950939 -0.0047177970586314184 0.00014532926551769507 0.060705280361623405 -0.018055496390782192 -0.0028858223183390258 -0.039071199923651337 -0.0025268862276136214 0.034257688780862633 0.064854994486206324 -0.0040873660520006965
leaf_weight=179.45573024824262 128.03758359886706 62.739957987098023 53.013160933973268 307.8438143953681 46.633361552609131 31.092353548621759 52.608264876296744 82.616132640745491 39.008312513120472 37.042704774532467 18.885981484432705 72.478387043112889 72.568377805990167 29.391247920226306 39.847338534891605 16.734230859903619 23261.176535484614 32.241622606292367 134.17145302984864 558.06992078945041 61.007449088152498 238.41227825544775 57.653113875538111 143.79827099665999 1779.8494343996281 252.40625784173608 2688.7269425708801 155.61893010884523 57.385381607338786 144.50269130524248
leaf_count=495 502 1347 705 832 567 443 984 1033 405 373 470 971 1219 479 216 346 95002 397 1715 2311 779 1054 393 1108 16625 8538 7661 1424 464 1913
internal_value=0.000155501 -0.00206382 -0.0156571 -0.00129955 0.00809415 0.0203789 0.0142866 0.0250751 0.0449813 0.0648945 -0.00452844 0.00312373 -0.0161927 0.0298434 0.0455731 0.01416 0.000793823 -0.0118169 -0.028637 0.0100883 -0.00231099 0.00909248 0.027069 -0.0030473 -0.00680473 -0.0192547 -0.000290975 0.0117012 0.0236701 0.0157953
internal_weight=30835 6887.73 366.64 6521.09 633.888 321.243 290.15 205.301 122.684 76.051 312.646 249.906 145.047 104.859 75.4676 35.6202 23947.3 84.8499 187.185 686.108 5887.2 357.073 118.661 5530.13 2340.1 560.25 3190.03 501.305 357.507 300.122
internal_count=150771 52956 2915 50041 9250 4202 3759 2378 1345 778 5048 3701 2190 1511 1032 816 97815 1381 2420 2813 40791 2226 1172 38565 25995 9370 12570 4909 3801 3337
cat_boundaries=0 1
cat_threshold=2
is_linear=0
shrinkage=0.05


Tree=198
num_leaves=31
num_cat=0
split_feature=20 20 11 11 7 17 6 11 15 21 5 12 18 17 7 25 24 1 25 22 11 23 1 20 6 17 11 24 13 24
split_gain=11.6043 15.7818 25.62 14.6443 32.3433 24.1037 27.9976 12.7974 17.7643 12.2995 20.6128 28.3278 24.2616 28.4992 23.4671 23.908 19.1626 18.0134 18.0647 36.8459 33.6139 18.725 17.8538 22.8989 16.0514 21.8342 19.5904 14.9862 15.0638 21.841
threshold=3.0897029878340292 3.0979941175116621 3.4460123108114296 4.3144677233416227 7.709237405609783 0.78454328116583039 1.3201019590658272 0.55507181976569642 86.500000000000014 226.78873388378193 0.19367468021836348 0.19059619589603419 0.004401106299018397 -0.32293600085844371 7.8091981510073518 115.50000000000001 54.467761967482751 16.920395516133102 98.500000000000014 3.4756316352257337 3.3253522944934644 1.344023623758172 0.19423698988801166 2.9148949585364039 3.5178887910617305 0.89592162097836658 3.8904287188226792 17.523542385868396 7.6210119692726161 120.87965719818072
decision_type=2 2 2 2 2 2 2 2 2 2 2 2 2 2 2 2 2 2 2 2 2 2 2 2 2 2 2 2 2 2
left_child=3 2 -2 9 -5 -6 -7 8 -3 10 11 12 13 16 15 -14 -1 18 19 24 -20 -21 23 -11 25 26 -15 -25 29 -29
right_child=1 7 -4 4 5 6 -8 -9 -10 22 -12 -13 14 17 -16 -17 -18 -19 20 21 -22 -23 -24 27 -26 -27 -28 28 -30 -31
leaf_value=0.032666828356402687 0.0014884872904060136 0.016553546598688601 -0.032097615878844285 0.030541885292233579 -0.040184392631188996 -0.034257340340670427 0.024232259742515836 -0.00044516439874865503 -0.0047701011847222433 0.032582017727718786 0.016228690602925266 0.024391441550692301 -0.031677725104497727 -0.0066553781118761021 0.010862293937746476 -0.0054036343753948585 0.0063633946787796311 0.0087285854651747135 -0.010574939133150144 0.010989813815535106 0.041952147353048988 -0.052444746827812361 -0.0011350270813950609 0.019046909445241823 0.015796532003895993 0.0016186934449517213 -0.040594165518966469 -0.038772796533825656 0.011020135108216814 0.0053232360846052493
leaf_weight=138.31153426063247 127.59960053116083 256.09034076705575 102.30568104702979 37.689014130388387 81.182474928675219 36.920390587765723 45.890882274135947 24162.668703423347 157.88765192590654 88.852685752557591 350.84860433451831 148.76248439657502 122.25084774033166 110.89136875234544 135.58017434645444 296.74840470217168 138.65640185773373 583.88299163430929 62.272161123342812 14.584136681165544 59.615308775566518 57.500877794227563 2705.9146811763057 105.56911176582798 106.69658672250807 364.73809728398919 68.962579101789743 55.365553466137499 90.294157031923532 56.981754613108933
leaf_count=721 407 1061 770 517 1196 390 655 119532 643 411 827 507 672 499 379 1046 508 1288 279 113 490 1918 11758 585 746 1407 558 580 244 185
internal_value=6.15286e-05 -0.000417798 -0.013457 0.00202204 -0.0112252 -0.0208241 -0.00184461 -0.000295821 0.00842089 0.00247772 0.00490575 0.00325698 0.00186625 0.00481941 -0.00721887 -0.0130696 0.0194987 0.00197456 -0.00269094 -0.0056914 0.0151161 -0.0396108 0.000317818 0.0102187 -0.00193719 -0.00541158 -0.0196688 0.00377167 -0.00418619 -0.0164076
internal_weight=30871.5 24806.6 229.905 6064.96 201.683 163.994 82.8113 24576.6 413.978 5863.28 2760.3 2409.45 2260.69 1706.11 554.579 418.999 276.968 1429.14 845.261 723.374 121.887 72.085 3102.98 397.063 651.289 544.592 179.854 308.211 202.641 112.347
internal_count=150892 122413 1177 28479 2758 2241 1045 121236 1704 25721 11958 11131 10624 8527 2097 1718 1229 7298 6010 5241 769 2031 13763 2005 3210 2464 1057 1594 1009 765
is_linear=0
shrinkage=0.05


Tree=199
num_leaves=31
num_cat=0
split_feature=24 3 3 25 26 1 8 8 1 6 6 6 24 4 8 25 9 21 20 21 20 13 13 21 24 18 24 17 9 21
split_gain=13.4507 11.7794 27.2489 29.0752 22.2297 21.1247 32.4983 30.8032 30.5962 52.7414 38.0506 30.7554 42.7378 42.0291 56.707 60.5262 29.7241 29.0444 25.8539 23.8217 38.2515 22.9236 22.7515 48.8943 26.4142 42.1762 32.3645 22.0714 22.6515 20.0288
threshold=548.39296975714637 3.8898269827081768 3.9115067236792789 30.500000000000004 0.62500000000000011 0.69157877138673662 114.92822521820703 117.05987981080573 0.43957530770609093 1.3874370473711581 6.8322619727355125 5.4951983024559654 2.7567381251635745 0.058615610017746934 142.1957296420637 52.500000000000007 25.499377814282038 236.18299938109405 5.0094120247848339 229.68151246688214 3.0377357216785774 6.4620069624124534 6.3102335529964098 160.07646640730619 2.7567381251635745 0.00070868661058537234 0.066412799828650546 -0.6022474974934976 26.757138909576927 159.13097134234604
decision_type=2 10 10 2 2 2 10 10 2 2 2 2 2 2 8 2 2 2 2 2 2 2 2 2 2 2 2 2 2 2
left_child=1 -1 3 -3 -4 8 16 -8 10 -10 27 12 -11 14 15 18 -7 19 21 20 -9 -14 -22 24 25 26 -24 28 -6 -29
right_child=-2 2 4 -5 5 6 7 17 9 11 -12 -13 13 -15 -16 -17 -18 -19 -20 -21 22 -23 23 -25 -26 -27 -28 29 -30 -31
leaf_value=-0.00043309452418209874 0.014071214523871859 -0.012830526298035161 0.037716514090162981 0.02944591195260092 -1.599684727714003e-05 0.021736571004088972 0.038594645957560514 0.023144839046509533 -0.036531769518015886 0.043175371433576061 -0.034554402514418422 0.0562078295757589 0.011662348471807535 -0.03865208782089502 -0.055494712653292082 0.079926010163295091 -0.029172284793458056 0.029028174396513506 0.042510853400560676 -0.02710238191033866 -0.0078858915211924424 -0.058423777555469562 0.014367796869494704 0.040401780061611048 -0.034106262474837584 0.036065451452609636 -0.046973920027269675 0.019349721542589324 -0.0411363624162309 -0.00075690052095959102
leaf_weight=27408.032820510911 168.37829325348139 53.163889245828614 41.771377832395956 173.04396271682344 116.15778820426203 34.259277607547119 50.225808520568535 145.34231465030462 40.161803044495173 101.59904576838017 70.579694273881614 61.049122850643471 27.47432274511084 45.938194733345881 22.849657106446102 40.585035735741258 175.81526305200532 75.508677281439304 27.85846022691112 94.127003793255426 914.73450637352653 20.278117112349719 41.966804444789886 83.772080297349021 56.24405609909445 66.006148938089609 44.097518377006054 248.50044692889787 47.058419582433999 246.92868524871301
leaf_count=116183 573 565 260 1216 1770 332 453 735 775 674 654 471 521 1034 554 405 2137 411 623 659 7446 462 217 934 1129 439 768 3981 618 3876
internal_value=-2.18726e-05 -9.94838e-05 0.00278758 0.01951 0.00150132 0.000979523 -0.00239954 6.87223e-05 0.0063705 0.0177181 0.000335979 0.0239856 0.0171214 0.00281179 0.0165107 0.0306704 -0.02087 -0.0012028 0.0042319 -0.00278111 -0.00108805 -0.0180998 -0.00400652 0.0081426 -0.00483018 0.00599774 -0.0170624 0.00407479 -0.0118718 0.0093283
internal_weight=30743.5 30575.1 3167.1 226.208 2940.89 2899.12 1782.1 1572.02 1117.02 387.794 729.225 347.632 286.583 184.984 139.046 116.196 210.075 1521.8 75.6109 1446.29 1352.16 47.7524 1206.82 292.087 208.315 152.07 86.0643 658.645 163.216 495.429
internal_count=150875 150302 34119 1781 32338 32078 15660 13191 16418 5519 10899 4744 4273 3599 2565 2011 2469 12738 1606 12327 11668 983 10933 3487 2553 1424 985 10245 2388 7857
is_linear=0
shrinkage=0.05


Tree=200
num_leaves=31
num_cat=0
split_feature=13 6 6 22 16 10 15 25 21 22 4 17 23 7 24 7 6 24 1 21 8 23 25 22 1 1 10 11 5 4
split_gain=14.9854 18.3112 35.4201 35.0588 19.0465 17.1978 27.8031 20.9626 14.0238 12.8812 19.9688 19.5972 35.3747 18.4183 15.469 25.8162 22.2437 21.92 26.5864 26.2838 29.7748 19.758 25.5687 31.1444 27.8464 41.8482 41.3247 26.465 28.2551 27.2784
threshold=7.3523811440876363 7.0870058743250768 4.1607089844758915 1.101679256421263 -0.0028376803627080814 33.722380125803944 39.500000000000007 127.50000000000001 227.66084421720794 16.997795832810912 0.13826443821834844 -0.83612838144726298 1.2897699889104308 7.6567236766736366 0.097473381317940519 8.0153826326268263 1.093377562001441 0.49050793529303371 9.2827133604745047 147.33051123727114 155.3540673668202 2.2110834703221816 44.500000000000007 2.5709491887756273 0.66732687864099838 0.69625797787015886 35.212616343596238 4.1000330644951601 0.0029728540728039452 0.046496371604513059
decision_type=2 2 2 2 2 2 2 2 2 2 2 2 2 2 2 2 2 2 2 2 10 2 2 2 2 2 2 2 2 2
left_child=9 2 3 -2 -5 -3 7 8 -7 14 11 -11 13 -13 15 -1 -16 18 -18 20 -20 22 23 27 -25 -26 -27 28 -19 -29
right_child=1 5 -4 4 -6 6 -8 -9 -10 10 -12 12 -14 -15 16 -17 17 21 19 -21 -22 -23 -24 24 25 26 -28 29 -30 -31
leaf_value=0.021420884055215791 -0.03686848428515669 -0.00074501766249888317 -0.043194431790337592 0.057411730244308505 -0.0019015460478899475 -0.029309824913297578 -0.032314581526088293 0.0084453338080477201 -0.00052706989114327172 0.015086829522303986 0.0012699151692220061 -0.036565512230751628 0.009340117823172657 -0.0026388479141325012 -0.0082586081018925731 0.0022162309481004189 0.020880570412096622 -0.0081770675007924072 0.0038630164408225477 0.0058716701739118422 -0.033009876134490843 0.0023555486868289312 -0.0011659194924313993 -0.051937531164359778 0.14777316171569496 -0.041393011111845096 0.11140921513092164 0.01865354997815882 -0.044984601915267666 -0.011264765068838214
leaf_weight=188.80271344259381 33.918400168418884 3698.1832295919303 78.537175582721829 27.259103894350119 26.882748186937533 93.548280016053468 114.82619176805019 171.82037425227463 77.27943809889257 572.29164077644236 5440.8560206256807 72.509123202878982 459.60954481875524 89.23911812575534 883.11992813693359 2392.414362622425 238.34590545482934 203.13101297803223 119.58421037904918 1115.2903481759131 100.97991338372231 3885.3332209181972 10257.512492444948 77.697391821420752 4.2611899173352858 29.292118598939851 5.2120863115414968 153.50346590066329 70.143153250217438 151.26414615428075
leaf_count=556 210 13598 1518 257 516 558 396 465 326 2160 16614 524 1691 597 5187 7166 1632 885 391 3153 448 20012 53837 8506 319 3083 408 2342 800 2430
internal_value=0.00020201 -0.00252792 -0.0187819 0.00299061 0.0279612 -0.00187631 -0.0110216 -0.00388601 -0.016289 0.000647098 0.00255475 0.00841122 0.00226276 -0.0178476 1.03308e-05 0.00362095 -0.000528552 -0.000112591 0.00549742 0.00275272 -0.0130183 -0.000707797 -0.00179455 -0.0110791 -0.034668 -5.48179e-05 -0.0183112 -0.00632644 -0.0176247 0.00380431
internal_weight=30832.6 4322.25 166.597 88.0603 54.1419 4155.66 457.474 342.648 170.828 26510.4 6634.51 1193.65 621.358 161.748 19875.9 2581.22 17294.7 16411.6 1574.2 1335.85 220.564 14837.4 10952 694.505 116.463 38.7654 34.5042 578.042 273.274 304.768
internal_count=150585 17844 2501 983 773 15343 1745 1349 884 132741 21586 4972 2812 1121 111155 7722 103433 98246 5624 3992 839 92622 72610 18773 12316 3810 3491 6457 1685 4772
is_linear=0
shrinkage=0.05


Tree=201
num_leaves=31
num_cat=0
split_feature=12 8 24 3 17 25 5 23 8 16 13 17 16 10 10 24 12 10 23 25 24 24 11 8 18 10 10 15 16 3
split_gain=12.2539 11.4302 10.3247 11.4956 14.2259 10.0917 28.4475 9.73346 24.6754 21.5473 23.4902 19.327 25.051 22.2027 21.4319 25.0758 21.3773 19.6347 19.1559 18.0129 41.9223 27.0778 25.3633 23.384 39.4189 20.6117 19.7195 19.4506 24.7993 22.6626
threshold=-0.51466783463099708 247.1155590647729 377.82283839199721 0.20925709967211095 3.4376566287099208e-05 186.50000000000003 0.36044607502442133 1.2779192618565285 217.57412440291952 0.037160949944044661 7.6462358567863413 -2.4838431144578013 0.010741528917886677 35.849917520445999 34.483461384077998 0.12229116991411665 -0.19715999061660486 31.805598055536269 1.1066732878013743 74.500000000000014 0.57252828930559185 2.546824939239912 3.9208068945228187 199.24702314650429 0.00089646479794230698 33.637044931641604 34.242850207675772 1.5000000000000002 2.7938000312253383e-05 3.30565868723746
decision_type=2 8 2 8 2 2 2 2 10 2 2 2 2 2 2 2 2 2 2 2 2 2 2 10 2 2 2 2 2 10
left_child=-1 2 3 4 -2 7 -7 9 -9 10 11 12 -5 14 16 -16 17 -13 -15 21 -21 25 23 24 -23 27 -27 29 -29 -18
right_child=1 -3 -4 5 -6 6 -8 8 -10 -11 -12 13 -14 18 15 -17 19 -19 -20 20 -22 22 -24 -25 -26 26 -28 28 -30 -31
leaf_value=-0.013909970859549684 0.025246669640966491 -0.011290857422606812 0.0060769757550988091 -0.0044149957741833586 0.00068687420597735656 0.0026908182818664002 -0.026580363335490017 0.00058066135433963403 0.020965125469250598 0.016826510872340331 -0.020688531226818279 0.0014606323050850691 -0.032780138441459876 -0.0014698179094386479 0.01835722615619453 0.0017971901151534427 0.0098888287176830264 -0.018753419706529936 -0.021702140884364344 0.033214984435313781 0.0012601067663223198 0.026371798928702919 -0.05165178503440742 -0.026355720581259345 -0.031773704660976058 0.012351742683493701 -0.010743388469931545 0.00044044408486428131 -0.026160532502439715 -0.0042004190837917803
leaf_weight=155.25942797702737 101.30754084698856 215.92347948579118 742.61440024338663 290.88551055686548 141.0581176429987 219.34713062644005 133.53774325177073 19933.623814499471 149.57294890657067 161.9148519244045 157.95326125971042 194.34507536189631 106.27748021949083 241.12305666226894 309.00474771670997 878.49979701230768 349.49423787742853 314.59324162604753 227.25003843917511 106.41522658616304 2892.1231485530734 76.671117780730128 45.789774051401764 125.68883457407355 47.026324974372983 419.84863432636485 118.51693662814796 157.43029921501875 197.57408860325813 1556.6107514281757
leaf_count=581 504 598 2327 1024 671 607 395 106909 420 371 1000 723 429 1210 996 4403 803 1397 1326 208 10768 251 1151 466 912 1704 556 358 528 6885
internal_value=0.000101368 0.000172431 0.000253863 0.000108034 0.0109527 1.86669e-05 -0.0083859 0.000120733 0.000732478 -0.00124815 -0.00158022 -0.0012315 -0.0120053 -0.000713347 -7.7616e-05 0.00610634 -0.0011899 -0.0110344 -0.0112863 -0.000367635 0.00239415 -0.00304365 -0.0174472 -0.0111669 0.0042665 -0.00152494 0.00726753 -0.00361842 -0.0143641 -0.00161708
internal_weight=30767.3 30612 30396.1 29653.5 242.366 29411.1 352.885 29058.2 20083.2 8975.04 8813.12 8655.17 397.163 8258.01 7789.63 1187.5 6602.13 508.938 468.373 6093.19 2998.54 3094.65 295.176 249.386 123.697 2799.47 538.366 2261.11 355.004 1906.1
internal_count=150481 149900 149302 146975 1175 145800 1002 144798 107329 37469 37098 36098 1453 34645 32109 5399 26710 2120 2536 24590 10976 13614 2780 1629 1163 10834 2260 8574 886 7688
is_linear=0
shrinkage=0.05


Tree=202
num_leaves=31
num_cat=0
split_feature=3 8 19 13 21 21 5 22 16 1 13 2 17 23 1 23 13 15 1 2 12 5 4 4 13 7 23 23 8 3
split_gain=19.9529 36.8621 33.2754 25.7276 38.6742 35.776 29.1441 28.3659 27.1281 27.0862 13.024 28.8397 26.9533 33.5416 20.4031 24.1888 29.8164 42.9135 22.5351 19.8463 30.6222 25.6849 55.2264 30.5977 24.943 24.4024 26.6983 19.6584 19.3973 19.3284
threshold=4.3148495752723326 148.62888703748717 23.671872198816491 6.3646973430799862 159.13097134234604 154.55173936103765 0.025612368846317648 1.4254578373378421 -0.00098523602083931444 0.32827899842389735 6.9675568081070782 0.72238700735767825 -0.94873985100016955 1.25177703696017 0.4252662743276206 1.4530529406201806 7.1103581341341675 18.500000000000004 0.23213764256101957 0.76438282994497364 -0.14199518951427398 0.051766719003364443 0.096568717407768234 0.051152635627691824 7.3136103181063286 7.4832597616794674 1.3269179166571148 1.4530529406201806 79.536225610397281 2.425379724712037
decision_type=8 8 2 2 2 2 2 2 2 2 2 2 2 2 2 2 2 2 2 2 2 2 2 2 2 2 2 2 10 8
left_child=10 2 3 4 5 8 -6 -5 -2 -8 -1 12 13 -12 18 -16 -17 -18 27 20 29 23 24 -22 -23 -24 -27 -14 -28 -13
right_child=1 -3 -4 7 6 -7 9 -9 -10 -11 11 19 14 -15 15 16 17 -19 -20 -21 21 22 25 -25 -26 26 28 -29 -30 -31
leaf_value=0.00043753877989690304 0.037188503506427481 -0.041201420011949694 -0.033961670119795173 -0.044504009926374516 0.025005730541312401 0.063721418110652669 0.0052518736605288311 0.012831935247233625 -0.01909437174105361 -0.048768071848965013 -0.026885003292509681 0.0014615101233115396 -0.037500200028748001 0.0012260682321791852 0.0053438549487871308 0.0029701853834191716 -0.042903555930230215 -0.0097189242211695274 -0.037117092607495648 -0.0014945369114311555 0.0027031190692917402 0.056853967445847135 -0.0046166383856021771 -0.061250975331705752 0.015456379927419502 -0.0071955228324142645 0.030162994256776474 -0.0049856313119800112 0.0065315862908553127 -0.025538654843362686
leaf_weight=22295.130593658076 43.730206822743639 80.370748607441783 78.03077614470385 53.061948731541634 43.37367307592649 47.534949300577864 42.053582891938277 36.348728064447641 41.944968299707398 51.772890345659107 115.66509805247188 171.96508613228798 59.463966035284102 1284.9157010002527 282.17670593981165 227.72877324791625 135.04414172191173 349.7025861274451 134.12842990178615 3828.9723753412254 66.042431413428858 89.155572586227208 289.1718605812639 26.09065048606135 61.476214495953172 114.65571673726663 212.67861295584589 213.01603318750858 146.75680241570808 107.85564042208716
leaf_count=103132 475 1483 1025 430 559 413 438 727 433 679 748 521 488 5032 1398 1642 1310 1011 1269 20177 956 606 848 424 343 504 671 1268 793 866
internal_value=-0.000347939 -0.0100759 -0.0043626 0.00205626 0.00974419 0.0289343 -0.00888784 -0.0211948 0.00963346 -0.024556 -0.000181075 -0.00192323 -0.00600068 -0.00109545 -0.0109035 -0.00704598 -0.011953 -0.0189637 -0.0203399 0.000310345 0.00568488 0.00975426 0.0122909 -0.0154077 0.0399587 0.00683063 0.0138129 -0.0120814 0.0205143 -0.00894558
internal_weight=30730 518.222 437.852 359.821 270.41 133.21 137.2 89.4107 85.6752 93.8265 30211.8 7916.66 2801.84 1400.58 1401.26 994.652 712.476 484.747 406.608 5114.82 1285.85 1006.03 913.895 92.1331 150.632 763.263 474.091 272.48 359.435 279.821
internal_count=150669 6662 5179 4154 2997 1321 1676 1157 908 1117 144007 40875 14166 5780 8386 5361 3963 2321 3025 26709 6532 5145 3765 1380 949 2816 1968 1756 1464 1387
is_linear=0
shrinkage=0.05


Tree=203
num_leaves=31
num_cat=0
split_feature=13 25 24 1 20 10 9 16 16 17 9 18 2 10 3 3 25 24 24 9 9 3 7 24 10 23 23 23 24 16
split_gain=15.8562 24.8003 39.0303 41.7023 38.8877 26.7945 20.3439 26.6185 24.6951 24.0995 21.9472 19.1431 19.5869 18.9835 18.8592 18.0371 17.1924 32.1468 36.7736 27.4083 25.8345 21.41 43.3463 17.1809 16.5425 24.2871 20.2412 16.2132 34.5012 54.5945
threshold=7.4588577605596358 107.50000000000001 36.737214393353817 0.81802802204826419 4.2234355334027711 32.143373913285011 29.519324019304104 0.014175800366122522 -0.0065004524478703522 1.0844343381669617 29.414915872494191 0.0064029954949488084 0.34710649698210055 30.125160217007686 2.8351374065651873 3.3143563343091964 20.500000000000004 3.1010218172462518 0.9929042403573296 26.983471499060595 26.857425023176848 4.370199378434303 7.7007281047723657 0.041947297468363169 31.077727755419922 0.94440544855592579 1.229283394220789 2.3661132098830411 6.8948469659205651 0.0025814381890543379
decision_type=2 2 2 2 2 2 2 2 2 2 2 2 2 2 10 10 2 2 2 2 2 10 2 2 2 2 2 2 2 2
left_child=6 2 3 4 14 -3 10 8 -8 13 16 12 -12 -10 -2 -11 17 18 19 20 23 -19 -23 -1 -21 -26 -27 -18 29 -29
right_child=1 5 -4 -5 -6 -7 7 -9 9 15 11 -13 -14 -15 -16 -17 27 21 -20 24 -22 22 -24 -25 25 26 -28 28 -30 -31
leaf_value=-0.0029286651583496567 0.0088080499036942428 0.0030039386476931845 -0.021852456646402767 0.027467694177886828 -0.039991867531371954 -0.0073798989840238713 0.023931137448283481 0.030981357700635582 0.020167483375872378 -0.0015661806745364899 -0.033151794468797076 0.012168169541244056 -0.0068066521026605127 -0.0042307643995454381 -0.018173745400086629 0.020657781418255205 0.0010633414757856199 -0.039210449467800362 0.011101147059925326 0.018660434515726649 -0.039597480436194182 -0.053093794619889979 0.093798558047330061 -0.020260866271086152 0.017287929955336744 -0.026374770819500615 0.0018857989510180058 -0.0027119193490566678 0.0019896390407922312 -0.02656602671502702
leaf_weight=354.18974013440311 193.78344851918519 1647.0717360554263 411.09375426091719 102.3443475891836 77.860750852152705 997.49737734440714 141.53290879307315 97.42739644786343 87.338219655677676 144.20360384881496 75.530962984194048 123.59862875216641 1070.0866842096439 914.68800203863066 97.2699622400105 248.85452339239419 19992.100977273658 99.463159158360213 363.28333739191294 114.34244352579117 83.6939892093651 10.47381980228238 9.6488098844420147 239.7732127616182 103.02253334224224 120.30914050340652 133.85269670933485 848.0865592956543 1484.0032538082451 334.45612713694572
leaf_count=1124 740 4949 2792 436 549 3235 817 284 352 339 620 342 5780 5281 884 792 95860 5103 2104 297 477 499 346 2221 223 596 459 5800 4833 2313
internal_value=-0.000180334 -0.00333454 -0.0105932 -0.000771421 -0.00860553 -0.000912711 0.000228751 0.00563753 0.00403063 0.0020117 -0.000117032 -0.00652665 -0.0085436 -0.00210417 -0.000209258 0.0125043 0.000217877 -0.00473854 -0.00276535 -0.00714887 -0.01359 -0.0296945 0.0173412 -0.00992539 0.00210809 -0.00319068 -0.0114915 0.000574878 -0.00308732 -0.00945853
internal_weight=30720.9 3526.92 882.352 471.259 368.914 2644.57 27194 1634.04 1536.62 1395.08 25559.9 1269.22 1145.62 1002.03 291.053 393.058 24290.7 1632.05 1512.47 1149.18 677.657 119.586 20.1226 593.963 471.527 357.184 254.162 22658.6 2666.55 1182.54
internal_count=150447 13585 5401 2609 2173 8184 136862 7865 7581 6764 128997 6742 6400 5633 1624 1131 122255 13449 7501 5397 3822 5948 845 3345 1575 1278 1055 108806 12946 8113
is_linear=0
shrinkage=0.05


Tree=204
num_leaves=31
num_cat=0
split_feature=2 21 20 2 23 11 7 24 25 4 4 10 21 10 2 17 4 23 25 11 11 17 13 6 11 4 20 9 21 7
split_gain=11.4075 25.6415 29.1707 18.6725 14.1267 10.9296 33.8651 33.8314 52.7204 51.3335 31.5548 31.9356 31.6742 30.5978 27.5287 42.7283 26.1485 33.0317 51.9157 32.8699 43.8586 23.4407 22.1963 46.424 22.5044 58.4526 42.3872 34.607 34.567 37.9066
threshold=0.89392083066644867 144.23116374156788 4.0664952497237179 0.9177449086175381 1.6616881083801709 3.9824452957511487 8.4011565385481202 0.352078941542118 58.500000000000007 0.016116440051053799 0.0004847025783103318 35.849917520445999 152.64095262627862 36.392563090333795 0.38974878582977385 -0.084880170053922233 0.013932346869620369 2.4760303984172802 59.500000000000007 4.2989027274931084 4.1000330644951601 -2.2104575779196494 5.5103466063855278 5.1054000108533835 4.5738624666040808 0.027545110032033356 4.0459941916153666 25.761373708557731 157.67909552021914 7.6567236766736366
decision_type=2 2 2 2 2 2 2 2 2 2 2 2 2 2 2 2 2 2 2 2 2 2 2 2 2 2 2 2 2 2
left_child=5 -2 4 -4 -3 -1 7 8 10 16 -7 12 -12 21 15 -15 17 18 -9 20 -20 -11 23 -23 -24 27 -27 -26 29 -28
right_child=1 2 3 -5 -6 6 -8 9 -10 13 11 -13 -14 14 -16 -17 -18 -19 19 -21 -22 22 24 -25 25 26 28 -29 -30 -31
leaf_value=-0.00035168373024276712 -0.012934771012185101 0.0061364297190728626 0.030998140164004612 0.0087263106931502379 -0.016344657188062408 0.022186914398160045 0.049699958693530583 -0.036452245997218212 0.026653121548147182 -0.034794990947991163 0.01368552151101346 -0.033468248820440985 -0.0063935174309010818 0.0032113942986734694 -0.00542471346528143 0.07375997404883694 -0.047537406828667916 0.038504361865590093 -0.014674028359446903 -0.033049308266230808 0.03084043709443765 -0.035119097623826957 -7.5526392505146679e-05 0.037022938821378422 0.0014593241407494029 -0.022288883724658926 -0.015607872238162313 0.06405075997595383 -0.0048760431698375711 0.040546280813263003
leaf_weight=25070.666694572428 148.03289186116308 215.72237471165136 180.64435206865892 196.45342971221544 103.35996710276231 181.38966966420412 37.298244828358293 170.20293462113477 310.25545066967607 45.711989287985489 339.23496058117598 68.638091151136905 466.49875015253201 39.109802689868957 47.524948075297289 47.564677726011723 55.492133749183267 31.151197265833616 105.68399589136243 62.880130680743605 106.03386167366989 99.716547918738797 2068.7181173951831 28.723632682580501 31.744393981993198 117.82530594244599 38.724779368145391 72.566532514523715 149.18476316030137 134.20903082750738
leaf_count=94124 696 612 550 730 612 709 175 3585 811 498 2112 601 2987 418 678 525 871 172 649 1102 812 1484 28339 207 394 1692 455 856 1807 1394
internal_value=0.000230545 0.00596243 0.00998066 0.0193954 -0.00114584 6.88522e-05 0.00223997 0.00187262 0.00853327 -0.000762532 0.00320841 -0.000728703 0.00206028 0.00183778 0.0251578 0.0419266 -0.0150563 -0.0112693 -0.0147551 -0.00130673 0.00812081 0.000714928 0.00130704 -0.0189857 0.00230453 0.0113511 0.00337234 0.0450026 0.0127588 0.0279718
internal_weight=30771 844.213 696.18 377.098 319.082 29926.8 4856.08 4818.79 1366.02 3452.77 1055.76 874.372 805.734 2921.32 134.199 86.6745 531.444 475.952 444.801 274.598 211.718 2787.13 2741.41 128.44 2612.97 544.255 439.944 104.311 322.119 172.934
internal_count=150657 3200 2504 1280 1224 147457 53333 53158 7220 45938 6409 5700 5099 38747 1621 943 7191 6320 6148 2563 1461 37126 36628 1691 34937 6598 5348 1250 3656 1849
is_linear=0
shrinkage=0.05


Tree=205
num_leaves=31
num_cat=1
split_feature=24 12 13 12 18 7 21 18 17 12 20 20 17 24 6 3 17 9 18 3 19 3 18 12 3 10 18 0 15 20
split_gain=15.2067 14.1972 15.2196 17.2523 18.3828 16.9718 11.3156 29.0087 16.5136 20.5246 22.1053 32.7579 31.4104 32.0983 28.9838 35.4823 38.8997 30.9065 26.3287 20.6681 29.2124 27.7759 23.5247 19.6485 17.5844 17.4247 26.3665 16.5323 22.0364 18.7985
threshold=0.034748589486260979 -0.13530691815037346 6.59877216823888 -0.047473109547206072 0.00014295225762712627 8.0776072210802869 145.66394439793723 4.8632946525505867e-05 0.74794465483684103 0.078851858723582871 4.1373731611531603 4.0254621677892626 0.055962702224032261 0.71339184785876586 2.5085486876934158 3.0655075679445543 -0.54758048925307978 25.734402928001987 0.011413473174721569 2.8508205268389348 13.482338406889149 3.9392663287911298 0.0019708321662927661 0.16303574486677713 3.5803391538623353 33.679033842174512 0.0051891974103344856 0 74.500000000000014 3.9284465107663658
decision_type=2 2 2 2 2 2 2 2 2 2 2 2 2 2 2 10 2 2 2 8 2 10 2 2 8 2 2 1 2 2
left_child=1 -1 3 -3 5 -5 7 -2 9 10 11 12 14 -14 -9 27 17 -17 -12 25 21 22 -21 -11 -22 26 -13 -16 29 -29
right_child=6 2 -4 4 -6 -7 -8 8 -10 23 18 19 13 -15 15 16 -18 -19 -20 20 24 -23 -24 -25 -26 -27 -28 28 -30 -31
leaf_value=0.017253166818681609 -0.032130331387341914 -0.0076761986407866889 -0.010011486058060582 0.0048321466498637208 -0.0012391711077905019 0.023145958440324813 0.00015926168834361559 -0.022785923902129589 -0.021274951012049691 -0.014960345178607684 0.0063101317919453774 0.010755918083398609 -0.0032861208524090388 0.045389518971589118 0.0027531399790927061 0.017514671215469263 -0.01761794015050416 0.069218470240224705 -0.01910634712569953 -0.024149309392641195 0.0091832637291323089 0.0044888722198125888 -0.062914363470006937 -0.00080536945716634537 -0.022963945731208191 -0.016936273523356738 -0.013653206944106201 -0.0037874683457509214 0.0082243953010718469 -0.037805460864013957
leaf_weight=203.56518033519387 80.919702536892146 200.91595743224025 189.93531069159508 240.30297412350774 293.99982669949532 267.13988230004907 24186.630343784927 128.94499746884685 108.20042474474758 498.45272619579919 1501.8980444304179 275.47009902866557 58.818516823463142 79.844879085547291 613.8260740423575 71.947727850871161 41.981012145057321 48.310582923935726 109.30745622795075 86.440075381658971 102.32204408291727 40.995168746914715 71.516347045777366 482.45068407966755 72.805801663198508 193.27192983962595 184.88856788165867 71.486088180914521 84.860857423394918 94.029271599836648
leaf_count=454 491 581 509 638 836 595 120887 1133 834 2621 7748 920 273 695 1710 654 560 355 330 790 593 505 690 1849 884 713 551 350 252 559
internal_value=-4.91658e-05 0.00504951 0.00296593 0.00542501 0.00870938 0.0144733 -0.000292154 -0.00243173 -0.0019532 -0.00152775 8.60478e-05 -0.00303661 0.00225611 0.0247422 -0.000442551 0.0023643 0.0238198 0.0382853 0.00458583 -0.00970099 -0.0190738 -0.032183 -0.0417006 -0.00799832 -0.00418128 -0.00433684 0.000952761 -0.00166361 -0.0124918 -0.0231131
internal_weight=30685.5 1395.86 1192.29 1002.36 801.443 507.443 29289.6 5102.99 5022.07 4913.87 3932.97 2321.76 1294.05 138.663 1155.39 1026.44 162.239 120.258 1611.21 1027.71 374.079 198.952 157.956 980.903 175.128 653.631 460.359 864.202 250.376 165.515
internal_count=150560 3613 3159 2650 2069 1233 146947 26060 25569 24735 20265 12187 6541 968 5573 4440 1569 1009 8078 5646 3462 1985 1480 4470 1477 2184 1471 2871 1161 909
cat_boundaries=0 1
cat_threshold=1
is_linear=0
shrinkage=0.05


Tree=206
num_leaves=31
num_cat=0
split_feature=13 17 18 16 12 25 24 23 24 4 24 21 6 20 18 13 2 2 9 20 18 10 16 15 20 6 9 20 13 2
split_gain=10.84 15.7254 10.3681 19.2712 34.2781 18.9931 19.1724 28.0424 30.7898 22.2028 15.7993 37.143 18.3433 15.1202 13.2941 13.0975 40.1213 31.2624 36.108 23.2905 25.8451 22.5277 22.2418 23.2955 21.2577 33.1433 21.0875 19.9615 19.8913 19.1477
threshold=8.2752232314492211 -0.6859842488023975 0.0079230041823340636 0.030337270999544304 -0.053007977812068514 127.50000000000001 217.74479037150726 2.4760303984172802 31.068846132255569 0.75474897243868699 12.656070616459729 158.03169255661302 50.684187562942633 4.9850991684287829 0.010431721660544605 5.769216841561863 0.49375053675848657 0.52004164336809444 29.44338106491865 4.0459941916153666 0.00093567980922615096 31.934327720778683 2.7938000312253383e-05 26.500000000000004 2.8535253042925541 9.6050531473905156 29.4501466850956 3.0098863289785291 7.1390671937727062 0.30360661437303466
decision_type=2 2 2 2 2 2 2 2 2 2 2 2 2 2 2 2 2 2 2 2 2 2 2 2 2 2 2 2 2 2
left_child=2 -2 3 15 -5 10 7 8 9 -7 11 -4 14 -9 -12 21 19 18 -18 28 -21 22 -1 -24 25 26 -19 -20 -17 -23
right_child=1 -3 5 4 -6 6 -8 13 -10 -11 12 -13 -14 -15 -16 16 17 24 27 20 -22 29 23 -25 -26 -27 -28 -29 -30 -31
leaf_value=0.0066240299482736992 -0.018696938187441798 0.0021318726620781934 -0.020791492936739202 0.018017666281112114 -0.011042897483378842 -0.034427354816859664 0.0046552366495958382 0.0089313434728784738 -0.0063248828976386956 -0.0092885055269676733 0.0075831697395177984 0.010270966839307333 0.019257402990820745 -0.00849373257487431 -0.0066649119317155753 -0.00084950908933462675 0.0045072303638816914 -0.041492974604514454 0.045130072534664105 -0.028494328657500179 -0.0079583544413202294 -0.003995586972821371 -0.029902361207859409 -0.0012878078844796885 0.00029710500425152208 0.0067735053545044388 -0.0048204246068086539 0.013586335396241961 -0.02279031698745787 0.0056896489128634379
leaf_weight=170.05378433340229 187.23389816377312 175.60992886312306 199.7639318886213 370.53467594366521 139.74134697951376 191.94854791462421 455.97948635183275 372.30692228674889 1326.6931202020496 161.92875589430332 449.42905889544636 185.69989500939846 208.88298027589917 187.035963088274 257.52121893200092 1738.3232564126374 1022.9523250607308 104.78035667305812 90.162226643646136 182.28089114907198 960.67854039778467 610.62561998842284 148.79843090893701 136.26279753819108 17203.332644731272 118.61599944997579 62.630869351327419 113.02710025105625 109.8257274129428 3106.3604059724603
leaf_count=594 715 475 807 979 408 531 1474 794 3564 366 1171 649 412 449 819 11281 6007 762 341 1897 5956 3595 573 456 90356 409 308 560 486 13330
internal_value=-2.51128e-05 -0.00861617 7.74737e-05 0.000436932 0.0100593 -0.00229563 -0.0046902 -0.00659265 -0.0098202 -0.0229242 0.0026652 -0.00582694 0.00623944 0.00310466 0.00239301 0.000247198 -0.000245946 0.000613418 0.00833128 -0.00562302 -0.0112335 0.00281293 -0.00768699 -0.0162243 7.23346e-05 -0.0134467 -0.0277733 0.0275834 -0.00215334 0.00409856
internal_weight=30749 362.844 30386.2 26389 510.276 3997.19 2695.89 2239.91 1680.57 353.877 1301.3 385.464 915.833 559.343 706.95 25878.7 21706.6 18715.5 1226.14 2991.11 1142.96 4172.1 455.115 285.061 17489.4 286.027 167.411 203.189 1848.15 3716.99
internal_count=150524 1190 149334 138298 1387 11036 7178 5704 4461 897 3858 1456 2402 1243 1990 136911 118363 98743 6908 19620 7853 18548 1623 1029 91835 1479 1070 901 11767 16925
is_linear=0
shrinkage=0.05


Tree=207
num_leaves=31
num_cat=0
split_feature=10 24 21 25 24 11 23 20 9 12 11 19 12 21 23 7 5 6 17 10 9 21 16 16 17 2 25 10 10 1
split_gain=16.276 20.4895 27.0072 20.1834 25.5071 37.9965 33.8424 41.2359 31.4984 28.6185 24.1793 36.247 50.7634 22.3238 21.3595 19.7498 29.0571 30.3949 26.5022 31.2526 19.4752 19.8451 19.4109 25.9475 19.2459 18.4122 19.0595 39.1148 18.1501 18.0338
threshold=30.467106988597489 0.022155949045215877 152.30027842480069 36.500000000000007 4.273220115194837 3.4605096469104741 1.2739393679882427 4.9629566428547074 26.680309264216266 -0.14906808603569091 4.5738624666040808 11.588167708164699 0.0025407345923941292 161.93192782769549 2.2399039420396005 7.6472899800402825 0.06692062523582655 2.286507694502895 0.61816126932069759 33.346560965255676 25.546907906469269 146.21548442366819 -0.0057623109645700632 2.0341256221374762e-05 0.98333267002376668 0.22251522809401764 38.500000000000007 34.540382701901159 32.989454759752348 0.73015604358351927
decision_type=2 2 2 2 2 2 2 2 2 2 2 2 2 2 2 2 2 2 2 2 2 2 2 2 2 2 2 2 2 2
left_child=-1 2 -2 4 6 -6 8 15 -3 -10 14 12 -12 -11 -7 -8 18 29 20 24 -17 -22 -9 28 -20 -5 27 -27 -24 -18
right_child=1 3 -4 25 5 10 7 22 9 13 11 -13 -14 -15 -16 16 17 -19 19 -21 21 -23 23 -25 -26 26 -28 -29 -30 -31
leaf_value=0.0034857200821896573 0.019209113999667363 -0.04005689308743015 0.00074624410699923897 0.012969894332205462 0.089211752288983856 -0.042116662146944706 -0.025739094845292451 -0.003168906932676835 -0.0361809631609235 -0.026255766119350488 0.10771121649211797 -0.052903001761375849 -0.0076505993443370243 -0.0012890123948945396 -0.0030759751577446957 0.0041169789481159697 -0.014596229899761871 0.036078402598190305 0.023202692820116957 -0.016528661930890882 -0.0022100736767919275 -0.025354622926555517 0.017541707069964149 -0.00077042023683936232 -0.00057530034479926211 0.0034322512425800085 -7.6638132462899123e-05 0.051770829090738137 0.045959672165532144 0.022161539339248366
leaf_weight=3771.2501570165623 315.92957692220807 82.0672975811176 530.94644367322326 280.15467165783048 7.8186790379695585 135.1869262085529 89.476531751453876 114.10999391414225 79.446817553136498 103.49188510980457 13.970008399453944 19.514909956953488 30.044591822312213 663.82004826981574 47.290058279410005 133.84907403774559 86.509302133694291 95.89143044501543 175.77839793171734 137.78478812146932 137.67386152036488 283.00811455771327 127.87649443931878 97.670920331031084 164.96334227267653 193.35871930816211 22684.028736464214 53.409578324994072 100.22261476889253 54.320075456053019
leaf_count=16570 744 978 1379 1057 110 9145 666 822 363 892 571 1019 1374 2732 542 836 673 458 865 890 876 1985 528 481 492 1542 100882 398 490 340
internal_value=0.00040856 -2.06156e-05 0.00763387 -0.000268104 -0.00414054 -0.0193011 -0.00272992 0.00127152 -0.0104807 -0.0076142 -0.0227499 0.00381665 0.0289646 -0.00465643 -0.031999 -0.00303466 -0.00143476 0.0143659 -0.00505543 0.00356559 -0.0124948 -0.0177803 0.0145779 0.0207942 0.011691 0.000229367 7.3711e-05 0.0138945 0.030028 -0.000418188
internal_weight=30810.9 27039.6 846.876 26192.7 2981.79 253.825 2727.96 1799.13 928.826 846.759 246.006 63.5295 44.0146 767.312 182.477 1359.25 1269.78 236.721 1033.06 478.527 554.531 420.682 439.88 325.77 340.742 23211 22930.8 246.768 228.099 140.829
internal_count=150700 134130 2123 132007 28128 12761 15367 10402 4965 3987 12651 2964 1945 3624 9687 8081 7415 1471 5944 2247 3697 2861 2321 1499 1357 103879 102822 1940 1018 1013
is_linear=0
shrinkage=0.05


Tree=208
num_leaves=31
num_cat=0
split_feature=16 13 25 24 23 15 18 23 20 3 23 23 6 19 5 10 12 13 23 22 6 25 13 22 16 25 24 18 20 17
split_gain=15.2456 17.8748 9.1984 64.2176 52.0281 42.2265 24.8633 22.3361 24.0124 22.2001 21.0577 21.015 18.3472 22.2916 17.4761 19.8651 21.1594 30.9191 21.3713 16.6398 16.5849 20.327 15.9043 34.9361 36.6601 33.2777 28.6894 23.1236 23.1068 24.8257
threshold=-0.03591948568308085 6.2949870327751221 138.50000000000003 31.691187017188927 2.5216364978547481 22.500000000000004 0.010029520495773389 2.0074336779859112 4.0802263374738361 0.050007442200199967 1.8347222441656523 1.2404628104616853 35.481019402158402 0.35157510300964917 0.3212704074777526 31.460970718669184 -0.12908561040044222 7.2638722794929587 1.3624580748834054 16.279356589245854 38.268351862320678 109.50000000000001 6.9517277647060274 8.3719170487405403 -0.00010770265997452347 117.50000000000001 95.762709181904938 0.0062191421276520187 5.1581559870317903 -0.82048852785469439
decision_type=2 2 2 2 2 2 2 2 2 8 2 2 2 2 2 2 2 2 2 2 2 2 2 2 2 2 2 2 2 2
left_child=1 -1 9 4 7 -5 -6 -4 -9 -2 11 12 13 -7 15 -13 -17 18 -18 -16 22 -22 -11 28 26 -26 -25 -27 -24 -30
right_child=2 -3 3 5 6 10 -8 8 -10 20 -12 14 -14 -15 19 16 17 -19 -20 -21 21 -23 23 24 25 27 -28 -29 29 -31
leaf_value=-0.0012389547897774041 0.027461099522694533 -0.022342913003451134 -0.042757374822824532 0.015648534370592753 -0.012229776887795031 -0.016071123381053227 0.011066840494440552 -0.029279215232523755 -0.0024099393974792108 0.00099749315272918467 0.0038939100691992527 0.0060544614687301022 0.014447499383972127 0.007751676810943066 -0.024235350281403497 0.0045264558889441271 -0.023466624922727015 -0.029505327653684535 -0.00077851793417425363 -0.007282107795335631 0.020699606935220664 0.0034273486343813623 0.00049218814137525272 -0.039496510356511756 -0.009488535243292252 0.0068899452632646893 -0.011082747161858151 -0.016216507377115715 0.040755351032226744 -0.00028108970466632322
leaf_weight=262.80435361992568 77.124035127460957 162.29843091522343 130.42873028665781 432.1185798458755 250.23654432967305 168.43825145810843 211.18263582512736 206.81175711750984 139.06073709577322 17184.028165182681 1650.3403756674379 494.08743988163769 281.38299623131752 235.47384641319513 190.90225602313876 340.75101933442056 130.02173161506653 166.83512059785426 514.56166721321642 598.53676302731037 195.92044960707426 1304.5820262823254 2841.5867587032262 131.66149476519786 1128.6354980523465 743.32630059123039 273.14290532423183 126.73569150455296 75.742373467888683 71.785847068764269
leaf_count=698 377 512 429 1147 652 524 414 665 331 93079 5421 1274 767 645 517 1010 419 535 1470 1887 362 3074 18984 1510 8848 2609 1186 416 405 563
internal_value=0.000106924 -0.00929616 0.000238867 -0.00148899 -0.0135333 0.000681519 -0.00156737 -0.0251253 -0.0184762 0.000678172 -0.000673978 -0.00308942 0.0046456 -0.00218284 -0.0052657 -0.00233285 -0.00592959 -0.0103206 -0.00535504 -0.0113817 0.000592381 0.00568259 0.000254072 -0.0021149 -0.00660294 -0.00382391 -0.0203242 0.00352419 0.00149386 0.0207874
internal_weight=30720.5 425.103 30295.4 6141.17 937.72 5203.45 461.419 476.301 345.872 24154.3 4771.33 3120.99 685.295 403.912 2435.7 1646.26 1152.17 811.419 644.583 789.439 24077.1 1500.5 22576.6 5392.62 2403.5 1998.7 404.804 870.062 2989.11 147.528
internal_count=150730 1210 149520 18107 2491 15616 1066 1425 996 131413 14469 9048 1936 1169 7112 4708 3434 2424 1889 2404 131036 3436 127600 34521 14569 11873 2696 3025 19952 968
is_linear=0
shrinkage=0.05


Tree=209
num_leaves=31
num_cat=0
split_feature=20 23 13 11 1 17 1 9 17 9 8 13 17 21 22 25 9 26 3 4 11 24 22 13 21 18 18 9 22 25
split_gain=12.7448 16.1875 14.9603 17.1264 19.5092 51.6755 21.1221 27.4155 23.3802 23.5984 19.9946 16.0015 17.0656 15.3652 14.9828 17.8861 14.6646 24.3537 31.4442 42.0807 43.7904 35.9992 40.0057 31.6867 27.1464 24.0805 22.4268 22.1441 35.3376 51.2327
threshold=5.1738765028788256 1.0417249358926597 7.2761588313877006 2.6052762635623066 0.29130095936633221 -1.4763409003282286 0.57567405069412192 26.867769457143577 -1.4763409003282286 26.802490744892349 166.83692132901703 6.5850140993684345 -0.32293600085844371 160.45066130846195 0.2288054717628896 83.500000000000014 25.761373708557731 0.87500000000000011 3.6987340317353872 0.0013211853660012368 4.1858749764411201 16.449358488282513 5.7087716919793206 7.5536635176246669 155.51929422893383 0.0039444922930329121 0.0048445443244368438 25.795711967569893 0.99826376477479439 75.500000000000014
decision_type=2 2 2 2 2 2 2 2 2 2 10 2 2 2 2 2 2 2 10 2 2 2 2 2 2 2 2 2 2 2
left_child=16 -2 3 -3 5 -5 8 10 -6 -10 11 12 -8 -7 -9 -16 17 26 23 -20 -21 24 -23 -19 -22 -25 -1 28 -18 -30
right_child=1 2 -4 4 6 13 7 14 9 -11 -12 -13 -14 -15 15 -17 27 18 19 20 21 22 -24 25 -26 -27 -28 -29 29 -31
leaf_value=0.0095668468148942341 -0.019838088031009588 0.0057044718690889814 -0.018453582133959152 0.016238593700928498 -0.015593950603420371 -0.070164353715129732 0.0026897917413184601 -0.0045654125921327495 0.0018109183351207245 0.046304380046616508 0.021204699114018195 0.010383911039982697 -0.032986430459070147 -0.025794688623370934 -0.050847294299373916 -0.012972833331542153 -0.012007428005685664 -0.00046264252089543608 0.014618222183281763 -0.029067992574275628 -0.0041337240830021165 0.085965709567151494 -0.0081155061549513692 -0.044197667198547168 -0.02783343886669859 -0.0074992959436506416 -0.007641322699466351 0.00052416308638080172 0.048541357919778566 0.0084241481816055598
leaf_weight=780.6340359186288 152.87472621025518 544.05559814348817 137.85069164866582 49.594364753458649 50.639001499395818 40.913977999123745 60.439482171554118 77.794157322030514 57.303237946471199 62.092545691877604 93.305464151315391 86.895181337604299 75.258861688431352 37.301800745073706 64.426326527376659 60.391630823723972 158.65698324982077 5027.5457779085264 148.58308337721974 323.95266187540255 503.2999207311077 21.372500395169482 23.974422108614817 71.365080466726795 158.99827943299897 119.63617190718651 249.96519967075437 20842.192917062901 93.529911990975961 533.73824925906956
leaf_count=3465 719 1508 728 221 245 465 371 293 621 523 352 569 531 337 640 201 836 19408 840 2648 5812 708 1389 628 1958 392 731 100658 1046 1677
internal_value=-6.63004e-05 -0.00433941 -0.002758 -0.00116757 -0.0057474 -0.0236879 -0.00241723 -0.00743213 0.0128754 0.02495 0.00177549 -0.00636874 -0.0170964 -0.0490041 -0.021788 -0.0325222 0.000176511 -0.00174 -0.00288888 -0.0102593 -0.0138425 -0.00687242 0.036226 -0.00122205 -0.00982333 -0.0212112 0.00539312 0.000834839 0.00907376 0.0144059
internal_weight=30708.6 1651.14 1498.26 1360.41 816.356 127.81 688.546 518.511 170.035 119.396 315.899 222.594 135.698 78.2158 202.612 124.818 29057.4 7429.33 6398.73 1180.18 1031.6 707.645 45.3469 5218.55 662.298 191.001 1030.6 21628.1 785.925 627.268
internal_count=150520 8324 7605 6877 5369 1023 4346 2957 1389 1144 1823 1471 902 802 1134 841 142196 37979 33783 13355 12515 9867 2097 20428 7770 1020 4196 104217 3559 2723
is_linear=0
shrinkage=0.05


Tree=210
num_leaves=31
num_cat=1
split_feature=1 18 17 17 6 19 24 21 3 10 9 9 9 22 20 3 11 16 3 4 10 13 12 21 0 24 20 2 21 21
split_gain=19.65 20.5301 20.0553 19.614 30.8433 22.3316 45.3483 23.8645 33.8653 28.2793 27.3498 26.3541 33.0258 24.8853 22.804 22.2399 47.0193 35.054 40.6175 22.4012 23.2392 25.3544 22.7269 21.9563 21.3275 29.1976 20.9071 20.6009 20.4308 32.9353
threshold=19.924759162697679 0.0027216783935221666 0.98333267002376668 1.1727062137820681 1.8794563973331615 26.278862993504593 0.01124432709555739 140.5862419409377 4.0046211924602799 31.077727755419922 25.73949583811812 25.789884906904565 25.860324183569912 1.2684238792628253 4.0978415701712665 4.350738414285078 4.3706513807492575 -0.0010735181316928639 4.4768953906104123 0.016116440051053799 34.599231650418901 6.1745281620653349 -0.058460223075271295 219.75239898073986 0 2.0634515258286892 5.0396597214051155 0.72082309992777505 147.68631414778304 156.01939479007999
decision_type=2 2 2 2 2 2 2 2 10 2 2 2 2 2 2 8 2 2 8 2 2 2 2 2 1 2 2 2 2 2
left_child=3 2 -2 4 5 7 -7 8 10 -9 -1 13 -13 28 -10 16 19 18 -17 20 21 23 -23 -14 25 -21 -24 -8 -11 -30
right_child=1 -3 -4 -5 -6 6 27 9 14 11 -12 12 15 -15 -16 17 -18 -19 -20 24 -22 22 26 -25 -26 -27 -28 -29 29 -31
leaf_value=0.013785389669773255 0.0074447944245131003 -0.01030335404434733 -0.0012526060889230684 0.007621894701754818 -7.2398075774036941e-05 0.026793200313483798 -0.02816767331461131 0.0033681468376375863 0.010413068453589278 -0.029295518114074177 -0.019533441915322625 0.023395290661455223 -0.032634720966467128 -0.054015999054189037 0.067284026809040054 0.074906000274523335 -0.031215195085102461 -0.020200579033200109 0.00037561306317264968 0.024796056639534346 0.0098628223344382534 -0.01128763413768333 0.0081517610178773996 -0.0077556874918560505 -0.029315050685007272 -0.033766473281764776 -0.013651700348187974 -0.0074396024251816018 0.0064100669466845596 -0.028099184103237952
leaf_weight=164.06825599307194 2030.5302037093788 250.05404225736856 984.01439749076962 700.04330184031278 22021.163714717259 60.516672804951668 273.99540835735388 894.69593439856544 33.579143230919726 145.24128644913435 98.607673039892688 100.47007263614796 134.72356556914747 42.448847974650562 37.103088608128019 35.48692742572166 183.88038127671462 43.403937729774043 37.701788010308519 52.636980421841145 299.95752835948952 380.06766345025972 563.67086337530054 259.48813231661916 165.22412899241317 35.731896013137884 136.58954462688416 213.09674347541295 186.22900172136724 109.96684811450541
leaf_count=953 5808 637 2459 2205 108725 133 3021 4135 425 1125 631 605 734 1485 372 407 3272 783 443 321 1332 1507 1995 870 1493 879 616 1105 1285 927
internal_value=-0.000203121 0.0034638 0.00460577 -0.000639864 -0.000856398 -0.00453866 -0.0140278 -0.00328381 0.0095444 -0.00440692 0.00127761 -0.00679502 -0.00467234 -0.0174505 0.0402662 -0.00588336 -0.00700522 0.0154003 0.0365131 -0.00481018 -0.00282366 -0.0054044 -0.00144385 -0.0162582 -0.0187107 0.00111634 0.00389888 -0.0190994 -0.0139344 -0.00640197
internal_weight=30674.4 3264.6 3014.54 27409.8 26709.7 4688.58 547.609 4140.97 333.358 3807.62 262.676 2912.92 2429.03 483.886 70.6822 2328.56 2211.97 116.593 73.1887 2028.09 1774.5 1474.54 1080.33 394.212 253.593 88.3689 700.26 487.092 441.437 296.196
internal_count=150688 8904 8267 141784 139579 30854 4259 26595 2381 24214 1584 20079 15257 4822 797 14652 13019 1633 850 9747 7054 5722 4118 1604 2693 1200 2611 4126 3337 2212
cat_boundaries=0 1
cat_threshold=2
is_linear=0
shrinkage=0.05


Tree=211
num_leaves=31
num_cat=0
split_feature=25 3 12 21 18 18 18 19 7 3 22 17 19 11 12 19 11 22 21 11 19 17 6 6 19 6 17 3 7 4
split_gain=11.9445 12.0597 19.5046 30.827 36.6973 26.5174 47.3511 21.911 34.3547 21.2319 21.1039 25.648 19.7232 27.6909 39.7162 27.2101 32.9855 25.9695 33.1848 24.2636 22.8069 21.0639 22.9081 30.9786 18.9371 19.8478 18.344 16.9841 61.626 32.8729
threshold=167.50000000000003 3.4166718974532415 0.15969458900555925 227.92585832238635 0.0019472652656138695 0.002528951799653643 0.0010917482986820776 17.373217633559197 7.6927693509174313 4.1815619992840949 0.8343002089762851 -1.5245595126010854 32.513450311527151 4.4390790600996315 0.059413655934753791 27.447198573813434 3.8185428378423114 0.5320273030311452 150.52283025659918 3.7910650405473114 46.633114213680656 -0.2848709487577788 4.9190697480921868 2.2449114761178515 26.729384600042703 1.0466890986968644 0.21804176350644464 4.3919967137200286 7.7265112529814486 0.027545110032033356
decision_type=2 8 2 2 2 2 2 2 2 8 2 2 2 2 2 2 2 2 2 2 2 2 2 2 2 2 2 10 2 2
left_child=1 -1 12 5 -5 6 9 8 -8 -4 -7 -12 15 19 -15 24 -17 -18 -19 -14 21 22 23 -21 25 -3 -10 -27 29 -29
right_child=-2 2 3 4 -6 10 7 -9 26 -11 11 -13 13 14 -16 16 17 18 -20 20 -22 -23 -24 -25 -26 27 -28 28 -30 -31
leaf_value=0.0011262376417560626 -0.0038116648602072121 -0.020271454390309401 -0.0041995597636195958 -0.046181842046114044 0.0035722263024127172 0.010087842994497552 -0.017291628504350513 0.045927699016424704 0.055279167792845502 -0.036635874899160356 0.0021898818571917593 -0.044790944857307946 -0.018081838182419107 -0.04310664631808387 0.019224238379840948 0.02378264193572097 -0.047221898264683343 0.019256268070297677 -0.034899551888730548 0.017516345034376869 0.0011574976948594455 0.038787089350466819 0.039217590776407962 -0.033436788196893497 0.02886080736750345 -0.00081113389847997002 0.0098292258489643333 0.066148444266402304 -0.029930399788286179 0.015549970195474517
leaf_weight=20262.115250198054 1737.3807217013091 127.33845262369141 312.53464044979773 101.12415752082597 58.50106621615123 42.503960654139519 65.675253114895895 59.217883589444682 40.402602765709162 60.162214571610093 42.041107227327302 94.014503848738968 59.253968537785113 58.462032205774449 45.405230224248953 39.912467371206731 83.610872046556324 51.386656462564133 62.926946518360637 99.834940513595939 176.32527882012073 133.41087629552931 59.576937065226957 42.541892624925822 54.550954790087417 6501.5663210536586 49.279042084701359 43.966610730276443 60.38411206798628 118.93086093501188
leaf_count=71554 5052 693 1595 674 344 237 927 650 374 964 313 1069 256 979 540 147 615 666 898 724 1628 673 560 634 398 54498 464 364 1031 1196
internal_value=0.000215279 0.000456474 -0.00109539 -0.00795929 -0.0279475 -0.00379308 0.00133721 0.0200485 0.0101841 -0.00943556 -0.0206663 -0.0302739 -0.000283021 0.00788786 -0.0158589 -0.00105477 -0.0176829 -0.0260446 -0.0105552 0.0122079 0.0157155 0.0233697 0.0131849 0.00229166 -0.00048217 -0.000715772 0.0303049 -0.000345475 0.0132137 0.0292067
internal_weight=30744.3 29007 8744.84 925.456 159.625 765.831 587.272 214.575 155.357 372.697 178.56 136.056 7819.39 674.811 103.867 7144.57 237.837 197.924 114.314 570.944 511.69 335.365 201.954 142.377 6906.74 6852.19 89.6816 6724.85 223.282 162.897
internal_count=150717 145665 74111 7611 1018 6593 4974 2415 1765 2559 1619 1382 66500 5994 1519 60506 2326 2179 1564 4475 4219 2591 1918 1358 58180 57782 838 57089 2591 1560
is_linear=0
shrinkage=0.05


Tree=212
num_leaves=31
num_cat=0
split_feature=2 23 18 18 23 13 7 3 1 12 2 18 3 11 20 4 26 5 9 12 5 24 7 23 12 12 23 12 24 19
split_gain=15.191 22.273 17.6274 25.0228 15.2513 22.5638 34.2103 19.6385 15.2408 22.6542 21.9213 27.8147 18.4075 17.1072 24.7797 15.5332 15.431 16.106 16.5266 21.3678 16.3374 15.7969 22.0312 15.2063 13.9524 16.3623 16.1238 13.9218 15.8865 14.9497
threshold=0.89392083066644867 1.7217226865427111 0.0081262548442233729 0.003558478258968544 1.4624592668138372 7.6734155763134764 7.466829945770427 1.5298785591943931 19.924759162697679 -0.023525178345563832 0.49233815866262881 0.00017379045364759041 3.8557007930968599 4.5989672910226718 4.0039759667905903 0.008656023409877452 0.87500000000000011 0.0011171897151721938 26.730069035568285 0.080575903864524567 0.00067424633244959886 0.382624339099425 8.1557105311280633 1.4255914605793534 -0.060011428442614374 -0.10424991040718638 1.2779192618565285 -0.51466783463099708 136.34171177791609 24.957148175958071
decision_type=2 2 2 2 2 2 2 10 2 2 2 2 10 2 2 2 2 2 2 2 2 2 2 2 2 2 2 2 2 2
left_child=4 23 3 -3 5 8 -7 -8 13 10 11 -10 16 -1 -15 -14 -11 20 19 -19 -18 -20 -23 -2 25 26 -12 -6 29 -29
right_child=1 2 -4 -5 27 6 7 -9 9 12 24 -13 15 14 -16 -17 17 18 21 -21 -22 22 -24 -25 -26 -27 -28 28 -30 -31
leaf_value=-0.0012872841760846877 0.0059943125692884514 0.004081877877137232 0.014823825991412319 -0.032207161229691604 -0.016379953150742504 0.014113955040384549 -0.0022029525729963958 -0.028228723861062108 -0.0099484658677127993 -0.0066697321176452237 -0.016552501607329469 0.020337775408615442 -0.011964754962295633 0.010923901011639866 -0.045019257435961024 0.010378001801706036 0.0094336049279907432 -0.011403552420859967 -1.7794801183718889e-05 0.014303247845000762 0.030919606618999947 0.031826300048964015 0.0078307689389361997 0.022775683684444641 -0.016688041023168596 0.0068912321296673296 0.0033127329887537014 0.0015462817601952642 0.0062938418324382421 -0.0033714375879448943
leaf_weight=11598.828920125612 340.20873622875661 100.48229905683547 80.556439303793013 90.097553397994488 110.50817926204763 95.371888229623437 106.84260496124625 225.39793268521316 123.03010745160282 146.58419096469879 263.60827872157097 197.5158064737916 224.02780620381236 31.797360949683934 52.437676327885129 119.17174289748073 188.7953480258584 214.21442097425461 182.50266047567129 129.82781203836203 166.49645167589188 163.35440018028021 230.82205957174301 223.789770077914 244.98616597801447 267.54295093566179 166.76615885645151 11314.744567868765 1507.9783880133182 1789.8862451284658
leaf_count=51199 973 778 191 481 400 241 325 1556 453 410 716 594 811 481 1454 356 460 702 436 407 390 406 521 722 691 640 399 67988 5167 10347
internal_value=0.00034032 0.00699145 -0.00478533 -0.0130739 0.000154317 -0.000959963 -0.0122821 -0.0198593 -0.000630885 0.00252953 -0.00258221 0.00871348 0.00618704 -0.00145033 -0.0239016 -0.00420651 0.00869447 0.0104595 0.00696996 -0.00170283 0.0195024 0.0121441 0.017775 0.012653 -0.00642225 -0.00281871 -0.0088549 0.00130014 0.00143385 0.000874599
internal_weight=30698.2 835.135 271.136 190.58 29863 15139.9 427.612 332.241 14712.3 3029.25 1263.45 320.546 1765.8 11683.1 84.235 343.2 1422.6 1276.01 920.721 344.042 355.292 576.679 394.176 563.999 942.904 697.917 430.374 14723.1 14612.6 13104.6
internal_count=150695 3145 1450 1259 147550 63648 2122 1881 61526 8392 3493 1047 4899 53134 1935 1167 3732 3322 2472 1109 850 1363 927 1695 2446 1755 1115 83902 83502 78335
is_linear=0
shrinkage=0.05


Tree=213
num_leaves=31
num_cat=0
split_feature=20 9 9 20 18 8 19 13 9 19 21 23 18 18 9 7 18 20 21 12 4 12 5 7 8 18 12 1 1 1
split_gain=14.6211 25.0626 23.7692 14.6217 17.5075 20.7081 30.8779 16.3985 14.9502 32.3377 26.3146 25.7784 23.4939 24.2887 23.5189 18.257 17.5124 25.6839 17.2559 28.1733 27.5597 25.4154 21.3263 26.9176 26.5877 27.5377 17.898 20.656 16.9143 16.7794
threshold=5.2593362975994689 26.968225508935927 26.787422932750761 5.2152058057205872 0.0069516427453075328 103.5135304628231 5.3769080696701996 6.9596564834132346 29.273528674009434 2.6834265774639454 134.68866048792123 2.6389085950082976 0.0021626277395607606 0.00050731078855847228 26.934408653400762 7.3758627248660824 0.00077269596523797082 3.9930846793723354 159.13097134234604 0.19059619589603419 0.042744388369303922 0.11468160538596377 0.064320367746812393 7.6685176086760922 157.14934462872159 0.0048445443244368438 -0.30039616689287779 0.91523658515233597 0.73664569845785333 10.755999148568867
decision_type=2 2 2 2 2 8 2 2 2 2 2 2 2 2 2 2 2 2 2 2 2 2 2 2 10 2 2 2 2 2
left_child=3 2 -2 7 5 -5 -7 -1 9 11 -11 15 13 -12 -14 -9 -15 -18 26 20 29 22 -22 -24 25 -25 -17 -28 -13 -20
right_child=1 -3 -4 4 -6 6 -8 8 -10 10 12 28 14 16 -16 18 17 -19 19 -21 21 -23 23 24 -26 -27 27 -29 -30 -31
leaf_value=0.00069297235055828502 0.00033572763580256334 -0.016893237243799316 0.024026993370381541 0.0056212313008654358 -0.026736890267865396 0.00096439378457617575 -0.050042723166203319 0.014951776921054975 0.00091775688313337615 -0.023898215166080015 -0.0065967462164076805 -0.03278892077232981 0.0016218672124066629 0.044173915954355186 -0.013881936746165141 0.012928828815010441 0.038446976332064314 0.0036909122100300252 -0.044121567963224362 0.021996396957487275 0.016154812227943068 -0.027368717208917922 0.003244011188985086 -0.047659881116748737 0.002091723478849348 -0.010013973045560495 -0.017637212665581534 0.002592311624336526 -0.0040644658955665243 0.0020529604147534164
leaf_weight=21873.50518400548 194.00533031811938 82.144222639501095 233.04852050181944 219.4057855871506 107.13325531082228 72.045270824222825 50.445790056139231 100.00778799131513 2839.0354806089308 105.30163791263476 125.19524681312032 156.70724598318338 1563.5386245183181 58.299602549523115 289.98032960831188 66.31380516779609 75.030487209325656 182.31070373684634 68.976959256920964 102.3879493472632 157.79108504951 98.249045614851639 520.10036767506972 87.269434221321717 135.22284042555839 109.56435420992784 707.43030395719688 153.58172113704495 76.15565518848598 27.526516050100327
leaf_count=105449 1015 415 952 913 353 582 531 316 12746 737 503 853 7088 314 1399 255 709 2290 1278 358 1621 517 1814 583 600 445 4756 737 355 64
internal_value=-2.61181e-06 0.0083993 0.0132643 -0.000144611 -0.00909971 -0.00357311 -0.020042 -9.12691e-06 -0.00197651 -0.00363084 0.000542107 -0.00753131 0.00166382 0.0120386 -0.00080368 -0.0059489 0.01943 0.0138244 -0.00688437 -0.00318335 -0.00532339 -0.00309172 -0.000730018 -0.00385653 -0.0149781 -0.0267049 -0.012101 -0.0140288 -0.0233949 -0.0309508
internal_weight=30637.7 509.198 427.054 30128.5 449.03 341.897 122.491 29679.5 7805.98 4966.94 2399.66 2567.29 2294.35 440.836 1853.52 2334.42 315.641 257.341 2234.41 1307.09 1204.7 1108.2 1009.95 852.157 332.057 196.834 927.326 861.012 232.863 96.5035
internal_count=150548 2382 1967 148166 2379 2026 1113 145787 40338 27592 13040 14552 12303 3816 8487 13344 3313 2999 13028 7280 6922 5580 5063 3442 1628 1028 5748 5493 1208 1342
is_linear=0
shrinkage=0.05


Tree=214
num_leaves=31
num_cat=0
split_feature=2 13 16 1 15 25 20 23 9 17 22 20 22 1 10 25 13 23 10 12 1 5 2 9 13 2 13 22 25 12
split_gain=12.0636 35.9971 33.7824 22.7031 24.3986 20.9895 31.7523 25.2565 35.4596 32.9467 38.4237 32.5468 39.7509 36.0933 51.2714 30.2731 27.576 25.5437 39.1065 33.3046 28.308 26.2992 20.6787 20.0183 19.9941 21.6572 38.6045 28.9486 21.5187 19.4128
threshold=0.63177733335969932 6.4177044959738465 0.0057986463437043386 0.14995976701205457 69.500000000000014 135.50000000000003 3.0940030298556986 1.9816503841707971 29.553537981672722 0.96741893524878331 17.376258538672229 5.0790607544273492 5.8991257223655618 0.69157877138673662 32.304653470380721 61.500000000000007 6.6059743716582284 2.2677460869500665 32.737826786344463 0.026572034763495466 0.64199026818139437 0.12318732521090973 0.62352913286812572 29.519324019304104 5.3387180403924495 0.63726049410309982 6.8534575296760627 13.679348186181917 41.500000000000007 -0.14440236687550984
decision_type=2 2 2 2 2 2 2 2 2 2 2 2 2 2 2 2 2 2 2 2 2 2 2 2 2 2 2 2 2 2
left_child=1 3 5 4 -1 7 -7 8 9 10 11 12 13 14 -3 -15 -16 18 19 -9 21 -20 -19 -4 -2 26 27 28 -26 -14
right_child=24 2 23 -5 -6 6 -8 17 -10 -11 -12 -13 29 15 16 -17 -18 22 20 -21 -22 -23 -24 -25 25 -27 -28 -29 -30 -31
leaf_value=0.012280941216487937 -0.014314901278405566 0.089969919553384528 -0.0011275244287182505 -9.8227491534331771e-05 -0.013198788911030886 0.011379803555468001 -0.010922696507997397 0.0056360597629277918 -0.047043983606205625 0.013321482164373006 -0.0029668383983802761 -0.051229054532670251 -0.0066548604920469842 -0.038233269410755708 0.033956758956873036 -0.0015290803726921334 -0.048450999555641312 -0.0073529938940876151 -0.042153094770853175 0.057520515695659039 0.017101345569031749 0.0051189042267506327 -0.040145388012159298 0.016053298863325412 0.0038326565289981251 0.0008758189883966409 -0.015057024707289209 -0.0055724384833615061 0.03127693005957416 -0.039177157296552724
leaf_weight=675.28948182042222 209.28757599601522 21.632683972478844 1121.0016292429063 9981.5577831364935 109.13852095603943 300.0143427606672 340.96569538488984 69.054725868161768 81.917156028095633 107.78530871681869 378.10151286516339 88.079335959162563 58.087478581699543 88.312036544084549 21.314888975233771 154.39051618985832 19.383211690350436 355.16965789720416 68.940308526856825 56.02058819308877 75.383833672618493 51.327752823010087 55.600834488868713 199.75402022525668 97.934284563409165 15104.816620569909 116.88093144749291 108.73875275626779 263.8741950886324 218.41310962289572
leaf_count=3768 707 367 4503 49084 371 880 1168 573 740 477 1570 1275 746 967 433 703 458 2406 819 317 571 171 405 706 591 69849 584 332 928 3879
internal_value=8.29329e-05 -0.000949759 -0.00504509 0.000545443 0.00873591 -0.00834258 -0.000483885 -0.010901 -0.015255 -0.0130014 -0.0157094 -0.0229045 -0.0186145 -0.00616849 0.0277702 -0.0148846 -0.00529144 -0.00353561 0.00703835 0.0288748 -0.00692117 -0.0219784 -0.0117917 0.00147094 0.00103738 0.00124213 0.0106612 0.0170495 0.0238483 -0.0323448
internal_weight=30598.2 14696.6 3930.65 10766 784.428 2609.89 640.98 1968.91 1237.42 1155.5 1047.71 669.613 581.534 305.033 62.3308 242.703 40.6981 731.498 320.727 125.075 195.652 120.268 410.77 1320.76 15901.5 15692.2 587.428 470.547 361.808 276.501
internal_count=150348 77357 24134 53223 4139 18925 2048 16877 11615 10875 10398 8828 7553 2928 1258 1670 891 5262 2451 890 1561 990 2811 5209 72991 72284 2435 1851 1519 4625
is_linear=0
shrinkage=0.05


Tree=215
num_leaves=31
num_cat=0
split_feature=19 9 2 13 7 16 23 16 10 23 2 6 2 23 23 2 10 1 12 12 23 7 21 25 23 19 2 13 22 21
split_gain=15.332 24.9526 19.104 29.1529 31.0087 32.1658 55.8668 49.0632 36.4775 29.5521 28.4792 27.6344 27.1728 27.6782 25.131 24.3644 24.1551 24.027 27.9707 24.7163 22.9245 33.8396 24.9381 22.0785 21.9311 40.2628 21.8347 20.8051 21.4232 19.3907
threshold=1.5986413436950666 29.57287071842558 0.59291489565783395 6.4177044959738465 7.5740777271159692 -0.0035907916223734027 2.331900217795035 3.568997503289585e-05 33.48849725816536 1.9816503841707971 0.57284040639688683 12.537672002370533 0.44006709197247901 1.3624580748834054 1.9485179284965231 0.77003962878481391 35.382212182687645 0.73664569845785333 -0.17079899302579218 -0.034040848182460844 1.6298470019873166 7.6612610692499068 148.01841862792767 98.500000000000014 1.4171203376289558 18.007537996707992 0.74942275597032937 5.5285668938712567 0.072588988130486823 132.54437367973415
decision_type=2 2 2 2 2 2 2 2 2 2 2 2 2 2 2 2 2 2 2 2 2 2 2 2 2 2 2 2 2 2
left_child=-1 2 3 4 10 8 7 12 9 -6 11 -2 27 -14 20 26 -10 18 -5 23 24 22 -22 -19 -9 -26 29 28 -7 -4
right_child=1 -3 15 17 5 6 -8 14 16 -11 -12 -13 13 -15 -16 -17 -18 19 -20 -21 21 -23 -24 -25 25 -27 -28 -29 -30 -31
leaf_value=-0.00065842938905953706 -0.018517277546470524 -0.020963131486645845 -0.015868135042520097 0.015154915612680828 0.01988004261197765 0.020887853313866684 -0.0326938074711123 0.011364343377729756 -0.0077128540294568188 0.070542281175914948 -0.020851251935159961 0.00035470478806664098 -0.011550624162266852 0.021989735790715705 -0.017847919044385787 -0.00046297934121270699 0.027471115518557271 -0.059671006557878804 -0.01123333731203229 -0.004973709819132607 0.037496087007681901 0.06167503887162621 -0.014500414295199519 -0.015328123619883231 -0.043086080874902927 0.015701400755688572 0.014458692905725113 -0.040596610769534865 -0.030472080167345962 0.0047546195944605709
leaf_weight=16976.838120571338 210.95338170044124 121.58637929032557 116.95640678633936 138.11796067049727 64.927606977522373 38.56464607315138 104.17553673125803 1007.8203525195131 115.44078116875608 51.708716130116954 197.53265542164445 2410.7102354671806 169.62226545368321 96.504752643639222 77.940557786729187 2704.3734504543245 84.481441987329163 62.939743782393634 367.92532716295682 91.468556558596902 46.488018976757303 53.543646957725286 45.756952839437872 50.670479530468583 54.192991661839187 62.966072878800333 588.51202226476744 94.953672146657482 42.878719013882801 4483.1328484471887
leaf_count=83291 1072 607 621 655 607 234 919 5920 1132 287 619 7099 1233 911 537 12483 646 635 2457 609 324 731 440 213 620 580 2272 1011 556 21257
internal_value=0.000346865 0.00158746 0.00178855 -0.000405666 0.000933723 0.00536523 0.00290115 0.00497131 0.020119 0.0423403 -0.00254328 -0.00116384 -0.00947519 0.000612005 0.00971134 0.00338488 0.00715489 -0.0098818 -0.00403101 -0.0243189 0.0114016 0.0300567 0.0117039 -0.039894 0.00898408 -0.0114913 0.00539044 -0.0246935 -0.00615239 0.00423029
internal_weight=30733.7 13756.8 13635.3 5742.29 5031.16 2211.97 1895.41 1791.23 316.559 116.636 2819.2 2621.66 442.524 266.127 1348.71 7892.97 199.922 711.122 506.043 205.079 1270.77 145.789 92.245 113.61 1124.98 117.159 5188.6 176.397 81.4434 4600.09
internal_count=150578 67287 66680 30047 25478 16688 14016 13097 2672 894 8790 8171 3945 2144 9152 36633 1778 4569 3112 1457 8615 1495 764 848 7120 1200 24150 1801 790 21878
is_linear=0
shrinkage=0.05


Tree=216
num_leaves=31
num_cat=0
split_feature=1 13 26 16 10 17 24 23 13 12 25 24 12 25 23 9 16 13 2 1 21 13 20 20 21 1 9 12 21 20
split_gain=16.8402 9.9983 18.356 21.3166 16.7153 18.2419 39.8309 34.7751 30.0961 34.9338 23.5132 33.6766 23.9341 28.9736 22.7419 25.1138 21.8896 21.6931 27.4278 26.265 22.3754 26.1194 21.7148 21.2981 36.1901 20.7331 20.5404 22.0545 23.6237 22.4196
threshold=0.0055928451601485194 5.2010920724839798 0.87500000000000011 0.0052728636923790794 34.000168763618376 -1.2200035975094059 8.0758452332852233 2.1124648769949776 6.1075141843990579 -0.067294498339122419 20.500000000000004 2.6509667119484006 0.0079272088338150862 24.500000000000004 1.3988750724180588 26.595687772524364 0.0065535301348187283 5.8202914584495327 0.42643156133196458 22.101785250300889 139.99822144109609 6.3024714354464377 2.9685056405257071 3.0417719236753613 231.47164374416624 0.79930768520149786 29.494323855622913 -0.060011428442614374 151.00226740321781 5.0721185924405461
decision_type=2 2 2 2 2 2 2 2 2 2 2 2 2 2 2 2 2 2 2 2 2 2 2 2 2 2 2 2 2 2
left_child=-1 2 3 -2 -3 6 -6 8 14 -10 11 25 17 -14 -8 -16 -11 -12 -19 20 21 -20 -22 24 -15 -7 27 29 -29 -24
right_child=1 4 -4 -5 5 10 7 -9 9 16 12 -13 13 23 15 -17 -18 18 19 -21 22 -23 26 -25 -26 -27 -28 28 -30 -31
leaf_value=-0.022273438958640979 -0.021738769522868968 0.00045745370660286083 0.0058075189447254595 0.0054198107832677499 -0.028702947899355354 0.014430626335227898 0.011795362388649871 0.0219553176994178 -0.028167802288891687 0.0030756788668659957 0.010134105338397094 -0.054786100291331609 0.027824361080378602 0.016302301704441958 -0.018976213348084688 0.0085796126570201765 -0.02376886927830843 -0.012353904013759957 0.046479381723415446 -0.019104684111881542 0.022001483968617359 0.003044228167154044 0.011597454762881656 -0.0076338617384879908 -0.019287558124005316 -0.013765143600730499 -0.021612944829940032 0.012716057079327898 -0.01494525990685319 -0.012684202576165711
leaf_weight=84.974797947565094 142.14910935657099 21936.980325847166 1524.3065653757658 146.93374439980835 188.0707501587458 83.535504072904587 280.58282497897744 116.57610608264804 263.28475725103635 271.53396634315141 782.26330960309133 41.936811572988518 68.748486170079559 247.17925642826594 197.49750822561327 142.23228428512812 105.42214091448113 352.12296092312317 67.008058976614848 123.255137167871 134.26605525671039 71.589649932691827 611.6586767800618 1603.7370871980675 100.46024368610233 297.01002091122791 94.212105135666206 107.93782915989868 270.92939866951201 112.55624988279305
leaf_count=690 579 105965 5566 399 1304 587 951 364 1306 1191 3547 1814 548 1221 843 519 437 2661 312 375 725 467 3211 9193 662 1587 545 551 1799 660
internal_value=-4.57356e-05 1.62206e-05 0.00361679 -0.00793473 -0.000211496 -0.00239018 -0.00711945 -0.00417185 -0.0065881 -0.0141927 -0.000958519 -0.012262 4.72921e-05 -0.0040779 0.00126085 -0.00743961 -0.00443185 0.00310228 0.00027492 0.00306572 0.00492444 0.0240439 0.00293436 -0.00520184 0.00601761 -0.00757575 0.000796153 0.00271007 -0.00706466 0.00782364
internal_weight=30571 30486 1813.39 289.083 28672.6 6735.61 1565.2 1377.13 1260.55 640.241 5170.41 422.482 4747.92 2020.13 620.313 339.73 376.956 2727.8 1945.54 1593.41 1470.16 138.598 1331.56 1951.38 347.64 380.546 1197.29 1103.08 378.867 724.215
internal_count=150579 149889 6544 978 143345 37380 6915 5611 5247 2934 30465 3988 26477 11624 2313 1362 1628 14853 11306 8645 8270 779 7491 11076 1883 2174 6766 6221 2350 3871
is_linear=0
shrinkage=0.05


Tree=217
num_leaves=31
num_cat=0
split_feature=2 23 5 2 13 18 9 5 11 24 20 24 25 20 17 12 13 2 13 20 21 25 26 5 23 20 25 23 23 19
split_gain=12.5054 31.828 24.6055 22.8182 27.8139 25.4711 26.1583 24.26 23.7555 30.2785 24.6947 22.9678 33.2041 23.9107 39.8615 30.6585 21.7025 20.9068 24.3767 24.0024 34.7856 35.3464 30.9705 27.187 35.041 26.8155 26.6874 25.5743 25.4765 24.1975
threshold=0.76438282994497364 2.331900217795035 0.023350934453262584 0.72551101940253382 6.7264476748154811 0.0011306166325672168 29.407772709643556 0.011213986006539525 3.3253522944934644 12.931031034714078 3.0534973624608788 14.119405137825799 93.500000000000014 5.0359709307191363 -0.16493578732443631 0.010558572215195948 8.2752232314492211 0.59697431285341407 5.8447636387872004 3.1993117351299918 214.74138543785935 102.50000000000001 0.62500000000000011 0.0080414881929078506 1.3057018063670098 2.8787137186962997 79.500000000000014 1.2258257218892428 1.1685392061785176 44.3782495543145
decision_type=2 2 2 2 2 2 2 2 2 2 2 2 2 2 2 2 2 2 2 2 2 2 2 2 2 2 2 2 2 2
left_child=3 16 -3 4 17 6 -5 -6 9 -7 -10 13 -13 14 15 -12 -2 18 -1 20 28 25 -21 24 27 -22 29 -24 -20 -25
right_child=1 2 -4 5 7 8 -8 -9 10 -11 11 12 -14 -15 -16 -17 -18 -19 19 22 21 -23 23 26 -26 -27 -28 -29 -30 -31
leaf_value=0.0023291154960495427 -0.0027157575223229653 0.031241593362825889 0.0039580126964102449 0.0004109168820400186 -0.024047741508866249 -0.018722649459976249 -0.027754559629089754 -0.0027134051919693613 0.03630509192985789 0.0063622766231468605 0.0038012672011975995 -0.041817701107856382 0.011847070688028028 0.036729175422247656 -0.012012484083446991 0.048136124789609207 -0.020961645475023914 0.0036240247097813964 0.048755272568224511 0.020955526159450608 -0.031868744757814864 0.012446079113738857 -0.014707667619385212 0.0052762100989969009 -0.00012307040917140224 -0.0021918329371495471 -0.0058694237609450261 -0.041020751037603477 0.0078566463840180293 -0.034023511841103964
leaf_weight=5152.531723983353 5546.4469746748218 91.054774820804596 893.75884681195021 653.17921682237647 137.25292478036135 131.89647804200649 94.342158877523616 4570.6645223753294 118.3343168052379 1367.6635610950179 77.896738184150308 45.385864892974496 78.988326814956963 109.69244695990346 123.69302168278955 78.080492412671447 167.90800100797787 5257.4222163272789 66.528691429644823 118.60843190085143 82.818436537054367 433.1643896959722 304.30740101030096 975.12632465723436 283.63736028154381 940.88047805451788 2580.3135046795942 132.57078841980547 89.03573714196682 40.807192831067368
leaf_count=22598 24750 424 3876 2740 707 401 318 26592 705 3921 495 1593 447 540 805 422 578 21901 176 483 711 1496 2407 11033 1299 7163 9848 1294 693 596
internal_value=8.931e-05 -0.00182116 0.00648062 0.000621588 5.34997e-05 0.00479781 -0.00314375 -0.00333538 0.00758276 0.00415589 0.0157128 0.0109696 -0.00773595 0.0169447 0.00918488 0.0259948 -0.00325189 0.00102292 -0.000198028 -0.00235107 0.00287317 0.000473363 -0.00425029 -0.00494285 -0.0138078 -0.00459273 -0.00316674 -0.0226924 0.0253474 0.00369765
internal_weight=30744 6699.17 984.814 24044.8 21165.7 2879.15 747.521 4707.92 2131.63 1499.56 632.071 513.737 124.374 389.363 279.67 155.977 5714.35 16457.8 11200.3 6047.8 1612.43 1456.86 4435.37 4316.76 720.516 1023.7 3596.25 436.878 155.564 1015.93
internal_count=151012 29628 4300 121384 108997 12387 3058 27299 9329 4322 5007 4302 2040 2262 1722 917 25328 81698 59797 37199 10239 9370 26960 26477 5000 7874 21477 3701 869 11629
is_linear=0
shrinkage=0.05


Tree=218
num_leaves=31
num_cat=0
split_feature=25 24 15 24 3 7 20 13 5 2 13 2 7 11 3 2 13 10 2 25 5 15 3 12 6 2 2 2 2 9
split_gain=12.5391 38.5614 18.2232 24.1489 17.2855 16.3961 16.3812 17.2638 14.7889 14.4506 13.5312 21.6274 24.9582 18.9087 18.2005 18.0836 16.3258 27.4768 23.4274 16.3846 26.7704 26.1956 20.2589 25.3347 18.3038 16.6556 17.9628 14.7316 31.9096 22.013
threshold=149.50000000000003 20.231391764123295 29.500000000000004 53.326796073536748 2.1573992384987632 7.4832597616794674 3.0819353886454124 7.4942765355057084 0.15228321922351101 0.73291631645917499 4.6420391312269764 0.2914381857017983 8.0086422435325968 1.7493977810477108 2.5953758534562161 0.22251522809401764 5.5285668938712567 37.578314876129177 0.62352913286812572 41.500000000000007 0.0010404599842705486 18.500000000000004 3.0655075679445543 -0.11699231213925324 1.464478555130112 0.42932372542008146 0.34090210188094544 0.49375053675848657 0.52605796381204495 29.44338106491865
decision_type=2 2 2 2 10 2 2 2 2 2 2 2 2 2 8 2 2 2 2 2 2 2 8 2 2 2 2 2 2 2
left_child=10 -2 3 -3 6 -6 -4 9 -5 -8 -1 12 13 -12 -15 -16 18 27 19 20 -13 22 -21 -24 -22 26 -25 -18 29 -29
right_child=1 2 4 8 5 -7 7 -9 -10 -11 11 16 -14 14 15 -17 17 -19 -20 21 24 -23 23 25 -26 -27 -28 28 -30 -31
leaf_value=0.012297238715508203 -0.019822979701201258 -0.0086806356468989918 0.010395778376505642 0.004297482630363704 -0.0040368777190821605 -0.017956201222235086 -0.0027274312942783974 -0.015589611655925963 0.023375132283300497 0.008030837478048369 -0.030776015637038454 0.017696381807137368 -0.039681243506930163 0.01543575134666092 0.0087543598254528517 -0.023510214026355454 -0.0025903798019554277 -0.030923855943792228 -0.013778972850239794 0.034183456622958158 -0.04688493240861058 0.0035923145201480302 0.039987099332941721 0.011849815096051519 -0.0043442397263601792 0.023167107542319224 -0.016296429761177733 0.0054074034460407398 0.00020525231827402181 0.023500229647161204
leaf_weight=238.0703540397808 298.65411354228854 172.30008754879236 316.62645595148206 207.08848868124187 763.4881184771657 292.66392144188285 1362.3881293516606 205.03762098960578 199.39335668087006 404.89811257272959 62.241255877539515 61.686186519451439 64.061382826883346 111.66146547906101 73.637981250882149 105.85989671212155 3831.892307354603 70.894573974655941 151.439548548311 133.99704638682306 47.114000957924873 991.2720599193126 65.659710064530373 119.61431439546868 54.575603226432577 98.026584727689624 107.74774472275749 1409.9335756811779 18431.330531366286 190.87418577354401
leaf_count=771 825 438 930 504 2059 855 4636 653 349 1159 236 284 669 335 451 1243 23948 549 411 342 594 2729 360 750 743 311 818 7992 93648 927
internal_value=2.64609e-05 -0.00250355 -0.00118534 0.00700632 -0.00260269 -0.00789398 -0.000161221 -0.00185599 0.0136557 -0.000262634 0.000430793 0.000322898 -0.0109666 -0.00576144 -0.000414058 -0.0102739 0.000505811 0.000157692 0.0050561 0.00675426 -0.00829011 0.00837521 0.0174052 0.0116559 -0.0240538 0.00593904 -0.0014888 0.000250028 0.000793362 0.00756472
internal_weight=30644.1 4222.54 3923.88 578.782 3345.1 1056.15 2288.95 1972.32 406.482 1767.29 26421.6 26183.5 417.462 353.401 291.159 179.498 25766.1 23934.9 1831.13 1679.69 163.376 1516.32 525.045 391.048 101.69 325.389 227.362 23864 20032.1 1600.81
internal_count=150519 12408 11583 1291 10292 2914 7378 6448 853 5795 138111 137340 2934 2265 2029 1694 134406 127064 7342 6931 1621 5310 2581 2239 1337 1879 1568 126515 102567 8919
is_linear=0
shrinkage=0.05


Tree=219
num_leaves=31
num_cat=0
split_feature=20 25 24 15 15 23 1 22 3 8 7 10 8 23 23 1 25 10 3 8 6 1 1 20 6 20 20 24 3 1
split_gain=12.9717 30.0092 31.0891 28.0328 25.4187 22.2072 29.7403 28.2106 66.9361 62.2689 25.7813 30.0214 23.5841 23.9842 44.7882 22.1479 21.7093 34.5612 23.4539 28.4814 22.6283 21.3983 20.6667 20.0358 19.4471 18.2307 23.3475 19.281 20.1474 38.9794
threshold=4.1373731611531603 142.50000000000003 54.467761967482751 40.500000000000007 29.500000000000004 1.8347222441656523 0.79576614108371169 0.5320273030311452 3.7525481192235675 94.834860618511158 7.7248166536448091 30.542082593116085 220.56891349247334 1.2897699889104308 1.3353758212459372 0.97291612933940796 127.50000000000001 31.484527460644738 3.5877203802541042 66.708568203287712 41.358573965142504 0.83681190771605929 0.78154035275194478 4.9048515090434952 2.7046125890467101 4.1248147729780849 4.1167304462796706 26.938506904440555 4.2168735033669176 0.63361538291027986
decision_type=2 2 2 2 2 2 2 2 8 8 2 2 10 2 2 2 2 2 10 10 2 2 2 2 2 2 2 2 10 2
left_child=5 -2 3 -3 -4 7 22 -1 -9 -10 15 -12 13 -11 -15 16 17 -8 19 -19 -18 -20 25 -5 -13 26 27 28 -7 -30
right_child=1 2 4 23 -6 6 10 8 9 12 11 24 -14 14 -16 -17 20 18 21 -21 -22 -23 -24 -25 -26 -27 -28 -29 29 -31
leaf_value=0.0015211814163602266 0.0027417569120630246 -0.030023910560448543 0.021933297137366397 0.0076056231537147403 -0.0015705621118245611 -0.00021467810117302606 -0.022653690227856602 -0.0025031350238480894 0.046709446102217458 -0.05478607121562562 0.015970911126540976 0.0010147568852814429 -0.015069109889561587 0.057336147145549854 -0.037556273330293696 0.01635659775633758 0.0011101115524151674 0.0035186791853801472 0.01449385227915524 0.034520719522901491 -0.02606931421767332 -0.030006569686215113 0.022594683882878015 -0.013732266048431464 -0.041937142343972597 -0.021255735160601516 0.032419504513168412 0.0079504759137655374 0.0042641557517718665 0.055623550557747925
leaf_weight=4164.312526111491 10420.754540253663 171.52853389829397 123.12439434975386 165.76823322847486 1749.9240884128958 2855.9129000622779 120.06992201763205 7212.0900677844184 29.087062380742282 121.12111813784577 41.165223795222118 34.062696911743842 161.59361729584634 15.320452444604596 66.02030372666195 143.1407767937053 127.2622894551605 210.12172577902675 45.264791712164879 114.4275177505333 192.28545958176255 66.999901532894 140.93137372191995 327.08593147993088 116.43256301339716 75.222686366178095 69.026549718342721 1412.9613857393852 165.62575246859342 47.549210993340239
leaf_count=13998 56512 491 233 344 5656 18299 784 31615 515 1454 332 652 656 148 4272 670 449 592 369 639 550 810 681 787 1359 414 286 4885 1751 393
internal_value=0.000351723 0.00155442 -0.00332173 -0.0126144 -2.55415e-05 -0.000526393 0.00195518 -0.00178693 -0.00359832 -0.0236892 -0.0050411 -0.0218659 -0.0293139 -0.0406833 -0.0196834 -0.00187835 -0.00485652 0.00110448 0.00763505 0.0144492 -0.0152449 -0.0120641 0.00373276 -0.00655541 -0.0322155 0.00315817 0.00356169 0.00311726 0.000892124 0.01572
internal_weight=30706.2 12958.2 2537.43 664.383 1873.05 17748 5978.46 11769.5 7605.23 393.143 1211.23 191.66 364.055 202.462 81.3408 1019.57 876.432 556.884 436.814 324.549 319.548 112.265 4767.23 492.854 150.495 4626.3 4551.08 4482.05 3069.09 213.175
internal_count=150596 64023 7511 1622 5889 86573 33915 52658 38660 7045 7206 2343 6530 5874 4420 4863 4193 3194 2410 1231 999 1179 26709 1131 2011 26028 25614 25328 20443 2144
is_linear=0
shrinkage=0.05


Tree=220
num_leaves=31
num_cat=0
split_feature=3 17 12 23 6 12 12 9 17 4 3 12 9 23 11 7 20 6 22 24 25 7 23 23 17 9 7 13 10 9
split_gain=12.4466 30.1994 58.2874 39.077 39.0652 36.2241 36.1269 26.8451 24.5635 30.4971 31.2691 29.9744 31.0114 23.01 24.3832 26.4808 24.3736 30.3384 31.5107 23.0816 22.7779 22.4643 21.4284 35.0111 32.3876 44.7179 23.9816 23.9504 20.8528 29.9453
threshold=3.9533594949425224 -0.060514391336946603 -0.098953519293877926 1.2008793784410385 2.5560536512854175 -0.073247922625615705 -0.14440236687550984 25.362322437381689 1.1914283842757611 0.016800346289180011 4.268408365433487 0.067413028276458342 25.688392169163901 2.5667817348350837 4.4217600495863687 7.709237405609783 5.0014603202385075 2.1648325320418578 1.6563016636234222 3.5973734088799119 36.500000000000007 7.65505066097636 1.9650477164279256 1.917716189114165 0.20666684142094435 25.8291289231042 7.6994066723192427 6.231329498263789 35.473849807218279 26.940571939191468
decision_type=8 2 2 2 2 2 2 2 2 2 10 2 2 2 2 2 2 2 2 2 2 2 2 2 2 2 2 2 2 2
left_child=-1 7 3 -3 6 -4 -5 -2 9 10 11 12 -7 14 21 16 17 -16 -19 -17 -13 -9 23 24 25 -11 -26 28 29 -24
right_child=1 2 5 4 -6 8 -8 13 -10 22 -12 20 -14 -15 15 19 -18 18 -20 -21 -22 -23 27 -25 26 -27 -28 -29 -30 -31
leaf_value=0.00060294764251830196 0.033670706393242739 -0.021197226615534186 -0.042872548566206342 0.025179478539844893 0.001002311782910603 0.019054655044238519 0.091253189811977678 -0.04351148892000746 0.038943784738092915 0.096681477313827063 -0.043443564506814331 -0.015123534675315584 -0.026898090495767024 -0.028345666186727458 -0.034570173747090517 -0.0058105327914056938 0.02340285486924543 0.027100123769923396 -0.01667260309830082 -0.049879744698622476 0.014608418455186898 -0.011616000726809303 -0.022051742087300957 0.074127524564214814 -0.053406890428746072 0.0081516261201355703 0.00669868069601098 -0.011259607138650242 0.039221058785919791 0.025712961317004342
leaf_weight=28264.86509627942 34.696572789689526 28.931515756063163 51.615359355928376 36.743746673571877 37.478089518845081 44.91755221830681 47.343387734843418 68.858265290386043 38.961837565526366 23.09643689088989 60.708205119823106 94.668801363557577 201.03873318177648 161.66897739842534 58.303749016718939 99.34894279576838 134.10614754632115 91.141942761838436 74.902879397617653 42.389789647655562 201.59336877730675 278.40584017324727 64.514823232311755 25.464994985144585 19.501023213961162 37.299793807440437 111.38097167597152 226.85216742684133 53.724860188551247 66.778895022813231
leaf_count=122071 342 371 833 607 437 411 550 965 134 422 1306 679 1638 1599 1317 1156 1445 485 1358 1056 1035 2763 498 408 1074 858 1835 2001 426 678
internal_value=0.000302948 -0.00306668 0.00154485 0.0310287 0.0434581 -0.0018113 0.0623808 -0.00957258 -0.00014315 -0.00137973 -0.00941378 -0.00560371 -0.018506 -0.0110594 -0.00776171 -0.000695 0.00653926 -0.00354109 0.00735423 -0.0189903 0.00510775 -0.0179405 0.00632602 0.0190517 0.0117194 0.0420068 -0.00225687 -0.000370751 0.0129801 0.00224244
internal_weight=30781.3 2516.44 1472.61 150.497 121.565 1322.12 84.0871 1043.82 1270.5 1231.54 602.927 542.218 245.956 1009.13 847.458 500.193 358.455 224.349 166.045 141.739 296.262 347.264 628.614 216.743 191.278 60.3962 130.882 411.871 185.019 131.294
internal_count=150758 28687 16201 1965 1594 14236 1157 12486 13403 13269 5069 3763 2049 12144 10545 6817 4605 3160 1843 2212 1714 3728 8200 4597 4189 1280 2909 3603 1602 1176
is_linear=0
shrinkage=0.05


Tree=221
num_leaves=31
num_cat=0
split_feature=2 1 10 12 3 1 7 10 15 25 20 3 19 2 9 23 10 4 7 18 3 18 2 9 17 2 22 22 10 8
split_gain=11.0068 18.751 22.7374 21.1151 25.875 20.8234 24.8396 32.035 20.2369 20.2063 19.9478 28.0897 18.1067 30.0342 26.6118 28.2577 23.7313 19.0735 29.0179 24.2528 25.9214 19.2123 17.4881 26.4304 24.0148 19.3502 26.2726 24.1283 23.6401 29.483
threshold=0.62352913286812572 0.18033829263027987 31.694331253534763 0.13877193959761522 4.2168735033669176 0.23213764256101957 7.4814767860539568 35.676902418516072 35.500000000000007 75.500000000000014 3.8950233408523833 2.3644603641402515 0.23659132783964351 0.77003962878481391 25.483418403170401 1.6298470019873166 33.812104278796262 0.20967584686772942 7.5523084364127078 0.0054651047920984148 2.4048932616973002 0.0047037652812994537 0.72683843346154897 25.491412047461953 -2.2104575779196494 0.65891769949110313 8.7906461259632831 9.5416848826554475 33.366715829540233 172.92861704079959
decision_type=2 2 2 2 10 2 2 2 2 2 2 10 2 2 2 2 2 2 2 2 10 2 2 2 2 2 2 2 2 10
left_child=1 2 -1 4 9 6 -3 10 -5 -4 -8 -12 -2 22 15 -15 17 18 -16 20 -19 -20 25 -24 -25 26 -14 28 29 -27
right_child=12 5 3 8 -6 -7 7 -9 -10 -11 11 -13 13 14 16 -17 -18 19 21 -21 -22 -23 23 24 -26 27 -28 -29 -30 -31
leaf_value=0.020867970561668826 -0.00024948763455854179 0.0024637996619135856 -0.014645011257203184 -0.031433715917457999 0.031445861796780446 -0.00081264052605726361 -0.0091570676507918853 0.013702330905371469 0.0010245690201494153 0.0057068771880961454 -0.011511833656034752 -0.05163209945555125 0.013977434716676548 -0.00044475534953882287 -0.024272315421311506 0.032160077323098446 -0.027137006240909558 -0.0013414576608701924 -0.0044206130203647441 -0.0020319470680499117 0.024740846059234756 0.022137437117045317 -0.01583004193483625 0.028968202748707639 0.0092106788202524839 -0.013689658293745252 0.0004547800377023 0.0065588717999577831 0.0079035410210648964 0.01514672889041579
leaf_weight=189.66467490722425 9075.7437789791729 228.24114182032645 142.39595606469084 83.466046474175528 85.544142441591248 12055.320611828472 114.75615955679677 63.227805820060894 113.08154376409948 849.79916402697563 72.176271503791213 110.29787441843655 777.58640022983309 150.24658800871111 181.19782533124089 119.15339893149212 94.45026139752008 169.5735998172313 1086.6325555195799 770.48782590008341 217.36626726808026 72.649586043553427 93.084596588276327 175.77482125954702 1230.1840041235555 641.21930367359892 667.53828086960129 775.41043374850415 256.31457130098715 102.85878825187683
leaf_count=955 41288 674 2184 709 831 62595 905 417 341 3338 231 1054 4104 573 884 561 504 584 6977 2181 583 347 575 490 5095 4427 2598 3076 1491 352
internal_value=0.000386861 -0.00064078 0.00471631 0.0023123 0.00506089 -0.00126104 -0.0104432 -0.0186159 -0.0127592 0.00278605 -0.0254907 -0.0357628 0.00125722 0.00306083 -0.000980717 0.0139761 -0.00253504 -0.0016048 -0.00566469 0.00309718 0.0133105 -0.00275628 0.00551125 0.00997248 0.0116808 0.00343496 0.00773099 -6.10927e-05 -0.00519227 -0.00970342
internal_weight=30765.4 14108 1463.95 1274.29 1077.74 12644 588.699 360.458 196.548 992.195 297.23 182.474 16657.5 7581.73 2861.76 269.4 2592.36 2497.91 1340.48 1157.43 386.94 1159.28 4719.97 1499.04 1405.96 3220.93 1445.12 1775.8 1000.39 744.078
internal_count=150924 74234 8358 7403 6353 65876 3281 2607 1050 5522 2190 1285 76690 35402 13194 1134 12060 11556 8208 3348 1167 7324 22208 6160 5585 16048 6702 9346 6270 4779
is_linear=0
shrinkage=0.05


Tree=222
num_leaves=31
num_cat=0
split_feature=23 10 13 20 3 13 23 22 9 1 12 9 9 18 22 23 19 21 20 13 9 7 20 20 1 17 2 17 19 9
split_gain=10.5263 37.0976 33.923 31.425 32.0474 26.8023 23.9849 20.2049 19.9205 22.6125 18.5733 23.8381 27.4919 17.8038 17.4194 22.1749 15.8565 15.8043 15.5248 26.987 15.4137 14.7065 13.2752 12.9824 23.3059 24.0291 44.7887 25.3007 23.5943 34.8601
threshold=2.5667817348350837 33.722380125803944 6.8985023428826482 3.8871200661663257 4.1208370356229667 7.3659790311852635 2.6133147143801421 0.96429531422119663 25.540554567120413 0.46527268299734498 0.037571537608680594 29.606729002897293 29.178486070840805 0.0065959936197992957 1.2022127122248134 3.1300166270850336 10.782468852526284 153.28452444025598 4.2430422451722585 6.5204290581606053 25.822085308797117 7.6490409966629196 4.1090133839427923 4.1416134868393808 0.45261237634188017 0.41050042761009775 0.85143424125109135 -0.56114029725902459 26.278862993504593 26.940571939191468
decision_type=2 2 2 2 10 2 2 2 2 2 2 2 2 2 2 2 2 2 2 2 2 2 2 2 2 2 2 2 2 2
left_child=23 3 7 6 5 8 -2 18 -5 13 11 12 -8 20 15 -14 -6 -9 19 -3 -10 -16 -11 -1 -25 27 -27 28 -26 -30
right_child=1 2 -4 4 16 -7 10 17 9 22 -12 -13 14 -15 21 -17 -18 -19 -20 -21 -22 -23 -24 24 25 26 -28 -29 29 -31
leaf_value=-0.0011123684791374076 0.035437370593849007 -0.045676765662916466 -0.026594597074807796 0.027223556187361931 -0.050272446821465658 -0.016284545025759406 0.020896613201625117 -0.0064476791278672285 0.02119725059505902 -0.015118293865279823 0.018969671677641645 0.027005041608366327 -0.0048524266143397405 0.030008239193473431 -0.012015023014147898 -0.044082527057576384 -0.0063402644547322813 0.010300837682777111 0.0083031062774431216 0.0056273798590705248 -0.006526636975667602 0.015161922466250123 0.0028129803303752962 -0.0021425758632722669 -0.0027962186999918727 -0.001107354247040836 -0.037541848517170698 0.0061528673213253641 0.0023471263717193742 0.032283631344509137
leaf_weight=15783.929222116014 104.64610421285033 70.724681822583079 158.88239534571767 101.70068972744048 43.190191920846701 152.67504146136343 116.62451228313148 244.66969906911254 86.838945223018527 159.20423973537982 366.30264248885214 97.629717726260424 94.346926130354404 111.48673424124718 92.608362145721912 58.268643438816071 39.16324383020401 331.94984700344503 43.015585359185934 40.202918533235788 118.61500005424023 107.63627288490534 293.5215451400727 3809.370121851447 1955.0069262797479 1165.3194703269983 90.931404606439173 4231.1037526279688 462.04112244071439 123.16785506217275
leaf_count=76740 351 778 776 433 454 590 621 926 433 710 1671 392 655 240 302 531 386 1383 402 357 645 541 1133 20397 9884 6590 455 18558 2719 575
internal_value=0.000133436 0.00292905 -0.00565597 0.00648981 0.000627003 0.0030402 0.0127385 -0.00110225 0.00642615 0.00367807 0.0101938 0.00452535 -0.000149317 0.0139209 -0.00710525 -0.0198305 -0.0293805 0.00319415 -0.0171951 -0.0270829 0.00519138 0.00259323 -0.00349268 -0.000173637 0.00107811 0.00260644 -0.0037446 0.00378472 -0.000159771 0.00864781
internal_weight=30654.8 3033.9 889.445 2144.46 1106.4 1024.04 1038.06 730.563 871.367 769.666 933.417 567.114 469.485 316.941 352.86 152.616 82.3534 576.62 153.943 110.928 205.454 200.245 452.726 27620.9 11836.9 8027.57 1256.25 6771.32 2540.22 585.209
internal_count=150628 14710 4622 10088 5024 4184 5064 3846 3594 3161 4713 3042 2650 1318 2029 1186 840 2309 1537 1135 1078 843 1843 135918 59178 38781 7045 31736 13178 3294
is_linear=0
shrinkage=0.05


Tree=223
num_leaves=31
num_cat=1
split_feature=16 17 23 23 9 3 18 11 5 4 4 24 24 4 18 12 6 12 4 9 21 3 15 0 25 15 12 11 3 16
split_gain=16.2373 16.2304 32.9384 22.4255 19.2308 18.5251 18.3962 23.6035 18.3373 19.8449 14.3249 22.4487 33.6087 25.1044 27.7935 18.9143 15.7561 29.2555 17.6396 12.9086 12.5563 12.3787 20.0323 18.1292 21.1411 18.1936 29.9878 17.6535 16.4126 23.3755
threshold=-0.0046397562881802471 9.8980402430282069e-05 2.6133147143801421 1.2330138602401952 25.559370029630028 3.4788666658236163 0.0034594076406686846 3.4182741343641765 0.049641160698101386 0.040485256398153917 0.088042067066426713 3.4706815819334942 7.2683696948023053 0.12068392691896769 0.0052433122478707213 0.030696548333828781 16.625952885175519 -0.054407986555002362 0.12068392691896769 25.912478693730787 233.13109622143588 1.2828378755946861 33.500000000000007 0 179.50000000000003 54.500000000000007 -0.22818453574733369 1.3670555295688926 2.1573992384987632 0.0074402584487412672
decision_type=2 2 2 2 2 10 2 2 2 2 2 2 2 2 2 2 2 2 2 2 2 10 2 1 2 2 2 2 10 2
left_child=1 8 3 -3 -5 -4 7 -6 9 -1 15 13 19 -12 -15 -10 17 18 -14 -13 -18 23 28 25 -25 -2 -27 -28 29 -23
right_child=21 2 5 4 6 -7 -8 -9 10 -11 11 12 16 14 -16 -17 20 -19 -20 -21 -22 22 -24 24 -26 26 27 -29 -30 -31
leaf_value=-0.0029366445115467806 0.011158729673516029 -0.0030139130559543995 -0.0078516590531923624 0.0079174217766620428 -0.0075517984547441991 0.020251224637211282 -0.016606019335018259 -0.05596256874642979 -0.034021698380122957 0.03496001579394506 0.038468441867567371 -0.011054215458149505 -0.0075406707573182075 -0.021131132100683306 0.020500316646752278 -0.0013795743384166657 -0.0011574907930879525 -0.0026349360832895715 -0.051403978880753702 -0.046347847193900643 0.01395619221948209 -0.00036893711148757916 -0.0030648134271270581 0.012156694513971554 -0.0090111454681076255 -0.016977405380320595 0.0032562816240950402 -0.014627808725883455 0.00039711017504934611 0.015890120049820485
leaf_weight=68.107069335994311 355.06742750597186 159.03648827015422 127.50934514217079 35.584594884654507 33.533586484380066 108.57180689647794 114.03363349998835 101.05725962121505 80.586693731718697 70.102555154589936 69.935155466198921 46.965079153887928 36.813917061546817 70.088444638997316 93.668194092810154 98.771809172816575 2302.2148850243539 253.90973724168725 60.733725882484578 57.782232422381639 146.14750492200255 464.77224349090829 4278.1240566698834 819.75250042043626 137.78003584221005 258.59485429525375 1362.1879363562912 153.53979129344225 18239.632601522026 421.57232519425452
leaf_count=397 858 604 563 370 125 743 1515 2410 841 765 384 356 373 504 508 752 6603 1998 629 534 395 1418 12301 3192 472 866 3645 369 104823 1307
internal_value=-3.4176e-05 -0.00294814 -0.0100134 -0.0180484 -0.0264614 0.00507263 -0.0313819 -0.0439009 -0.0015593 0.0162853 -0.00230269 -0.00151724 -0.00271674 0.0133915 0.0026819 -0.0160458 -0.00167644 -0.0115763 -0.0348502 -0.0305234 -0.000255326 0.000420683 2.81513e-05 0.00339674 0.00911084 0.000827255 -0.00124022 0.00144466 0.00071999 0.00736436
internal_weight=30626.2 4135.15 679.327 443.246 284.209 236.081 248.624 134.591 3455.83 138.21 3317.62 3138.26 2904.57 233.692 163.757 179.359 2799.82 351.457 97.5476 104.747 2448.36 26491 23404.1 3086.92 957.533 2129.39 1774.32 1515.73 19126 886.345
internal_count=150620 21369 6330 5024 4420 1306 4050 2535 15039 1162 13877 12284 10888 1396 1012 1593 9998 3000 1002 890 6998 129251 119849 9402 3664 5738 4880 4014 107548 2725
cat_boundaries=0 1
cat_threshold=2
is_linear=0
shrinkage=0.05


Tree=224
num_leaves=31
num_cat=0
split_feature=9 18 9 17 17 7 4 13 3 25 7 9 24 10 16 17 9 25 6 21 20 21 25 16 4 19 7 21 6 7
split_gain=15.7525 23.2012 17.3479 20.6953 37.735 25.2413 49.9342 18.815 16.3162 22.1208 13.73 12.0659 21.8176 22.6397 20.7858 16.6079 30.8096 28.2057 23.4587 15.3002 34.3623 18.8023 19.6599 19.8391 21.3069 15.076 16.2582 16.0873 15.0511 22.8446
threshold=25.546907906469269 0.0059804885545375495 25.435002253364239 -0.50564885183669805 -1.600238756226809 7.5705924094442372 0.074928188310747407 6.7820365561867844 3.3836420419097322 46.500000000000007 7.4637848103315578 25.718786534244966 76.173380941664377 34.141656878530718 -0.0010735181316928639 -0.72963687241160247 25.582172227412318 39.500000000000007 12.537672002370533 137.57575217856029 4.1206747329413167 146.40574731076106 33.500000000000007 0.00023714010735795111 0.062274042268334578 5.4958883618760233 7.5134818253723941 148.36358691332526 44.904493592951276 7.4747386099124427
decision_type=2 2 2 2 2 2 2 2 8 2 2 2 2 2 2 2 2 2 2 2 2 2 2 2 2 2 2 2 2 2
left_child=1 2 3 4 -1 -6 -7 8 -5 -10 -3 12 13 15 -15 16 -2 -18 -19 20 -17 22 -21 -24 -25 26 -16 -28 29 -23
right_child=11 10 -4 7 5 6 -8 -9 9 -11 -12 -13 -14 14 25 19 17 18 -20 21 -22 28 23 24 -26 -27 27 -29 -30 -31
leaf_value=-0.012207881187699368 0.0077942901426617285 -0.019347155843146863 0.0088785429586425036 0.0080003970996593114 -0.00032998026186814491 -0.00089650749915075897 0.053886650698257516 -0.026840585977595061 0.0031288791393021911 -0.036634321211955145 0.00047687095801690594 8.2698203562733429e-05 0.0020139243020187675 -0.01365644508158469 0.014690952150551634 -0.0091443446262857771 0.0082285281816930067 -0.042660798855189315 -0.015823654048866969 -0.042722696650016344 0.033922348450813954 -0.027138055997190658 0.0053251619841175159 -0.043117879692956163 -0.0090345516199338196 0.014034634455239585 0.00068146559231671642 -0.037416188470290018 0.011982850107727644 -0.0021060681031436121
leaf_weight=155.09055468020961 102.7593133917544 155.3063190318644 1443.8119473899715 177.96975784818642 108.03088015085086 72.410722430795431 97.741283089853823 100.90066942374688 77.767368672881275 63.566248977323994 199.59039794560522 24135.287730878452 1412.4608867934439 156.48444606259 70.924903985112906 122.87928757956252 60.902259556110948 158.12322616600432 167.87927418574691 62.826879411819391 74.336413524812087 111.82529912050813 107.15631772624329 71.863405496347696 126.69330929382704 307.70357441890519 63.813651693752035 48.975600691279396 130.58691267669201 492.85081760620233
leaf_count=716 606 438 7716 572 426 720 439 739 813 618 532 117398 4784 1118 187 694 717 1584 741 652 318 379 471 612 508 1655 481 496 269 3425
internal_value=1.70042e-05 0.00369984 0.00553793 -0.000113333 0.00755426 0.0185719 0.0305729 -0.0080194 -0.00207186 -0.014755 -0.00819832 -0.000332008 -0.00293105 -0.00579525 0.00221399 -0.00869314 -0.0165421 -0.0230056 -0.0288407 -0.00573904 0.00708876 -0.00803098 -0.0172484 -0.0120132 -0.0213703 0.00726768 -0.00406631 -0.0158614 -0.00341088 -0.00673534
internal_weight=30638.5 2652.19 2297.29 853.477 433.273 278.183 170.152 420.204 319.303 141.334 354.897 27986.3 3851.05 2438.58 647.902 1790.68 489.664 386.905 326.003 1301.02 197.216 1103.8 368.54 305.713 198.557 491.418 183.714 112.789 735.263 604.676
internal_count=150824 13729 12759 5043 2301 1585 1159 2742 2003 1431 970 137095 19697 14913 3937 10976 3648 3042 2325 7328 1012 6316 2243 1591 1120 2819 1164 977 4073 3804
is_linear=0
shrinkage=0.05


Tree=225
num_leaves=31
num_cat=0
split_feature=1 1 3 24 11 21 12 16 3 25 2 10 17 9 2 20 12 24 1 12 21 1 12 9 9 16 23 9 23 17
split_gain=10.9177 12.3957 9.82325 31.2989 27.588 27.8148 29.5098 26.6275 24.5129 37.9676 38.8419 24.3718 27.9733 36.9259 30.7976 30.6943 24.9322 21.7896 71.6581 39.7549 40.9745 35.8719 32.0666 21.8629 28.2888 27.493 26.0544 25.8756 37.5058 25.4795
threshold=0.0055928451601485194 0.010456034394553506 3.7317597592783014 31.068846132255569 3.9824452957511487 137.57575217856029 -0.092156809516825158 -0.0065004524478703522 3.5440971740857412 70.500000000000014 0.59851412332197473 32.163934042258724 0.44368578745692849 26.822340271140884 0.52605796381204495 3.1341813107816896 0.054895988592430875 18.269649213080982 0.40205462443001316 0.054895988592430875 157.01284497789297 0.82243832506171344 0.11922736196368929 25.772497234205094 25.527392833753385 0.001856676899029052 1.0323272586241961 25.8291289231042 1.8636524573426487 0.34528939063358577
decision_type=2 2 10 2 2 2 2 2 10 2 2 2 2 2 2 2 2 2 2 2 2 2 2 2 2 2 2 2 2 2
left_child=-1 -2 4 17 8 -6 -7 -8 -3 11 -11 16 13 14 -13 -14 -10 23 -19 20 -20 22 -21 24 25 29 -25 28 -28 -4
right_child=1 2 3 -5 5 6 7 -9 9 10 -12 12 15 -15 -16 -17 -18 18 19 21 -22 -23 -24 26 -26 -27 27 -29 -30 -31
leaf_value=-0.017111102549837717 0.01272504329180279 0.00047605290459790545 0.015621332278674214 -0.032990999119104761 0.037164005991222791 -0.013765569917745968 0.042826629174958747 0.0073077442744025741 -0.016645522573027715 -0.01153393761633646 0.017609009870359852 -0.038304751826966417 -0.016228553363382442 -0.060240239455458977 0.01127050748064776 0.017246869840987267 -0.050684785228404562 -0.046501464993319135 -0.058149830437844108 0.14938315203163485 0.032726521081574596 0.025241634393610182 0.04861850053101395 -0.013297761176599069 -0.013482415906561414 -0.027654652842468049 -0.00024962579925916461 0.00034884237587025813 0.0487297095289769 -0.015841890203825662
leaf_weight=91.761890826979652 195.07391623035073 23277.307622208493 268.57196494087111 80.108593239914626 76.849714678246528 159.99361615034286 56.346645998070017 830.29929136368446 203.50854845752474 209.40629584807903 251.82948555028997 52.359747429611161 119.22823299479205 47.242678418988362 77.990305960527621 160.87162192747928 73.124162105377764 34.822610838455148 17.888576992321759 16.069465181790296 40.453935005702078 32.834354665013961 15.521810934995299 332.85133714135736 784.6217051075073 63.489292836049572 89.770445142872632 2845.2190388634335 69.225289910566062 84.620455208001658
leaf_count=668 654 85650 2339 3551 526 1847 501 6540 1254 1263 1120 622 559 545 523 631 420 1912 935 385 981 401 444 2180 7727 569 782 23658 492 841
internal_value=0.000109708 0.000161404 8.07112e-05 -0.00200096 0.000469133 0.00813038 0.00599858 0.00956498 0.000117424 -0.00686499 0.00437778 -0.0139267 -0.00684502 -0.0223689 -0.00864316 0.00299761 -0.0256433 -0.0014723 0.0168052 0.0347618 0.00486264 0.0618379 0.0998742 -0.00210697 -0.00789098 0.00263782 -2.47899e-05 0.00144579 0.0210755 0.00808314
internal_weight=30659.3 30567.5 30372.4 4776.07 25596.4 1123.49 1046.64 886.646 24472.9 1195.56 461.236 734.325 457.693 177.593 130.35 280.1 276.633 4695.96 157.591 122.768 58.3425 64.4256 31.5913 4538.37 1201.3 416.682 3337.07 3004.21 158.996 353.192
internal_count=150520 149852 149198 47197 102001 9414 8888 7041 92587 6937 2383 4554 2880 1690 1145 1190 1674 43646 5058 3146 1916 1230 829 38588 11476 3749 27112 24932 1274 3180
is_linear=0
shrinkage=0.05


Tree=226
num_leaves=31
num_cat=0
split_feature=5 22 23 2 25 24 23 23 5 2 7 13 5 23 23 1 2 9 20 9 24 9 23 7 13 1 13 7 13 21
split_gain=11.2623 30.0891 29.0008 21.2515 19.09 41.9765 59.5476 35.4213 29.2749 20.3493 19.7601 18.9494 26.2185 18.6778 18.1561 22.5687 24.7449 20.1363 17.7444 23.5963 22.6518 20.0545 17.5379 16.3928 15.0413 23.5591 34.5336 18.9105 18.2004 17.1569
threshold=0.19048154182052077 2.3253915181130078 2.78411669035795 0.58114418781905097 128.50000000000003 35.968753025258628 2.4377086186796881 1.0141485860589643 0.2825766103213298 0.88753238665391077 7.4814767860539568 7.2530402477316089 0.29732003562455395 1.8347222441656523 1.8710480258849136 0.092580941415039988 0.38806892960361972 25.693285207010994 4.0496044102137407 26.626417888419599 150.59738072404318 26.922689536865303 1.5309286639157047 7.5361533337821314 5.9955415285526046 0.11166013598773113 5.7291417903134478 8.2670964408376246 6.005632661744623 238.18203402609009
decision_type=2 2 2 2 2 2 2 2 2 2 2 2 2 2 2 2 2 2 2 2 2 2 2 2 2 2 2 2 2 2
left_child=24 2 3 -2 7 6 8 -3 -6 11 -8 13 -13 23 15 -9 -17 -16 20 -20 22 -21 -18 -7 25 26 -1 29 -26 -27
right_child=1 4 -4 -5 5 9 10 14 -10 -11 -12 12 -14 -15 17 16 18 -19 19 21 -22 -23 -24 -25 28 27 -28 -29 -30 -31
leaf_value=-0.0032149561826510125 -0.0098366104004633578 -0.021443066313488413 0.0011525970723259373 -0.041206411132733003 -0.038186489651199668 -0.0024819445507003567 -0.0044713400872452309 -0.018902973226296242 -0.014459653635348891 0.016179940109098626 0.015351413691418115 -0.0018822503808134307 -0.024360934723341963 0.0069789806720108871 -0.0069916650671573606 -0.01741170581896263 -0.027244464627109374 0.01158086380901841 0.01473174119504677 -0.0055353942552191018 0.012319841819034706 0.0098310380812224336 -0.0031766262237355016 0.015188727847620168 -0.023549414178843937 0.0022247298610371942 0.039778644877781225 -0.020442280082223856 9.0180239106142269e-05 0.017456335578192001
leaf_weight=85.033294955734164 98.495721782557666 151.30677184835076 157.02189365401864 119.48092310270295 170.37259414792061 2465.0080328453332 459.73193820565939 138.17684723925777 548.66731707751751 183.24431664869189 173.03859131038189 404.32426066324115 190.99721772782505 854.31584540009499 173.93015048466623 151.83693651109934 120.11987994005904 906.9211972085759 527.51203570119105 477.39335876284167 134.53989626839757 382.40782111603767 204.64058333192952 138.6276877745986 81.837786576012149 4782.2527145768981 103.62324266938958 88.977095810696483 16026.726424397551 192.31315173231997
leaf_count=613 411 429 458 678 546 7126 1047 419 1320 467 345 1109 576 2596 440 433 445 2027 1360 1448 343 1097 594 352 499 23503 582 295 98749 567
internal_value=9.46319e-05 -0.00135442 -0.0152301 -0.0270315 -0.000773497 -0.00256569 -0.0102372 0.00219949 -0.0200816 -0.000117835 0.000949427 -0.000854641 -0.0090941 0.000563865 0.00331132 0.000639899 0.00199113 0.00859218 0.00358652 0.00640668 -0.00493176 0.00129903 -0.0120787 -0.00154109 0.000727693 0.0030513 0.0204001 0.00240492 -2.99181e-05 0.00281357
internal_weight=30692.9 9332.11 374.999 217.977 8957.11 5588.33 1351.81 3368.79 719.04 4236.52 632.771 4053.27 595.321 3457.95 3217.48 2136.63 1998.45 1080.85 1846.61 1387.31 459.3 859.801 324.76 2603.64 21360.8 5252.2 188.657 5063.54 16108.6 4974.57
internal_count=150874 26066 1547 1089 24519 15484 3258 9035 1866 12226 1392 11759 1685 10074 8606 6139 5720 2467 5287 3905 1382 2545 1039 7478 124808 25560 1195 24365 99248 24070
is_linear=0
shrinkage=0.05


Tree=227
num_leaves=31
num_cat=1
split_feature=15 25 20 1 1 24 18 23 11 14 0 9 23 21 25 11 25 23 1 13 8 18 24 25 12 20 23 25 8 4
split_gain=10.612 15.4804 18.4521 24.7076 36.1767 24.172 13.6563 32.6341 14.6171 21.5868 33.8931 23.4447 22.1335 18.7701 17.1827 16.0356 13.8035 13.1143 13.2432 12.5661 12.5497 13.5734 15.1992 30.2663 18.6753 30.8551 14.6009 34.2672 33.3362 43.4687
threshold=63.500000000000007 155.50000000000003 4.2548975791494206 0.78642515839964477 0.91836002290929553 104.89416457985999 0.013822656333281747 1.5774487593647446 1.8498092370041106 7.5000000000000009 0 26.812262328067458 1.1128397832114358 171.07402439210759 128.50000000000003 1.2582321826761391 129.50000000000003 1.0417249358926597 0.046576765434512342 8.2752232314492211 4.9964289463918172 0.0057100781871518612 24.313819623714007 128.50000000000003 -0.015657359783030157 5.0171553144267094 2.7520092714813873 54.500000000000007 139.02086466645625 0.064053242660479001
decision_type=2 2 2 2 2 2 2 2 2 2 1 2 2 2 2 2 2 2 2 2 10 2 2 2 2 2 2 2 10 2
left_child=1 6 3 -3 -5 -4 8 -8 9 16 14 12 -12 -13 -11 -16 -1 -2 -19 20 -10 26 23 -23 -24 -26 -22 28 29 -28
right_child=17 2 5 4 -6 -7 7 -9 19 10 11 13 -14 -15 15 -17 -18 18 -20 -21 21 22 24 -25 25 -27 27 -29 -30 -31
leaf_value=0.02422239209538592 -0.0052324974698413265 0.0016637353785676229 -0.020332931964221184 -0.031301153891132437 0.0017298436017175894 -0.0029763042272210397 0.0060852816589094527 -0.031035882508445325 -0.020275992077768715 0.019980549371186016 0.0097605959881170972 -0.026052387503518366 -0.0088640650312745411 -0.0027502024924297816 0.020415182346810869 -0.0026538309926205949 0.0035150029769551077 -0.012218415881830896 0.0045906929073691143 -0.014949971462491106 -0.00053312956895138202 0.0024866715912896806 0.011361304717361038 -0.017484704492675286 0.0068397988142584413 -0.01425529757168127 -0.028722751955701339 -0.022751991489979469 0.016911995342625382 0.0056519507237120323
leaf_weight=193.57583958655596 472.78511705622077 1328.5897654183209 356.79889126867056 154.33294124901295 179.08196653053164 458.19883587956429 120.08621563646011 116.7850216939114 79.270317514427006 274.48184435255826 356.24704726412892 177.58405970036983 288.86734832823277 168.34271067753434 103.22693333216012 278.74465508013964 137.74557441845536 122.89154055155814 2520.0718015227467 149.71589153818786 18854.298535061302 976.00096916453913 816.57616030110512 235.47681741788983 601.18214917962905 243.57294819201343 160.71369446441531 250.64813654497266 184.25803753361106 215.00521514937282
leaf_count=543 1220 3507 947 504 473 1450 410 409 265 893 818 497 700 391 417 1003 398 408 8019 578 111317 3993 2252 702 1596 739 1483 2035 1180 1485
internal_value=-0.000328213 -0.000641989 -0.00441223 -0.00139024 -0.0135597 -0.0105749 -0.00026817 -0.0122166 -0.000153796 0.00396812 0.00162619 -0.00421054 0.0014209 -0.0147126 0.0104378 0.00358052 0.0156134 0.00243713 0.00380911 -0.000512061 -0.000416488 -0.000346637 0.00286371 -0.0013952 0.00596939 0.000757332 -0.00081563 -0.00738629 -0.000508538 -0.00905182
internal_weight=30575.2 27459.4 2477 1662 333.415 814.998 24982.4 236.871 24745.5 1978.82 1647.49 991.041 645.114 345.927 656.453 381.972 331.321 3115.75 2642.96 22766.7 22617 22537.7 2872.81 1211.48 1661.33 844.755 19664.9 810.625 559.977 375.719
internal_count=150632 140985 6881 4484 977 2397 134104 819 133285 5660 4719 2406 1518 888 2313 1420 941 9647 8427 127625 127047 126782 9282 4695 4587 2335 117500 6183 4148 2968
cat_boundaries=0 1
cat_threshold=1
is_linear=0
shrinkage=0.05


Tree=228
num_leaves=31
num_cat=1
split_feature=25 22 1 0 9 9 13 1 22 20 23 2 18 18 2 17 17 2 24 17 23 5 7 25 23 13 22 23 25 17
split_gain=15.5738 42.6555 45.5063 24.6316 22.9874 47.2441 57.5706 20.2378 50.8583 20.3063 19.3976 18.869 18.7285 19.2297 30.0731 18.6033 18.6766 18.8505 26.4021 27.3687 18.0199 20.8165 22.332 17.7787 29.4115 20.3828 17.7401 38.2668 64.1456 31.4613
threshold=59.500000000000007 2.6321715633356204 0.98480123688965571 0 25.860324183569912 26.556394496769425 6.1745281620653349 0.97291612933940796 1.5136649704255871 4.3513317942119851 1.0027166965428511 0.7578827536082533 0.0026385332287615997 0.0014637204613866335 0.8033364367103788 -0.86813795056378384 -0.67249825922620221 0.59851412332197473 43.642022795461806 0.60646265655272014 1.2186964098923183 0.013446903722771729 8.1843556708397891 100.50000000000001 0.96258632103093522 5.6375263690645516 1.2022127122248134 2.8464862888892535 25.500000000000004 -0.93312824441651643
decision_type=2 2 2 1 2 2 2 2 2 2 2 2 2 2 2 2 2 2 2 2 2 2 2 2 2 2 2 2 2 2
left_child=1 26 3 4 -3 6 -6 8 9 -2 -10 15 13 14 -13 -9 -17 23 19 -19 21 22 -21 24 25 -18 29 28 -28 -1
right_child=7 2 -4 -5 5 -7 -8 11 10 -11 -12 12 -14 -15 -16 16 17 18 -20 20 -22 -23 -24 -25 -26 -27 27 -29 -30 -31
leaf_value=-0.016918325864292826 -0.012112561788224925 -0.038093945289476128 0.10235846095840347 -0.045006914963940124 0.12898466904875347 -0.01748145433320265 -0.012570131326225193 0.013378823578342195 -0.0096788422342779859 -0.040126211487204182 0.0005128103751913315 -0.01862712663865498 -0.015034221050446368 0.014134583693424905 0.0044392091655484998 -0.016130319914966489 0.0050863013988174553 0.016438420429703716 -0.013955505073739239 0.028705336818988781 -0.012721823127052133 -0.0086307317965266406 0.0040287198169510234 0.011341280999452126 0.0018085913567194131 -0.025502135504836706 -0.023711939597781576 0.042847067033331944 0.0081505277242337523 -0.0014212179981612217
leaf_weight=347.40847379574552 316.04785398580134 65.013320470694453 7.3439438659697762 92.263316895696335 13.71925018145703 104.20746826624963 15.075725295813752 575.70555824367329 479.76835265848786 81.337583661079407 17369.977209973382 212.71962231770158 230.51422780379653 210.61907393857837 420.90778027102351 115.32942423177883 75.942115626297891 782.61625770293176 124.46418117173016 144.50450225174427 147.22684996947646 153.80643519386649 250.83175627887249 301.74480359256268 989.88915361696854 192.54287638701499 193.40156131354161 61.622315872460604 861.98322827881202 5715.7955542304553
leaf_count=2348 2432 3702 332 9028 252 6308 582 1978 1540 673 69284 688 711 569 1209 542 361 2493 529 413 499 507 651 801 4325 1186 4149 225 5972 26239
internal_value=-2.72008e-05 -0.00201127 -0.0205596 -0.0236694 -0.0137274 -0.00181673 0.0548731 0.000612954 -0.000154984 -0.0178464 0.000238877 0.00345565 -0.00240281 0.00104609 -0.00330456 0.00508913 0.00363364 0.00435414 0.00816124 0.0100225 0.00281191 0.00697655 0.0130486 0.000441305 -0.00217239 -0.0168501 -0.00124243 0.00454789 0.00231166 -0.00230917
internal_weight=30654.3 7477.83 297.623 290.279 198.016 133.002 28.795 23176.5 18247.1 397.385 17849.7 4929.36 1074.76 844.246 633.627 3854.6 3278.9 3163.57 1603.45 1478.99 696.37 549.143 395.336 1560.12 1258.37 268.485 7180.21 1117.01 1055.38 6063.2
internal_count=150528 59137 20204 19872 10844 7142 834 91391 73929 3105 70824 17462 3177 2466 1897 14285 12307 11765 5092 4563 2070 1571 1064 6673 5872 1547 38933 10346 10121 28587
cat_boundaries=0 1
cat_threshold=1
is_linear=0
shrinkage=0.05


Tree=229
num_leaves=31
num_cat=0
split_feature=17 11 2 2 20 10 12 17 21 25 12 2 6 12 21 19 1 4 2 1 16 17 10 17 21 10 19 19 16 19
split_gain=12.2919 26.075 32.9959 38.8765 27.6356 26.3741 30.9715 31.1552 30.7758 26.3457 25.3794 22.9841 22.4708 18.905 22.7301 25.2342 22.2972 18.8503 28.0404 22.8331 17.5193 14.9276 19.6217 18.6014 22.3907 15.6063 18.7603 36.6566 30.6646 24.5394
threshold=-2.0224858589353993 2.8686768338884376 0.71881092008341618 0.63471224362049328 3.0697311831206497 31.827482756443167 0.014508138362474369 -2.6579366365174342 156.68428452980297 117.50000000000001 -0.058460223075271295 0.41992315919036366 17.223893323259155 -0.050251921852688168 155.51929422893383 13.220867292130318 0.45261237634188017 0.24671386258391012 0.77326381336695149 0.40205462443001316 0.0070631367750034904 -1.4763409003282286 32.893094455162426 -1.7048467142736528 146.94793555011822 32.737826786344463 11.588167708164699 29.783521255763976 0.0060894022102298195 4.3576618596675925
decision_type=2 2 2 2 2 2 2 2 2 2 2 2 2 2 2 2 2 2 2 2 2 2 2 2 2 2 2 2 2 2
left_child=1 9 3 4 -3 -6 8 -8 -7 11 -5 -1 -11 14 15 -13 -15 18 -4 -20 -14 22 25 24 -24 26 29 28 -28 -2
right_child=21 2 17 10 5 6 7 -9 -10 12 -12 13 20 16 -16 -17 -18 -19 19 -21 -22 -23 23 -25 -26 -27 27 -29 -30 -31
leaf_value=0.0016167918863791006 0.0068478122825269862 0.027537111750184712 0.023171474282105496 0.0021326410234690416 0.024041103604819633 -0.0059820322418392153 0.027086536774972404 -0.009890980571553059 -0.045399112452776814 0.017201367086247046 -0.037119995463033933 0.00045311149333113687 -0.0097844293643232477 0.0070316696184834883 -0.044163063412811239 -0.035470050053289043 -0.021226519805949858 0.032405864074371307 0.016802234476241278 -0.018019670740960666 0.0033212360331525757 4.5803951009181718e-05 -0.025704631261966843 0.0061338961949084512 -0.0016402807947001727 0.029008181466820843 -0.032582388472502603 0.016514293896394815 0.0071194112299809726 0.028835843408710288
leaf_weight=189.97533565107733 614.26635172741953 93.962950028479099 166.31272571021691 62.638799082487822 82.703730505425483 134.60899868945125 99.432960324920714 133.36645090510137 78.339687426341698 138.31413967162371 120.20322438632138 104.31739129126072 603.21932940930128 122.99859371688217 117.8047538716346 91.997645359486341 161.42173919547349 101.18569335062057 76.432465196587145 122.56770071270876 441.73467970266938 25042.992698339745 123.62936407560483 531.12870057264809 443.15089547925163 87.294238758273423 119.42187026795 145.60651437775232 82.052871824707836 159.92829129938036
leaf_count=530 2361 249 612 378 340 731 341 659 468 420 735 403 1748 392 538 422 634 283 423 664 1218 128310 602 2337 1891 325 837 888 352 589
internal_value=5.5162e-05 -0.00285511 0.00272703 -0.00340291 0.00255158 -0.00189105 -0.00670248 0.00590281 -0.0204828 -0.00645545 -0.0236727 -0.0135354 -0.00173744 -0.0183447 -0.0268003 -0.0163813 -0.00900616 0.0133084 0.00801865 -0.00464519 -0.00424426 0.000400308 0.0042494 -0.000589166 -0.00688934 0.00864493 0.0070596 -0.00259966 -0.0164134 0.01139
internal_weight=30593 3243.54 1271.76 805.257 622.415 528.452 445.748 232.799 212.949 1971.78 182.842 788.515 1183.27 598.54 314.12 196.315 284.42 466.499 365.313 199 1044.95 27349.5 2306.48 1097.91 566.78 1208.57 1121.28 347.081 201.475 774.195
internal_count=150680 12188 5883 3901 2788 2539 2199 1000 1199 6305 1113 2919 3386 2389 1363 825 1026 1982 1699 1087 2966 138492 10182 4830 2493 5352 5027 2077 1189 2950
is_linear=0
shrinkage=0.05


Tree=230
num_leaves=31
num_cat=0
split_feature=25 24 14 22 24 12 13 9 10 23 24 22 24 23 22 8 3 17 16 12 19 21 12 10 3 19 19 7 3 22
split_gain=13.5359 30.059 19.1812 18.256 20.3016 15.307 14.7177 22.9686 14.4315 12.0476 25.8632 15.8054 22.3791 15.1924 11.679 11.5374 11.3143 11.2345 26.5369 29.601 26.3699 30.5483 28.0663 23.7541 21.4163 20.7283 20.8365 20.113 25.4988 19.6684
threshold=149.50000000000003 53.326796073536748 5.5000000000000009 9.3349868168753911 19.813063812402678 -0.079369514594069782 7.3800400471173671 29.244190744482029 32.542779646502531 1.8418836983165208 95.762709181904938 26.982717114863913 280.85723280472456 1.4949917641101431 12.249813504469119 4.9964289463918172 0.050007442200199967 -2.1316690351520342 0.027768839177584236 0.013233421579879966 6.3448602517394637 175.28936116909247 0.12847927155609826 33.066542778470044 1.1357681864301539 35.306331565416599 16.583111069825954 7.5523084364127078 2.1301670840332245 9.2256161515765047
decision_type=2 2 2 2 2 2 2 2 2 2 2 2 2 2 2 10 8 2 2 2 2 2 2 2 8 2 2 2 10 2
left_child=15 3 5 4 -2 -3 9 -8 -7 10 -4 -12 13 -13 -11 -1 -17 18 19 24 21 23 29 -21 -18 26 27 28 -26 -22
right_child=1 2 6 -5 -6 8 7 -9 -10 14 11 12 -14 -15 -16 16 17 -19 -20 20 22 -23 -24 -25 25 -27 -28 -29 -30 -31
leaf_value=-0.012391998256242541 -0.017490706391160873 0.02004265559200508 -0.024857834303693233 -0.023655998532459283 -0.0015330838013657413 0.0092597910928845003 -0.028340945038785505 -0.0010116479376554197 -0.0085900787879469413 0.019354926756770779 0.010241067863403168 -0.022771607733687096 0.0022199413782244353 -0.0028264423950611177 0.0019111839108080959 0.017033929156132065 0.0072120037085533122 0.00093039822665940081 0.022046310834742421 -0.035171351761648477 0.031636176530722843 0.0077122976899170227 -0.0047411773888521233 -0.0016769962043798412 -0.021823374754496246 0.002883940690532708 -0.026849159028896688 -0.023294467279414411 0.0020113135117921181 0.0079119783024013679
leaf_weight=170.36324828746729 292.72722880914807 178.86225227825344 127.18220615759492 189.941694509238 624.56793972104788 322.0760683529079 128.76343369111419 190.80474964156747 174.63199110142887 111.85206869989634 243.02402248606086 202.99544653669 572.58099120855331 180.25594251602888 675.1236228980124 105.10376357659698 191.36508513242006 23709.474917797721 104.48212923575193 114.47816196852364 159.79280108516105 194.8756258841604 201.13969430560246 98.462765804026276 157.57960144802928 225.66373161156662 236.64386529475451 202.50324519793503 389.75889845471829 192.73566000629216
leaf_count=530 803 380 368 522 1393 674 473 586 431 258 608 625 2018 629 2647 552 477 127813 306 543 680 577 808 373 645 1065 1177 1011 1331 599
internal_value=0.00015848 -0.00247293 4.71117e-05 -0.00954699 -0.00662548 0.00750052 -0.00202283 -0.0120234 0.00298416 -0.000510358 -0.00341888 -0.0011445 -0.00403933 -0.0133907 0.00439045 0.000577783 0.000661848 0.000596117 -0.00261332 -0.00370274 0.00305567 -0.00659251 0.0101623 -0.0196837 -0.00833262 -0.0107867 -0.0139139 -0.00983167 -0.00485073 0.0186656
internal_weight=30669.8 4215.39 3108.15 1107.24 917.295 675.57 2432.58 319.568 496.708 2113.01 1326.04 1198.86 955.832 383.251 786.976 26454.4 26284.1 26179 2469.48 2365 961.485 407.817 553.668 212.941 1403.51 1212.15 986.486 749.842 547.338 352.528
internal_count=150902 12415 9697 2718 2196 1485 8212 1059 1105 7153 4248 3880 3272 1254 2905 138487 137957 137405 9592 9286 3580 1493 2087 916 5706 5229 4164 2987 1976 1279
is_linear=0
shrinkage=0.05


Tree=231
num_leaves=31
num_cat=0
split_feature=24 11 11 18 13 13 4 3 12 10 25 3 3 10 11 22 25 12 22 24 18 10 9 24 17 1 11 4 1 18
split_gain=17.3648 36.4719 45.7841 31.553 30.7429 30.3295 25.1855 28.0757 33.6975 25.7686 25.2265 24.9592 21.851 20.5917 24.7623 21.427 23.5773 22.1941 23.0919 19.5906 23.2804 17.215 15.8032 15.5743 13.8604 18.1423 13.3907 17.9447 13.2583 21.9974
threshold=0.45159935780753385 3.9824452957511487 3.9942841805298781 0.00021422049526078287 5.8563363109853368 6.0435991867766603 0.023956803766966267 4.2290563866678132 0.056369156619865808 35.292758040768867 21.500000000000004 3.4937081840459823 3.7734967218965481 34.751996944763221 4.0857830089960805 0.0048368735115676452 50.500000000000007 -0.018262525550123084 0.021428333512895397 0.71339184785876586 0.00010890616891766259 32.679375184001515 26.700170400415114 0.12229116991411665 -0.33542610380966353 17.256272911349907 4.3064048083361453 0.001857289171028791 16.35073043283883 0.00010890616891766259
decision_type=2 2 2 2 2 2 2 8 2 2 2 10 10 2 2 2 2 2 2 2 2 2 2 2 2 2 2 2 2 2
left_child=1 11 -3 4 -2 -6 7 8 9 13 -10 -1 21 14 -4 -16 17 18 -17 20 -7 22 -13 -9 -21 -26 27 -12 -23 -30
right_child=3 2 6 -5 5 19 -8 23 10 -11 26 12 -14 -15 15 16 -18 -19 -20 24 -22 28 -24 -25 25 -27 -28 -29 29 -31
leaf_value=0.0031996017867394187 0.008226029826342211 0.040392893761612196 0.014623941140460357 -0.00020821202837552601 -0.049470067529485122 0.019641659090270863 0.035299444039826863 -0.0085003456864589828 -0.0039787943995587592 -0.022221793189131124 0.02709133696412936 -0.034165506512672979 0.0023163519205452328 0.029389230069245677 0.017378332681373329 0.010131536267774825 0.0030922308739959499 -0.049353958324602834 -0.040902365001011846 -0.0035381001032587576 -0.01600631105290953 0.0098901532282029605 -0.011828327647485468 -0.057162032880622771 -0.047279616634358 -0.014572872053246012 0.034916169705782582 0.00082313430480010811 0.0048675809657451868 -0.024323201633517914
leaf_weight=2099.0646989010274 152.22601779364049 109.37323824502528 200.97644781321287 25121.777622876107 64.414112622849643 81.114744686987251 73.426835111342371 49.388036347925663 115.37929306831211 110.51816565170884 152.41092084161937 115.82251398079097 504.33839882723987 70.694282227195799 69.058338843286037 53.877940868958831 117.43779355660081 63.388845244422555 37.658792081754655 71.208238275023177 105.19540882203728 121.86423368565738 250.30053544044495 24.649220325518399 79.358819506596774 91.038564464077353 141.72973821684718 113.38090074807405 125.72352510131896 132.61514389701188
leaf_count=5174 728 262 740 129695 408 372 433 570 726 740 517 463 1342 341 202 266 457 667 715 535 512 419 775 589 791 315 683 367 386 459
internal_value=2.82834e-05 0.00277191 0.00924207 -0.000488477 -0.0114119 -0.0174839 0.00679794 0.00521316 0.00698994 1.53706e-06 0.0166608 -0.000131884 -0.00572331 0.00400759 0.000699437 -0.00749716 -0.0138044 -0.0266125 -0.0108641 -0.012669 -0.000486083 -0.0111562 -0.0188947 -0.0247013 -0.0220636 -0.0298053 0.0225043 0.0158859 -0.00370434 -0.0101172
internal_weight=30619.4 4853.08 1503.35 25766.3 644.556 492.33 1393.98 1320.55 1246.51 723.611 522.901 3349.73 1250.66 613.092 542.398 341.422 272.363 154.926 91.5367 427.916 186.31 746.326 366.123 74.0373 241.606 170.397 407.522 265.792 380.203 258.339
internal_count=150649 17293 8275 133356 3661 2933 8013 7580 6421 4128 2293 9018 3844 3388 3047 2307 2105 1648 981 2525 884 2502 1238 1159 1641 1106 1567 884 1264 845
is_linear=0
shrinkage=0.05


Tree=232
num_leaves=31
num_cat=0
split_feature=1 2 13 20 4 5 16 18 10 18 18 2 11 16 7 24 20 20 5 18 12 24 4 4 5 10 2 23 12 2
split_gain=9.56973 21.4052 31.8026 21.9994 19.4798 22.6682 19.2614 21.5107 22.4322 17.1078 13.4958 11.6163 10.9878 23.2531 24.934 20.8145 15.8086 29.56 24.9849 54.4511 18.9189 14.6931 27.0693 15.9025 23.8464 33.9513 23.1456 22.4626 28.6262 30.431
threshold=0.063651405978313438 0.69982992733777516 6.1336913053206468 5.1215296699999993 0.2270320969383571 0.1214418220445697 -0.0016478662156880276 0.0043607751439830181 32.659856167469464 0.004401106299018397 0.0033676859403670031 0.78179432535130677 4.5071681058446762 0.0020617656882523467 7.6612610692499068 4.1360724289883519 5.2152058057205872 5.0935280044450293 0.048235071876645837 0.0012691616502898508 -0.13755126127683828 0.097473381317940519 0.016116440051053799 0.034015814517463473 0.054806878322872808 33.767828634228444 0.38974878582977385 2.5442307667949957 0.05334816715153539 0.56173859512951174
decision_type=2 2 2 2 2 2 2 2 2 2 2 2 2 2 2 2 2 2 2 2 2 2 2 2 2 2 2 2 2 2
left_child=1 2 9 4 5 -4 -3 8 10 -1 -8 -9 -2 16 -15 -16 17 20 19 -19 -14 -22 -23 26 27 -26 -24 28 -25 -30
right_child=12 6 3 -5 -6 -7 7 11 -10 -11 -12 -13 13 14 15 -17 -18 18 -20 -21 21 22 23 24 25 -27 -28 -29 29 -31
leaf_value=0.014787305551123132 0.00042899681659993281 0.017010389688402166 -0.032796232175321134 0.0054457989086279376 -0.049889344138853195 0.0071532529623118627 -0.039679205202936885 0.012799139445958507 0.010672805205744035 -0.015924288714261877 -0.0088520394471320474 -0.0048038703087880177 0.032027509737891639 -0.058095167690904448 -0.035027878406424538 0.011392902756044879 -0.038481326461123733 0.0011290217991269103 -0.014125761459008188 0.0859797486747651 0.014489202921996512 -0.037583790366477937 0.039740731113679997 -0.039661997588944987 -0.019760027818422884 0.03203166679595728 -0.0033967438753540837 -0.051018854108923775 -0.025042469855440209 0.035366087052571396
leaf_weight=121.5085020607803 28480.65706323972 151.6418798812665 105.86058173363563 55.892048425972462 78.029007774079219 53.431135482154787 83.48139269661624 188.80778394825757 56.032118756440468 72.341481160605326 61.775834639091045 186.09480459848419 33.756692373892292 38.798743920167908 45.996917761862278 50.837196541833691 28.365770111558959 42.144279001280665 30.829236024874263 34.292476650560275 74.181337772868574 72.949903247412294 42.187571716494858 56.583753460785374 64.998074370669201 61.6615632455796 118.27042071148753 50.779026171192527 40.056071726488881 43.474953459342942
leaf_count=781 131293 712 1497 322 289 260 867 498 358 237 269 529 416 490 428 651 456 705 381 297 586 1938 542 932 1024 725 1567 557 584 586
internal_value=7.47078e-05 -0.004274 -0.012387 -0.0227755 -0.0294219 -0.019396 0.0011552 -0.00301756 -0.016202 0.00332627 -0.0265688 0.00406133 0.000254344 -0.00509336 -0.0242272 -0.0106573 -0.00182705 -0.000469997 0.0238711 0.0391963 -0.00443262 -0.00640141 -0.00921411 -0.00488458 -0.0113673 0.00545366 0.00794495 -0.0225281 -0.0122028 0.00639805
internal_weight=30625.7 1214.9 487.063 293.213 237.321 159.292 727.834 576.192 201.289 193.85 145.257 374.903 29410.8 930.164 135.633 96.8341 794.531 766.165 107.266 76.4368 658.899 625.143 550.961 478.011 317.553 126.66 160.458 190.894 140.115 83.531
internal_count=150777 6619 3386 2368 2046 1757 3233 2521 1494 1018 1136 1027 144158 12865 1569 1079 11296 10840 1383 1002 9457 9041 8455 6517 4408 1749 2109 2659 2102 1170
is_linear=0
shrinkage=0.05


Tree=233
num_leaves=31
num_cat=0
split_feature=1 11 26 3 12 2 9 9 9 17 2 19 23 24 12 9 9 10 8 1 11 7 3 9 5 9 19 5 17 3
split_gain=14.2403 24.8629 25.82 25.5117 33.8995 25.508 23.299 33.0923 38.5828 32.0337 19.4912 21.4127 18.6046 17.7652 17.5377 24.9662 19.6182 17.1592 20.3125 16.8253 16.2785 16.2724 26.1786 16.4069 21.3107 13.6807 15.0694 14.4556 19.0963 13.2629
threshold=16.107591433661309 3.988166921678284 0.87500000000000011 3.7317597592783014 0.056369156619865808 0.45961025507217551 25.878888946459508 26.857425023176848 26.934408653400762 0.47721583463223588 0.61011249326572703 20.886733706880655 1.4080431212981686 0.13634359610675792 -0.047473109547206072 29.221005544637805 29.57287071842558 32.796605845054756 147.01432786465668 15.670823508732271 3.4460123108114296 8.0900591627810545 3.6224522491202396 26.700170400415114 0.0039444122887302563 29.14932473614569 0.23659132783964351 0.00074391162978678152 0.74794465483684103 4.4768953906104123
decision_type=2 2 2 10 2 2 2 2 2 2 2 2 2 2 2 2 2 2 10 2 2 2 10 2 2 2 2 2 2 10
left_child=19 6 -3 -4 13 -6 9 21 -9 10 11 -2 -11 -5 15 20 25 18 -12 29 -10 23 -23 24 -8 26 -16 -27 -29 -1
right_child=1 2 3 4 5 -7 7 8 14 12 17 -13 -14 -15 16 -17 -18 -19 -20 -21 -22 22 -24 -25 -26 27 -28 28 -30 -31
leaf_value=2.7162484737339313e-05 -0.035162999162716389 0.033535665133016972 0.020165250057765191 -0.037434699570867563 -0.0076069090701104299 0.02570059577396426 -0.0065571810742463786 -0.020762014371611345 -0.0028148913566632453 -0.0032848924737450139 -0.026181834850620124 -0.0045860825649507928 0.020143821612892576 -0.0015566100782261388 0.0039916253599577628 0.0025741245290260379 0.020881776155838406 0.0075570999440260954 -0.0029236009609107231 -0.01931787358703874 -0.024933102181426824 -0.007146969946704048 0.020940569442052057 0.024995279135827077 0.021439116156687754 -0.011277248506320696 0.022203018718809597 -0.012245202170231218 0.0065964345041981745 -0.013481839621749068
leaf_weight=24599.599584861775 136.03638663515449 110.56297792680562 234.55028726253659 73.05843529291451 104.21965240128338 128.17862766981125 131.24088269844651 196.45250187627971 159.77783656865358 173.78073986060917 142.64013247936964 98.869661219418049 165.36819272860885 65.377679221332073 334.85859448090196 633.59656121581793 177.48181138187647 181.0594150647521 274.586868673563 114.09031424485147 173.5367720797658 226.38943323493004 130.93937086313963 292.72647067718208 141.00160620361567 218.32528518140316 171.90876427292824 165.27979328483343 721.59600523114204 183.04293087450787
leaf_count=131139 612 381 897 316 555 551 445 602 358 581 417 357 388 613 796 1457 362 507 777 485 541 667 353 730 349 539 378 428 1657 2372
internal_value=0.000357648 0.00259726 0.011317 0.00725911 -0.000903936 0.0107638 0.00136043 0.00322891 0.000646592 -0.00481571 -0.0100888 -0.0222935 0.00813889 -0.020491 0.00217243 -0.00325326 0.00510415 -0.00529693 -0.010875 -0.000160806 -0.0143305 0.0114964 0.00314541 0.0167782 0.00794284 0.003367 0.0101694 0.00024789 0.00308507 -7.26141e-05
internal_weight=30660.1 5763.4 715.948 605.385 370.834 232.398 5047.45 3875.11 2952.81 1172.34 833.192 234.906 339.149 138.436 2756.36 966.911 1789.45 598.286 417.227 24896.7 333.315 922.298 357.329 564.969 272.242 1611.97 506.767 1105.2 886.876 24782.6
internal_count=150610 16614 3313 2932 2035 1106 13301 9662 7118 3639 2670 969 969 929 6516 2356 4160 1701 1194 133996 899 2544 1020 1524 794 3798 1174 2624 2085 133511
is_linear=0
shrinkage=0.05


Tree=234
num_leaves=31
num_cat=0
split_feature=12 12 11 21 13 9 22 13 23 21 3 12 23 21 25 12 16 12 2 22 23 23 9 11 25 13 9 2 7 21
split_gain=13.5692 33.4373 17.994 29.6624 17.9855 44.566 19.0325 16.468 16.2742 21.2971 22.5244 27.3592 50.3471 26.9335 47.7536 20.5859 22.8146 20.1026 19.9738 21.5287 19.8664 16.6571 32.8737 31.9309 16.5752 27.1612 22.7352 21.5273 18.6017 25.2299
threshold=0.032066713530228434 0.046016224751308975 4.3874542658904998 155.03262451168311 7.3268139654651314 29.4501466850956 8.6920969340712677 8.0026798194335758 0.90142997622059251 167.39696248376492 3.8490354635033128 0.11705754872066378 2.456886448889557 172.4864043332386 100.50000000000001 0.10441207001156529 8.6232417069219422e-05 0.080575903864524567 0.8579691089394671 1.5699397557429982 1.1728499979639946 2.2677460869500665 25.795711967569893 2.0292999487675218 28.500000000000004 5.795450154850653 26.953959575186129 0.45961025507217551 7.5867937967698307 156.01939479007999
decision_type=2 2 2 2 2 2 2 2 2 2 8 2 2 2 2 2 2 2 2 2 2 2 2 2 2 2 2 2 2 2
left_child=-1 2 -2 -4 8 7 -7 -6 -3 18 13 12 15 14 -11 16 17 -12 21 -20 -15 24 -23 -24 25 -10 -27 -26 -29 -30
right_child=1 4 3 -5 5 6 -8 -9 9 10 11 -13 -14 20 -16 -17 -18 -19 19 -21 -22 22 23 -25 27 26 -28 28 29 -31
leaf_value=0.0012144677831532318 -0.011144975323048796 -0.0096946061720782489 0.044643106054816334 -0.014971657088585952 -0.0095416052907047397 0.022399916213697902 -0.0012233931587644447 -0.030935310301143954 0.018354105331802036 0.040248045731115907 -0.061555096549263048 -0.015712633952584439 0.047870572757487184 0.014175531255952967 0.0047630403002154346 0.02628020195499281 0.001973754637013101 -0.0062550074184294854 -0.03590494409297755 -0.0028708790922409382 0.0018514044197572796 0.0035949680948570359 -0.0010630725625364042 -0.027566667571452777 -0.0049346725215646467 -0.025906887529703444 0.022047489330367733 0.00088534183757373638 0.013909158446060031 -0.0011056880056474064
leaf_weight=19342.399479058804 1005.9889751592418 363.20435273461044 39.274984093848616 44.516692069359124 726.15929487382527 152.26783969532698 193.75321394018829 102.66954609192908 61.528239607578143 153.66017062263563 34.770771272364073 278.40437836397905 58.074322778731585 404.75289256637916 247.55670846439898 43.264696633908898 106.98962310981005 31.162206433713436 81.837773032486439 124.13232174678706 1702.2288648249814 426.1041550822556 205.98123245686293 253.50424310564995 919.40780241880566 182.25661767984275 28.593911106116138 2139.8100834167562 792.90840868034866 432.32411538041197
leaf_count=95083 4915 1367 421 635 3062 424 629 388 719 613 523 2549 425 1201 722 340 777 303 370 648 8169 1936 649 1466 4342 2686 238 6489 5214 3367
internal_value=0.000409425 -0.000964073 -0.00929073 0.0129711 -7.85498e-05 -0.00589955 0.00917213 -0.0121917 0.000675249 0.00110771 0.00446647 -0.00467095 0.00653751 0.00647985 0.0183533 -0.00456577 -0.0122833 -0.0354184 -0.000712412 -0.0159963 0.00421888 -0.00013399 -0.00640862 -0.0156855 0.00108544 -0.0108745 -0.0194037 0.00184578 0.00369836 0.00861116
internal_weight=30679.5 11337.1 1089.78 83.7917 10247.3 1174.85 346.021 828.829 9072.46 8709.25 3060.86 552.666 274.262 2508.2 401.217 216.187 172.923 65.933 5648.39 205.97 2106.98 5442.42 885.59 459.485 4556.83 272.379 210.851 4284.45 3365.04 1225.23
internal_count=150670 55587 5971 1056 49616 4503 1053 3450 45113 43746 15622 4917 2368 10705 1335 1943 1603 826 28124 1018 9370 27106 4051 2115 23055 3643 2924 19412 15070 8581
is_linear=0
shrinkage=0.05


Tree=235
num_leaves=31
num_cat=0
split_feature=1 20 2 11 7 11 1 1 11 25 10 17 17 25 22 11 20 8 7 13 11 4 11 1 20 18 4 1 9 8
split_gain=10.7085 15.9138 11.9205 18.3604 26.1128 16.1128 11.3903 19.1578 14.8217 14.5969 15.3842 19.0469 14.1551 10.7173 41.3947 27.4071 31.0462 24.7925 30.8466 26.6387 26.5077 21.077 18.7812 18.0621 28.2765 17.692 30.8224 21.3819 19.1846 27.6481
threshold=24.488810017513497 3.9395159709211844 0.89392083066644867 3.7643447892649129 7.6596898165322145 3.5008877821714197 22.575330207672682 22.927260231324485 3.97042998954969 76.500000000000014 31.671396364596173 0.3891356942808864 0.98333267002376668 31.500000000000004 1.4254578373378421 3.4605096469104741 5.143752028702326 124.74734741449619 7.6505365056351691 5.8901207446553858 4.2089137696435097 0.088042067066426713 4.4390790600996315 0.73664569845785333 4.1290064997529212 0.0014442518779868147 0.052829509211202129 0.31284217097689537 26.899170833338243 170.38216473076417
decision_type=2 2 2 2 2 2 2 2 2 2 2 2 2 2 2 2 2 8 2 2 2 2 2 2 2 2 2 2 2 10
left_child=2 -2 6 5 -5 -4 13 -8 9 10 -9 -12 -13 14 17 -16 -17 18 21 -20 -21 -1 -18 24 -22 28 -27 -28 -19 -30
right_child=1 -3 3 4 -6 -7 7 8 -10 -11 11 12 -14 -15 15 16 22 25 19 20 23 -23 -24 -25 -26 26 27 -29 29 -31
leaf_value=0.0080432473019016858 0.0016800600293366199 -0.018433093630792301 0.0054066599783299555 0.017423218939217344 -0.032529135758035711 0.025136274493452709 0.018240763422535146 0.0082629503631314882 0.01570606227884682 0.010077841910847807 -0.023568180685272187 0.0086564878065745737 -0.01292614886490262 -6.200086204553866e-05 0.060233711393153311 -0.034064113348956419 -0.022333850622942037 -0.0087753543414251112 0.037981099254455107 0.02734587279583325 0.028759144607242666 -0.034308119206724046 0.076505851303391159 -0.022093137021804168 -0.0087755684865552779 -0.047241775155348859 0.018137515021284769 -0.01909795929984023 0.0071764540663503884 -0.0090640059054892582
leaf_weight=52.923077305778861 197.5682373046875 195.8200766928494 547.29901648126543 43.074110760353506 66.636867985827848 127.61342954169959 210.99974572658539 164.98528353869915 158.54568390548229 221.79582707583904 158.57631317526102 151.15063026547432 152.73971742391586 25154.042025607661 9.2086960738524777 189.85753683152143 8.6982594068394992 744.48750234185718 87.165751008316875 118.12369887344539 85.348508629947901 66.030999179929495 10.741179501987061 73.95440031401813 121.75799264386296 62.241651688702404 59.211476737633348 110.5106336735189 752.2523499620147 402.16978716664016
leaf_count=347 455 697 1618 379 583 463 427 371 470 510 532 377 395 116943 91 10587 435 4497 499 545 580 518 459 554 915 479 380 860 2893 1389
internal_value=-0.000135785 -0.00833183 -2.87106e-05 0.0060534 -0.0129171 0.00913716 -0.00019143 0.00454068 0.00167233 -0.000947626 -0.00484498 -0.00952124 -0.00219126 -0.000396615 -0.00324527 -0.0241877 -0.0279021 -0.00157285 0.00735711 0.0129393 0.00747114 -0.0154659 0.0322796 -0.000881767 0.00669247 -0.00410953 -0.0171449 -0.0061075 -0.00251718 0.00151871
internal_weight=30505.5 393.388 30112.1 784.623 109.711 674.912 29327.5 1218.79 1007.79 849.248 627.452 462.467 303.89 28108.7 2954.68 218.506 209.297 2736.18 605.304 486.35 399.185 118.954 19.4394 281.061 207.107 2130.87 231.964 169.722 1898.91 1154.42
internal_count=150248 1152 149096 3043 962 2081 146053 3082 2655 2185 1675 1304 772 142971 26028 11572 11481 14456 3958 3093 2594 865 894 2049 1495 10498 1719 1240 8779 4282
is_linear=0
shrinkage=0.05


Tree=236
num_leaves=31
num_cat=1
split_feature=12 15 10 21 3 0 16 21 21 21 25 6 25 15 7 25 11 16 8 23 4 4 4 10 10 16 6 11 23 1
split_gain=9.88964 21.2494 15.4305 15.3762 12.3582 31.9594 29.9945 14.8107 27.108 23.5324 17.9059 18.001 14.0714 16.0152 14.7451 14.008 13.5921 13.7594 13.2269 12.9173 28.0917 46.9799 40.5016 42.1296 24.6815 24.1542 21.9708 25.3155 20.234 18.3488
threshold=-0.39224798360294871 48.500000000000007 32.719073089503247 156.68428452980297 1.5298785591943931 0 -0.0040886107631477459 150.35713563548779 153.76501787384538 156.19571748243058 119.50000000000001 32.33762010154507 128.50000000000003 65.500000000000014 7.4714727707131932 127.50000000000001 1.556046470738593 0.014175800366122522 4.9964289463918172 2.6656841981544717 0.026066319874764869 0.067919333913810373 0.10456407548025963 31.716946771385391 32.989454759752348 -0.020872558285063715 5.0135902056383594 4.0371176126230024 2.8171375361034645 0.51911024677286255
decision_type=2 2 2 2 8 1 2 2 2 2 2 2 2 2 2 2 2 2 10 2 2 2 2 2 2 2 2 2 2 2
left_child=1 3 -3 -1 5 6 12 10 -9 -10 11 -7 -2 14 -14 -12 17 -11 -6 -20 29 26 23 -23 -25 -24 27 -22 -29 -21
right_child=4 2 -4 -5 18 7 -8 8 9 16 15 -13 13 -15 -16 -17 -18 -19 19 20 21 22 25 24 -26 -27 -28 28 -30 -31
leaf_value=0.013113179383559902 0.01407317117099363 -0.0036086669602711898 -0.029350154789783457 -0.011493868988196255 -0.017188496090376298 -0.021594761043826915 0.011630826143031377 0.013591034389381008 -0.016672881237039971 -0.0049172047174238639 0.0098539955519860844 0.00085953831264510465 -0.022907247072069821 0.0075223416855234888 -0.0012713581785440892 -0.005196237312145714 0.013494268290213725 0.0058614080446053743 -0.00022647364587401604 0.026721333908655026 7.2191783404057026e-05 0.042765716737870801 0.013222104482872999 -0.029466738219409996 0.0162811068723103 -0.011921868218600822 -0.045868248986725854 -0.0096940333524293907 -0.044408314988503228 -0.0064278220953480104
leaf_weight=148.99015019962098 108.57596844993532 103.49454082921147 133.07402175478637 110.6197692300193 119.41672117193229 263.79507064819336 1274.8579873237759 386.15239555388689 212.08231545425951 765.16054030880332 216.14551024325192 134.89970963448286 160.92742222175002 150.14149325154722 154.2062552254647 543.03561599366367 193.54149783030152 482.97011457011104 23452.040095801523 105.97632743790746 133.32502411305904 93.289552327245474 115.86297989264131 48.6730389110744 74.779291301965714 543.82623606361449 78.832644484937191 75.37416922673583 94.735018100589514 68.875453246757388
leaf_count=570 392 359 552 331 386 850 4365 963 633 2160 516 311 573 555 518 1634 573 1162 124324 578 873 490 378 379 607 2598 726 627 1111 510
internal_value=-0.00024787 -0.00724928 -0.0180887 0.00262812 -0.00013227 0.00212473 0.0073579 -0.000900675 0.00166298 -0.00112223 -0.00541723 -0.0139973 -0.00213476 -0.00591701 -0.01232 -0.000911304 0.00116541 -0.000746369 -0.000587777 -0.000508116 -0.00511563 -0.00772434 -0.0013448 0.0174071 -0.00175571 -0.00750577 -0.0223509 -0.016241 -0.0290267 0.0136636
internal_weight=30547.7 496.178 236.569 259.61 30051.5 5046.49 1848.71 3197.78 2039.91 1653.75 1157.88 398.695 573.851 465.275 315.134 759.181 1441.67 1248.13 25005 24885.6 1433.55 1258.7 876.431 216.742 123.452 659.689 382.267 303.434 170.109 174.852
internal_count=150604 1812 911 901 148792 15205 6403 8802 5491 4528 3311 1161 2038 1646 1091 2150 3895 3322 133587 133201 8877 7789 4452 1476 986 2976 3337 2611 1738 1088
cat_boundaries=0 1
cat_threshold=1
is_linear=0
shrinkage=0.05


Tree=237
num_leaves=31
num_cat=0
split_feature=3 2 16 20 24 22 24 20 21 20 12 2 4 9 2 23 17 16 9 23 16 1 16 18 9 25 11 17 25 24
split_gain=11.1511 16.8466 14.7216 25.1341 23.1418 15.075 25.6137 14.362 20.0346 12.4358 13.3476 19.3241 20.37 16.4183 16.4067 13.1823 22.8692 12.4229 12.1289 12.0551 33.5328 33.7229 42.5728 42.5369 29.2039 29.9995 42.8897 34.4054 41.7238 27.1298
threshold=1.8096052276312677 0.39335646083011222 -0.0020858062923234124 5.0790607544273492 19.421239037280014 9.7497376855046856 102.51424491510704 3.0576055570491776 224.71220365054566 3.1391941995567949 -0.13755126127683828 0.72082309992777505 0.38478882052644442 25.546907906469269 0.66298946964668615 1.023332473409251 -0.10760642611051552 0.0070631367750034904 25.927079353049901 2.3151541415465258 -0.00040277134591785768 0.66193379547111442 -0.0015445023529709928 0.0033353908255321367 29.301716486729983 50.500000000000007 2.4648972299428622 -1.1256686674294725 42.500000000000007 4.273220115194837
decision_type=8 2 2 2 2 2 2 2 2 2 2 2 2 2 2 2 2 2 2 2 2 2 2 2 2 2 2 2 2 2
left_child=1 -1 3 4 -3 -6 -7 8 -4 -9 11 14 -13 -12 18 -15 17 -17 -11 -2 21 22 -21 -23 25 27 -27 -22 -29 -28
right_child=19 2 7 -5 5 6 -8 9 -10 10 13 12 -14 15 -16 16 -18 -19 -20 20 24 23 -24 -25 -26 26 29 28 -30 -31
leaf_value=-0.0048572396316643772 -0.0001404346358433774 -0.018667843532776653 0.028030943730390792 -0.016480011150642827 0.015560656063986876 -0.012283463965319236 0.0061577292139560601 -0.011646411204031731 0.0035061942578296021 -0.0076551206583411191 0.018038455437002644 0.020846104150010536 -0.0014655898909794096 -0.0049657089609717736 -0.017834773872972869 0.0088353827511857084 0.0036446205059728776 0.028100348895114941 0.0048937389448210373 0.0031518204480848453 0.028726400952861133 -0.024989067493075293 0.032131105367974665 0.0061474419173267111 0.00036950667602516317 0.0058094187257700831 -0.039101930962453353 -0.022406317720189563 0.017534380244102064 -0.016741316224691462
leaf_weight=836.16361616365612 20956.359896564449 130.1343130543828 146.94855005480349 236.17516124248505 213.56909321993589 265.2729779612273 648.85404649749398 132.60873159579933 192.1828698515892 353.31700624898076 261.33187650330365 193.70503554400057 216.78421869501472 299.37167457677424 173.20415820088238 173.21222432143986 1444.5516222026199 161.89429570361972 423.18381259962916 678.46480576135218 75.564883209764957 207.63278656452894 155.84674115851521 232.53482521697879 653.93591587804258 142.09424081072211 212.04660238325596 196.2134874612093 98.067672669887543 376.50842767581344
leaf_count=2918 112939 336 380 791 426 941 2262 443 576 1210 705 588 591 830 582 587 3931 441 1258 3993 483 1682 885 1068 3335 325 1904 1523 667 1718
internal_value=-6.87014e-05 0.00176784 0.00274548 -0.00151353 0.00129663 0.0036005 0.00080623 0.00427054 0.014133 0.00339798 0.0039371 -1.84651e-06 0.00906304 0.00622637 -0.00391994 0.0047416 0.00637455 0.0181425 -0.00081614 -0.000566591 -0.00351507 0.00265746 0.00856506 -0.00854005 -0.00799901 -0.0129718 -0.0188451 -0.00136857 -0.00909629 -0.0247975
internal_weight=30487.7 6502.47 5666.3 1494.01 1257.83 1127.7 914.127 4172.3 339.131 3833.16 3700.56 1360.19 410.489 2340.36 949.705 2079.03 1779.66 335.107 776.501 23985.3 3028.91 1274.48 834.312 440.168 1754.43 1100.5 730.649 369.846 294.281 588.555
internal_count=150318 19796 16878 4756 3965 3629 3203 12122 956 11166 10723 4229 1179 6494 3050 5789 4959 1028 2468 130522 17583 7628 4878 2750 9955 6620 3947 2673 2190 3622
is_linear=0
shrinkage=0.05


Tree=238
num_leaves=31
num_cat=0
split_feature=25 2 18 25 19 20 15 23 10 10 18 4 8 8 25 9 20 23 11 12 12 16 1 17 11 8 8 17 10 10
split_gain=11.3962 13.3729 16.3533 16.4569 14.7962 13.7077 22.0277 10.0585 9.67384 22.048 17.5677 16.3944 17.511 13.8628 12.6284 19.2347 10.5633 9.83807 9.41421 30.3159 34.805 32.8102 39.9054 24.2819 31.0028 18.5897 22.8843 20.2911 34.0756 19.8538
threshold=167.50000000000003 0.64053872784643251 0.0051400931316079885 183.50000000000003 1.0000000180025095e-35 3.0940030298556986 69.500000000000014 3.2490190476589462 28.568178993727223 29.314353651749837 0.0014046165396307383 0.21619234219117875 164.22282157426773 56.056978481404748 40.500000000000007 26.904429823176496 4.1605564826382349 0.4615492646373347 4.5738624666040808 -0.097207103784881427 -0.044850095578631503 -0.0081536740645034144 0.5851699342864074 -0.67249825922620221 4.7111304169436314 155.79530668526803 172.92861704079959 -0.16493578732443631 31.389655541664059 33.790045765980032
decision_type=2 2 2 2 2 2 2 2 2 2 2 2 10 8 2 2 2 2 2 2 2 2 2 2 2 8 10 2 2 2
left_child=8 5 -3 4 -4 -2 7 -7 10 11 -1 12 14 -12 -10 16 -16 -11 -19 -20 -21 22 -22 24 -23 27 -27 29 -29 -25
right_child=1 2 3 -5 -6 6 -8 -9 9 17 13 -13 -14 -15 15 -17 -18 18 19 20 21 23 -24 25 -26 26 -28 28 -30 -31
leaf_value=0.021764514053095679 0.0057593167563904646 0.013955253277182646 -0.01747849268739228 0.0069600320659720287 0.00073415978689833389 -0.020887399413374263 0.0048087940640241973 -0.0058616785129891758 -0.041525015447268249 0.0103741879146899 0.0094371190988117096 0.0014921606363204908 -0.00054877094229450465 -0.014228526330053113 -0.019992821031877911 -0.038515096908120376 0.0087019319999491994 0.00012767082244530582 0.038183841802503782 -0.036547270857259152 0.0016572463503867715 0.044665963100375579 0.076111998294506059 -0.036328625816088332 -0.0068484752979808472 -0.055230466205273845 0.0029152858049043212 0.055350390396736948 0.0015172037083862932 0.0062023702664656365
leaf_weight=146.68626878759824 140.18843125924468 176.73641652613878 235.70042644813657 259.81217228248715 211.66185358911753 367.52391280978918 160.74793074280024 159.80945618450642 67.241758281597868 243.6577373445034 157.02363811433315 229.04419929487631 132.7242156076245 102.12779883551411 62.009762136614881 65.091581097338349 66.433144167764112 26778.755502403248 65.918127951212227 52.231016278034076 37.195315857999958 66.293966440251097 34.865720675326884 60.863242101622745 52.207431349088438 35.598908262560144 32.252540648449212 33.628990840399638 233.51791517843958 49.965388985583559
leaf_count=520 398 466 662 638 564 1204 541 513 579 591 437 655 464 734 405 391 397 130423 729 853 563 662 334 831 598 925 437 370 3126 562
internal_value=3.67905e-05 -0.00392632 0.000351176 -0.00304874 -0.00886149 -0.00849117 -0.0113945 -0.0163338 0.000272357 0.000162821 0.00793736 -0.00914303 -0.0153334 0.000110834 -0.0228582 -0.0163726 -0.00515134 0.000371387 0.000282866 0.00579078 0.00268996 0.00591032 0.0376811 0.00185339 0.0219706 -0.00349378 -0.0275914 0.000832059 0.00829383 -0.0171542
internal_weight=30517.5 1712.18 883.911 707.174 447.362 828.27 688.081 527.333 28805.3 28399.5 405.838 622.545 393.5 259.151 260.776 193.534 128.443 27777 27533.3 754.539 688.62 636.389 72.061 564.328 118.501 445.827 67.8514 377.976 267.147 110.829
internal_count=150572 4986 2330 1864 1226 2656 2258 1717 145586 143895 1691 2891 2236 1171 1772 1193 802 141004 140413 9990 9261 8408 897 7511 1260 6251 1362 4889 3496 1393
is_linear=0
shrinkage=0.05


Tree=239
num_leaves=31
num_cat=0
split_feature=9 17 11 9 4 9 20 24 16 12 19 24 20 11 1 1 16 3 21 4 19 16 3 12 20 21 19 23 12 9
split_gain=13.4131 19.0679 33.608 23.4367 27.1982 21.7489 27.0313 16.0615 15.5663 13.0907 28.0176 29.0872 23.7836 28.0248 22.6367 23.02 19.1208 17.1788 44.4608 17.154 16.0807 15.6383 12.693 12.4919 12.172 20.7517 17.8946 17.0827 15.7463 13.9639
threshold=25.546907906469269 -0.52024274754353217 3.6203430966167898 25.474686141655383 0.067919333913810373 25.379981796812075 4.0075155362712431 109.9124036364985 0.00014781507170688729 0.023875935027551875 4.4685631484123087 16.793204891199402 3.9594010273411162 2.1490291673513044 0.50752463691536065 0.7540960983766738 0.00019025040762985334 2.6505071978425465 150.02124195828586 0.023956803766966267 1.0000000180025095e-35 3.568997503289585e-05 2.3853051397586493 -0.0955397956391104 3.1246031054168166 215.49445473591956 24.52496999606964 2.3829795882546372 -0.10248423665024832 28.963692827912624
decision_type=2 2 2 2 2 2 2 2 2 2 2 2 2 2 2 2 2 8 2 2 2 2 10 2 2 2 2 2 2 2
left_child=1 2 5 4 8 -1 7 -7 -4 14 11 21 -12 -14 17 23 20 -3 -19 -18 -17 -11 -8 -16 25 27 29 28 -2 -27
right_child=24 9 3 -5 -6 6 22 -9 -10 10 12 -13 13 -15 15 16 19 18 -20 -21 -22 -23 -24 -25 -26 26 -28 -29 -30 -31
leaf_value=-0.014370526530330134 -0.008993640598824227 -0.00090195243627036686 -0.010213281679850528 0.0056239644233978528 0.048757815717238001 -0.022733025337542862 0.0041757281008069662 0.0055648736835154254 0.02947685918745982 -0.017143901263662224 0.025512222433649551 -0.0033330992781801538 0.019266984316809316 -0.01563881502083168 0.010796876664840416 0.030468081099695805 -0.026509289073687693 -0.066585053673646685 0.01383903360372153 0.0030821932858031038 0.0026514690379196237 -0.055861527361716394 0.021828759697146139 0.036018469792289814 -0.00055210235896357312 -0.018059842391671545 -0.018416180625039687 0.02693002890249431 0.010972286410222316 0.0016182232859735639
leaf_weight=148.41609714506194 127.97075294028036 222.47752494458109 42.032042364822701 141.70862974319607 112.65727000706829 97.047247529495507 178.75115315243602 103.75265425862744 59.921608244534582 47.180909953545779 89.485415853909217 132.05872964975424 85.041851192712784 177.56966312543955 98.386055745882913 82.167589099146426 79.131395418662578 37.203566461335868 31.936936740763485 128.51086595770903 141.30843271582853 58.315467722015455 236.62399853463285 97.989143349695951 21036.246731723717 91.511456686537713 116.95778200717177 123.88326726108789 432.48048612871207 6073.4667945705587
leaf_count=609 602 656 438 1219 700 451 605 328 533 386 394 620 223 1185 405 414 536 607 347 605 764 496 805 422 103898 543 617 581 1929 28847
internal_value=0.000368408 0.00378264 0.00872228 0.0214047 0.0318247 0.00281196 0.00695065 -0.00811159 0.013114 0.000112811 -0.00570188 -0.0189708 0.0032505 -0.00433522 0.0038432 0.00919248 0.00272905 -0.00766718 -0.0294361 -0.00819497 0.0128791 -0.0385459 0.014232 0.0233822 4.77822e-05 0.00185927 0.000958562 0.0101274 0.00641336 0.00132613
internal_weight=30632.2 2629.67 1120.91 356.32 214.611 764.591 616.175 200.8 101.954 1508.76 589.652 237.555 352.097 262.612 919.112 627.493 431.118 291.618 69.1405 207.642 223.476 105.496 415.375 196.375 28002.5 6966.27 6281.94 684.335 560.451 6164.98
internal_count=150765 13748 5688 2890 1671 2798 2189 779 971 8060 3304 1502 1802 1408 4756 3146 2319 1610 954 1141 1178 882 1410 827 137017 33119 30007 3112 2531 29390
is_linear=0
shrinkage=0.05


Tree=240
num_leaves=31
num_cat=0
split_feature=25 23 2 23 11 10 10 17 4 7 3 25 8 8 10 17 6 24 2 7 23 4 7 2 2 23 9 25 22 8
split_gain=11.9865 10.2938 18.6584 16.6302 28.8549 19.137 23.2367 18.1728 15.1965 14.21 13.8528 26.3916 25.8642 25.7444 23.0196 16.4925 16.4226 12.8811 11.5815 9.39357 11.0476 18.8906 31.0624 18.7526 24.4399 15.0434 21.3532 21.1021 27.2976 25.6756
threshold=194.50000000000003 0.6760576040095726 0.5146646033940564 1.023332473409251 4.135818394476213 35.022252170619872 34.024146629216084 0.26530362449777256 0.0056424860039751452 8.0726611327520796 3.3143563343091964 100.50000000000001 36.100629261272267 166.83692132901703 32.203446248043186 -1.6252929716186129 1.7592274748735564 327.34281568322416 0.72238700735767825 8.2307776486780959 1.2856903613474848 0.0011191046899809095 8.0726611327520796 0.89023724385969105 0.8641270429673179 1.2367575975112446 29.407772709643556 93.500000000000014 1.2356385603924467 154.93864990929936
decision_type=2 2 2 2 2 2 2 2 2 2 10 2 10 10 2 2 2 2 2 2 2 2 2 2 2 2 2 2 2 10
left_child=1 2 -1 4 5 6 10 -8 -6 -7 12 13 15 -12 18 -3 -15 19 -14 20 23 22 -22 24 25 27 -27 29 -29 -5
right_child=-2 3 -4 17 8 9 7 -9 -10 -11 11 -13 14 16 -16 -17 -18 -19 -20 -21 21 -23 -24 -25 -26 26 -28 28 -30 -31
leaf_value=0.019930944700694786 -0.014603726001314703 -0.02138093025387288 -0.00041664971717915396 -0.013598776480543718 -0.0079502135363874026 0.021427154738962735 -0.03349164948576324 -0.0049868213516669228 -0.046958711014022408 -0.0027322089199518394 -0.037192389315022639 0.013508684153890869 -0.013411369346834557 -0.023331792691463158 0.01773727717534886 -0.00035427689110189013 0.0021567952107763196 0.0064425432863594173 0.0078137005795361238 0.0071101003976554392 -0.0024500128284800915 0.00030769702203703973 0.019985891948406949 0.014510364139399099 -0.020739694137813919 -0.0078532964343004785 0.010815750125015448 0.028241586274736542 0.0026453030421768968 -0.00077422321931352729
leaf_weight=182.97471265494823 139.08038004487753 158.0124521497637 293.20065841451287 455.55507840192877 43.507004535757005 128.8140235892497 117.64800271065906 106.55913457274437 58.58825536351651 115.38208477571607 101.45454371534288 97.452335685491562 129.62162023410201 102.45787206105888 285.54989579552785 227.56475698202848 164.91789247281849 829.39512120746076 127.47524663759395 471.88740922650322 297.41019569546916 19395.746842659137 320.54601218923926 172.45643979264423 172.93362896493636 1438.4819998472231 171.41659470368177 112.20412762090564 1453.3000535396859 2723.7742430719081
leaf_count=498 419 449 720 4752 315 392 485 368 1179 414 501 261 450 532 755 591 633 2719 380 1347 1243 105706 819 586 725 6324 416 233 5303 11167
internal_value=4.1452e-05 0.00010833 0.0074021 -7.51716e-06 -0.004454 -0.00303558 -0.0050039 -0.0199441 -0.0303356 0.0100119 -0.00260183 -0.00963303 0.000930221 -0.0157475 0.00796564 -0.00897116 -0.00761038 0.000304363 -0.00288743 0.000117096 -6.4318e-06 0.000581889 0.00918793 -0.00176378 -0.00219374 -0.00168904 -0.00586548 -0.000271993 0.00447986 -0.00261181
internal_weight=30595.4 30456.3 476.175 29980.1 1965.01 1862.91 1618.71 224.207 102.095 244.196 1394.51 466.283 928.224 368.83 542.647 385.577 267.376 28015.1 257.097 27185.7 26713.8 20013.7 617.956 6700.12 6527.67 6354.73 1609.9 4744.83 1565.5 3179.33
internal_count=150682 150263 1218 149045 7705 6211 5405 853 1494 806 4552 1927 2625 1666 1585 1040 1165 141340 830 138621 137274 107768 2062 29506 28920 28195 6740 21455 5536 15919
is_linear=0
shrinkage=0.05


Tree=241
num_leaves=31
num_cat=0
split_feature=3 15 10 18 18 13 10 1 25 1 15 15 8 9 9 16 18 26 22 5 13 12 13 1 12 10 12 15 25 8
split_gain=14.5769 16.0074 25.1848 15.8364 17.5884 14.5473 16.3127 13.3825 13.1387 22.1331 15.7105 19.3162 13.7805 13.3818 24.1374 28.1624 25.0693 20.1725 20.1397 35.0697 30.6047 29.6404 38.0946 24.6089 19.9471 19.9007 21.6601 18.3816 23.2842 20.9547
threshold=1.5298785591943931 44.500000000000007 32.464549285669598 0.0040139615214622804 0.004320529592107691 7.3950930970247546 33.047594199278862 0.58924234650504037 170.50000000000003 0.81802802204826419 58.500000000000007 50.500000000000007 4.9964289463918172 29.527520521913932 29.407772709643556 -0.0071359613139813554 0.0065959936197992957 0.87500000000000011 2.7531021037793155 0.057876450010685053 6.59877216823888 0.050377842174717004 6.2712567629036409 0.65411825031282189 -0.005117732609594629 35.212616343596238 -0.047473109547206072 9.5000000000000018 93.500000000000014 142.86911480638489
decision_type=8 2 2 2 2 2 2 2 2 2 2 2 10 2 2 2 2 2 2 2 2 2 2 2 2 2 2 2 2 10
left_child=1 2 -1 5 -5 6 -3 -8 10 -10 11 12 -2 14 -14 -16 17 -17 20 -20 21 22 -15 -21 -25 27 -27 28 -19 -29
right_child=8 3 -4 4 -6 -7 7 -9 9 -11 -12 -13 13 18 15 16 -18 25 19 23 -22 -23 -24 24 -26 26 -28 29 -30 -31
leaf_value=0.023980494560573745 -0.020038837365610601 0.017003199959336811 -0.0024521739325533169 -0.017585337321117882 0.0004946056184658114 -0.0090221697216730425 -0.0035046810356415652 0.01300208875352285 -0.003286760726414201 -0.024279033522315627 0.0084119512673137189 -0.010351413944273708 -0.00037925977156393021 0.0041721939507745392 -0.035428302312715168 -0.030089583558335461 0.016225283613299637 -0.0083096399170920973 -0.029916649148776245 0.0078905318791542087 0.017942486717346467 0.014353594865300377 -0.027902190391128928 0.0013648337057085328 -0.031289676986962285 0.034778695870740964 -0.0053391137607585789 -0.0074719664028114812 -0.032591315937509163 0.016233256890550576
leaf_weight=200.98176933079958 90.82338430150412 377.49861723743379 163.36188722774386 139.35139065980911 3876.3384166713804 126.05664710514247 298.89029086753726 208.40001139231026 761.30755158886313 150.36294744536281 470.58098191022873 519.27154833078384 19581.516855943948 253.96117072831839 80.514768043183722 88.516002018935978 126.69004716607742 779.64980187709443 102.72132484492613 451.41753979516216 446.83154313126579 252.89434793172404 145.67457770183682 101.87034793850034 86.456310466164723 61.145604235236533 74.809011822100729 244.45355752296746 113.0436188345775 150.69368966668844
leaf_count=553 286 1357 508 568 10922 511 1209 747 2082 445 1413 1610 111173 912 631 393 313 4563 1516 1802 1933 907 705 435 394 331 518 806 794 421
internal_value=-0.000350464 0.00200881 0.0121288 0.00127528 -0.0001328 0.006869 0.00913303 0.00327647 -0.00085647 -0.00674904 -0.000634699 -0.000813926 -0.000600764 -0.00052448 -0.000878024 -0.00655785 -0.00513961 -0.0069294 0.00356431 -0.00279785 0.00786106 0.000957624 -0.00751951 0.00155651 -0.0136261 -0.00548955 0.0127039 -0.00741019 -0.0113845 0.00156828
internal_weight=30526.1 5390.88 364.344 5026.54 4015.69 1010.85 884.789 507.29 25135.2 911.67 24223.5 23753 23233.7 23142.9 21301 1719.52 1639 1512.31 1841.83 742.466 1099.36 652.53 399.636 639.744 188.327 1423.8 135.955 1287.84 892.693 395.147
internal_count=150758 16375 1061 15314 11490 3824 3313 1956 134383 2527 131856 130443 128833 128547 119943 8770 8139 7826 8604 4147 4457 2524 1617 2631 829 7433 849 6584 5357 1227
is_linear=0
shrinkage=0.05


Tree=242
num_leaves=31
num_cat=1
split_feature=10 10 19 21 8 8 7 8 2 1 2 20 6 1 1 0 21 20 24 10 21 1 20 23 21 12 3 4 20 2
split_gain=11.1191 14.7732 14.5399 19.9896 28.731 29.8222 25.5974 18.1238 17.8935 19.7135 18.9863 23.7986 14.7457 14.3309 18.2793 14.2421 17.9747 18.6479 12.351 33.2664 21.1209 29.353 14.253 11.2279 21.2313 26.5137 24.8825 20.5257 18.7523 29.6072
threshold=35.849917520445999 35.676902418516072 11.71291430549862 222.09045445292165 107.16278343143323 171.59830163668479 7.4495651822142079 153.63717575213533 0.53819962008189148 20.122814351885452 0.30360661437303466 3.9930846793723354 11.07375998650557 0.42031436532563965 0.80579006184031632 0 158.56940868819441 4.1605564826382349 0.034748589486260979 34.483461384077998 152.30027842480069 15.670823508732271 3.0940030298556986 1.5246089934581477 240.97607766543339 0.044591022299041348 2.9408622847196026 0.060433076169565982 4.7882298479465062 0.30815145450010756
decision_type=2 2 2 2 10 10 2 10 2 2 2 2 2 2 2 1 2 2 2 2 2 2 2 2 2 2 10 2 2 2
left_child=1 18 3 6 -5 -6 -2 15 9 10 -8 12 -12 -3 -15 -4 17 -17 19 20 21 -1 -22 -20 28 26 -26 -28 -25 -30
right_child=2 13 7 4 5 -7 8 -9 -10 -11 11 -13 -14 14 -16 16 -18 -19 23 -21 22 -23 -24 24 25 -27 27 -29 29 -31
leaf_value=0.027682993044675849 -0.01957556212139161 0.026217747614320858 -0.031325965845512393 0.016137529785362238 -0.041162277296936278 -0.0050332129766418061 -0.00346948016233317 0.010256273813225985 -0.014885123121919641 -0.016508101297896826 0.048992202082313488 0.0090045413684713988 0.017204337924646831 -0.013883927207525799 0.014643913708271625 -0.0068041755427001131 0.0076177238754393528 -0.036994432172900486 -0.0011076907428789551 0.023271039453708155 0.0062674922403115176 -0.00025718724108802712 -0.0091440850595274122 0.0024838154516736741 -0.020117895057534894 -0.037300018045872622 -0.0069060519146509659 0.045703852888289966 -0.031030733107372161 -0.0010639817106427908
leaf_weight=152.80170764215291 111.48834948427975 102.13361253368203 104.12256307702046 69.673518350347877 99.624026656500064 133.86565048852935 155.66644944995642 83.208814481273293 90.260778972413391 69.216309934854507 74.456227561575361 315.78564612090122 71.531335733830929 90.399106455035508 148.21537589165382 137.62411629129201 99.338106640381739 81.402722041239031 14464.048437044839 206.10618344508111 224.49777559936047 244.27675502002239 452.21813677437603 8735.3878053181106 87.851110727526248 79.965452320990153 37.344317514216527 36.818334193550982 84.307126245694235 3691.8432720236015
leaf_count=459 381 519 859 228 1081 698 899 476 537 274 585 1803 207 545 694 636 406 469 62735 521 507 546 1263 50595 341 572 522 270 501 20726
internal_value=-3.60874e-05 0.000195382 -0.00396898 -0.000954155 -0.0120403 -0.0204486 0.00282892 -0.0110728 0.00604399 0.00879511 0.0116317 0.0167223 0.0334167 0.0105447 0.00383614 -0.0152735 -0.0100235 -0.0180246 7.16339e-05 0.00487179 0.0013402 0.0104946 -0.00403136 -0.000154092 0.000927405 -0.0137419 -0.00211427 0.0192123 0.00121112 -0.00173303
internal_weight=30535.5 28838.2 1697.26 1191.57 303.163 233.49 888.405 505.696 776.917 686.656 617.44 461.773 145.988 340.748 238.614 422.488 318.365 219.027 28497.5 1279.9 1073.79 397.078 676.716 27217.6 12753.5 241.979 162.014 74.1627 12511.5 3776.15
internal_count=150855 141316 9539 6693 2007 1779 4686 2846 4305 3768 3494 2595 792 1758 1239 2370 1511 1105 139558 3296 2775 1005 1770 136262 73527 1705 1133 792 71822 21227
cat_boundaries=0 1
cat_threshold=2
is_linear=0
shrinkage=0.05


Tree=243
num_leaves=31
num_cat=0
split_feature=23 23 13 25 24 16 24 25 12 4 10 9 19 19 23 19 2 24 23 4 1 24 23 16 22 22 22 25 6 20
split_gain=18.7214 13.3965 18.1638 16.7297 19.1523 14.9281 39.5001 38.8821 38.6927 36.0676 25.3432 24.0447 20.6908 21.9513 19.6767 22.4033 23.3572 31.4585 19.884 21.218 20.388 19.1546 34.0669 31.1406 22.8101 33.8376 28.7361 25.3656 37.0432 34.0052
threshold=4.8036620898489586 1.5246089934581477 8.1569753687907784 188.50000000000003 133.05490080853227 0.0067218963534465791 9.3759887613936694 70.500000000000014 -0.084117383005350113 0.3944979326672578 33.48849725816536 26.606628902661441 24.317293340625824 32.20561352624096 2.102083011828229 19.632178424304357 0.50378876732577071 21.961605690650831 1.8636524573426487 0.58214785471690822 0.49333247893820154 0.93168826593486165 2.5667817348350837 -0.0059904176140796652 9.5416848826554475 6.8930003692629755 7.2076019906270536 117.50000000000001 44.904493592951276 3.1293587895084434
decision_type=2 2 2 2 2 2 2 2 2 2 2 2 2 2 2 2 2 2 2 2 2 2 2 2 2 2 2 2 2 2
left_child=1 -1 3 4 5 21 7 8 -7 10 11 -9 14 -14 15 16 17 -8 19 -18 -20 22 -3 -24 25 27 -27 -23 29 -29
right_child=-2 2 -4 -5 -6 6 12 9 -10 -11 -12 -13 13 -15 -16 -17 18 -19 20 -21 -22 24 23 -25 -26 26 -28 28 -30 -31
leaf_value=-0.0009939477331634577 -0.015767386694451997 0.013457484929200356 -0.010190630605086591 -0.011345851571898612 0.0084166771489487448 0.030828574016458332 -0.032944229603854 -0.0044155534521391647 -0.015592944727871273 -0.0039589338086315554 -0.058464752947610721 -0.044230830459755219 -0.022793276655269767 -0.00084759988498825205 0.0086399305345453321 0.018584810599854076 0.010235493955270061 -0.0040331844653014731 0.0026202486055793488 -0.011458221406493581 -0.018392631694667549 0.0037859429528663471 0.003862407547153111 -0.040150610304259864 -0.0023904547004668557 0.031538501751152276 0.0086322904687388818 0.0017951942645397356 0.0054939287730469384 -0.028799014802371455
leaf_weight=16732.646055065852 190.56953493691981 93.473592586815357 345.98586917482316 251.98949117399752 970.93077302537858 82.01846889173612 123.84072287799791 79.689798183739185 99.154143125750124 153.99218349903822 77.689794205129147 72.342470839619637 178.44648702419363 315.24914569500834 854.70224766246974 142.62319244770333 654.21399534819648 391.68883646302857 266.30272441077977 136.17472086846828 203.76387604046613 4243.9320035196142 63.475231140851974 109.54854333586991 1689.3767674776027 156.20974887156626 1108.6769928938011 147.72233379632235 349.19270407408476 235.81138149648905
leaf_count=71017 595 402 1058 751 3801 464 613 398 668 385 534 466 581 948 2154 378 2149 1243 718 343 687 40652 523 1319 7096 1116 6947 671 729 929
internal_value=-0.000144815 -4.66585e-05 0.00111898 0.00141425 0.00166159 0.00111636 -0.00145987 -0.0136682 0.00542249 -0.022682 -0.0352328 -0.0233611 0.000651032 -0.00877987 0.00232989 -0.000481108 -0.00201223 -0.0109782 0.00165489 0.00649792 -0.00648839 0.00232062 -0.0108645 -0.0240041 0.00276367 0.00415872 0.0114611 0.00230271 -0.00628817 -0.0170153
internal_weight=30521.4 30330.9 13598.2 13252.2 13000.2 12029.3 3831.89 564.887 181.173 383.714 229.722 152.032 3267.01 493.696 2773.31 1918.61 1775.98 515.53 1260.46 790.389 470.067 8197.42 266.497 173.024 7930.92 6241.55 1264.89 4976.66 732.726 383.534
internal_count=150335 149740 78723 77665 76914 73113 12729 2915 1132 1783 1398 864 9814 1529 8285 6131 5753 1856 3897 2492 1405 60384 2244 1842 58140 51044 8063 42981 2329 1600
is_linear=0
shrinkage=0.05


Tree=244
num_leaves=31
num_cat=0
split_feature=22 25 20 24 12 21 3 16 24 9 22 16 12 12 2 2 5 11 22 5 5 13 8 25 6 7 3 24 12 13
split_gain=11.4783 11.6339 12.035 16.1187 11.6178 9.81106 17.9121 43.0404 19.9058 31.0007 12.3667 9.04648 12.2354 10.2256 15.5407 15.5315 10.4071 9.27755 11.4115 7.96877 26.0392 27.9477 25.7104 34.2225 22.1396 19.2242 16.2055 27.5844 16.3417 30.126
threshold=64.53775028533569 161.50000000000003 5.0014603202385075 93.637854931012313 0.046016224751308975 132.54437367973415 3.5803391538623353 0.00073191603486385084 65.237156736066524 25.576776011130793 2.5709491887756273 0.0039093982687041177 0.19059619589603419 -0.085750277011531331 0.76189779946690106 0.64896216712490762 0.33944854369467498 2.1490291673513044 25.764622235190107 0.00067424633244959886 0.0012771577593234588 6.7469801371144387 170.38216473076417 36.500000000000007 1.0790245956941187 8.1172725933597647 3.8966333841143812 0.028227195597928575 0.017175972727654459 6.4546621525010126
decision_type=2 2 2 2 2 2 8 2 2 2 2 2 2 2 2 2 2 2 2 2 2 2 10 2 2 2 10 2 2 2
left_child=1 5 11 -4 -5 6 8 -8 9 -1 -11 12 17 16 15 -15 -13 -3 -19 24 21 22 -21 -24 26 -26 28 -28 29 -7
right_child=-2 2 3 4 -6 19 7 -9 -10 10 -12 13 -14 14 -16 -17 -18 18 -20 20 -22 -23 23 -25 25 -27 27 -29 -30 -31
leaf_value=0.0052337932054460383 0.013508790806067209 -0.0030257217561952083 -0.020749746687038492 0.0048852752457853093 -0.015006703957078111 -0.020485041964201124 -0.013153817912234068 0.051065633841433124 0.0016700300480277531 -0.018782372303808609 -0.04696551071996713 0.015725892998413073 0.0059761496754186785 -0.0050830634669991456 -0.016320740100006798 0.01570128368167029 -0.001029111440529238 -0.024716045606298757 -0.0048369843818199323 0.017890782877231334 0.0005761307639220787 -0.013173431465198032 -0.016132349148149577 0.012132505273850396 -0.031933208825365177 -0.0040843912284103867 0.030383081341479459 -0.0069120843587024364 0.0056208899897714553 0.0053277556328854775
leaf_weight=77.657478915294632 165.99098538979888 416.05855026468635 203.76070259511471 193.37863803654909 118.308709025383 256.41379448398948 67.346450219862163 42.590358147164807 176.52359466184862 74.885566800832748 81.053845359710976 219.2277906127274 208.76594753190875 227.00093718245625 140.97198458760977 148.80439406260848 160.55148087069392 143.14184899628162 145.6494722738862 584.97646729229018 25132.827710970363 136.17109721899033 165.28520834445953 304.17513259127736 111.4342366438359 139.60214932076633 105.9340692050755 93.196797965560108 319.6979522369802 202.14621263556182
leaf_count=318 573 1363 552 641 410 839 696 322 644 314 501 575 586 684 377 326 427 385 395 2603 131556 466 723 812 454 406 312 646 861 563
internal_value=0.000396349 0.000324746 -0.00307369 -0.00981418 -0.00266522 0.00060629 -0.00619736 0.0117253 -0.0110017 -0.0205774 -0.0334313 -0.00115434 -0.00465586 0.00241381 -0.00216381 0.00314674 0.00864272 -0.0078049 -0.0146902 0.000734713 0.000918406 0.00814358 0.0108965 0.00218116 -0.00320158 -0.0164464 0.000200273 0.0129283 -0.00305641 -0.00910603
internal_weight=30563.5 30397.5 2325.62 515.448 311.687 28071.9 520.057 109.937 410.12 233.597 155.939 1810.17 913.616 896.557 516.777 375.805 379.779 704.85 288.791 27551.9 26323.4 1190.61 1054.44 469.46 1228.43 251.036 977.389 199.131 778.258 458.56
internal_count=150330 149757 6721 1603 1051 143036 2795 1018 1777 1133 815 5118 2729 2389 1387 1010 1002 2143 780 140241 136160 4604 4138 1535 4081 860 3221 958 2263 1402
is_linear=0
shrinkage=0.05


Tree=245
num_leaves=31
num_cat=0
split_feature=13 19 20 21 7 17 1 19 11 1 16 18 15 21 5 12 9 11 11 7 3 19 21 17 9 3 3 3 13 7
split_gain=17.1267 9.04897 18.7711 20.5327 33.7171 32.0915 30.2591 19.9496 19.22 34.0314 43.1157 31.9503 43.1143 23.4026 37.2478 21.2016 18.2859 17.9395 16.3498 15.3111 16.0435 15.5699 23.8145 22.9742 21.8829 19.8661 18.9182 27.9215 49.8662 24.3841
threshold=4.6420391312269764 16.886582356132006 2.9733951889641714 159.68854744940694 7.4294394528984675 0.36713570579221716 0.22417663569956583 24.738671321297055 3.638554103093341 0.4544453920563235 -0.004468878452596887 0.0027216783935221666 22.500000000000004 161.72165977175339 0.021666618986855336 0.014508138362474369 26.73535906644544 4.0784792199157378 4.3064048083361453 7.4267466542364664 2.2304219888590762 50.066754018868004 154.23116635604597 -1.676710989757354 25.533996763789698 2.4048932616973002 4.0678790608675675 3.8623971453062431 6.9138593786813329 8.0607404726999174
decision_type=2 2 2 2 2 2 2 2 2 2 2 2 2 2 2 2 2 2 2 2 10 2 2 2 2 10 10 8 2 2
left_child=-1 -2 -3 5 -5 19 7 -6 11 -10 -11 -8 -13 -12 15 -15 -9 -16 -19 20 -4 22 26 25 -23 -24 27 -21 29 -29
right_child=1 2 3 4 6 -7 8 16 9 10 13 12 -14 14 17 -17 -18 18 -20 21 -22 24 23 -25 -26 -27 -28 28 -30 -31
leaf_value=0.0088005998433183154 -0.00054564217055609891 -0.022499499434536482 0.0010114610198946967 -0.019296523082931942 0.038830930054268478 -0.026717842195302793 0.028158118970420334 0.028789258307879567 -0.041344050740440112 0.044065068740374934 0.018967496763295663 -0.017133654172481774 0.011305114084840598 -0.037573457712806756 -0.0079227887900350322 -0.0075695182110034152 -0.006193119576956378 0.052651646847982729 0.0057918132207623041 0.0026996422626251832 0.022092580748355739 -0.033620981052366689 -0.0043201704932701842 -0.0021177438384772959 -0.0040848329305811981 -0.037341369212978252 -0.014284758432177547 -0.0090840964647765296 0.068064612109211262 0.034116499200996062
leaf_weight=552.77910171612166 23350.622409401461 80.23584456264507 200.19018065370619 121.71254657953978 117.63047103199642 109.39829661115073 185.50836152024567 74.734100137837231 50.260079291765578 53.944214364513755 95.510804981226102 170.72190158255398 607.55239850282669 104.07251331117004 60.893975807121024 135.58188764913939 74.688593656755984 36.361478654202074 38.138959599193186 2542.1703854859807 164.33884786372073 74.041844293591566 84.680054813623428 674.77460960275494 409.74139753531199 98.5630226242356 148.22520373936277 83.43388053891249 45.847193147055805 53.678748659789562
leaf_count=1810 115877 438 602 432 526 685 502 393 886 444 600 759 1577 694 491 741 408 331 444 10590 502 483 270 3699 2210 618 2077 1099 485 291
internal_value=7.94719e-05 -8.09706e-05 0.0015393 0.00183082 0.00617542 4.50926e-05 0.00789244 0.0234286 0.00519575 -0.00204087 0.00172532 0.0095114 0.0050668 -0.00312844 -0.00875544 -0.0205991 0.0113034 0.0122083 0.0286627 0.000684398 0.0105154 -0.000165789 0.000928414 -0.00638135 -0.00860527 -0.0220817 0.0031112 0.0040574 0.022923 0.00782867
internal_weight=30600 30047.3 6696.63 6616.4 1927.31 4689.08 1805.6 267.053 1538.55 574.764 524.504 963.783 778.274 470.56 375.049 239.654 149.423 135.394 74.5004 4579.69 364.529 4215.16 3731.37 858.018 483.783 183.243 2873.36 2725.13 182.96 137.113
internal_count=150964 149154 33277 32839 9228 23611 8796 1327 7469 4631 3745 2838 2336 3301 2701 1435 801 1266 775 22926 1104 21822 19129 4587 2693 888 14542 12465 1875 1390
is_linear=0
shrinkage=0.05


Tree=246
num_leaves=31
num_cat=0
split_feature=9 8 12 9 22 15 10 13 17 18 19 17 21 13 10 6 17 24 24 8 12 1 5 21 17 6 13 1 10 21
split_gain=13.5141 31.1249 26.6466 22.5393 25.6736 48.2149 41.3282 25.8393 39.1228 31.5093 22.4168 23.531 24.2418 22.2046 19.3047 29.4338 23.8135 17.7586 15.2971 22.5947 26.3088 38.9654 30.8526 32.1924 45.9216 41.1664 32.8428 28.7594 27.0743 23.5434
threshold=25.889381633993171 169.166200558789 -0.053007977812068514 26.626417888419599 1.7594254362466319 2.5000000000000004 32.719073089503247 7.1593779957422603 -0.74452289405159677 0.0015446239734827176 28.912422444962235 -0.72963687241160247 152.80465225677958 6.9063555280841795 33.386160676140882 1.2764770112763768 0.031942892352795134 0.12229116991411665 235.8178031541195 140.94083415112905 -0.10599500869873078 0.18033829263027987 0.082471092858600312 218.84380260533246 -0.34890762841318379 13.220561518918343 6.2391727780584327 11.599186576197745 33.50981540119156 233.13109622143588
decision_type=2 8 2 2 2 2 2 2 2 2 2 2 2 2 2 2 2 2 2 10 2 2 2 2 2 2 2 2 2 2
left_child=1 -1 -3 4 14 6 7 8 -6 -10 11 -8 -13 -7 15 17 -16 -2 19 -5 -21 29 23 26 25 -25 27 28 -23 -22
right_child=3 2 -4 18 5 13 10 -9 9 -11 -12 12 -14 -15 16 -17 -18 -19 -20 20 21 22 -24 24 -26 -27 -28 -29 -30 -31
leaf_value=-0.0012530476803239131 -0.015242012762644173 0.0011818313856854449 -0.034606377078366404 -0.0021451797319779614 0.090764223920714607 0.0081502223890896116 -0.035797119821686339 0.0062995421627800481 0.066332849905189492 -0.0096216741330413455 0.050996485092133205 -0.02542335598766958 0.037684816239196471 -0.0066717317396512753 0.020323883574697207 -0.027053843909794675 -0.009200731946876586 0.014906121644220525 0.0048629428028299972 -0.004350635056494509 0.026110241561029302 -0.051547603483181062 0.018296502639962676 -0.050910431527114601 -0.00063724874825553119 -0.00028993086349051394 0.010839911380965798 0.0020198520308304722 -0.0036512142694563412 -0.0029671656996858439
leaf_weight=9381.4112749447813 86.486202205531299 86.264447544701397 130.99015576858073 9029.4528952344554 50.503148069838062 1127.3250912190415 35.2243122496875 29.813620492117479 28.334797829622403 26.354320436134003 23.942155133467168 23.857159323990345 42.018361825030297 325.6796213965863 146.58786417962983 159.48330181837082 127.87161433557048 112.23356419755146 1486.2006894815713 1556.5488247488393 273.58034898282494 50.995233704568818 275.48921717517078 88.361612708540633 3312.9509893612703 73.631220838055015 1338.8977058052551 967.03674098383635 70.012296828208491 93.373699909774587
leaf_count=47156 323 485 944 47036 466 3159 497 535 472 547 323 486 746 1114 777 993 804 645 4413 7327 1787 590 980 713 16133 282 6061 3367 947 707
internal_value=-0.000132532 -0.00168633 -0.0203961 0.000578955 0.00519779 0.00837669 0.0282048 0.0473879 0.0590332 0.0297309 0.00749318 -0.00280914 0.0148299 0.004828 -0.00340967 -0.0110549 0.00656826 0.00178514 -3.02642e-06 -0.00042519 0.00149196 0.0028816 0.00194127 0.00117783 -0.00190825 -0.0279017 0.00559655 -0.000855701 -0.0238358 0.0187113
internal_weight=30560.9 9598.67 217.255 20962.2 2345.72 1713.05 260.048 135.006 105.192 54.6891 125.042 101.1 65.8755 1453 632.663 358.203 274.459 198.72 18616.5 17130.3 8100.88 6544.33 6177.38 5901.89 3474.94 161.993 2426.94 1088.04 121.008 366.954
internal_count=150815 48585 1429 102230 11887 8345 4072 2020 1485 1019 2052 1729 1232 4273 3542 1961 1581 968 90343 85930 38894 31567 29073 28093 17128 995 10965 4904 1537 2494
is_linear=0
shrinkage=0.05


Tree=247
num_leaves=31
num_cat=1
split_feature=9 9 8 25 1 20 12 16 10 7 24 10 20 25 22 23 25 12 20 20 23 22 0 23 23 24 25 15 20 23
split_gain=12.2172 18.0672 15.2709 31.6124 29.797 35.6515 34.136 38.8832 29.0984 33.6159 32.2264 28.0402 24.4854 16.6421 40.7022 23.7215 15.5917 18.4866 20.1586 15.3871 15.2773 14.4366 14.4039 13.3208 12.5614 16.4056 38.6631 65.8236 39.5253 22.8081
threshold=25.546907906469269 25.570933279138707 115.77781661845442 64.500000000000014 11.373660680153922 3.910122777237278 -0.002532133180871708 -0.00034574856186953424 33.552266826418695 7.631266925576381 2.4452044787197171 34.816186312579724 4.0837296641985832 77.500000000000014 0.12717351086453868 1.4033545653823711 136.50000000000003 0.092953116499497349 4.1508909565739556 4.0111113979202448 2.0430012219124123 3.9208741542071057 0 4.8036620898489586 1.8211257224813127 26.938506904440555 116.50000000000001 28.500000000000004 4.9318796040651209 2.1460984547009287
decision_type=2 2 8 2 2 2 2 2 2 2 2 2 2 2 2 2 2 2 2 2 2 2 1 2 2 2 2 2 2 2
left_child=2 -2 3 8 5 -4 7 -7 9 -1 -11 -10 -12 14 -6 -16 17 18 21 -18 -21 -5 -19 24 -3 26 -26 28 -28 -29
right_child=1 23 4 16 13 6 -8 -9 11 10 12 -13 -14 -15 15 -17 19 22 -20 20 -22 -23 -24 -25 25 -27 27 29 -30 -31
leaf_value=0.071439480313411019 -0.010682039530702001 -0.0009104701854423876 0.032217272791386885 -0.011789835881884621 0.0090404100306031437 0.030135328844072141 -0.0562901686226999 -0.038647025366019591 -0.047431825361381907 0.056852539229618554 -0.034549043079846839 0.026058790704745878 0.030934917206326212 0.019366670023092596 -0.048104282957276916 -0.001581815668426621 -0.013935625192507788 0.0092722042013154791 0.023862622365024209 -0.0049931097998911324 0.014443076271171324 0.0088238319811886658 -0.015463772868222002 -0.015014333625610604 0.0022370599929032241 0.0047620094984539302 -0.014913510228340905 -0.015500043238081854 -0.050707587256073584 0.0046485088181091594
leaf_weight=46.21135522518307 423.09520082734525 18780.788103817962 26.884924671263434 98.369930166751146 245.28378485701978 36.336705326102674 68.893906257697381 47.284453227184713 23.660705003188923 35.241549484431744 30.503113557584584 28.751840884448029 26.832146184635349 117.56648734305054 61.719497730024159 49.277011018246412 214.64424977824092 98.371708089951426 202.56178209674545 263.21445660106838 164.15722761116922 621.96181390550919 146.49293373804539 152.34487236663699 4531.0750645496882 2549.3154992272612 423.81233110651374 173.01165541261435 94.281679727137089 746.44793319702148
leaf_count=422 2391 87449 297 518 857 479 1150 627 458 182 521 412 372 432 684 162 692 453 765 783 464 2390 542 454 33523 8928 1795 447 376 1600
internal_value=-0.000119816 -0.000428469 0.00312161 0.00528857 -0.00351606 -0.0208711 -0.0302294 -0.00875837 0.0246236 0.0366104 0.0192248 -0.00711723 -0.00390341 0.00305461 -0.00232809 -0.0274506 0.00324584 0.00668697 0.00992745 -0.0030132 0.0024725 0.00600879 -0.00552636 -0.000270434 -0.000188153 0.00140445 -2.96312e-05 -0.00717409 -0.0214272 0.000857223
internal_weight=30528.4 27874.2 2654.22 2000.97 653.247 179.4 152.515 83.6212 191.201 138.788 92.5768 52.4125 57.3353 473.847 356.28 110.997 1809.77 1167.76 922.894 642.016 427.372 720.332 244.865 27451.1 27298.7 8517.94 5968.63 1437.55 518.094 919.46
internal_count=150625 136963 13662 8974 4688 2553 2256 1106 2367 1497 1075 870 893 2135 1703 846 6607 4668 3673 1939 1247 2908 995 134572 134118 46669 37741 4218 2171 2047
cat_boundaries=0 1
cat_threshold=2
is_linear=0
shrinkage=0.05


Tree=248
num_leaves=31
num_cat=0
split_feature=20 7 3 1 1 7 13 1 1 1 17 9 21 13 16 17 16 18 16 7 4 24 16 18 3 6 2 7 22 19
split_gain=9.63432 15.7897 30.6769 17.1699 39.6638 27.2739 23.2151 20.2517 16.1647 20.4993 18.2213 15.6874 15.1318 32.9543 15.0097 11.9283 19.9206 17.2902 29.7484 30.8658 24.5049 24.2492 23.7049 23.3587 21.0419 24.1217 25.8007 19.369 22.632 41.2095
threshold=5.0433243673049564 7.4763870142955673 0.95085795174831944 0.59299181618251151 0.44510419538554885 7.4544565993041605 6.8320717542378473 0.14995976701205457 0.046576765434512342 0.26163268985604304 -2.0952871276064662 26.767424241219505 160.26594306116274 6.5918093589464393 0.00070288998011822101 -2.0952871276064662 0.0032635431795161279 0.00412278285577435 0.0022835669863226498 7.631266925576381 0.088042067066426713 40.01042448082665 0.0016688136514465361 0.0050401468279908422 3.8143146593296531 12.537672002370533 0.51260102621449322 8.0580894602901818 1.6884015287416216 32.20561352624096
decision_type=2 2 10 2 2 2 2 2 2 2 2 2 2 2 2 2 2 2 2 2 2 2 2 2 10 2 2 2 2 2
left_child=-1 3 -3 4 6 -5 7 -2 -4 10 -10 -9 13 -12 -14 16 -11 18 19 21 22 -17 27 -19 25 26 -20 28 -21 -30
right_child=1 2 8 5 -6 -7 -8 11 9 15 12 -13 14 -15 -16 17 -18 23 24 20 -22 -23 -24 -25 -26 -27 -28 -29 29 -31
leaf_value=0.00047647457128300566 0.012827413468137448 0.019952739976258599 -0.02066285713091412 -0.0046970589506018711 0.012627000391959029 -0.026040115615300313 -0.022956641867413689 0.003595680346398282 0.029820324778458834 -0.027536905090398675 -0.023847873016673442 -0.017138600346943911 0.036647851607268016 0.019373040770451926 0.0037065129203152298 0.04334075046244891 -0.0023863550625633665 0.018590931363943967 0.02340031879387261 0.0086360944524124222 -0.034600503038101832 0.004524131620430573 0.024358156270045703 -0.00022326853368080849 -0.038621922720215224 -0.032579352655583697 -0.013360396085002349 -0.0085695531696881634 -0.036688686462489427 0.068844963932264761
leaf_weight=25172.522978608438 147.73183535039425 182.86869443580508 102.01357167004608 428.57131482753903 326.22380346804857 230.02128200232983 198.09403255581856 150.50515438430011 90.237019219435751 115.60842096386477 102.61382709932514 231.6082916604355 56.231660521938466 77.344640151248313 89.810983183328062 66.996995748020709 246.81860919645987 237.78822440502699 72.480696936137974 435.7635846559424 57.691570868366398 100.72491186193656 84.180593619588763 538.75690057966858 80.249261979246512 83.141241731122136 139.78480370878242 687.27540485979989 63.254693753144238 10.834762386046348
leaf_count=123401 379 527 762 1292 888 755 659 432 349 564 856 735 476 603 586 530 932 953 408 2245 772 434 591 1874 1022 334 1457 3414 2348 235
internal_value=6.42724e-05 -0.00184479 -1.67698e-05 -0.00581776 -0.00186081 -0.0121514 -0.00835348 -0.00289378 -0.00104847 -0.000466392 0.00993622 -0.00897187 0.0044323 -0.00527189 0.0163901 -0.00189951 -0.010409 -0.000739623 -0.00332931 -0.000190772 -0.00272355 0.0200295 -0.00128827 0.00553788 -0.0159177 -0.00974994 -0.000807992 -0.0030917 0.00429238 -0.0212556
internal_weight=30607.7 5435.23 3722.47 1712.76 1054.16 658.593 727.939 529.845 3539.6 3437.59 416.238 382.113 326.001 179.958 146.043 3021.35 362.427 2658.92 1882.38 1506.72 1339 167.722 1281.31 776.545 375.656 295.407 212.266 1197.13 509.853 74.0895
internal_count=150813 27412 22272 5140 3093 2047 2205 1546 21745 20983 2870 1167 2521 1459 1062 18113 1496 16617 13790 10569 9605 964 8833 2827 3221 2199 1865 8242 4828 2583
is_linear=0
shrinkage=0.05


end of trees

feature_importances:
doc=610
fcr_running=573
biomass_est_kg=566
feed_kg_7d_cum=463
do_mg_l=414
management_quality=362
salinity_ppt=352
do_amplitude=347
night_do_min=314
water_temp_c=275
stress_hours_lt3_7d=274
night_do_min_3d_trend=259
wind_mean_24h=251
alkalinity_mg_l=233
tan_slope_3d=232
species=222
secchi_cm=219
alkalinity_trend_7d=212
solar_rad_24h=212
no3_mg_l=209
ph=208
nh3_un_ionised=197
no2_mg_l=141
tan_mg_l=139
rain_48h_mm=138
stress_hours_lt3_24h=31
data_health_score=17

parameters:
[boosting: gbdt]
[objective: binary]
[metric: average_precision]
[tree_learner: serial]
[device_type: cpu]
[data_sample_strategy: bagging]
[data: ]
[valid: ]
[num_iterations: 500]
[learning_rate: 0.05]
[num_leaves: 31]
[num_threads: 0]
[seed: 0]
[deterministic: 0]
[force_col_wise: 0]
[force_row_wise: 0]
[histogram_pool_size: -1]
[max_depth: -1]
[min_data_in_leaf: 376]
[min_sum_hessian_in_leaf: 0.001]
[bagging_fraction: 0.8]
[pos_bagging_fraction: 1]
[neg_bagging_fraction: 1]
[bagging_freq: 1]
[bagging_seed: 7719]
[bagging_by_query: 0]
[feature_fraction: 0.8]
[feature_fraction_bynode: 1]
[feature_fraction_seed: 2437]
[extra_trees: 0]
[extra_seed: 11797]
[early_stopping_round: 0]
[early_stopping_min_delta: 0]
[first_metric_only: 0]
[max_delta_step: 0]
[lambda_l1: 0]
[lambda_l2: 0]
[linear_lambda: 0]
[min_gain_to_split: 0]
[drop_rate: 0.1]
[max_drop: 50]
[skip_drop: 0.5]
[xgboost_dart_mode: 0]
[uniform_drop: 0]
[drop_seed: 21238]
[top_rate: 0.2]
[other_rate: 0.1]
[min_data_per_group: 100]
[max_cat_threshold: 32]
[cat_l2: 10]
[cat_smooth: 10]
[max_cat_to_onehot: 4]
[top_k: 20]
[monotone_constraints: ]
[monotone_constraints_method: basic]
[monotone_penalty: 0]
[feature_contri: ]
[forcedsplits_filename: ]
[refit_decay_rate: 0.9]
[cegb_tradeoff: 1]
[cegb_penalty_split: 0]
[cegb_penalty_feature_lazy: ]
[cegb_penalty_feature_coupled: ]
[path_smooth: 0]
[interaction_constraints: ]
[verbosity: -1]
[saved_feature_importance_type: 0]
[use_quantized_grad: 0]
[num_grad_quant_bins: 4]
[quant_train_renew_leaf: 0]
[stochastic_rounding: 1]
[linear_tree: 0]
[max_bin: 255]
[max_bin_by_feature: ]
[min_data_in_bin: 3]
[bin_construct_sample_cnt: 200000]
[data_random_seed: 38]
[is_enable_sparse: 1]
[enable_bundle: 1]
[use_missing: 1]
[zero_as_missing: 0]
[feature_pre_filter: 1]
[pre_partition: 0]
[two_round: 0]
[header: 0]
[label_column: ]
[weight_column: ]
[group_column: ]
[ignore_column: ]
[categorical_feature: 0]
[forcedbins_filename: ]
[precise_float_parser: 0]
[parser_config_file: ]
[objective_seed: 8855]
[num_class: 1]
[is_unbalance: 0]
[scale_pos_weight: 5.66663]
[sigmoid: 1]
[boost_from_average: 1]
[reg_sqrt: 0]
[alpha: 0.9]
[fair_c: 1]
[poisson_max_delta_step: 0.7]
[tweedie_variance_power: 1.5]
[lambdarank_truncation_level: 30]
[lambdarank_norm: 1]
[label_gain: ]
[lambdarank_position_bias_regularization: 0]
[eval_at: ]
[multi_error_top_k: 1]
[auc_mu_weights: ]
[num_machines: 1]
[local_listen_port: 12400]
[time_out: 120]
[machine_list_filename: ]
[machines: ]
[gpu_platform_id: -1]
[gpu_device_id: -1]
[gpu_device_id_list: ]
[gpu_use_dp: 0]
[num_gpu: 1]

end of parameters

pandas_categorical:[["gift_tilapia", "magur_catfish", "vannamei"]]
