cycle_id,species,season,management_quality,fault_injected,fault_type,harvest_weight_g,harvest_survival,total_stress_hours,final_do_surface,final_tan_mgl,final_ph
0,Penaeus_monodon,winter,excellent,False,none,21.31,1.0,0.0,4.35,0.507,7.97
1,Litopenaeus_vannamei,summer,poor,False,none,21.31,1.0,0.0,4.08,0.526,7.97
2,Litopenaeus_vannamei,summer,excellent,False,none,21.31,1.0,0.0,3.85,0.515,7.97
3,Litopenaeus_vannamei,monsoon,poor,False,none,21.31,1.0,0.0,4.43,0.538,7.97
4,Litopenaeus_vannamei,northeast,excellent,False,none,21.31,1.0,0.0,4.44,0.512,7.97
5,Penaeus_monodon,northeast,excellent,False,none,21.31,1.0,0.0,4.54,0.503,7.97
6,Litopenaeus_vannamei,winter,poor,False,none,21.31,1.0,0.0,3.87,0.546,7.97
7,Penaeus_monodon,monsoon,very_poor,False,none,21.31,1.0,0.0,4.64,0.511,7.97
8,Litopenaeus_vannamei,northeast,very_poor,False,none,21.31,1.0,0.0,4.08,0.559,7.97
9,Penaeus_monodon,northeast,poor,True,stratification_collapse,21.31,1.0,0.0,4.28,0.52,7.97
10,Litopenaeus_vannamei,winter,very_poor,False,none,21.31,1.0,0.0,3.66,0.551,7.97
11,Penaeus_monodon,winter,very_poor,False,none,21.31,1.0,0.0,4.5,0.522,7.97
12,Penaeus_monodon,northeast,poor,True,stratification_collapse,21.31,1.0,0.0,4.63,0.51,7.97
13,Penaeus_monodon,northeast,good,False,none,21.31,1.0,0.0,4.18,0.506,7.97
14,Litopenaeus_vannamei,monsoon,poor,False,none,21.31,1.0,0.0,4.67,0.542,7.97
15,Litopenaeus_vannamei,summer,excellent,False,none,21.31,1.0,0.0,4.37,0.532,7.97
16,Penaeus_monodon,winter,very_poor,True,stratification_collapse,21.31,1.0,0.0,4.05,0.537,7.97
17,Penaeus_monodon,northeast,poor,False,none,21.31,1.0,0.0,4.15,0.51,7.97
18,Litopenaeus_vannamei,summer,very_poor,False,none,21.31,1.0,0.0,3.92,0.545,7.97
19,Litopenaeus_vannamei,summer,good,False,none,21.31,1.0,0.0,4.04,0.514,7.97
20,Litopenaeus_vannamei,northeast,excellent,False,none,21.31,1.0,0.0,4.22,0.521,7.97
21,Litopenaeus_vannamei,winter,very_poor,False,none,21.31,1.0,0.0,3.9,0.578,7.97
22,Litopenaeus_vannamei,monsoon,excellent,False,none,21.31,1.0,0.0,4.68,0.518,7.97
23,Penaeus_monodon,summer,excellent,False,none,21.31,1.0,0.0,4.25,0.503,7.97
24,Penaeus_monodon,monsoon,good,False,none,21.31,1.0,0.0,4.49,0.503,7.97
25,Penaeus_monodon,summer,good,True,stratification_collapse,21.31,1.0,0.0,3.83,0.511,7.97
26,Litopenaeus_vannamei,monsoon,very_poor,False,none,21.31,1.0,0.0,4.48,0.538,7.97
27,Penaeus_monodon,northeast,poor,False,none,21.31,1.0,0.0,4.63,0.507,7.97
28,Litopenaeus_vannamei,monsoon,good,False,none,21.31,1.0,0.0,4.4,0.51,7.97
29,Litopenaeus_vannamei,northeast,poor,False,none,21.31,1.0,0.0,4.64,0.516,7.97
30,Penaeus_monodon,summer,good,True,stratification_collapse,21.31,1.0,0.0,3.91,0.503,7.97
31,Litopenaeus_vannamei,winter,excellent,False,none,21.31,1.0,0.0,4.36,0.53,7.97
32,Litopenaeus_vannamei,monsoon,good,False,none,21.31,1.0,0.0,4.56,0.519,7.97
33,Litopenaeus_vannamei,monsoon,poor,True,stratification_collapse,21.31,1.0,0.0,4.65,0.538,7.97
34,Penaeus_monodon,summer,good,False,none,21.31,1.0,0.0,4.09,0.511,7.97
35,Penaeus_monodon,monsoon,poor,False,none,21.31,1.0,0.0,4.68,0.51,7.97
36,Penaeus_monodon,summer,excellent,False,none,21.31,1.0,0.0,4.29,0.505,7.97
37,Litopenaeus_vannamei,summer,poor,False,none,21.31,1.0,0.0,4.29,0.526,7.97
38,Penaeus_monodon,winter,excellent,True,stratification_collapse,21.31,1.0,0.0,4.28,0.506,7.97
39,Litopenaeus_vannamei,northeast,very_poor,True,stratification_collapse,21.31,1.0,0.0,4.46,0.525,7.97
40,Penaeus_monodon,summer,good,False,none,21.31,1.0,0.0,4.5,0.503,7.97
41,Penaeus_monodon,northeast,good,False,none,21.31,1.0,0.0,4.38,0.51,7.97
42,Litopenaeus_vannamei,summer,poor,False,none,21.31,1.0,0.0,4.02,0.553,7.97
43,Litopenaeus_vannamei,northeast,good,False,none,21.31,1.0,0.0,4.51,0.511,7.97
44,Penaeus_monodon,summer,good,True,stratification_collapse,21.31,1.0,0.0,4.48,0.507,7.97
45,Penaeus_monodon,winter,very_poor,True,stratification_collapse,21.31,1.0,0.0,4.54,0.52,7.97
46,Litopenaeus_vannamei,winter,excellent,False,none,21.31,1.0,0.0,4.56,0.519,7.97
47,Penaeus_monodon,summer,very_poor,False,none,21.31,1.0,0.0,4.43,0.517,7.97
48,Penaeus_monodon,monsoon,poor,False,none,21.31,1.0,0.0,4.76,0.508,7.97
49,Litopenaeus_vannamei,northeast,very_poor,False,none,21.31,1.0,0.0,4.31,0.559,7.97
50,Penaeus_monodon,northeast,poor,True,stratification_collapse,21.31,1.0,0.0,4.35,0.515,7.97
51,Litopenaeus_vannamei,monsoon,good,True,stratification_collapse,21.31,1.0,0.0,4.72,0.524,7.97
52,Penaeus_monodon,summer,very_poor,False,none,21.31,1.0,0.0,4.5,0.516,7.97
53,Litopenaeus_vannamei,winter,very_poor,False,none,21.31,1.0,0.0,3.54,0.553,7.97
54,Litopenaeus_vannamei,winter,poor,False,none,21.31,1.0,0.0,4.07,0.534,7.97
55,Litopenaeus_vannamei,monsoon,good,False,none,21.31,1.0,0.0,4.83,0.516,7.97
56,Litopenaeus_vannamei,winter,poor,False,none,21.31,1.0,0.0,3.87,0.525,7.97
57,Litopenaeus_vannamei,northeast,excellent,False,none,21.31,1.0,0.0,4.57,0.521,7.97
58,Litopenaeus_vannamei,monsoon,good,True,stratification_collapse,21.31,1.0,0.0,4.8,0.52,7.97
59,Litopenaeus_vannamei,summer,very_poor,False,none,21.31,1.0,0.0,4.18,0.537,7.97
60,Penaeus_monodon,northeast,good,False,none,21.31,1.0,0.0,4.68,0.506,7.97
61,Penaeus_monodon,monsoon,good,False,none,21.31,1.0,0.0,4.61,0.509,7.97
62,Litopenaeus_vannamei,summer,good,False,none,21.31,1.0,0.0,3.73,0.511,7.97
63,Penaeus_monodon,winter,poor,False,none,21.31,1.0,0.0,4.42,0.507,7.97
64,Penaeus_monodon,summer,very_poor,True,stratification_collapse,21.31,1.0,0.0,4.35,0.517,7.97
65,Penaeus_monodon,northeast,poor,False,none,21.31,1.0,0.0,4.66,0.513,7.97
66,Litopenaeus_vannamei,northeast,very_poor,False,none,21.31,1.0,0.0,3.74,0.582,7.97
67,Litopenaeus_vannamei,summer,very_poor,False,none,21.31,1.0,0.0,4.24,0.534,7.97
68,Penaeus_monodon,summer,good,False,none,21.31,1.0,0.0,4.09,0.505,7.97
69,Litopenaeus_vannamei,summer,good,True,stratification_collapse,21.31,1.0,0.0,4.05,0.522,7.97
70,Litopenaeus_vannamei,northeast,very_poor,False,none,21.31,1.0,0.0,3.87,0.583,7.97
71,Penaeus_monodon,summer,poor,False,none,21.31,1.0,0.0,3.77,0.505,7.97
72,Litopenaeus_vannamei,monsoon,poor,False,none,21.31,1.0,0.0,4.19,0.552,7.97
73,Penaeus_monodon,summer,very_poor,False,none,21.31,1.0,0.0,3.94,0.515,7.97
74,Litopenaeus_vannamei,northeast,excellent,False,none,21.31,1.0,0.0,4.6,0.508,7.97
75,Penaeus_monodon,winter,very_poor,True,stratification_collapse,21.31,1.0,0.0,4.36,0.517,7.97
76,Penaeus_monodon,winter,very_poor,False,none,21.31,1.0,0.0,4.55,0.511,7.97
77,Penaeus_monodon,northeast,good,False,none,21.31,1.0,0.0,4.64,0.509,7.97
78,Litopenaeus_vannamei,summer,poor,True,stratification_collapse,21.31,1.0,0.0,3.79,0.529,7.97
79,Litopenaeus_vannamei,winter,poor,False,none,21.31,1.0,0.0,3.76,0.523,7.97
80,Penaeus_monodon,winter,very_poor,False,none,21.31,1.0,0.0,4.57,0.521,7.97
81,Penaeus_monodon,northeast,very_poor,False,none,21.31,1.0,0.0,4.12,0.529,7.97
82,Litopenaeus_vannamei,winter,poor,False,none,21.31,1.0,0.0,4.37,0.527,7.97
83,Penaeus_monodon,winter,excellent,True,stratification_collapse,21.31,1.0,0.0,3.98,0.502,7.97
84,Penaeus_monodon,summer,very_poor,False,none,21.31,1.0,0.0,4.3,0.512,7.97
85,Litopenaeus_vannamei,summer,poor,False,none,21.31,1.0,0.0,4.0,0.547,7.97
86,Litopenaeus_vannamei,northeast,excellent,False,none,21.31,1.0,0.0,4.36,0.512,7.97
87,Litopenaeus_vannamei,monsoon,excellent,True,stratification_collapse,13.25,1.0,7.0,4.69,0.514,7.97
88,Penaeus_monodon,monsoon,poor,False,none,21.31,1.0,0.0,4.7,0.516,7.97
89,Litopenaeus_vannamei,northeast,good,True,other,1.24,0.0471,1533.0,0.0,2.512,7.97
90,Litopenaeus_vannamei,summer,very_poor,False,none,21.31,1.0,0.0,4.27,0.536,7.97
91,Litopenaeus_vannamei,monsoon,good,False,none,21.31,1.0,0.0,4.42,0.515,7.97
92,Penaeus_monodon,northeast,excellent,False,none,21.31,1.0,0.0,4.53,0.507,7.97
93,Penaeus_monodon,northeast,excellent,False,none,21.31,1.0,0.0,4.6,0.508,7.97
94,Litopenaeus_vannamei,summer,poor,True,stratification_collapse,21.31,1.0,0.0,4.13,0.523,7.97
95,Litopenaeus_vannamei,winter,excellent,False,none,21.31,1.0,0.0,4.4,0.515,7.97
96,Penaeus_monodon,northeast,very_poor,True,stratification_collapse,21.31,1.0,0.0,4.35,0.509,7.97
97,Litopenaeus_vannamei,winter,poor,False,none,21.31,1.0,0.0,3.89,0.53,7.97
98,Penaeus_monodon,summer,poor,True,stratification_collapse,21.31,1.0,0.0,4.4,0.519,7.97
99,Penaeus_monodon,winter,good,False,none,21.31,1.0,0.0,4.47,0.505,7.97
100,Litopenaeus_vannamei,winter,very_poor,False,none,21.31,1.0,0.0,3.78,0.542,7.97
101,Litopenaeus_vannamei,northeast,very_poor,False,none,21.31,1.0,0.0,4.31,0.557,7.97
102,Litopenaeus_vannamei,northeast,good,False,none,21.31,1.0,0.0,4.52,0.519,7.97
103,Penaeus_monodon,monsoon,excellent,False,none,21.31,1.0,0.0,4.74,0.504,7.97
104,Litopenaeus_vannamei,monsoon,good,False,none,21.31,1.0,0.0,4.29,0.537,7.97
105,Penaeus_monodon,summer,excellent,False,none,21.31,1.0,0.0,4.49,0.503,7.97
106,Penaeus_monodon,summer,very_poor,True,stratification_collapse,21.31,1.0,0.0,4.07,0.51,7.97
107,Litopenaeus_vannamei,winter,very_poor,True,stratification_collapse,21.31,1.0,0.0,3.92,0.542,7.97
108,Litopenaeus_vannamei,summer,very_poor,True,other,0.46,0.0161,2069.0,0.0,2.525,7.97
109,Penaeus_monodon,monsoon,very_poor,False,none,21.31,1.0,0.0,4.83,0.518,7.97
110,Penaeus_monodon,monsoon,very_poor,False,none,21.31,1.0,0.0,4.58,0.507,7.97
111,Litopenaeus_vannamei,northeast,very_poor,False,none,21.31,1.0,0.0,4.24,0.545,7.97
112,Penaeus_monodon,northeast,very_poor,False,none,21.31,1.0,0.0,4.49,0.514,7.97
113,Litopenaeus_vannamei,northeast,excellent,True,sensor_fault,21.31,1.0,0.0,4.29,0.508,7.97
114,Litopenaeus_vannamei,summer,poor,False,none,21.31,1.0,0.0,4.21,0.525,7.97
115,Penaeus_monodon,monsoon,excellent,True,stratification_collapse,21.31,1.0,0.0,4.8,0.504,7.97
116,Penaeus_monodon,summer,excellent,False,none,21.31,1.0,0.0,4.35,0.504,7.97
117,Litopenaeus_vannamei,monsoon,good,False,none,21.31,1.0,0.0,4.73,0.523,7.97
118,Litopenaeus_vannamei,northeast,excellent,False,none,21.31,1.0,0.0,4.52,0.515,7.97
119,Penaeus_monodon,monsoon,very_poor,False,none,21.31,1.0,0.0,4.82,0.509,7.97
120,Litopenaeus_vannamei,monsoon,very_poor,False,none,21.31,1.0,0.0,4.61,0.54,7.97
121,Litopenaeus_vannamei,monsoon,very_poor,False,none,21.31,1.0,0.0,4.31,0.525,7.97
122,Litopenaeus_vannamei,northeast,excellent,False,none,21.31,1.0,0.0,4.46,0.522,7.97
123,Litopenaeus_vannamei,northeast,excellent,False,none,21.31,1.0,0.0,4.41,0.515,7.97
124,Penaeus_monodon,summer,good,False,none,21.31,1.0,0.0,4.24,0.506,7.97
125,Litopenaeus_vannamei,monsoon,poor,True,stratification_collapse,21.31,1.0,0.0,4.29,0.536,7.97
126,Litopenaeus_vannamei,winter,good,False,none,21.31,1.0,0.0,4.38,0.512,7.97
127,Litopenaeus_vannamei,summer,excellent,False,none,21.31,1.0,0.0,4.48,0.514,7.97
128,Litopenaeus_vannamei,winter,poor,False,none,21.31,1.0,0.0,4.24,0.542,7.97
129,Penaeus_monodon,summer,very_poor,False,none,21.31,1.0,0.0,3.89,0.507,7.97
130,Penaeus_monodon,northeast,very_poor,False,none,21.31,1.0,0.0,4.59,0.519,7.97
131,Penaeus_monodon,northeast,excellent,False,none,21.31,1.0,0.0,4.74,0.503,7.97
132,Penaeus_monodon,monsoon,very_poor,False,none,21.31,1.0,0.0,4.84,0.514,7.97
133,Penaeus_monodon,northeast,very_poor,False,none,21.31,1.0,0.0,4.51,0.521,7.97
134,Penaeus_monodon,monsoon,good,False,none,21.31,1.0,0.0,4.61,0.508,7.97
135,Penaeus_monodon,northeast,very_poor,True,stratification_collapse,21.31,1.0,0.0,4.47,0.508,7.97
136,Penaeus_monodon,summer,very_poor,False,none,21.31,1.0,0.0,3.93,0.509,7.97
137,Litopenaeus_vannamei,monsoon,very_poor,False,none,21.31,1.0,0.0,4.72,0.525,7.97
138,Litopenaeus_vannamei,winter,very_poor,False,none,21.31,1.0,0.0,4.35,0.531,7.97
139,Litopenaeus_vannamei,northeast,excellent,False,none,21.31,1.0,0.0,4.2,0.513,7.97
140,Litopenaeus_vannamei,summer,poor,True,stratification_collapse,21.31,1.0,0.0,4.41,0.522,7.97
141,Litopenaeus_vannamei,winter,good,False,none,21.31,1.0,0.0,4.47,0.513,7.97
142,Penaeus_monodon,monsoon,very_poor,False,none,21.31,1.0,0.0,4.67,0.506,7.97
143,Litopenaeus_vannamei,summer,excellent,False,none,21.31,1.0,0.0,4.32,0.513,7.97
144,Penaeus_monodon,summer,very_poor,True,stratification_collapse,21.31,1.0,0.0,4.24,0.519,7.97
145,Penaeus_monodon,summer,very_poor,False,none,21.31,1.0,0.0,4.38,0.519,7.97
146,Litopenaeus_vannamei,monsoon,poor,False,none,21.31,1.0,0.0,4.14,0.538,7.97
147,Litopenaeus_vannamei,winter,very_poor,False,none,21.31,1.0,0.0,4.24,0.557,7.97
148,Penaeus_monodon,summer,very_poor,False,none,21.31,1.0,0.0,4.06,0.518,7.97
149,Litopenaeus_vannamei,summer,poor,False,none,21.31,1.0,0.0,3.77,0.528,7.97
150,Penaeus_monodon,winter,good,False,none,21.31,1.0,0.0,4.27,0.509,7.97
151,Penaeus_monodon,monsoon,poor,False,none,21.31,1.0,0.0,4.61,0.511,7.97
152,Penaeus_monodon,monsoon,very_poor,False,none,21.31,1.0,0.0,4.28,0.523,7.97
153,Penaeus_monodon,summer,excellent,True,stratification_collapse,21.31,1.0,0.0,4.41,0.505,7.97
154,Litopenaeus_vannamei,winter,very_poor,True,stratification_collapse,21.31,1.0,0.0,3.93,0.572,7.97
155,Penaeus_monodon,winter,very_poor,False,none,21.31,1.0,0.0,4.03,0.514,7.97
156,Penaeus_monodon,winter,good,False,none,21.31,1.0,0.0,4.4,0.509,7.97
157,Penaeus_monodon,monsoon,good,False,none,21.31,1.0,0.0,4.55,0.509,7.97
158,Litopenaeus_vannamei,summer,excellent,False,none,21.31,1.0,0.0,3.79,0.52,7.97
159,Penaeus_monodon,monsoon,very_poor,True,stratification_collapse,21.31,1.0,0.0,4.6,0.507,7.97
160,Litopenaeus_vannamei,northeast,very_poor,False,none,21.31,1.0,0.0,4.42,0.541,7.97
161,Litopenaeus_vannamei,monsoon,good,False,none,21.31,1.0,0.0,4.72,0.512,7.97
162,Litopenaeus_vannamei,monsoon,good,False,none,21.31,1.0,0.0,4.19,0.52,7.97
163,Penaeus_monodon,monsoon,very_poor,False,none,21.31,1.0,0.0,4.5,0.515,7.97
164,Litopenaeus_vannamei,northeast,poor,False,none,21.31,1.0,0.0,4.58,0.532,7.97
165,Litopenaeus_vannamei,summer,very_poor,True,sensor_fault,21.31,1.0,0.0,3.57,0.582,7.97
166,Litopenaeus_vannamei,winter,very_poor,False,none,21.31,1.0,0.0,4.17,0.546,7.97
167,Litopenaeus_vannamei,summer,poor,False,none,21.31,1.0,0.0,3.96,0.536,7.97
168,Litopenaeus_vannamei,northeast,very_poor,False,none,21.31,1.0,0.0,4.18,0.567,7.97
169,Penaeus_monodon,monsoon,excellent,False,none,21.31,1.0,0.0,4.48,0.505,7.97
170,Penaeus_monodon,northeast,poor,False,none,21.31,1.0,0.0,4.45,0.508,7.97
171,Penaeus_monodon,winter,excellent,False,none,21.31,1.0,0.0,4.23,0.506,7.97
172,Penaeus_monodon,monsoon,good,False,none,21.31,1.0,0.0,4.87,0.509,7.97
173,Penaeus_monodon,winter,poor,False,none,21.31,1.0,0.0,4.08,0.504,7.97
174,Litopenaeus_vannamei,winter,excellent,False,none,21.31,1.0,0.0,4.21,0.509,7.97
175,Penaeus_monodon,monsoon,excellent,True,stratification_collapse,21.31,1.0,0.0,4.83,0.503,7.97
176,Litopenaeus_vannamei,summer,good,False,none,21.31,1.0,0.0,4.16,0.518,7.97
177,Litopenaeus_vannamei,winter,very_poor,False,none,21.31,1.0,0.0,4.37,0.526,7.97
178,Litopenaeus_vannamei,winter,good,False,none,21.31,1.0,0.0,4.43,0.52,7.97
179,Litopenaeus_vannamei,summer,excellent,True,stratification_collapse,21.31,1.0,0.0,4.53,0.511,7.97
180,Litopenaeus_vannamei,summer,excellent,True,sensor_fault,21.31,1.0,0.0,3.9,0.51,7.97
181,Litopenaeus_vannamei,summer,poor,False,none,21.31,1.0,0.0,3.95,0.53,7.97
182,Penaeus_monodon,northeast,good,True,stratification_collapse,21.31,1.0,0.0,4.18,0.503,7.97
183,Litopenaeus_vannamei,summer,excellent,False,none,21.31,1.0,0.0,3.7,0.509,7.97
184,Penaeus_monodon,summer,good,False,none,21.31,1.0,0.0,4.52,0.507,7.97
185,Litopenaeus_vannamei,monsoon,good,False,none,21.31,1.0,0.0,4.64,0.514,7.97
186,Penaeus_monodon,winter,very_poor,False,none,21.31,1.0,0.0,4.46,0.51,7.97
187,Penaeus_monodon,winter,good,False,none,21.31,1.0,0.0,4.63,0.505,7.97
188,Litopenaeus_vannamei,northeast,excellent,False,none,21.31,1.0,0.0,4.66,0.52,7.97
189,Penaeus_monodon,northeast,good,False,none,21.31,1.0,0.0,4.29,0.502,7.97
190,Litopenaeus_vannamei,monsoon,poor,False,none,21.31,1.0,0.0,4.61,0.539,7.97
191,Litopenaeus_vannamei,winter,very_poor,False,none,21.31,1.0,0.0,3.64,0.562,7.97
192,Penaeus_monodon,northeast,excellent,False,none,21.31,1.0,0.0,4.49,0.506,7.97
193,Penaeus_monodon,monsoon,poor,True,stratification_collapse,21.31,1.0,0.0,4.71,0.513,7.97
194,Litopenaeus_vannamei,monsoon,poor,True,stratification_collapse,21.31,1.0,0.0,4.43,0.537,7.97
195,Penaeus_monodon,summer,good,True,stratification_collapse,21.31,1.0,0.0,4.39,0.504,7.97
196,Litopenaeus_vannamei,monsoon,very_poor,False,none,21.31,1.0,0.0,4.42,0.56,7.97
197,Litopenaeus_vannamei,monsoon,good,False,none,21.31,1.0,0.0,4.77,0.527,7.97
198,Litopenaeus_vannamei,winter,excellent,True,sensor_fault,21.31,1.0,0.0,4.05,0.514,7.97
199,Penaeus_monodon,winter,poor,False,none,21.31,1.0,0.0,4.49,0.511,7.97
200,Litopenaeus_vannamei,monsoon,excellent,False,none,21.31,1.0,0.0,4.51,0.51,7.97
201,Litopenaeus_vannamei,northeast,very_poor,False,none,21.31,1.0,0.0,4.35,0.545,7.97
202,Penaeus_monodon,winter,very_poor,False,none,21.31,1.0,0.0,4.35,0.508,7.97
203,Litopenaeus_vannamei,summer,very_poor,False,none,21.31,1.0,0.0,3.97,0.547,7.97
204,Penaeus_monodon,summer,good,True,stratification_collapse,21.31,1.0,0.0,4.56,0.508,7.97
205,Penaeus_monodon,winter,excellent,False,none,21.31,1.0,0.0,4.33,0.504,7.97
206,Litopenaeus_vannamei,summer,poor,False,none,21.31,1.0,0.0,4.01,0.529,7.97
207,Litopenaeus_vannamei,monsoon,excellent,True,stratification_collapse,21.31,1.0,0.0,4.49,0.514,7.97
208,Penaeus_monodon,monsoon,excellent,False,none,21.31,1.0,0.0,4.76,0.505,7.97
209,Litopenaeus_vannamei,monsoon,poor,False,none,21.31,1.0,0.0,4.55,0.528,7.97
210,Penaeus_monodon,summer,very_poor,True,stratification_collapse,21.31,1.0,0.0,3.88,0.51,7.97
211,Penaeus_monodon,monsoon,excellent,True,stratification_collapse,21.31,1.0,0.0,4.68,0.508,7.97
212,Penaeus_monodon,summer,excellent,False,none,21.31,1.0,0.0,4.38,0.503,7.97
213,Litopenaeus_vannamei,winter,good,False,none,21.31,1.0,0.0,4.14,0.521,7.97
214,Penaeus_monodon,winter,poor,False,none,21.31,1.0,0.0,4.43,0.507,7.97
215,Litopenaeus_vannamei,northeast,excellent,False,none,21.31,1.0,0.0,4.12,0.513,7.97
216,Litopenaeus_vannamei,monsoon,very_poor,False,none,21.31,1.0,0.0,4.48,0.54,7.97
217,Penaeus_monodon,monsoon,good,False,none,21.31,1.0,0.0,4.82,0.505,7.97
218,Penaeus_monodon,monsoon,excellent,False,none,21.31,1.0,0.0,4.68,0.51,7.97
219,Penaeus_monodon,summer,poor,False,none,21.31,1.0,0.0,3.88,0.513,7.97
220,Litopenaeus_vannamei,monsoon,very_poor,False,none,21.31,1.0,0.0,4.58,0.548,7.97
221,Litopenaeus_vannamei,winter,excellent,False,none,21.31,1.0,0.0,4.22,0.519,7.97
222,Litopenaeus_vannamei,monsoon,poor,False,none,21.31,1.0,0.0,4.18,0.546,7.97
223,Penaeus_monodon,northeast,very_poor,False,none,21.31,1.0,0.0,4.58,0.517,7.97
224,Litopenaeus_vannamei,monsoon,very_poor,False,none,21.31,1.0,0.0,4.41,0.561,7.97
225,Litopenaeus_vannamei,monsoon,good,False,none,21.31,1.0,0.0,4.42,0.509,7.97
226,Penaeus_monodon,summer,excellent,True,stratification_collapse,21.31,1.0,0.0,4.42,0.504,7.97
227,Penaeus_monodon,northeast,excellent,False,none,21.31,1.0,0.0,4.4,0.502,7.97
228,Litopenaeus_vannamei,monsoon,good,True,stratification_collapse,21.31,1.0,0.0,4.35,0.519,7.97
229,Litopenaeus_vannamei,monsoon,very_poor,False,none,21.31,1.0,0.0,4.35,0.547,7.97
230,Litopenaeus_vannamei,northeast,excellent,False,none,21.31,1.0,0.0,4.59,0.524,7.97
231,Litopenaeus_vannamei,monsoon,very_poor,False,none,21.31,1.0,0.0,4.48,0.547,7.97
232,Penaeus_monodon,summer,good,False,none,21.31,1.0,0.0,3.86,0.508,7.97
233,Litopenaeus_vannamei,monsoon,very_poor,False,none,21.31,1.0,0.0,4.15,0.556,7.97
234,Penaeus_monodon,northeast,excellent,False,none,21.31,1.0,0.0,4.75,0.506,7.97
235,Penaeus_monodon,summer,good,False,none,21.31,1.0,0.0,4.44,0.502,7.97
236,Penaeus_monodon,winter,poor,False,none,21.31,1.0,0.0,4.43,0.506,7.97
237,Penaeus_monodon,monsoon,good,True,stratification_collapse,21.31,1.0,0.0,4.65,0.513,7.97
238,Penaeus_monodon,summer,very_poor,False,none,21.31,1.0,0.0,4.2,0.526,7.97
239,Litopenaeus_vannamei,monsoon,good,False,none,21.31,1.0,0.0,4.4,0.515,7.97
240,Litopenaeus_vannamei,summer,poor,False,none,21.31,1.0,0.0,3.61,0.525,7.97
241,Litopenaeus_vannamei,northeast,excellent,True,stratification_collapse,21.31,1.0,0.0,4.35,0.509,7.97
242,Penaeus_monodon,summer,very_poor,False,none,21.31,1.0,0.0,3.93,0.518,7.97
243,Penaeus_monodon,winter,excellent,False,none,21.31,1.0,0.0,4.32,0.502,7.97
244,Penaeus_monodon,winter,very_poor,False,none,21.31,1.0,0.0,4.42,0.518,7.97
245,Litopenaeus_vannamei,northeast,very_poor,True,sensor_fault,21.31,1.0,0.0,3.9,0.542,7.97
246,Litopenaeus_vannamei,winter,poor,False,none,21.31,1.0,0.0,4.3,0.527,7.97
247,Penaeus_monodon,northeast,excellent,False,none,21.31,1.0,0.0,4.47,0.502,7.97
248,Penaeus_monodon,winter,good,False,none,21.31,1.0,0.0,4.34,0.512,7.97
249,Penaeus_monodon,northeast,very_poor,False,none,21.31,1.0,0.0,4.27,0.521,7.97
250,Penaeus_monodon,winter,good,False,none,21.31,1.0,0.0,4.38,0.506,7.97
251,Penaeus_monodon,winter,very_poor,False,none,21.31,1.0,0.0,4.21,0.514,7.97
252,Litopenaeus_vannamei,northeast,good,True,stratification_collapse,21.31,1.0,0.0,4.57,0.517,7.97
253,Penaeus_monodon,winter,good,False,none,21.31,1.0,0.0,4.22,0.51,7.97
254,Penaeus_monodon,northeast,very_poor,False,none,21.31,1.0,0.0,4.41,0.516,7.97
255,Litopenaeus_vannamei,northeast,excellent,False,none,21.31,1.0,0.0,4.26,0.513,7.97
256,Penaeus_monodon,northeast,very_poor,False,none,21.31,1.0,0.0,4.26,0.518,7.97
257,Penaeus_monodon,winter,excellent,True,stratification_collapse,21.31,1.0,0.0,4.55,0.506,7.97
258,Litopenaeus_vannamei,monsoon,very_poor,False,none,21.31,1.0,0.0,4.56,0.519,7.97
259,Litopenaeus_vannamei,summer,very_poor,False,none,21.31,1.0,0.0,3.38,0.554,7.97
260,Litopenaeus_vannamei,summer,very_poor,True,stratification_collapse,21.31,1.0,0.0,3.86,0.54,7.97
261,Penaeus_monodon,summer,good,False,none,21.31,1.0,0.0,4.35,0.504,7.97
262,Penaeus_monodon,winter,very_poor,True,stratification_collapse,21.31,1.0,0.0,4.26,0.519,7.97
263,Penaeus_monodon,northeast,very_poor,True,stratification_collapse,21.31,1.0,0.0,4.47,0.517,7.97
264,Penaeus_monodon,monsoon,good,False,none,21.31,1.0,0.0,4.66,0.51,7.97
265,Penaeus_monodon,winter,poor,True,stratification_collapse,21.31,1.0,0.0,4.62,0.508,7.97
266,Litopenaeus_vannamei,summer,very_poor,False,none,21.31,1.0,0.0,3.36,0.576,7.97
267,Litopenaeus_vannamei,summer,very_poor,False,none,21.31,1.0,0.0,3.61,0.574,7.97
268,Penaeus_monodon,summer,very_poor,True,stratification_collapse,21.31,1.0,0.0,4.37,0.517,7.97
269,Litopenaeus_vannamei,summer,excellent,False,none,21.31,1.0,0.0,4.14,0.508,7.97
270,Litopenaeus_vannamei,northeast,excellent,False,none,21.31,1.0,0.0,4.09,0.535,7.97
271,Penaeus_monodon,northeast,poor,False,none,21.31,1.0,0.0,4.19,0.515,7.97
272,Penaeus_monodon,northeast,excellent,False,none,21.31,1.0,0.0,4.61,0.507,7.97
273,Litopenaeus_vannamei,monsoon,poor,False,none,21.31,1.0,0.0,4.4,0.555,7.97
274,Litopenaeus_vannamei,winter,poor,False,none,21.31,1.0,0.0,4.27,0.539,7.97
275,Litopenaeus_vannamei,northeast,poor,False,none,21.31,1.0,0.0,4.15,0.532,7.97
276,Penaeus_monodon,summer,good,True,stratification_collapse,21.31,1.0,0.0,4.14,0.503,7.97
277,Litopenaeus_vannamei,monsoon,good,False,none,21.31,1.0,0.0,4.78,0.511,7.97
278,Penaeus_monodon,winter,poor,True,stratification_collapse,21.31,1.0,0.0,4.12,0.508,7.97
279,Penaeus_monodon,northeast,excellent,False,none,21.31,1.0,0.0,4.58,0.504,7.97
280,Penaeus_monodon,winter,excellent,False,none,21.31,1.0,0.0,4.35,0.506,7.97
281,Litopenaeus_vannamei,northeast,poor,False,none,21.31,1.0,0.0,4.52,0.529,7.97
282,Litopenaeus_vannamei,winter,very_poor,True,stratification_collapse,21.31,1.0,0.0,4.32,0.555,7.97
283,Litopenaeus_vannamei,monsoon,poor,True,stratification_collapse,21.31,1.0,0.0,4.55,0.522,7.97
284,Litopenaeus_vannamei,northeast,poor,False,none,21.31,1.0,0.0,4.03,0.533,7.97
285,Penaeus_monodon,winter,very_poor,False,none,21.31,1.0,0.0,4.03,0.506,7.97
286,Penaeus_monodon,summer,poor,False,none,21.31,1.0,0.0,4.37,0.51,7.97
287,Litopenaeus_vannamei,northeast,poor,False,none,21.31,1.0,0.0,4.53,0.524,7.97
288,Penaeus_monodon,winter,very_poor,False,none,21.31,1.0,0.0,4.49,0.507,7.97
289,Penaeus_monodon,monsoon,excellent,True,stratification_collapse,21.31,1.0,0.0,4.7,0.504,7.97
290,Penaeus_monodon,winter,excellent,True,stratification_collapse,21.31,1.0,0.0,4.6,0.503,7.97
291,Penaeus_monodon,summer,very_poor,False,none,21.31,1.0,0.0,3.97,0.526,7.97
292,Litopenaeus_vannamei,northeast,good,False,none,21.31,1.0,0.0,4.21,0.518,7.97
293,Penaeus_monodon,winter,excellent,False,none,21.31,1.0,0.0,4.64,0.507,7.97
294,Litopenaeus_vannamei,summer,very_poor,False,none,21.31,1.0,0.0,3.72,0.576,7.97
295,Penaeus_monodon,winter,poor,False,none,21.31,1.0,0.0,4.42,0.516,7.97
296,Litopenaeus_vannamei,northeast,poor,False,none,21.31,1.0,0.0,4.48,0.532,7.97
297,Penaeus_monodon,winter,excellent,False,none,21.31,1.0,0.0,4.34,0.503,7.97
298,Litopenaeus_vannamei,monsoon,good,False,none,21.31,1.0,0.0,4.54,0.528,7.97
299,Penaeus_monodon,monsoon,excellent,False,none,21.31,1.0,0.0,4.54,0.506,7.97
300,Penaeus_monodon,northeast,excellent,False,none,21.31,1.0,0.0,4.23,0.504,7.97
301,Penaeus_monodon,winter,very_poor,False,none,21.31,1.0,0.0,4.34,0.509,7.97
302,Penaeus_monodon,winter,good,True,stratification_collapse,21.31,1.0,0.0,4.52,0.513,7.97
303,Litopenaeus_vannamei,monsoon,good,True,sensor_fault,21.31,1.0,0.0,4.34,0.522,7.97
304,Litopenaeus_vannamei,monsoon,very_poor,False,none,21.31,1.0,0.0,4.09,0.587,7.97
305,Litopenaeus_vannamei,winter,poor,True,aerator_failure,1.17,0.0449,1565.0,0.0,0.519,7.97
306,Penaeus_monodon,monsoon,poor,False,none,21.31,1.0,0.0,4.74,0.509,7.97
307,Penaeus_monodon,northeast,very_poor,True,stratification_collapse,21.31,1.0,0.0,4.38,0.518,7.97
308,Litopenaeus_vannamei,monsoon,very_poor,False,none,21.31,1.0,0.0,4.6,0.558,7.97
309,Litopenaeus_vannamei,northeast,excellent,False,none,21.31,1.0,0.0,4.68,0.515,7.97
310,Litopenaeus_vannamei,monsoon,poor,False,none,21.31,1.0,0.0,4.29,0.539,7.97
311,Penaeus_monodon,northeast,excellent,False,none,21.31,1.0,0.0,4.44,0.503,7.97
312,Litopenaeus_vannamei,winter,excellent,False,none,21.31,1.0,0.0,4.01,0.52,7.97
313,Litopenaeus_vannamei,winter,very_poor,False,none,21.31,1.0,0.0,4.1,0.542,7.97
314,Litopenaeus_vannamei,winter,excellent,False,none,21.31,1.0,0.0,4.54,0.515,7.97
315,Penaeus_monodon,winter,poor,False,none,21.31,1.0,0.0,4.54,0.509,7.97
316,Litopenaeus_vannamei,summer,poor,False,none,21.31,1.0,0.0,4.01,0.522,7.97
317,Penaeus_monodon,summer,very_poor,False,none,21.31,1.0,0.0,4.46,0.517,7.97
318,Litopenaeus_vannamei,winter,very_poor,False,none,21.31,1.0,0.0,4.19,0.533,7.97
319,Litopenaeus_vannamei,summer,very_poor,False,none,21.31,1.0,0.0,4.34,0.528,7.97
320,Penaeus_monodon,summer,very_poor,False,none,21.31,1.0,0.0,4.34,0.527,7.97
321,Penaeus_monodon,winter,good,False,none,21.31,1.0,0.0,4.43,0.509,7.97
322,Penaeus_monodon,monsoon,excellent,False,none,21.31,1.0,0.0,4.78,0.504,7.97
323,Litopenaeus_vannamei,monsoon,poor,False,none,21.31,1.0,0.0,4.47,0.523,7.97
324,Litopenaeus_vannamei,winter,excellent,False,none,21.31,1.0,0.0,4.26,0.515,7.97
325,Litopenaeus_vannamei,summer,excellent,False,none,21.31,1.0,0.0,3.83,0.525,7.97
326,Litopenaeus_vannamei,winter,poor,False,none,21.31,1.0,0.0,3.94,0.553,7.97
327,Litopenaeus_vannamei,winter,poor,False,none,21.31,1.0,0.0,3.7,0.557,7.97
328,Penaeus_monodon,winter,very_poor,False,none,21.31,1.0,0.0,3.98,0.523,7.97
329,Penaeus_monodon,northeast,poor,False,none,21.31,1.0,0.0,4.7,0.504,7.97
330,Litopenaeus_vannamei,summer,very_poor,False,none,21.31,1.0,0.0,3.9,0.562,7.97
331,Penaeus_monodon,monsoon,good,False,none,21.31,1.0,0.0,4.72,0.507,7.97
332,Litopenaeus_vannamei,winter,very_poor,True,stratification_collapse,21.31,1.0,0.0,4.29,0.521,7.97
333,Penaeus_monodon,northeast,good,True,stratification_collapse,21.31,1.0,0.0,4.75,0.505,7.97
334,Litopenaeus_vannamei,winter,very_poor,False,none,21.31,1.0,0.0,3.84,0.549,7.97
335,Litopenaeus_vannamei,summer,very_poor,True,stratification_collapse,13.94,1.0,28.0,3.67,0.547,7.97
336,Litopenaeus_vannamei,monsoon,good,True,sensor_fault,21.31,1.0,0.0,4.29,0.512,7.97
337,Litopenaeus_vannamei,winter,poor,True,stratification_collapse,21.31,1.0,0.0,4.2,0.536,7.97
338,Litopenaeus_vannamei,winter,poor,False,none,21.31,1.0,0.0,4.21,0.516,7.97
339,Litopenaeus_vannamei,monsoon,very_poor,False,none,21.31,1.0,0.0,4.51,0.545,7.97
340,Penaeus_monodon,summer,excellent,False,none,21.31,1.0,0.0,4.17,0.507,7.97
341,Penaeus_monodon,monsoon,excellent,False,none,21.31,1.0,0.0,4.59,0.504,7.97
342,Litopenaeus_vannamei,monsoon,excellent,False,none,21.31,1.0,0.0,4.75,0.518,7.97
343,Litopenaeus_vannamei,winter,good,False,none,21.31,1.0,0.0,4.01,0.515,7.97
344,Penaeus_monodon,winter,excellent,True,stratification_collapse,21.31,1.0,0.0,4.55,0.509,7.97
345,Penaeus_monodon,summer,good,False,none,21.31,1.0,0.0,4.08,0.51,7.97
346,Litopenaeus_vannamei,summer,poor,True,stratification_collapse,21.31,1.0,0.0,4.43,0.519,7.97
347,Penaeus_monodon,winter,poor,False,none,21.31,1.0,0.0,3.93,0.506,7.97
348,Penaeus_monodon,monsoon,good,False,none,21.31,1.0,0.0,4.87,0.517,7.97
349,Penaeus_monodon,winter,poor,False,none,21.31,1.0,0.0,4.28,0.508,7.97
350,Penaeus_monodon,monsoon,very_poor,False,none,21.31,1.0,0.0,4.83,0.514,7.97
351,Penaeus_monodon,northeast,poor,False,none,21.31,1.0,0.0,4.65,0.509,7.97
352,Penaeus_monodon,monsoon,excellent,False,none,21.31,1.0,0.0,4.7,0.503,7.97
353,Litopenaeus_vannamei,summer,very_poor,False,none,21.31,1.0,0.0,3.89,0.552,7.97
354,Litopenaeus_vannamei,monsoon,excellent,False,none,21.31,1.0,0.0,4.81,0.507,7.97
355,Litopenaeus_vannamei,summer,very_poor,False,none,21.31,1.0,0.0,4.29,0.538,7.97
356,Litopenaeus_vannamei,winter,poor,False,none,21.31,1.0,0.0,4.45,0.529,7.97
357,Litopenaeus_vannamei,northeast,excellent,False,none,21.31,1.0,0.0,4.56,0.528,7.97
358,Litopenaeus_vannamei,monsoon,very_poor,False,none,21.31,1.0,0.0,4.26,0.545,7.97
359,Litopenaeus_vannamei,winter,very_poor,True,aerator_failure,1.05,0.0401,1626.0,0.0,0.524,7.97
360,Litopenaeus_vannamei,northeast,good,False,none,21.31,1.0,0.0,4.22,0.519,7.97
361,Litopenaeus_vannamei,winter,very_poor,False,none,21.31,1.0,0.0,3.99,0.569,7.97
362,Penaeus_monodon,monsoon,poor,False,none,21.31,1.0,0.0,4.78,0.512,7.97
363,Litopenaeus_vannamei,summer,good,True,stratification_collapse,21.31,1.0,0.0,3.78,0.516,7.97
364,Litopenaeus_vannamei,summer,very_poor,False,none,21.31,1.0,0.0,4.14,0.545,7.97
365,Penaeus_monodon,monsoon,poor,True,stratification_collapse,21.31,1.0,0.0,4.47,0.511,7.97
366,Litopenaeus_vannamei,winter,excellent,False,none,21.31,1.0,0.0,3.95,0.52,7.97
367,Litopenaeus_vannamei,winter,excellent,False,none,21.31,1.0,0.0,4.17,0.526,7.97
368,Penaeus_monodon,summer,excellent,True,stratification_collapse,21.31,1.0,0.0,3.97,0.506,7.97
369,Penaeus_monodon,northeast,good,False,none,21.31,1.0,0.0,4.4,0.505,7.97
370,Litopenaeus_vannamei,northeast,poor,False,none,21.31,1.0,0.0,4.54,0.523,7.97
371,Penaeus_monodon,winter,very_poor,True,stratification_collapse,21.31,1.0,0.0,4.42,0.511,7.97
372,Litopenaeus_vannamei,northeast,good,False,none,21.31,1.0,0.0,4.2,0.514,7.97
373,Litopenaeus_vannamei,summer,excellent,False,none,21.31,1.0,0.0,4.2,0.519,7.97
374,Penaeus_monodon,monsoon,good,True,stratification_collapse,21.31,1.0,0.0,4.76,0.506,7.97
375,Litopenaeus_vannamei,northeast,good,False,none,21.31,1.0,0.0,4.2,0.51,7.97
376,Penaeus_monodon,winter,poor,False,none,21.31,1.0,0.0,4.26,0.506,7.97
377,Litopenaeus_vannamei,summer,good,False,none,21.31,1.0,0.0,4.34,0.515,7.97
378,Litopenaeus_vannamei,northeast,very_poor,True,other,0.84,0.0313,1738.0,0.0,2.53,7.97
379,Litopenaeus_vannamei,monsoon,poor,False,none,21.31,1.0,0.0,4.62,0.536,7.97
380,Litopenaeus_vannamei,northeast,very_poor,False,none,21.31,1.0,0.0,4.22,0.564,7.97
381,Penaeus_monodon,winter,excellent,False,none,21.31,1.0,0.0,4.39,0.507,7.97
382,Litopenaeus_vannamei,northeast,good,False,none,21.31,1.0,0.0,4.56,0.533,7.97
383,Penaeus_monodon,monsoon,good,True,stratification_collapse,21.31,1.0,0.0,4.75,0.503,7.97
384,Penaeus_monodon,summer,excellent,False,none,21.31,1.0,0.0,4.22,0.503,7.97
385,Litopenaeus_vannamei,winter,very_poor,False,none,21.31,1.0,0.0,3.89,0.56,7.97
386,Penaeus_monodon,winter,very_poor,False,none,21.31,1.0,0.0,4.44,0.531,7.97
387,Penaeus_monodon,monsoon,excellent,False,none,21.31,1.0,0.0,4.89,0.506,7.97
388,Penaeus_monodon,northeast,poor,False,none,21.31,1.0,0.0,4.32,0.508,7.97
389,Penaeus_monodon,winter,good,True,stratification_collapse,21.31,1.0,0.0,4.06,0.507,7.97
390,Litopenaeus_vannamei,winter,excellent,False,none,21.31,1.0,0.0,4.12,0.524,7.97
391,Penaeus_monodon,monsoon,good,True,stratification_collapse,21.31,1.0,0.0,4.78,0.502,7.97
392,Penaeus_monodon,winter,good,False,none,21.31,1.0,0.0,4.12,0.509,7.97
393,Penaeus_monodon,northeast,good,False,none,21.31,1.0,0.0,4.39,0.506,7.97
394,Litopenaeus_vannamei,monsoon,poor,False,none,21.31,1.0,0.0,4.51,0.528,7.97
395,Penaeus_monodon,northeast,excellent,False,none,21.31,1.0,0.0,4.39,0.505,7.97
396,Litopenaeus_vannamei,northeast,poor,False,none,21.31,1.0,0.0,4.2,0.534,7.97
397,Litopenaeus_vannamei,summer,very_poor,False,none,21.31,1.0,0.0,4.12,0.537,7.97
398,Penaeus_monodon,winter,good,True,stratification_collapse,21.31,1.0,0.0,4.35,0.506,7.97
399,Litopenaeus_vannamei,monsoon,excellent,False,none,21.31,1.0,0.0,4.43,0.517,7.97
400,Penaeus_monodon,northeast,excellent,False,none,21.31,1.0,0.0,4.54,0.51,7.97
401,Penaeus_monodon,summer,very_poor,False,none,21.31,1.0,0.0,3.97,0.524,7.97
402,Penaeus_monodon,summer,very_poor,False,none,21.31,1.0,0.0,4.44,0.516,7.97
403,Litopenaeus_vannamei,northeast,excellent,False,none,21.31,1.0,0.0,4.62,0.513,7.97
404,Litopenaeus_vannamei,winter,excellent,False,none,21.31,1.0,0.0,3.99,0.517,7.97
405,Litopenaeus_vannamei,monsoon,very_poor,False,none,21.31,1.0,0.0,4.36,0.54,7.97
406,Penaeus_monodon,winter,very_poor,True,stratification_collapse,21.31,1.0,0.0,4.58,0.512,7.97
407,Litopenaeus_vannamei,northeast,very_poor,True,stratification_collapse,21.31,1.0,0.0,4.33,0.534,7.97
408,Penaeus_monodon,northeast,good,True,stratification_collapse,21.31,1.0,0.0,4.47,0.511,7.97
409,Penaeus_monodon,monsoon,very_poor,False,none,21.31,1.0,0.0,4.3,0.515,7.97
410,Litopenaeus_vannamei,northeast,excellent,True,sensor_fault,21.31,1.0,0.0,4.24,0.518,7.97
411,Litopenaeus_vannamei,summer,poor,False,none,21.31,1.0,0.0,4.23,0.529,7.97
412,Penaeus_monodon,summer,excellent,True,stratification_collapse,21.31,1.0,0.0,4.01,0.504,7.97
413,Penaeus_monodon,monsoon,excellent,False,none,21.31,1.0,0.0,4.7,0.507,7.97
414,Penaeus_monodon,northeast,good,False,none,21.31,1.0,0.0,4.6,0.508,7.97
415,Penaeus_monodon,monsoon,poor,True,stratification_collapse,21.31,1.0,0.0,4.36,0.506,7.97
416,Penaeus_monodon,summer,poor,True,stratification_collapse,21.31,1.0,0.0,4.37,0.515,7.97
417,Litopenaeus_vannamei,summer,very_poor,False,none,21.31,1.0,0.0,3.85,0.545,7.97
418,Penaeus_monodon,northeast,excellent,False,none,21.31,1.0,0.0,4.34,0.505,7.97
419,Litopenaeus_vannamei,monsoon,poor,False,none,21.31,1.0,0.0,4.65,0.537,7.97
420,Litopenaeus_vannamei,northeast,poor,False,none,21.31,1.0,0.0,4.39,0.519,7.97
421,Penaeus_monodon,winter,very_poor,False,none,21.31,1.0,0.0,4.28,0.511,7.97
422,Penaeus_monodon,northeast,excellent,False,none,21.31,1.0,0.0,4.6,0.505,7.97
423,Penaeus_monodon,monsoon,very_poor,False,none,21.31,1.0,0.0,4.7,0.513,7.97
424,Penaeus_monodon,monsoon,excellent,False,none,21.31,1.0,0.0,4.56,0.509,7.97
425,Penaeus_monodon,summer,good,False,none,21.31,1.0,0.0,4.44,0.508,7.97
426,Litopenaeus_vannamei,northeast,poor,True,sensor_fault,21.31,1.0,0.0,4.59,0.542,7.97
427,Litopenaeus_vannamei,winter,poor,False,none,21.31,1.0,0.0,4.2,0.538,7.97
428,Penaeus_monodon,summer,very_poor,False,none,21.31,1.0,0.0,4.31,0.512,7.97
429,Litopenaeus_vannamei,summer,poor,False,none,21.31,1.0,0.0,4.24,0.551,7.97
430,Penaeus_monodon,monsoon,excellent,False,none,21.31,1.0,0.0,4.52,0.51,7.97
431,Penaeus_monodon,summer,excellent,False,none,21.31,1.0,0.0,4.36,0.506,7.97
432,Penaeus_monodon,summer,very_poor,False,none,21.31,1.0,0.0,4.22,0.517,7.97
433,Litopenaeus_vannamei,winter,excellent,True,sensor_fault,21.31,1.0,0.0,3.85,0.518,7.97
434,Penaeus_monodon,summer,good,True,stratification_collapse,21.31,1.0,0.0,4.07,0.509,7.97
435,Litopenaeus_vannamei,winter,poor,False,none,21.31,1.0,0.0,4.14,0.525,7.97
436,Penaeus_monodon,winter,very_poor,False,none,21.31,1.0,0.0,4.34,0.522,7.97
437,Penaeus_monodon,summer,excellent,False,none,21.31,1.0,0.0,4.35,0.508,7.97
438,Litopenaeus_vannamei,summer,poor,False,none,21.31,1.0,0.0,3.79,0.518,7.97
439,Penaeus_monodon,northeast,poor,False,none,21.31,1.0,0.0,4.73,0.51,7.97
440,Litopenaeus_vannamei,summer,poor,False,none,21.31,1.0,0.0,3.86,0.536,7.97
441,Litopenaeus_vannamei,winter,good,False,none,21.31,1.0,0.0,4.38,0.524,7.97
442,Penaeus_monodon,winter,very_poor,True,stratification_collapse,21.31,1.0,0.0,4.5,0.527,7.97
443,Litopenaeus_vannamei,summer,poor,False,none,21.31,1.0,0.0,4.22,0.537,7.97
444,Penaeus_monodon,northeast,excellent,False,none,21.31,1.0,0.0,4.59,0.507,7.97
445,Penaeus_monodon,monsoon,excellent,False,none,21.31,1.0,0.0,4.53,0.504,7.97
446,Penaeus_monodon,monsoon,good,False,none,21.31,1.0,0.0,4.61,0.507,7.97
447,Penaeus_monodon,summer,very_poor,False,none,21.31,1.0,0.0,4.45,0.522,7.97
448,Penaeus_monodon,monsoon,excellent,False,none,21.31,1.0,0.0,4.71,0.505,7.97
449,Litopenaeus_vannamei,monsoon,good,False,none,21.31,1.0,0.0,4.57,0.525,7.97
450,Litopenaeus_vannamei,winter,good,False,none,21.31,1.0,0.0,3.91,0.521,7.97
451,Litopenaeus_vannamei,monsoon,very_poor,False,none,21.31,1.0,0.0,4.14,0.583,7.97
452,Penaeus_monodon,northeast,poor,False,none,21.31,1.0,0.0,4.6,0.506,7.97
453,Litopenaeus_vannamei,winter,very_poor,False,none,21.31,1.0,0.0,4.01,0.549,7.97
454,Penaeus_monodon,northeast,poor,False,none,21.31,1.0,0.0,4.58,0.515,7.97
455,Litopenaeus_vannamei,winter,good,False,none,21.31,1.0,0.0,3.91,0.512,7.97
456,Penaeus_monodon,winter,very_poor,False,none,21.31,1.0,0.0,4.28,0.534,7.97
457,Litopenaeus_vannamei,northeast,poor,True,stratification_collapse,21.31,1.0,0.0,4.58,0.514,7.97
458,Litopenaeus_vannamei,winter,excellent,False,none,21.31,1.0,0.0,4.44,0.515,7.97
459,Litopenaeus_vannamei,winter,excellent,False,none,21.31,1.0,0.0,4.42,0.512,7.97
460,Penaeus_monodon,winter,excellent,False,none,21.31,1.0,0.0,4.47,0.513,7.97
461,Penaeus_monodon,summer,very_poor,False,none,21.31,1.0,0.0,4.01,0.52,7.97
462,Litopenaeus_vannamei,winter,good,False,none,21.31,1.0,0.0,4.32,0.524,7.97
463,Litopenaeus_vannamei,winter,excellent,True,stratification_collapse,21.31,1.0,0.0,4.57,0.511,7.97
464,Penaeus_monodon,monsoon,good,False,none,21.31,1.0,0.0,4.9,0.508,7.97
465,Litopenaeus_vannamei,monsoon,excellent,False,none,21.31,1.0,0.0,4.81,0.521,7.97
466,Litopenaeus_vannamei,summer,poor,False,none,21.31,1.0,0.0,4.34,0.529,7.97
467,Penaeus_monodon,winter,very_poor,True,stratification_collapse,21.31,1.0,0.0,4.17,0.536,7.97
468,Litopenaeus_vannamei,winter,excellent,True,stratification_collapse,21.31,1.0,0.0,4.24,0.513,7.97
469,Penaeus_monodon,northeast,poor,False,none,21.31,1.0,0.0,4.65,0.517,7.97
470,Litopenaeus_vannamei,northeast,good,False,none,21.31,1.0,0.0,4.47,0.522,7.97
471,Litopenaeus_vannamei,northeast,very_poor,False,none,21.31,1.0,0.0,3.87,0.552,7.97
472,Litopenaeus_vannamei,monsoon,very_poor,False,none,21.31,1.0,0.0,4.72,0.533,7.97
473,Penaeus_monodon,northeast,excellent,True,stratification_collapse,21.31,1.0,0.0,4.67,0.504,7.97
474,Litopenaeus_vannamei,summer,very_poor,False,none,21.31,1.0,0.0,3.71,0.529,7.97
475,Litopenaeus_vannamei,summer,very_poor,False,none,21.31,1.0,0.0,3.77,0.54,7.97
476,Penaeus_monodon,northeast,poor,False,none,21.31,1.0,0.0,4.25,0.513,7.97
477,Penaeus_monodon,summer,poor,False,none,21.31,1.0,0.0,4.3,0.516,7.97
478,Penaeus_monodon,monsoon,excellent,False,none,21.31,1.0,0.0,4.61,0.506,7.97
479,Penaeus_monodon,monsoon,good,False,none,21.31,1.0,0.0,4.6,0.503,7.97
480,Penaeus_monodon,northeast,very_poor,False,none,21.31,1.0,0.0,4.57,0.519,7.97
481,Penaeus_monodon,winter,good,True,stratification_collapse,21.31,1.0,0.0,3.94,0.509,7.97
482,Penaeus_monodon,winter,excellent,False,none,21.31,1.0,0.0,4.1,0.503,7.97
483,Penaeus_monodon,northeast,excellent,True,stratification_collapse,21.31,1.0,0.0,4.32,0.503,7.97
484,Litopenaeus_vannamei,winter,poor,True,stratification_collapse,21.31,1.0,0.0,4.32,0.527,7.97
485,Litopenaeus_vannamei,monsoon,good,False,none,21.31,1.0,0.0,4.61,0.532,7.97
486,Litopenaeus_vannamei,monsoon,very_poor,False,none,21.31,1.0,0.0,4.11,0.545,7.97
487,Penaeus_monodon,northeast,excellent,True,stratification_collapse,21.31,1.0,0.0,4.72,0.507,7.97
488,Litopenaeus_vannamei,northeast,very_poor,False,none,21.31,1.0,0.0,4.33,0.555,7.97
489,Litopenaeus_vannamei,winter,excellent,False,none,21.31,1.0,0.0,4.14,0.518,7.97
490,Penaeus_monodon,winter,excellent,True,stratification_collapse,21.31,1.0,0.0,4.31,0.505,7.97
491,Penaeus_monodon,winter,very_poor,False,none,21.31,1.0,0.0,4.49,0.514,7.97
492,Litopenaeus_vannamei,northeast,poor,True,stratification_collapse,21.31,1.0,0.0,4.51,0.525,7.97
493,Penaeus_monodon,northeast,poor,False,none,21.31,1.0,0.0,4.3,0.512,7.97
494,Litopenaeus_vannamei,summer,excellent,False,none,21.31,1.0,0.0,4.46,0.514,7.97
495,Litopenaeus_vannamei,monsoon,excellent,True,stratification_collapse,21.31,1.0,0.0,4.7,0.514,7.97
496,Penaeus_monodon,winter,excellent,True,stratification_collapse,21.31,1.0,0.0,4.46,0.507,7.97
497,Penaeus_monodon,monsoon,poor,True,stratification_collapse,21.31,1.0,0.0,4.55,0.521,7.97
498,Penaeus_monodon,winter,good,False,none,21.31,1.0,0.0,4.68,0.51,7.97
499,Litopenaeus_vannamei,monsoon,very_poor,False,none,21.31,1.0,0.0,4.25,0.546,7.97
500,Penaeus_monodon,winter,poor,False,none,21.31,1.0,0.0,4.55,0.508,7.97
501,Penaeus_monodon,northeast,good,False,none,21.31,1.0,0.0,4.52,0.504,7.97
502,Penaeus_monodon,monsoon,poor,False,none,21.31,1.0,0.0,4.64,0.513,7.97
503,Litopenaeus_vannamei,monsoon,poor,False,none,21.31,1.0,0.0,4.44,0.539,7.97
504,Penaeus_monodon,northeast,excellent,False,none,21.31,1.0,0.0,4.63,0.51,7.97
505,Litopenaeus_vannamei,northeast,poor,False,none,21.31,1.0,0.0,3.93,0.549,7.97
506,Penaeus_monodon,northeast,very_poor,False,none,21.31,1.0,0.0,4.17,0.521,7.97
507,Penaeus_monodon,monsoon,very_poor,False,none,21.31,1.0,0.0,4.29,0.521,7.97
508,Penaeus_monodon,winter,excellent,False,none,21.31,1.0,0.0,4.66,0.508,7.97
509,Penaeus_monodon,monsoon,good,False,none,21.31,1.0,0.0,4.75,0.511,7.97
510,Penaeus_monodon,winter,very_poor,True,stratification_collapse,21.31,1.0,0.0,4.05,0.514,7.97
511,Litopenaeus_vannamei,winter,excellent,False,none,21.31,1.0,0.0,3.93,0.516,7.97
512,Litopenaeus_vannamei,winter,good,True,sensor_fault,21.31,1.0,0.0,3.97,0.512,7.97
513,Litopenaeus_vannamei,monsoon,good,False,none,21.31,1.0,0.0,4.48,0.524,7.97
514,Penaeus_monodon,summer,good,False,none,21.31,1.0,0.0,4.51,0.505,7.97
515,Litopenaeus_vannamei,northeast,poor,False,none,21.31,1.0,0.0,4.48,0.522,7.97
516,Litopenaeus_vannamei,summer,good,False,none,21.31,1.0,0.0,4.06,0.519,7.97
517,Penaeus_monodon,winter,good,False,none,21.31,1.0,0.0,4.35,0.506,7.97
518,Penaeus_monodon,northeast,poor,False,none,21.31,1.0,0.0,4.49,0.509,7.97
519,Penaeus_monodon,summer,poor,False,none,21.31,1.0,0.0,4.12,0.505,7.97
520,Litopenaeus_vannamei,summer,very_poor,True,stratification_collapse,21.31,1.0,0.0,3.58,0.567,7.97
521,Litopenaeus_vannamei,summer,poor,True,sensor_fault,21.31,1.0,0.0,4.16,0.543,7.97
522,Litopenaeus_vannamei,monsoon,very_poor,False,none,21.31,1.0,0.0,4.69,0.522,7.97
523,Penaeus_monodon,winter,good,False,none,21.31,1.0,0.0,4.21,0.507,7.97
524,Litopenaeus_vannamei,summer,poor,False,none,21.31,1.0,0.0,4.12,0.524,7.97
525,Litopenaeus_vannamei,winter,good,False,none,21.31,1.0,0.0,4.33,0.52,7.97
526,Litopenaeus_vannamei,monsoon,good,False,none,21.31,1.0,0.0,4.63,0.531,7.97
527,Penaeus_monodon,northeast,good,False,none,21.31,1.0,0.0,4.67,0.503,7.97
528,Litopenaeus_vannamei,northeast,excellent,False,none,21.31,1.0,0.0,4.67,0.509,7.97
529,Litopenaeus_vannamei,monsoon,very_poor,False,none,21.31,1.0,0.0,4.2,0.541,7.97
530,Penaeus_monodon,summer,good,False,none,21.31,1.0,0.0,4.35,0.505,7.97
531,Litopenaeus_vannamei,winter,poor,False,none,21.31,1.0,0.0,3.93,0.539,7.97
532,Litopenaeus_vannamei,monsoon,excellent,False,none,21.31,1.0,0.0,4.61,0.521,7.97
533,Penaeus_monodon,monsoon,poor,True,stratification_collapse,21.31,1.0,0.0,4.66,0.512,7.97
534,Penaeus_monodon,monsoon,very_poor,False,none,21.31,1.0,0.0,4.78,0.505,7.97
535,Litopenaeus_vannamei,winter,very_poor,False,none,21.31,1.0,0.0,3.89,0.529,7.97
536,Litopenaeus_vannamei,summer,very_poor,False,none,21.31,1.0,0.0,3.62,0.542,7.97
537,Penaeus_monodon,monsoon,good,False,none,21.31,1.0,0.0,4.7,0.508,7.97
538,Penaeus_monodon,northeast,excellent,True,stratification_collapse,21.31,1.0,0.0,4.39,0.506,7.97
539,Penaeus_monodon,monsoon,excellent,False,none,21.31,1.0,0.0,4.64,0.502,7.97
540,Penaeus_monodon,summer,very_poor,False,none,21.31,1.0,0.0,3.86,0.514,7.97
541,Penaeus_monodon,summer,very_poor,False,none,21.31,1.0,0.0,4.43,0.514,7.97
542,Penaeus_monodon,summer,good,False,none,21.31,1.0,0.0,4.48,0.503,7.97
543,Litopenaeus_vannamei,summer,very_poor,True,stratification_collapse,21.31,1.0,0.0,3.45,0.542,7.97
544,Penaeus_monodon,summer,poor,False,none,21.31,1.0,0.0,4.54,0.505,7.97
545,Litopenaeus_vannamei,summer,good,False,none,21.31,1.0,0.0,3.91,0.519,7.97
546,Litopenaeus_vannamei,northeast,very_poor,True,aerator_failure,0.85,0.0318,1738.0,0.0,0.555,7.97
547,Litopenaeus_vannamei,summer,poor,False,none,21.31,1.0,0.0,3.86,0.535,7.97
548,Litopenaeus_vannamei,summer,good,False,none,21.31,1.0,0.0,4.12,0.518,7.97
549,Litopenaeus_vannamei,winter,good,False,none,21.31,1.0,0.0,4.41,0.526,7.97
550,Penaeus_monodon,winter,good,False,none,21.31,1.0,0.0,4.0,0.505,7.97
551,Litopenaeus_vannamei,summer,good,False,none,21.31,1.0,0.0,3.63,0.529,7.97
552,Litopenaeus_vannamei,summer,very_poor,False,none,21.31,1.0,0.0,3.95,0.551,7.97
553,Penaeus_monodon,summer,very_poor,False,none,21.31,1.0,0.0,4.2,0.525,7.97
554,Penaeus_monodon,monsoon,poor,False,none,21.31,1.0,0.0,4.84,0.505,7.97
555,Litopenaeus_vannamei,northeast,good,False,none,21.31,1.0,0.0,4.61,0.518,7.97
556,Penaeus_monodon,monsoon,very_poor,True,stratification_collapse,21.31,1.0,0.0,4.77,0.522,7.97
557,Litopenaeus_vannamei,summer,poor,False,none,21.31,1.0,0.0,3.54,0.532,7.97
558,Penaeus_monodon,northeast,excellent,False,none,21.31,1.0,0.0,4.52,0.503,7.97
559,Litopenaeus_vannamei,winter,poor,True,sensor_fault,21.31,1.0,0.0,4.44,0.533,7.97
560,Litopenaeus_vannamei,winter,very_poor,False,none,21.31,1.0,0.0,4.28,0.54,7.97
561,Litopenaeus_vannamei,monsoon,poor,False,none,21.31,1.0,0.0,4.65,0.539,7.97
562,Penaeus_monodon,summer,excellent,False,none,21.31,1.0,0.0,4.18,0.503,7.97
563,Penaeus_monodon,summer,good,True,stratification_collapse,21.31,1.0,0.0,4.26,0.504,7.97
564,Penaeus_monodon,monsoon,poor,False,none,21.31,1.0,0.0,4.53,0.508,7.97
565,Penaeus_monodon,northeast,very_poor,False,none,21.31,1.0,0.0,4.62,0.509,7.97
566,Penaeus_monodon,northeast,good,False,none,21.31,1.0,0.0,4.25,0.508,7.97
567,Litopenaeus_vannamei,northeast,very_poor,False,none,21.31,1.0,0.0,4.46,0.536,7.97
568,Litopenaeus_vannamei,summer,very_poor,True,aerator_failure,1.11,0.0422,1597.0,0.0,0.566,7.97
569,Litopenaeus_vannamei,northeast,excellent,True,stratification_collapse,21.31,1.0,0.0,4.28,0.511,7.97
570,Litopenaeus_vannamei,monsoon,excellent,False,none,21.31,1.0,0.0,4.43,0.511,7.97
571,Litopenaeus_vannamei,northeast,excellent,False,none,21.31,1.0,0.0,4.27,0.51,7.97
572,Litopenaeus_vannamei,winter,poor,False,none,21.31,1.0,0.0,3.87,0.535,7.97
573,Penaeus_monodon,monsoon,excellent,False,none,21.31,1.0,0.0,4.49,0.509,7.97
574,Penaeus_monodon,summer,poor,False,none,21.31,1.0,0.0,4.38,0.513,7.97
575,Penaeus_monodon,summer,very_poor,False,none,21.31,1.0,0.0,3.96,0.522,7.97
576,Penaeus_monodon,monsoon,excellent,False,none,21.31,1.0,0.0,4.77,0.503,7.97
577,Penaeus_monodon,northeast,excellent,False,none,21.31,1.0,0.0,4.76,0.511,7.97
578,Penaeus_monodon,monsoon,very_poor,True,stratification_collapse,21.31,1.0,0.0,4.58,0.518,7.97
579,Penaeus_monodon,winter,very_poor,False,none,21.31,1.0,0.0,4.39,0.512,7.97
580,Penaeus_monodon,summer,poor,False,none,21.31,1.0,0.0,3.91,0.525,7.97
581,Litopenaeus_vannamei,monsoon,poor,False,none,21.31,1.0,0.0,4.52,0.543,7.97
582,Litopenaeus_vannamei,summer,good,True,stratification_collapse,21.31,1.0,0.0,4.26,0.516,7.97
583,Litopenaeus_vannamei,northeast,good,False,none,21.31,1.0,0.0,4.54,0.529,7.97
584,Penaeus_monodon,monsoon,excellent,False,none,21.31,1.0,0.0,4.85,0.511,7.97
585,Litopenaeus_vannamei,summer,good,False,none,21.31,1.0,0.0,3.7,0.516,7.97
586,Penaeus_monodon,summer,poor,False,none,21.31,1.0,0.0,4.48,0.507,7.97
587,Penaeus_monodon,summer,poor,True,stratification_collapse,21.31,1.0,0.0,4.36,0.512,7.97
588,Penaeus_monodon,northeast,good,False,none,21.31,1.0,0.0,4.67,0.51,7.97
589,Litopenaeus_vannamei,northeast,good,False,none,21.31,1.0,0.0,4.13,0.511,7.97
590,Litopenaeus_vannamei,summer,very_poor,False,none,21.31,1.0,0.0,4.12,0.552,7.97
591,Penaeus_monodon,summer,very_poor,False,none,21.31,1.0,0.0,4.3,0.51,7.97
592,Litopenaeus_vannamei,winter,good,False,none,21.31,1.0,0.0,4.19,0.518,7.97
593,Penaeus_monodon,northeast,poor,False,none,21.31,1.0,0.0,4.32,0.513,7.97
594,Litopenaeus_vannamei,winter,good,False,none,21.31,1.0,0.0,3.8,0.513,7.97
595,Penaeus_monodon,northeast,very_poor,False,none,21.31,1.0,0.0,4.44,0.512,7.97
596,Penaeus_monodon,monsoon,good,False,none,21.31,1.0,0.0,4.5,0.505,7.97
597,Litopenaeus_vannamei,monsoon,poor,True,sensor_fault,21.31,1.0,0.0,4.53,0.523,7.97
598,Litopenaeus_vannamei,winter,excellent,False,none,21.31,1.0,0.0,4.52,0.507,7.97
599,Litopenaeus_vannamei,northeast,excellent,False,none,21.31,1.0,0.0,4.22,0.509,7.97
600,Penaeus_monodon,northeast,very_poor,False,none,21.31,1.0,0.0,4.25,0.519,7.97
601,Litopenaeus_vannamei,summer,excellent,False,none,21.31,1.0,0.0,4.26,0.516,7.97
602,Penaeus_monodon,monsoon,poor,False,none,21.31,1.0,0.0,4.39,0.512,7.97
603,Litopenaeus_vannamei,northeast,very_poor,False,none,21.31,1.0,0.0,4.21,0.545,7.97
604,Litopenaeus_vannamei,monsoon,very_poor,False,none,21.31,1.0,0.0,4.59,0.547,7.97
605,Litopenaeus_vannamei,winter,very_poor,False,none,21.31,1.0,0.0,4.38,0.532,7.97
606,Litopenaeus_vannamei,northeast,very_poor,False,none,21.31,1.0,0.0,4.42,0.538,7.97
607,Litopenaeus_vannamei,summer,good,False,none,21.31,1.0,0.0,4.21,0.519,7.97
608,Litopenaeus_vannamei,monsoon,very_poor,False,none,21.31,1.0,0.0,4.35,0.544,7.97
609,Penaeus_monodon,summer,good,False,none,21.31,1.0,0.0,4.46,0.509,7.97
610,Penaeus_monodon,winter,poor,False,none,21.31,1.0,0.0,4.43,0.512,7.97
611,Penaeus_monodon,monsoon,poor,False,none,21.31,1.0,0.0,4.72,0.516,7.97
612,Litopenaeus_vannamei,monsoon,good,False,none,21.31,1.0,0.0,4.53,0.52,7.97
613,Penaeus_monodon,monsoon,excellent,False,none,21.31,1.0,0.0,4.44,0.51,7.97
614,Penaeus_monodon,monsoon,good,False,none,21.31,1.0,0.0,4.91,0.51,7.97
615,Litopenaeus_vannamei,winter,excellent,False,none,21.31,1.0,0.0,3.86,0.515,7.97
616,Litopenaeus_vannamei,winter,good,False,none,21.31,1.0,0.0,3.84,0.531,7.97
617,Penaeus_monodon,winter,poor,False,none,21.31,1.0,0.0,4.34,0.512,7.97
618,Penaeus_monodon,monsoon,very_poor,False,none,21.31,1.0,0.0,4.46,0.519,7.97
619,Litopenaeus_vannamei,monsoon,very_poor,True,stratification_collapse,21.31,1.0,0.0,4.18,0.533,7.97
620,Litopenaeus_vannamei,winter,very_poor,False,none,21.31,1.0,0.0,3.76,0.574,7.97
621,Penaeus_monodon,northeast,poor,False,none,21.31,1.0,0.0,4.53,0.519,7.97
622,Penaeus_monodon,summer,very_poor,True,stratification_collapse,21.31,1.0,0.0,4.27,0.52,7.97
623,Litopenaeus_vannamei,winter,good,False,none,21.31,1.0,0.0,3.98,0.512,7.97
624,Litopenaeus_vannamei,summer,good,True,sensor_fault,21.31,1.0,0.0,4.27,0.519,7.97
625,Penaeus_monodon,northeast,excellent,True,stratification_collapse,21.31,1.0,0.0,4.3,0.505,7.97
626,Penaeus_monodon,summer,good,True,stratification_collapse,21.31,1.0,0.0,4.46,0.505,7.97
627,Penaeus_monodon,summer,good,False,none,21.31,1.0,0.0,4.32,0.504,7.97
628,Penaeus_monodon,summer,excellent,False,none,21.31,1.0,0.0,4.53,0.511,7.97
629,Litopenaeus_vannamei,northeast,very_poor,False,none,21.31,1.0,0.0,4.29,0.524,7.97
630,Penaeus_monodon,monsoon,excellent,True,stratification_collapse,21.31,1.0,0.0,4.57,0.507,7.97
631,Penaeus_monodon,northeast,good,True,stratification_collapse,21.31,1.0,0.0,4.56,0.504,7.97
632,Penaeus_monodon,monsoon,excellent,False,none,21.31,1.0,0.0,4.88,0.503,7.97
633,Litopenaeus_vannamei,northeast,excellent,False,none,21.31,1.0,0.0,4.69,0.518,7.97
634,Litopenaeus_vannamei,monsoon,excellent,True,other,1.34,0.0516,1489.0,0.0,2.517,7.97
635,Penaeus_monodon,northeast,very_poor,False,none,21.31,1.0,0.0,4.61,0.506,7.97
636,Litopenaeus_vannamei,summer,good,False,none,21.31,1.0,0.0,4.14,0.523,7.97
637,Penaeus_monodon,monsoon,poor,False,none,21.31,1.0,0.0,4.54,0.506,7.97
638,Litopenaeus_vannamei,winter,poor,False,none,21.31,1.0,0.0,4.37,0.518,7.97
639,Penaeus_monodon,monsoon,poor,False,none,21.31,1.0,0.0,4.53,0.508,7.97
640,Litopenaeus_vannamei,winter,good,False,none,21.31,1.0,0.0,4.22,0.513,7.97
641,Penaeus_monodon,summer,excellent,False,none,21.31,1.0,0.0,4.47,0.506,7.97
642,Penaeus_monodon,winter,very_poor,False,none,21.31,1.0,0.0,4.08,0.514,7.97
643,Penaeus_monodon,northeast,good,False,none,21.31,1.0,0.0,4.49,0.506,7.97
644,Penaeus_monodon,northeast,very_poor,False,none,21.31,1.0,0.0,4.22,0.523,7.97
645,Litopenaeus_vannamei,monsoon,very_poor,False,none,21.31,1.0,0.0,4.18,0.563,7.97
646,Penaeus_monodon,monsoon,very_poor,False,none,21.31,1.0,0.0,4.55,0.515,7.97
647,Penaeus_monodon,summer,very_poor,False,none,21.31,1.0,0.0,4.05,0.51,7.97
648,Litopenaeus_vannamei,northeast,good,False,none,21.31,1.0,0.0,4.51,0.515,7.97
649,Penaeus_monodon,monsoon,poor,False,none,21.31,1.0,0.0,4.57,0.52,7.97
650,Penaeus_monodon,monsoon,very_poor,True,stratification_collapse,21.31,1.0,0.0,4.79,0.51,7.97
651,Litopenaeus_vannamei,monsoon,excellent,False,none,21.31,1.0,0.0,4.88,0.516,7.97
652,Litopenaeus_vannamei,winter,poor,True,stratification_collapse,14.6,1.0,5.0,4.6,0.531,7.97
653,Penaeus_monodon,monsoon,very_poor,False,none,21.31,1.0,0.0,4.72,0.52,7.97
654,Penaeus_monodon,northeast,excellent,False,none,21.31,1.0,0.0,4.32,0.506,7.97
655,Litopenaeus_vannamei,monsoon,poor,True,stratification_collapse,21.31,1.0,0.0,4.67,0.528,7.97
656,Penaeus_monodon,summer,excellent,False,none,21.31,1.0,0.0,4.39,0.503,7.97
657,Penaeus_monodon,northeast,poor,False,none,21.31,1.0,0.0,4.54,0.519,7.97
658,Litopenaeus_vannamei,northeast,excellent,True,other,0.44,0.0154,2091.0,0.0,2.509,7.97
659,Penaeus_monodon,winter,good,False,none,21.31,1.0,0.0,4.22,0.504,7.97
660,Litopenaeus_vannamei,winter,poor,False,none,21.31,1.0,0.0,4.35,0.53,7.97
661,Litopenaeus_vannamei,winter,poor,False,none,21.31,1.0,0.0,4.34,0.523,7.97
662,Litopenaeus_vannamei,summer,good,False,none,21.31,1.0,0.0,4.18,0.52,7.97
663,Litopenaeus_vannamei,winter,excellent,False,none,21.31,1.0,0.0,4.2,0.521,7.97
664,Penaeus_monodon,monsoon,very_poor,False,none,21.31,1.0,0.0,4.4,0.53,7.97
665,Litopenaeus_vannamei,winter,poor,False,none,21.31,1.0,0.0,4.3,0.549,7.97
666,Penaeus_monodon,winter,very_poor,False,none,21.31,1.0,0.0,3.89,0.519,7.97
667,Litopenaeus_vannamei,winter,very_poor,False,none,21.31,1.0,0.0,3.71,0.564,7.97
668,Penaeus_monodon,summer,excellent,False,none,21.31,1.0,0.0,4.5,0.502,7.97
669,Penaeus_monodon,winter,good,False,none,21.31,1.0,0.0,4.35,0.507,7.97
670,Penaeus_monodon,monsoon,very_poor,False,none,21.31,1.0,0.0,4.42,0.508,7.97
671,Litopenaeus_vannamei,winter,very_poor,True,stratification_collapse,21.31,1.0,0.0,4.21,0.546,7.97
672,Litopenaeus_vannamei,summer,good,False,none,21.31,1.0,0.0,3.68,0.51,7.97
673,Penaeus_monodon,winter,very_poor,True,stratification_collapse,21.31,1.0,0.0,4.47,0.519,7.97
674,Penaeus_monodon,summer,excellent,False,none,21.31,1.0,0.0,3.91,0.503,7.97
675,Litopenaeus_vannamei,northeast,very_poor,False,none,21.31,1.0,0.0,4.47,0.538,7.97
676,Litopenaeus_vannamei,winter,very_poor,True,stratification_collapse,14.9,1.0,6.0,4.28,0.56,7.97
677,Litopenaeus_vannamei,summer,good,True,stratification_collapse,21.31,1.0,0.0,4.0,0.526,7.97
678,Litopenaeus_vannamei,northeast,excellent,False,none,21.31,1.0,0.0,4.54,0.52,7.97
679,Penaeus_monodon,northeast,excellent,False,none,21.31,1.0,0.0,4.72,0.509,7.97
680,Penaeus_monodon,monsoon,poor,True,stratification_collapse,21.31,1.0,0.0,4.46,0.51,7.97
681,Penaeus_monodon,northeast,excellent,False,none,21.31,1.0,0.0,4.81,0.509,7.97
682,Litopenaeus_vannamei,monsoon,excellent,False,none,21.31,1.0,0.0,4.76,0.513,7.97
683,Penaeus_monodon,summer,poor,False,none,21.31,1.0,0.0,4.56,0.507,7.97
684,Penaeus_monodon,winter,very_poor,False,none,21.31,1.0,0.0,4.02,0.514,7.97
685,Penaeus_monodon,summer,good,False,none,21.31,1.0,0.0,4.48,0.505,7.97
686,Penaeus_monodon,northeast,excellent,False,none,21.31,1.0,0.0,4.64,0.503,7.97
687,Penaeus_monodon,monsoon,very_poor,False,none,21.31,1.0,0.0,4.76,0.51,7.97
688,Penaeus_monodon,northeast,very_poor,False,none,21.31,1.0,0.0,4.34,0.511,7.97
689,Litopenaeus_vannamei,northeast,excellent,True,stratification_collapse,21.31,1.0,0.0,4.49,0.516,7.97
690,Penaeus_monodon,winter,good,False,none,21.31,1.0,0.0,3.93,0.506,7.97
691,Litopenaeus_vannamei,monsoon,excellent,False,none,21.31,1.0,0.0,4.46,0.514,7.97
692,Litopenaeus_vannamei,monsoon,very_poor,False,none,21.31,1.0,0.0,4.68,0.54,7.97
693,Penaeus_monodon,monsoon,poor,False,none,21.31,1.0,0.0,4.83,0.505,7.97
694,Penaeus_monodon,northeast,excellent,False,none,21.31,1.0,0.0,4.32,0.503,7.97
695,Penaeus_monodon,monsoon,poor,False,none,21.31,1.0,0.0,4.61,0.505,7.97
696,Litopenaeus_vannamei,monsoon,very_poor,False,none,21.31,1.0,0.0,4.58,0.543,7.97
697,Litopenaeus_vannamei,summer,poor,True,sensor_fault,21.31,1.0,0.0,3.8,0.522,7.97
698,Penaeus_monodon,winter,very_poor,False,none,21.31,1.0,0.0,4.48,0.518,7.97
699,Penaeus_monodon,monsoon,excellent,True,stratification_collapse,21.31,1.0,0.0,4.71,0.503,7.97
700,Litopenaeus_vannamei,monsoon,very_poor,False,none,21.31,1.0,0.0,4.65,0.529,7.97
701,Penaeus_monodon,winter,excellent,False,none,21.31,1.0,0.0,4.43,0.508,7.97
702,Litopenaeus_vannamei,monsoon,excellent,False,none,21.31,1.0,0.0,4.68,0.517,7.97
703,Litopenaeus_vannamei,northeast,good,True,aerator_failure,0.54,0.0196,1981.0,0.0,0.514,7.97
704,Penaeus_monodon,northeast,very_poor,False,none,21.31,1.0,0.0,4.2,0.512,7.97
705,Penaeus_monodon,summer,poor,False,none,21.31,1.0,0.0,4.37,0.522,7.97
706,Penaeus_monodon,winter,excellent,False,none,21.31,1.0,0.0,4.21,0.514,7.97
707,Litopenaeus_vannamei,northeast,very_poor,True,sensor_fault,21.31,1.0,0.0,4.08,0.539,7.97
708,Litopenaeus_vannamei,northeast,poor,False,none,21.31,1.0,0.0,4.4,0.52,7.97
709,Penaeus_monodon,summer,good,True,stratification_collapse,21.31,1.0,0.0,4.35,0.503,7.97
710,Penaeus_monodon,winter,good,True,stratification_collapse,21.31,1.0,0.0,4.0,0.509,7.97
711,Penaeus_monodon,winter,very_poor,False,none,21.31,1.0,0.0,4.11,0.53,7.97
712,Penaeus_monodon,winter,very_poor,True,stratification_collapse,21.31,1.0,0.0,4.21,0.519,7.97
713,Penaeus_monodon,northeast,poor,False,none,21.31,1.0,0.0,4.41,0.524,7.97
714,Litopenaeus_vannamei,summer,poor,False,none,21.31,1.0,0.0,4.24,0.524,7.97
715,Litopenaeus_vannamei,monsoon,good,True,stratification_collapse,21.31,1.0,0.0,4.49,0.528,7.97
716,Litopenaeus_vannamei,winter,good,True,sensor_fault,21.31,1.0,0.0,4.38,0.512,7.97
717,Litopenaeus_vannamei,monsoon,good,False,none,21.31,1.0,0.0,4.62,0.527,7.97
718,Penaeus_monodon,monsoon,very_poor,False,none,21.31,1.0,0.0,4.7,0.516,7.97
719,Penaeus_monodon,summer,good,False,none,21.31,1.0,0.0,4.16,0.509,7.97
720,Litopenaeus_vannamei,summer,good,False,none,21.31,1.0,0.0,4.22,0.516,7.97
721,Litopenaeus_vannamei,winter,good,True,sensor_fault,21.31,1.0,0.0,4.43,0.513,7.97
722,Litopenaeus_vannamei,monsoon,poor,False,none,21.31,1.0,0.0,4.61,0.534,7.97
723,Litopenaeus_vannamei,monsoon,poor,False,none,21.31,1.0,0.0,4.55,0.528,7.97
724,Penaeus_monodon,summer,excellent,False,none,21.31,1.0,0.0,4.3,0.502,7.97
725,Litopenaeus_vannamei,winter,excellent,False,none,21.31,1.0,0.0,4.23,0.512,7.97
726,Penaeus_monodon,northeast,very_poor,False,none,21.31,1.0,0.0,4.51,0.505,7.97
727,Litopenaeus_vannamei,summer,very_poor,False,none,21.31,1.0,0.0,3.79,0.603,7.97
728,Litopenaeus_vannamei,winter,excellent,False,none,21.31,1.0,0.0,4.57,0.511,7.97
729,Penaeus_monodon,northeast,excellent,False,none,21.31,1.0,0.0,4.57,0.503,7.97
730,Penaeus_monodon,summer,poor,False,none,21.31,1.0,0.0,4.07,0.506,7.97
731,Litopenaeus_vannamei,summer,excellent,False,none,21.31,1.0,0.0,4.41,0.51,7.97
732,Litopenaeus_vannamei,winter,good,True,stratification_collapse,21.31,1.0,0.0,4.35,0.514,7.97
733,Penaeus_monodon,winter,good,True,stratification_collapse,21.31,1.0,0.0,4.13,0.506,7.97
734,Penaeus_monodon,northeast,poor,False,none,21.31,1.0,0.0,4.28,0.511,7.97
735,Penaeus_monodon,monsoon,excellent,False,none,21.31,1.0,0.0,4.49,0.505,7.97
736,Penaeus_monodon,summer,excellent,False,none,21.31,1.0,0.0,4.13,0.507,7.97
737,Litopenaeus_vannamei,monsoon,excellent,False,none,21.31,1.0,0.0,4.78,0.514,7.97
738,Litopenaeus_vannamei,summer,poor,False,none,21.31,1.0,0.0,3.84,0.541,7.97
739,Litopenaeus_vannamei,northeast,very_poor,False,none,21.31,1.0,0.0,4.52,0.553,7.97
740,Litopenaeus_vannamei,northeast,good,True,stratification_collapse,21.31,1.0,0.0,4.11,0.517,7.97
741,Litopenaeus_vannamei,summer,very_poor,True,stratification_collapse,21.31,1.0,0.0,3.92,0.545,7.97
742,Penaeus_monodon,northeast,good,False,none,21.31,1.0,0.0,4.39,0.509,7.97
743,Penaeus_monodon,summer,excellent,False,none,21.31,1.0,0.0,4.54,0.508,7.97
744,Penaeus_monodon,northeast,excellent,False,none,21.31,1.0,0.0,4.78,0.504,7.97
745,Litopenaeus_vannamei,northeast,good,True,stratification_collapse,21.31,1.0,0.0,4.47,0.52,7.97
746,Penaeus_monodon,monsoon,very_poor,False,none,21.31,1.0,0.0,4.64,0.521,7.97
747,Penaeus_monodon,summer,very_poor,False,none,21.31,1.0,0.0,4.45,0.522,7.97
748,Litopenaeus_vannamei,monsoon,poor,False,none,21.31,1.0,0.0,4.74,0.53,7.97
749,Penaeus_monodon,winter,good,False,none,21.31,1.0,0.0,4.57,0.503,7.97
750,Penaeus_monodon,winter,good,True,stratification_collapse,21.31,1.0,0.0,4.34,0.504,7.97
751,Litopenaeus_vannamei,northeast,very_poor,True,stratification_collapse,21.31,1.0,0.0,4.39,0.563,7.97
752,Litopenaeus_vannamei,northeast,very_poor,False,none,21.31,1.0,0.0,4.26,0.536,7.97
753,Penaeus_monodon,summer,poor,False,none,21.31,1.0,0.0,4.46,0.511,7.97
754,Litopenaeus_vannamei,winter,good,False,none,21.31,1.0,0.0,4.29,0.509,7.97
755,Penaeus_monodon,northeast,poor,True,stratification_collapse,21.31,1.0,0.0,4.11,0.506,7.97
756,Penaeus_monodon,northeast,poor,False,none,21.31,1.0,0.0,4.34,0.514,7.97
757,Penaeus_monodon,monsoon,very_poor,False,none,21.31,1.0,0.0,4.41,0.517,7.97
758,Penaeus_monodon,summer,poor,False,none,21.31,1.0,0.0,4.35,0.51,7.97
759,Litopenaeus_vannamei,summer,poor,False,none,21.31,1.0,0.0,4.31,0.531,7.97
760,Litopenaeus_vannamei,summer,poor,True,sensor_fault,21.31,1.0,0.0,4.27,0.536,7.97
761,Litopenaeus_vannamei,monsoon,poor,False,none,21.31,1.0,0.0,4.27,0.543,7.97
762,Penaeus_monodon,monsoon,very_poor,False,none,21.31,1.0,0.0,4.79,0.514,7.97
763,Litopenaeus_vannamei,winter,excellent,False,none,21.31,1.0,0.0,4.46,0.519,7.97
764,Litopenaeus_vannamei,summer,very_poor,False,none,21.31,1.0,0.0,3.66,0.528,7.97
765,Litopenaeus_vannamei,winter,good,True,aerator_failure,0.64,0.0234,1893.0,0.0,0.536,7.97
766,Penaeus_monodon,monsoon,poor,False,none,21.31,1.0,0.0,4.46,0.516,7.97
767,Litopenaeus_vannamei,summer,very_poor,False,none,21.31,1.0,0.0,3.93,0.549,7.97
768,Litopenaeus_vannamei,northeast,very_poor,False,none,21.31,1.0,0.0,3.99,0.535,7.97
769,Litopenaeus_vannamei,monsoon,excellent,False,none,21.31,1.0,0.0,4.4,0.514,7.97
770,Penaeus_monodon,monsoon,very_poor,False,none,21.31,1.0,0.0,4.58,0.516,7.97
771,Penaeus_monodon,monsoon,good,False,none,21.31,1.0,0.0,4.79,0.504,7.97
772,Litopenaeus_vannamei,northeast,excellent,False,none,21.31,1.0,0.0,4.52,0.517,7.97
773,Litopenaeus_vannamei,winter,poor,False,none,21.31,1.0,0.0,4.35,0.534,7.97
774,Penaeus_monodon,summer,excellent,False,none,21.31,1.0,0.0,4.1,0.506,7.97
775,Penaeus_monodon,summer,good,False,none,21.31,1.0,0.0,4.42,0.503,7.97
776,Penaeus_monodon,winter,excellent,False,none,21.31,1.0,0.0,4.43,0.506,7.97
777,Litopenaeus_vannamei,winter,very_poor,False,none,21.31,1.0,0.0,4.03,0.531,7.97
778,Litopenaeus_vannamei,northeast,good,True,sensor_fault,21.31,1.0,0.0,4.5,0.515,7.97
779,Litopenaeus_vannamei,winter,good,False,none,21.31,1.0,0.0,4.38,0.519,7.97
780,Litopenaeus_vannamei,northeast,good,True,stratification_collapse,21.31,1.0,0.0,4.2,0.516,7.97
781,Litopenaeus_vannamei,monsoon,very_poor,True,stratification_collapse,21.31,1.0,0.0,4.55,0.545,7.97
782,Litopenaeus_vannamei,northeast,poor,False,none,21.31,1.0,0.0,4.05,0.54,7.97
783,Litopenaeus_vannamei,monsoon,very_poor,False,none,21.31,1.0,0.0,4.34,0.59,7.97
784,Penaeus_monodon,summer,poor,True,stratification_collapse,21.31,1.0,0.0,4.1,0.507,7.97
785,Litopenaeus_vannamei,monsoon,very_poor,False,none,21.31,1.0,0.0,4.51,0.526,7.97
786,Penaeus_monodon,summer,poor,True,stratification_collapse,21.31,1.0,0.0,3.91,0.504,7.97
787,Penaeus_monodon,winter,very_poor,False,none,21.31,1.0,0.0,4.27,0.526,7.97
788,Penaeus_monodon,summer,poor,False,none,21.31,1.0,0.0,4.19,0.508,7.97
789,Penaeus_monodon,summer,very_poor,False,none,21.31,1.0,0.0,4.06,0.515,7.97
790,Penaeus_monodon,winter,excellent,False,none,21.31,1.0,0.0,4.11,0.503,7.97
791,Litopenaeus_vannamei,summer,good,False,none,21.31,1.0,0.0,3.88,0.524,7.97
792,Penaeus_monodon,summer,very_poor,False,none,21.31,1.0,0.0,3.94,0.519,7.97
793,Penaeus_monodon,summer,excellent,False,none,21.31,1.0,0.0,4.02,0.507,7.97
794,Penaeus_monodon,monsoon,excellent,False,none,21.31,1.0,0.0,4.69,0.502,7.97
795,Penaeus_monodon,winter,very_poor,False,none,21.31,1.0,0.0,3.89,0.509,7.97
796,Penaeus_monodon,winter,very_poor,False,none,21.31,1.0,0.0,4.37,0.518,7.97
797,Penaeus_monodon,monsoon,excellent,False,none,21.31,1.0,0.0,4.79,0.513,7.97
798,Penaeus_monodon,northeast,very_poor,False,none,21.31,1.0,0.0,4.77,0.511,7.97
799,Litopenaeus_vannamei,winter,very_poor,False,none,21.31,1.0,0.0,4.09,0.545,7.97
800,Penaeus_monodon,summer,very_poor,False,none,21.31,1.0,0.0,4.08,0.507,7.97
801,Litopenaeus_vannamei,monsoon,poor,False,none,21.31,1.0,0.0,4.66,0.54,7.97
802,Litopenaeus_vannamei,northeast,poor,False,none,21.31,1.0,0.0,4.39,0.53,7.97
803,Litopenaeus_vannamei,monsoon,very_poor,False,none,21.31,1.0,0.0,4.55,0.524,7.97
804,Penaeus_monodon,winter,excellent,False,none,21.31,1.0,0.0,4.32,0.512,7.97
805,Penaeus_monodon,monsoon,excellent,False,none,21.31,1.0,0.0,4.59,0.507,7.97
806,Penaeus_monodon,summer,poor,False,none,21.31,1.0,0.0,4.28,0.51,7.97
807,Penaeus_monodon,summer,good,False,none,21.31,1.0,0.0,4.52,0.507,7.97
808,Penaeus_monodon,winter,poor,False,none,21.31,1.0,0.0,4.27,0.506,7.97
809,Litopenaeus_vannamei,winter,good,True,sensor_fault,21.31,1.0,0.0,3.93,0.534,7.97
810,Penaeus_monodon,summer,good,False,none,21.31,1.0,0.0,3.9,0.511,7.97
811,Litopenaeus_vannamei,monsoon,very_poor,False,none,21.31,1.0,0.0,4.31,0.558,7.97
812,Litopenaeus_vannamei,winter,poor,False,none,21.31,1.0,0.0,3.79,0.533,7.97
813,Litopenaeus_vannamei,summer,very_poor,False,none,21.31,1.0,0.0,3.4,0.542,7.97
814,Litopenaeus_vannamei,monsoon,good,True,stratification_collapse,21.31,1.0,0.0,4.65,0.517,7.97
815,Litopenaeus_vannamei,northeast,excellent,False,none,21.31,1.0,0.0,4.62,0.522,7.97
816,Litopenaeus_vannamei,summer,very_poor,False,none,21.31,1.0,0.0,4.03,0.555,7.97
817,Litopenaeus_vannamei,northeast,poor,False,none,21.31,1.0,0.0,4.17,0.527,7.97
818,Penaeus_monodon,northeast,very_poor,True,stratification_collapse,21.31,1.0,0.0,4.36,0.51,7.97
819,Penaeus_monodon,monsoon,good,False,none,21.31,1.0,0.0,4.53,0.507,7.97
820,Litopenaeus_vannamei,northeast,very_poor,False,none,21.31,1.0,0.0,3.82,0.547,7.97
821,Penaeus_monodon,northeast,poor,False,none,21.31,1.0,0.0,4.72,0.519,7.97
822,Litopenaeus_vannamei,winter,poor,False,none,21.31,1.0,0.0,3.89,0.534,7.97
823,Penaeus_monodon,monsoon,good,False,none,21.31,1.0,0.0,4.85,0.508,7.97
824,Litopenaeus_vannamei,northeast,excellent,False,none,21.31,1.0,0.0,4.41,0.513,7.97
825,Penaeus_monodon,northeast,excellent,False,none,21.31,1.0,0.0,4.22,0.503,7.97
826,Penaeus_monodon,winter,poor,False,none,21.31,1.0,0.0,4.03,0.525,7.97
827,Penaeus_monodon,northeast,very_poor,True,stratification_collapse,21.31,1.0,0.0,4.35,0.515,7.97
828,Litopenaeus_vannamei,monsoon,excellent,False,none,21.31,1.0,0.0,4.55,0.513,7.97
829,Litopenaeus_vannamei,northeast,very_poor,False,none,21.31,1.0,0.0,3.95,0.529,7.97
830,Litopenaeus_vannamei,monsoon,poor,False,none,21.31,1.0,0.0,4.57,0.53,7.97
831,Litopenaeus_vannamei,northeast,very_poor,False,none,21.31,1.0,0.0,4.38,0.53,7.97
832,Penaeus_monodon,monsoon,very_poor,False,none,21.31,1.0,0.0,4.42,0.508,7.97
833,Penaeus_monodon,northeast,good,False,none,21.31,1.0,0.0,4.73,0.509,7.97
834,Penaeus_monodon,monsoon,good,True,stratification_collapse,21.31,1.0,0.0,4.47,0.509,7.97
835,Litopenaeus_vannamei,northeast,excellent,False,none,21.31,1.0,0.0,4.48,0.515,7.97
836,Penaeus_monodon,summer,excellent,False,none,21.31,1.0,0.0,3.78,0.504,7.97
837,Penaeus_monodon,winter,excellent,False,none,21.31,1.0,0.0,4.4,0.503,7.97
838,Penaeus_monodon,northeast,excellent,False,none,21.31,1.0,0.0,4.4,0.505,7.97
839,Litopenaeus_vannamei,northeast,good,False,none,21.31,1.0,0.0,4.51,0.512,7.97
840,Litopenaeus_vannamei,winter,very_poor,False,none,21.31,1.0,0.0,3.94,0.57,7.97
841,Penaeus_monodon,monsoon,good,False,none,21.31,1.0,0.0,4.67,0.506,7.97
842,Litopenaeus_vannamei,winter,good,False,none,21.31,1.0,0.0,4.39,0.516,7.97
843,Litopenaeus_vannamei,winter,poor,False,none,21.31,1.0,0.0,4.03,0.52,7.97
844,Litopenaeus_vannamei,summer,poor,False,none,21.31,1.0,0.0,4.36,0.527,7.97
845,Litopenaeus_vannamei,northeast,excellent,False,none,21.31,1.0,0.0,4.32,0.513,7.97
846,Litopenaeus_vannamei,summer,very_poor,False,none,21.31,1.0,0.0,4.24,0.538,7.97
847,Penaeus_monodon,winter,good,False,none,21.31,1.0,0.0,3.98,0.503,7.97
848,Penaeus_monodon,winter,excellent,False,none,21.31,1.0,0.0,4.44,0.503,7.97
849,Litopenaeus_vannamei,summer,poor,False,none,21.31,1.0,0.0,4.29,0.523,7.97
850,Penaeus_monodon,winter,excellent,False,none,21.31,1.0,0.0,4.3,0.503,7.97
851,Penaeus_monodon,northeast,very_poor,False,none,21.31,1.0,0.0,4.5,0.51,7.97
852,Litopenaeus_vannamei,winter,very_poor,False,none,21.31,1.0,0.0,4.18,0.533,7.97
853,Penaeus_monodon,northeast,poor,True,stratification_collapse,21.31,1.0,0.0,4.14,0.51,7.97
854,Penaeus_monodon,northeast,very_poor,False,none,21.31,1.0,0.0,4.48,0.531,7.97
855,Litopenaeus_vannamei,northeast,good,False,none,21.31,1.0,0.0,4.4,0.528,7.97
856,Litopenaeus_vannamei,monsoon,excellent,False,none,21.31,1.0,0.0,4.69,0.515,7.97
857,Penaeus_monodon,winter,good,False,none,21.31,1.0,0.0,4.17,0.506,7.97
858,Litopenaeus_vannamei,northeast,good,False,none,21.31,1.0,0.0,4.31,0.512,7.97
859,Litopenaeus_vannamei,summer,excellent,False,none,21.31,1.0,0.0,3.89,0.51,7.97
860,Litopenaeus_vannamei,monsoon,excellent,False,none,21.31,1.0,0.0,4.66,0.512,7.97
861,Penaeus_monodon,winter,excellent,False,none,21.31,1.0,0.0,4.65,0.512,7.97
862,Litopenaeus_vannamei,summer,good,False,none,21.31,1.0,0.0,3.94,0.52,7.97
863,Penaeus_monodon,winter,poor,False,none,21.31,1.0,0.0,4.36,0.505,7.97
864,Penaeus_monodon,winter,excellent,False,none,21.31,1.0,0.0,4.41,0.502,7.97
865,Penaeus_monodon,summer,very_poor,False,none,21.31,1.0,0.0,4.43,0.511,7.97
866,Litopenaeus_vannamei,monsoon,excellent,False,none,21.31,1.0,0.0,4.69,0.507,7.97
867,Litopenaeus_vannamei,winter,poor,True,stratification_collapse,21.31,1.0,0.0,4.55,0.526,7.97
868,Penaeus_monodon,monsoon,poor,False,none,21.31,1.0,0.0,4.55,0.509,7.97
869,Penaeus_monodon,winter,good,False,none,21.31,1.0,0.0,4.01,0.502,7.97
870,Litopenaeus_vannamei,winter,very_poor,False,none,21.31,1.0,0.0,4.34,0.549,7.97
871,Penaeus_monodon,summer,very_poor,False,none,21.31,1.0,0.0,3.98,0.516,7.97
872,Penaeus_monodon,monsoon,very_poor,False,none,21.31,1.0,0.0,4.65,0.512,7.97
873,Litopenaeus_vannamei,northeast,poor,False,none,21.31,1.0,0.0,4.16,0.529,7.97
874,Litopenaeus_vannamei,northeast,poor,True,stratification_collapse,21.31,1.0,0.0,4.17,0.538,7.97
875,Penaeus_monodon,northeast,very_poor,True,stratification_collapse,21.31,1.0,0.0,4.41,0.528,7.97
876,Litopenaeus_vannamei,northeast,very_poor,False,none,21.31,1.0,0.0,4.2,0.535,7.97
877,Litopenaeus_vannamei,winter,good,True,stratification_collapse,21.31,1.0,0.0,3.76,0.521,7.97
878,Penaeus_monodon,northeast,very_poor,False,none,21.31,1.0,0.0,4.53,0.508,7.97
879,Litopenaeus_vannamei,northeast,good,False,none,21.31,1.0,0.0,4.52,0.516,7.97
880,Litopenaeus_vannamei,summer,poor,False,none,21.31,1.0,0.0,3.92,0.524,7.97
881,Penaeus_monodon,monsoon,very_poor,False,none,21.31,1.0,0.0,4.53,0.523,7.97
882,Litopenaeus_vannamei,northeast,good,False,none,21.31,1.0,0.0,4.44,0.514,7.97
883,Litopenaeus_vannamei,monsoon,poor,False,none,21.31,1.0,0.0,4.5,0.55,7.97
884,Litopenaeus_vannamei,winter,good,False,none,21.31,1.0,0.0,3.8,0.519,7.97
885,Penaeus_monodon,winter,excellent,True,stratification_collapse,21.31,1.0,0.0,4.52,0.503,7.97
886,Litopenaeus_vannamei,winter,excellent,True,aerator_failure,1.16,0.0442,1576.0,0.0,0.514,7.97
887,Penaeus_monodon,winter,very_poor,False,none,21.31,1.0,0.0,4.22,0.52,7.97
888,Litopenaeus_vannamei,winter,very_poor,True,aerator_failure,1.22,0.0467,1544.0,0.0,0.55,7.97
889,Litopenaeus_vannamei,summer,good,True,stratification_collapse,21.31,1.0,0.0,3.89,0.516,7.97
890,Litopenaeus_vannamei,northeast,poor,False,none,21.31,1.0,0.0,4.36,0.515,7.97
891,Penaeus_monodon,northeast,good,True,stratification_collapse,21.31,1.0,0.0,4.67,0.506,7.97
892,Litopenaeus_vannamei,northeast,good,False,none,21.31,1.0,0.0,4.19,0.51,7.97
893,Penaeus_monodon,monsoon,poor,False,none,21.31,1.0,0.0,4.63,0.506,7.97
894,Penaeus_monodon,winter,poor,False,none,21.31,1.0,0.0,4.62,0.511,7.97
895,Litopenaeus_vannamei,winter,good,False,none,21.31,1.0,0.0,3.99,0.52,7.97
896,Litopenaeus_vannamei,summer,good,False,none,21.31,1.0,0.0,3.88,0.529,7.97
897,Litopenaeus_vannamei,summer,poor,True,sensor_fault,21.31,1.0,0.0,4.34,0.531,7.97
898,Penaeus_monodon,monsoon,excellent,False,none,21.31,1.0,0.0,4.74,0.502,7.97
899,Litopenaeus_vannamei,summer,good,False,none,21.31,1.0,0.0,4.4,0.518,7.97
900,Litopenaeus_vannamei,northeast,excellent,False,none,21.31,1.0,0.0,4.5,0.508,7.97
901,Penaeus_monodon,northeast,excellent,True,stratification_collapse,21.31,1.0,0.0,4.73,0.504,7.97
902,Penaeus_monodon,winter,very_poor,True,stratification_collapse,21.31,1.0,0.0,4.28,0.513,7.97
903,Litopenaeus_vannamei,summer,poor,False,none,21.31,1.0,0.0,4.36,0.538,7.97
904,Penaeus_monodon,winter,excellent,False,none,21.31,1.0,0.0,3.95,0.502,7.97
905,Penaeus_monodon,northeast,very_poor,False,none,21.31,1.0,0.0,4.65,0.526,7.97
906,Litopenaeus_vannamei,northeast,poor,False,none,21.31,1.0,0.0,4.4,0.53,7.97
907,Penaeus_monodon,summer,good,False,none,21.31,1.0,0.0,3.93,0.511,7.97
908,Litopenaeus_vannamei,winter,good,True,stratification_collapse,21.31,1.0,0.0,4.18,0.515,7.97
909,Litopenaeus_vannamei,winter,good,False,none,21.31,1.0,0.0,4.27,0.523,7.97
910,Penaeus_monodon,summer,poor,False,none,21.31,1.0,0.0,4.26,0.511,7.97
911,Penaeus_monodon,winter,very_poor,False,none,21.31,1.0,0.0,4.44,0.512,7.97
912,Penaeus_monodon,monsoon,very_poor,False,none,21.31,1.0,0.0,4.77,0.534,7.97
913,Litopenaeus_vannamei,summer,very_poor,False,none,21.31,1.0,0.0,3.87,0.543,7.97
914,Litopenaeus_vannamei,northeast,excellent,True,stratification_collapse,12.89,1.0,5.0,4.72,0.511,7.97
915,Litopenaeus_vannamei,northeast,poor,False,none,21.31,1.0,0.0,4.2,0.525,7.97
916,Litopenaeus_vannamei,summer,poor,False,none,21.31,1.0,0.0,3.73,0.548,7.97
917,Litopenaeus_vannamei,summer,excellent,True,stratification_collapse,21.31,1.0,0.0,4.35,0.517,7.97
918,Penaeus_monodon,summer,good,False,none,21.31,1.0,0.0,4.14,0.51,7.97
919,Penaeus_monodon,northeast,good,False,none,21.31,1.0,0.0,4.75,0.514,7.97
920,Penaeus_monodon,winter,good,False,none,21.31,1.0,0.0,4.3,0.507,7.97
921,Penaeus_monodon,northeast,very_poor,False,none,21.31,1.0,0.0,4.4,0.523,7.97
922,Litopenaeus_vannamei,winter,good,False,none,21.31,1.0,0.0,4.3,0.513,7.97
923,Penaeus_monodon,monsoon,poor,False,none,21.31,1.0,0.0,4.57,0.51,7.97
924,Penaeus_monodon,winter,excellent,False,none,21.31,1.0,0.0,4.54,0.502,7.97
925,Litopenaeus_vannamei,summer,poor,False,none,21.31,1.0,0.0,3.68,0.522,7.97
926,Penaeus_monodon,monsoon,poor,False,none,21.31,1.0,0.0,4.62,0.518,7.97
927,Litopenaeus_vannamei,summer,excellent,False,none,21.31,1.0,0.0,4.34,0.525,7.97
928,Penaeus_monodon,winter,good,True,stratification_collapse,21.31,1.0,0.0,4.31,0.503,7.97
929,Litopenaeus_vannamei,summer,poor,False,none,21.31,1.0,0.0,3.89,0.534,7.97
930,Litopenaeus_vannamei,winter,poor,False,none,21.31,1.0,0.0,4.49,0.521,7.97
931,Penaeus_monodon,winter,very_poor,False,none,21.31,1.0,0.0,4.16,0.516,7.97
932,Litopenaeus_vannamei,winter,good,True,stratification_collapse,21.31,1.0,0.0,4.15,0.516,7.97
933,Litopenaeus_vannamei,summer,excellent,False,none,21.31,1.0,0.0,4.29,0.512,7.97
934,Penaeus_monodon,monsoon,excellent,True,stratification_collapse,21.31,1.0,0.0,4.55,0.509,7.97
935,Penaeus_monodon,winter,excellent,False,none,21.31,1.0,0.0,4.42,0.505,7.97
936,Litopenaeus_vannamei,winter,good,False,none,21.31,1.0,0.0,4.14,0.52,7.97
937,Litopenaeus_vannamei,summer,very_poor,True,stratification_collapse,21.31,1.0,0.0,4.2,0.531,7.97
938,Penaeus_monodon,winter,poor,False,none,21.31,1.0,0.0,4.2,0.521,7.97
939,Litopenaeus_vannamei,monsoon,good,False,none,21.31,1.0,0.0,4.66,0.518,7.97
940,Penaeus_monodon,northeast,excellent,False,none,21.31,1.0,0.0,4.56,0.506,7.97
941,Penaeus_monodon,winter,very_poor,True,stratification_collapse,21.31,1.0,0.0,4.34,0.52,7.97
942,Penaeus_monodon,monsoon,good,False,none,21.31,1.0,0.0,4.39,0.504,7.97
943,Litopenaeus_vannamei,monsoon,good,False,none,21.31,1.0,0.0,4.43,0.519,7.97
944,Litopenaeus_vannamei,northeast,poor,True,stratification_collapse,14.36,1.0,4.0,4.71,0.526,7.97
945,Penaeus_monodon,northeast,good,False,none,21.31,1.0,0.0,4.33,0.505,7.97
946,Litopenaeus_vannamei,northeast,very_poor,False,none,21.31,1.0,0.0,4.39,0.524,7.97
947,Litopenaeus_vannamei,northeast,poor,False,none,21.31,1.0,0.0,4.48,0.547,7.97
948,Penaeus_monodon,summer,excellent,False,none,21.31,1.0,0.0,3.89,0.504,7.97
949,Penaeus_monodon,northeast,poor,True,stratification_collapse,21.31,1.0,0.0,4.12,0.52,7.97
950,Litopenaeus_vannamei,monsoon,very_poor,True,stratification_collapse,21.31,1.0,0.0,4.37,0.535,7.97
951,Litopenaeus_vannamei,northeast,poor,True,stratification_collapse,21.31,1.0,0.0,4.22,0.519,7.97
952,Litopenaeus_vannamei,summer,very_poor,True,aerator_failure,0.43,0.0154,2100.0,0.0,0.538,7.97
953,Litopenaeus_vannamei,monsoon,very_poor,False,none,21.31,1.0,0.0,4.56,0.535,7.97
954,Litopenaeus_vannamei,summer,good,False,none,21.31,1.0,0.0,4.19,0.514,7.97
955,Penaeus_monodon,winter,poor,False,none,21.31,1.0,0.0,4.25,0.512,7.97
956,Penaeus_monodon,monsoon,very_poor,False,none,21.31,1.0,0.0,4.44,0.52,7.97
957,Penaeus_monodon,monsoon,good,True,stratification_collapse,21.31,1.0,0.0,4.86,0.509,7.97
958,Penaeus_monodon,winter,good,True,stratification_collapse,21.31,1.0,0.0,4.44,0.507,7.97
959,Penaeus_monodon,monsoon,excellent,False,none,21.31,1.0,0.0,4.92,0.51,7.97
960,Penaeus_monodon,monsoon,excellent,False,none,21.31,1.0,0.0,4.61,0.506,7.97
961,Litopenaeus_vannamei,summer,very_poor,False,none,21.31,1.0,0.0,3.92,0.545,7.97
962,Penaeus_monodon,winter,poor,True,stratification_collapse,21.31,1.0,0.0,4.5,0.513,7.97
963,Penaeus_monodon,monsoon,good,True,stratification_collapse,21.31,1.0,0.0,4.77,0.51,7.97
964,Penaeus_monodon,summer,good,True,stratification_collapse,21.31,1.0,0.0,3.71,0.508,7.97
965,Litopenaeus_vannamei,winter,poor,False,none,21.31,1.0,0.0,4.19,0.542,7.97
966,Litopenaeus_vannamei,northeast,very_poor,False,none,21.31,1.0,0.0,4.16,0.535,7.97
967,Litopenaeus_vannamei,monsoon,very_poor,False,none,21.31,1.0,0.0,4.15,0.57,7.97
968,Litopenaeus_vannamei,northeast,excellent,False,none,21.31,1.0,0.0,4.06,0.528,7.97
969,Penaeus_monodon,summer,poor,False,none,21.31,1.0,0.0,4.45,0.524,7.97
970,Penaeus_monodon,summer,excellent,True,stratification_collapse,21.31,1.0,0.0,4.54,0.508,7.97
971,Penaeus_monodon,monsoon,poor,False,none,21.31,1.0,0.0,4.47,0.518,7.97
972,Litopenaeus_vannamei,winter,good,False,none,21.31,1.0,0.0,4.18,0.52,7.97
973,Litopenaeus_vannamei,summer,very_poor,False,none,21.31,1.0,0.0,3.79,0.546,7.97
974,Penaeus_monodon,summer,very_poor,False,none,21.31,1.0,0.0,4.25,0.512,7.97
975,Penaeus_monodon,summer,excellent,True,stratification_collapse,21.31,1.0,0.0,3.91,0.511,7.97
976,Penaeus_monodon,monsoon,excellent,False,none,21.31,1.0,0.0,4.67,0.506,7.97
977,Litopenaeus_vannamei,northeast,poor,True,stratification_collapse,21.31,1.0,0.0,4.61,0.537,7.97
978,Litopenaeus_vannamei,summer,very_poor,False,none,21.31,1.0,0.0,3.89,0.567,7.97
979,Penaeus_monodon,monsoon,good,False,none,21.31,1.0,0.0,4.69,0.503,7.97
980,Penaeus_monodon,northeast,good,True,stratification_collapse,21.31,1.0,0.0,4.27,0.505,7.97
981,Litopenaeus_vannamei,summer,good,False,none,21.31,1.0,0.0,4.14,0.51,7.97
982,Litopenaeus_vannamei,northeast,excellent,False,none,21.31,1.0,0.0,4.59,0.517,7.97
983,Penaeus_monodon,winter,excellent,False,none,21.31,1.0,0.0,3.98,0.502,7.97
984,Litopenaeus_vannamei,winter,good,False,none,21.31,1.0,0.0,4.24,0.525,7.97
985,Penaeus_monodon,monsoon,poor,False,none,21.31,1.0,0.0,4.56,0.507,7.97
986,Litopenaeus_vannamei,summer,poor,True,sensor_fault,21.31,1.0,0.0,3.71,0.545,7.97
987,Litopenaeus_vannamei,summer,excellent,False,none,21.31,1.0,0.0,3.94,0.526,7.97
988,Penaeus_monodon,summer,excellent,False,none,21.31,1.0,0.0,4.24,0.506,7.97
989,Litopenaeus_vannamei,monsoon,poor,False,none,21.31,1.0,0.0,4.39,0.514,7.97
990,Litopenaeus_vannamei,northeast,poor,False,none,21.31,1.0,0.0,4.52,0.535,7.97
991,Litopenaeus_vannamei,winter,good,False,none,21.31,1.0,0.0,4.13,0.52,7.97
992,Litopenaeus_vannamei,northeast,excellent,False,none,21.31,1.0,0.0,4.09,0.514,7.97
993,Litopenaeus_vannamei,summer,good,True,sensor_fault,21.31,1.0,0.0,3.9,0.53,7.97
994,Litopenaeus_vannamei,winter,poor,False,none,21.31,1.0,0.0,4.38,0.522,7.97
995,Litopenaeus_vannamei,northeast,good,False,none,21.31,1.0,0.0,4.22,0.513,7.97
996,Penaeus_monodon,winter,good,False,none,21.31,1.0,0.0,4.49,0.503,7.97
997,Penaeus_monodon,winter,poor,True,stratification_collapse,21.31,1.0,0.0,4.55,0.509,7.97
998,Litopenaeus_vannamei,winter,very_poor,False,none,21.31,1.0,0.0,3.69,0.558,7.97
999,Litopenaeus_vannamei,winter,very_poor,False,none,21.31,1.0,0.0,3.54,0.573,7.97
1000,Penaeus_monodon,summer,very_poor,True,stratification_collapse,21.31,1.0,0.0,4.25,0.521,7.97
1001,Litopenaeus_vannamei,monsoon,excellent,True,stratification_collapse,21.31,1.0,0.0,4.72,0.524,7.97
1002,Penaeus_monodon,monsoon,good,False,none,21.31,1.0,0.0,4.61,0.508,7.97
1003,Penaeus_monodon,northeast,good,False,none,21.31,1.0,0.0,4.55,0.503,7.97
1004,Penaeus_monodon,summer,good,False,none,21.31,1.0,0.0,4.4,0.504,7.97
1005,Penaeus_monodon,winter,very_poor,False,none,21.31,1.0,0.0,4.22,0.511,7.97
1006,Penaeus_monodon,summer,good,False,none,21.31,1.0,0.0,4.48,0.508,7.97
1007,Litopenaeus_vannamei,monsoon,poor,False,none,21.31,1.0,0.0,4.39,0.558,7.97
1008,Penaeus_monodon,northeast,excellent,False,none,21.31,1.0,0.0,4.76,0.51,7.97
1009,Litopenaeus_vannamei,summer,very_poor,False,none,21.31,1.0,0.0,4.08,0.552,7.97
1010,Litopenaeus_vannamei,summer,very_poor,True,stratification_collapse,21.31,1.0,0.0,4.15,0.55,7.97
1011,Penaeus_monodon,northeast,excellent,False,none,21.31,1.0,0.0,4.39,0.508,7.97
1012,Penaeus_monodon,monsoon,good,False,none,21.31,1.0,0.0,4.72,0.509,7.97
1013,Penaeus_monodon,northeast,good,False,none,21.31,1.0,0.0,4.35,0.502,7.97
1014,Litopenaeus_vannamei,monsoon,poor,False,none,21.31,1.0,0.0,4.45,0.526,7.97
1015,Litopenaeus_vannamei,northeast,very_poor,True,aerator_failure,0.71,0.0263,1831.0,0.0,0.534,7.97
1016,Penaeus_monodon,winter,poor,False,none,21.31,1.0,0.0,3.98,0.506,7.97
1017,Penaeus_monodon,winter,good,False,none,21.31,1.0,0.0,4.61,0.507,7.97
1018,Penaeus_monodon,winter,excellent,False,none,21.31,1.0,0.0,4.4,0.507,7.97
1019,Litopenaeus_vannamei,northeast,good,False,none,21.31,1.0,0.0,4.58,0.519,7.97
1020,Litopenaeus_vannamei,summer,very_poor,True,aerator_failure,0.96,0.0364,1674.0,0.0,0.534,7.97
1021,Litopenaeus_vannamei,monsoon,poor,False,none,21.31,1.0,0.0,4.51,0.52,7.97
1022,Litopenaeus_vannamei,winter,poor,False,none,21.31,1.0,0.0,4.1,0.522,7.97
1023,Penaeus_monodon,winter,very_poor,True,stratification_collapse,21.31,1.0,0.0,4.42,0.536,7.97
1024,Litopenaeus_vannamei,winter,very_poor,False,none,21.31,1.0,0.0,4.29,0.54,7.97
1025,Litopenaeus_vannamei,summer,excellent,False,none,21.31,1.0,0.0,4.16,0.512,7.97
1026,Litopenaeus_vannamei,winter,poor,False,none,21.31,1.0,0.0,4.01,0.531,7.97
1027,Litopenaeus_vannamei,summer,excellent,True,stratification_collapse,12.9,1.0,8.0,4.48,0.51,7.97
1028,Penaeus_monodon,winter,poor,False,none,21.31,1.0,0.0,4.0,0.51,7.97
1029,Penaeus_monodon,monsoon,very_poor,True,stratification_collapse,21.31,1.0,0.0,4.44,0.529,7.97
1030,Litopenaeus_vannamei,winter,good,True,stratification_collapse,21.31,1.0,0.0,4.36,0.52,7.97
1031,Litopenaeus_vannamei,summer,poor,False,none,21.31,1.0,0.0,3.92,0.533,7.97
1032,Penaeus_monodon,winter,good,False,none,21.31,1.0,0.0,4.12,0.503,7.97
1033,Litopenaeus_vannamei,northeast,very_poor,False,none,21.31,1.0,0.0,4.09,0.566,7.97
1034,Litopenaeus_vannamei,summer,excellent,False,none,21.31,1.0,0.0,4.0,0.514,7.97
1035,Penaeus_monodon,monsoon,poor,True,stratification_collapse,21.31,1.0,0.0,4.41,0.518,7.97
1036,Penaeus_monodon,summer,excellent,False,none,21.31,1.0,0.0,4.03,0.506,7.97
1037,Litopenaeus_vannamei,winter,very_poor,True,aerator_failure,1.43,0.0557,1460.0,0.0,0.537,7.97
1038,Litopenaeus_vannamei,summer,poor,False,none,21.31,1.0,0.0,3.47,0.56,7.97
1039,Litopenaeus_vannamei,monsoon,excellent,True,stratification_collapse,21.31,1.0,0.0,4.35,0.515,7.97
1040,Penaeus_monodon,monsoon,good,False,none,21.31,1.0,0.0,4.55,0.502,7.97
1041,Penaeus_monodon,monsoon,very_poor,False,none,21.31,1.0,0.0,4.66,0.531,7.97
1042,Litopenaeus_vannamei,monsoon,poor,False,none,21.31,1.0,0.0,4.35,0.531,7.97
1043,Penaeus_monodon,northeast,very_poor,False,none,21.31,1.0,0.0,4.27,0.525,7.97
1044,Litopenaeus_vannamei,northeast,very_poor,True,stratification_collapse,21.31,1.0,0.0,4.26,0.556,7.97
1045,Litopenaeus_vannamei,winter,very_poor,False,none,21.31,1.0,0.0,4.32,0.543,7.97
1046,Penaeus_monodon,winter,excellent,False,none,21.31,1.0,0.0,4.59,0.508,7.97
1047,Litopenaeus_vannamei,northeast,very_poor,False,none,21.31,1.0,0.0,3.99,0.551,7.97
1048,Penaeus_monodon,northeast,good,False,none,21.31,1.0,0.0,4.59,0.507,7.97
1049,Penaeus_monodon,summer,good,False,none,21.31,1.0,0.0,4.03,0.504,7.97
1050,Penaeus_monodon,winter,very_poor,False,none,21.31,1.0,0.0,4.08,0.51,7.97
1051,Litopenaeus_vannamei,summer,poor,True,sensor_fault,21.31,1.0,0.0,4.27,0.53,7.97
1052,Litopenaeus_vannamei,summer,poor,False,none,21.31,1.0,0.0,4.13,0.537,7.97
1053,Penaeus_monodon,northeast,poor,True,stratification_collapse,21.31,1.0,0.0,4.43,0.511,7.97
1054,Litopenaeus_vannamei,summer,good,False,none,21.31,1.0,0.0,4.14,0.516,7.97
1055,Litopenaeus_vannamei,summer,poor,False,none,21.31,1.0,0.0,3.89,0.544,7.97
1056,Litopenaeus_vannamei,monsoon,poor,False,none,21.31,1.0,0.0,4.39,0.535,7.97
1057,Litopenaeus_vannamei,winter,poor,False,none,21.31,1.0,0.0,4.51,0.519,7.97
1058,Penaeus_monodon,monsoon,good,False,none,21.31,1.0,0.0,4.5,0.504,7.97
1059,Litopenaeus_vannamei,summer,excellent,False,none,21.31,1.0,0.0,4.34,0.521,7.97
1060,Litopenaeus_vannamei,monsoon,excellent,False,none,21.31,1.0,0.0,4.79,0.513,7.97
1061,Penaeus_monodon,northeast,good,True,stratification_collapse,21.31,1.0,0.0,4.52,0.507,7.97
1062,Litopenaeus_vannamei,monsoon,poor,False,none,21.31,1.0,0.0,4.19,0.534,7.97
1063,Litopenaeus_vannamei,monsoon,very_poor,False,none,21.31,1.0,0.0,4.28,0.551,7.97
1064,Litopenaeus_vannamei,summer,poor,False,none,21.31,1.0,0.0,4.33,0.532,7.97
1065,Litopenaeus_vannamei,northeast,good,False,none,21.31,1.0,0.0,4.13,0.522,7.97
1066,Penaeus_monodon,winter,very_poor,False,none,21.31,1.0,0.0,4.33,0.526,7.97
1067,Litopenaeus_vannamei,northeast,very_poor,False,none,21.31,1.0,0.0,4.2,0.543,7.97
1068,Penaeus_monodon,winter,good,False,none,21.31,1.0,0.0,4.2,0.506,7.97
1069,Penaeus_monodon,monsoon,very_poor,False,none,21.31,1.0,0.0,4.47,0.518,7.97
1070,Penaeus_monodon,summer,very_poor,False,none,21.31,1.0,0.0,4.19,0.507,7.97
1071,Litopenaeus_vannamei,winter,very_poor,False,none,21.31,1.0,0.0,4.1,0.521,7.97
1072,Penaeus_monodon,winter,excellent,False,none,21.31,1.0,0.0,4.14,0.503,7.97
1073,Penaeus_monodon,summer,poor,False,none,21.31,1.0,0.0,4.38,0.52,7.97
1074,Penaeus_monodon,northeast,good,False,none,21.31,1.0,0.0,4.57,0.503,7.97
1075,Penaeus_monodon,summer,good,True,stratification_collapse,21.31,1.0,0.0,4.45,0.506,7.97
1076,Penaeus_monodon,monsoon,excellent,False,none,21.31,1.0,0.0,4.7,0.502,7.97
1077,Litopenaeus_vannamei,monsoon,poor,False,none,21.31,1.0,0.0,4.45,0.536,7.97
1078,Litopenaeus_vannamei,monsoon,very_poor,False,none,21.31,1.0,0.0,4.56,0.56,7.97
1079,Penaeus_monodon,summer,good,False,none,21.31,1.0,0.0,4.09,0.509,7.97
1080,Penaeus_monodon,northeast,excellent,False,none,21.31,1.0,0.0,4.8,0.504,7.97
1081,Penaeus_monodon,northeast,excellent,False,none,21.31,1.0,0.0,4.42,0.503,7.97
1082,Litopenaeus_vannamei,summer,very_poor,False,none,21.31,1.0,0.0,3.52,0.543,7.97
1083,Litopenaeus_vannamei,northeast,very_poor,True,stratification_collapse,21.31,1.0,0.0,4.42,0.571,7.97
1084,Litopenaeus_vannamei,winter,very_poor,False,none,21.31,1.0,0.0,4.25,0.535,7.97
1085,Penaeus_monodon,summer,excellent,False,none,21.31,1.0,0.0,4.48,0.506,7.97
1086,Penaeus_monodon,northeast,very_poor,True,stratification_collapse,21.31,1.0,0.0,4.27,0.526,7.97
1087,Litopenaeus_vannamei,summer,poor,False,none,21.31,1.0,0.0,4.15,0.518,7.97
1088,Penaeus_monodon,northeast,very_poor,False,none,21.31,1.0,0.0,4.3,0.525,7.97
1089,Penaeus_monodon,winter,very_poor,False,none,21.31,1.0,0.0,4.36,0.54,7.97
1090,Penaeus_monodon,monsoon,very_poor,True,stratification_collapse,21.31,1.0,0.0,4.68,0.525,7.97
1091,Penaeus_monodon,summer,poor,False,none,21.31,1.0,0.0,4.55,0.52,7.97
1092,Penaeus_monodon,northeast,good,False,none,21.31,1.0,0.0,4.42,0.509,7.97
1093,Penaeus_monodon,winter,poor,False,none,21.31,1.0,0.0,4.53,0.524,7.97
1094,Penaeus_monodon,winter,excellent,False,none,21.31,1.0,0.0,4.36,0.509,7.97
1095,Litopenaeus_vannamei,monsoon,excellent,False,none,21.31,1.0,0.0,4.77,0.524,7.97
1096,Penaeus_monodon,summer,very_poor,False,none,21.31,1.0,0.0,4.25,0.515,7.97
1097,Litopenaeus_vannamei,summer,very_poor,False,none,21.31,1.0,0.0,4.19,0.539,7.97
1098,Litopenaeus_vannamei,northeast,poor,False,none,21.31,1.0,0.0,4.09,0.528,7.97
1099,Penaeus_monodon,monsoon,good,False,none,21.31,1.0,0.0,4.73,0.509,7.97
1100,Litopenaeus_vannamei,monsoon,good,False,none,21.31,1.0,0.0,4.67,0.511,7.97
1101,Penaeus_monodon,winter,poor,False,none,21.31,1.0,0.0,4.41,0.518,7.97
1102,Penaeus_monodon,monsoon,very_poor,False,none,21.31,1.0,0.0,4.63,0.514,7.97
1103,Penaeus_monodon,winter,very_poor,True,stratification_collapse,21.31,1.0,0.0,4.61,0.506,7.97
1104,Penaeus_monodon,northeast,poor,False,none,21.31,1.0,0.0,4.71,0.519,7.97
1105,Litopenaeus_vannamei,summer,poor,False,none,21.31,1.0,0.0,4.02,0.534,7.97
1106,Penaeus_monodon,winter,poor,False,none,21.31,1.0,0.0,4.04,0.511,7.97
1107,Litopenaeus_vannamei,winter,poor,False,none,21.31,1.0,0.0,4.46,0.518,7.97
1108,Litopenaeus_vannamei,northeast,very_poor,False,none,21.31,1.0,0.0,4.14,0.538,7.97
1109,Penaeus_monodon,summer,very_poor,True,stratification_collapse,21.31,1.0,0.0,4.2,0.518,7.97
1110,Penaeus_monodon,monsoon,excellent,False,none,21.31,1.0,0.0,4.51,0.504,7.97
1111,Litopenaeus_vannamei,monsoon,poor,True,stratification_collapse,21.31,1.0,0.0,4.17,0.547,7.97
1112,Penaeus_monodon,summer,poor,False,none,21.31,1.0,0.0,4.16,0.507,7.97
1113,Litopenaeus_vannamei,summer,good,False,none,21.31,1.0,0.0,4.33,0.513,7.97
1114,Penaeus_monodon,winter,very_poor,False,none,21.31,1.0,0.0,4.45,0.513,7.97
1115,Penaeus_monodon,northeast,excellent,True,stratification_collapse,21.31,1.0,0.0,4.59,0.509,7.97
1116,Penaeus_monodon,northeast,excellent,False,none,21.31,1.0,0.0,4.48,0.506,7.97
1117,Penaeus_monodon,summer,poor,False,none,21.31,1.0,0.0,4.18,0.509,7.97
1118,Litopenaeus_vannamei,summer,good,True,stratification_collapse,21.31,1.0,0.0,3.66,0.515,7.97
1119,Litopenaeus_vannamei,summer,poor,True,sensor_fault,21.31,1.0,0.0,4.41,0.523,7.97
1120,Litopenaeus_vannamei,winter,excellent,False,none,21.31,1.0,0.0,4.06,0.508,7.97
1121,Litopenaeus_vannamei,summer,poor,False,none,21.31,1.0,0.0,3.74,0.533,7.97
1122,Penaeus_monodon,summer,poor,False,none,21.31,1.0,0.0,3.91,0.517,7.97
1123,Penaeus_monodon,northeast,excellent,False,none,21.31,1.0,0.0,4.47,0.505,7.97
1124,Litopenaeus_vannamei,northeast,very_poor,True,stratification_collapse,21.31,1.0,0.0,3.8,0.588,7.97
1125,Litopenaeus_vannamei,northeast,very_poor,False,none,21.31,1.0,0.0,4.36,0.546,7.97
1126,Penaeus_monodon,summer,good,True,stratification_collapse,21.31,1.0,0.0,3.85,0.509,7.97
1127,Penaeus_monodon,monsoon,poor,False,none,21.31,1.0,0.0,4.45,0.509,7.97
1128,Litopenaeus_vannamei,monsoon,very_poor,False,none,21.31,1.0,0.0,4.34,0.557,7.97
1129,Penaeus_monodon,northeast,good,False,none,21.31,1.0,0.0,4.44,0.506,7.97
1130,Penaeus_monodon,winter,poor,False,none,21.31,1.0,0.0,4.53,0.511,7.97
1131,Litopenaeus_vannamei,summer,poor,False,none,21.31,1.0,0.0,3.88,0.535,7.97
1132,Litopenaeus_vannamei,summer,poor,False,none,21.31,1.0,0.0,4.07,0.544,7.97
1133,Penaeus_monodon,winter,poor,False,none,21.31,1.0,0.0,4.46,0.518,7.97
1134,Litopenaeus_vannamei,monsoon,poor,False,none,21.31,1.0,0.0,4.21,0.546,7.97
1135,Penaeus_monodon,monsoon,good,False,none,21.31,1.0,0.0,4.48,0.509,7.97
1136,Litopenaeus_vannamei,summer,poor,False,none,21.31,1.0,0.0,4.35,0.539,7.97
1137,Penaeus_monodon,monsoon,poor,False,none,21.31,1.0,0.0,4.59,0.511,7.97
1138,Penaeus_monodon,northeast,very_poor,False,none,21.31,1.0,0.0,4.43,0.514,7.97
1139,Litopenaeus_vannamei,winter,good,False,none,21.31,1.0,0.0,4.37,0.521,7.97
1140,Penaeus_monodon,monsoon,poor,False,none,21.31,1.0,0.0,4.74,0.513,7.97
1141,Penaeus_monodon,monsoon,excellent,False,none,21.31,1.0,0.0,4.77,0.511,7.97
1142,Litopenaeus_vannamei,monsoon,poor,False,none,21.31,1.0,0.0,4.57,0.524,7.97
1143,Litopenaeus_vannamei,northeast,very_poor,True,stratification_collapse,21.31,1.0,0.0,4.27,0.532,7.97
1144,Penaeus_monodon,winter,very_poor,False,none,21.31,1.0,0.0,3.97,0.539,7.97
1145,Litopenaeus_vannamei,northeast,poor,False,none,21.31,1.0,0.0,4.01,0.536,7.97
1146,Penaeus_monodon,winter,excellent,False,none,21.31,1.0,0.0,4.4,0.502,7.97
1147,Litopenaeus_vannamei,winter,poor,True,stratification_collapse,21.31,1.0,0.0,3.72,0.535,7.97
1148,Penaeus_monodon,northeast,good,False,none,21.31,1.0,0.0,4.74,0.508,7.97
1149,Litopenaeus_vannamei,northeast,poor,False,none,21.31,1.0,0.0,4.55,0.524,7.97
1150,Litopenaeus_vannamei,winter,excellent,False,none,21.31,1.0,0.0,4.12,0.526,7.97
1151,Litopenaeus_vannamei,monsoon,poor,True,sensor_fault,21.31,1.0,0.0,4.49,0.54,7.97
1152,Litopenaeus_vannamei,northeast,very_poor,False,none,21.31,1.0,0.0,4.43,0.549,7.97
1153,Litopenaeus_vannamei,winter,very_poor,False,none,21.31,1.0,0.0,4.31,0.529,7.97
1154,Litopenaeus_vannamei,summer,very_poor,False,none,21.31,1.0,0.0,3.54,0.568,7.97
1155,Litopenaeus_vannamei,northeast,good,False,none,21.31,1.0,0.0,4.23,0.532,7.97
1156,Litopenaeus_vannamei,winter,poor,True,stratification_collapse,21.31,1.0,0.0,3.81,0.54,7.97
1157,Penaeus_monodon,monsoon,excellent,False,none,21.31,1.0,0.0,4.8,0.502,7.97
1158,Penaeus_monodon,summer,excellent,False,none,21.31,1.0,0.0,4.17,0.51,7.97
1159,Litopenaeus_vannamei,winter,very_poor,False,none,21.31,1.0,0.0,4.0,0.559,7.97
1160,Penaeus_monodon,monsoon,very_poor,False,none,21.31,1.0,0.0,4.76,0.523,7.97
1161,Penaeus_monodon,summer,good,False,none,21.31,1.0,0.0,4.23,0.507,7.97
1162,Penaeus_monodon,summer,excellent,False,none,21.31,1.0,0.0,4.32,0.509,7.97
1163,Litopenaeus_vannamei,monsoon,very_poor,False,none,21.31,1.0,0.0,4.67,0.552,7.97
1164,Litopenaeus_vannamei,monsoon,good,False,none,21.31,1.0,0.0,4.52,0.517,7.97
1165,Litopenaeus_vannamei,northeast,good,False,none,21.31,1.0,0.0,4.64,0.514,7.97
1166,Litopenaeus_vannamei,northeast,excellent,False,none,21.31,1.0,0.0,4.29,0.519,7.97
1167,Litopenaeus_vannamei,winter,excellent,False,none,21.31,1.0,0.0,4.28,0.513,7.97
1168,Litopenaeus_vannamei,monsoon,excellent,False,none,21.31,1.0,0.0,4.28,0.511,7.97
1169,Litopenaeus_vannamei,summer,poor,False,none,21.31,1.0,0.0,4.24,0.536,7.97
1170,Litopenaeus_vannamei,monsoon,good,False,none,21.31,1.0,0.0,4.77,0.516,7.97
1171,Penaeus_monodon,winter,good,False,none,21.31,1.0,0.0,4.5,0.503,7.97
1172,Penaeus_monodon,northeast,good,False,none,21.31,1.0,0.0,4.5,0.505,7.97
1173,Penaeus_monodon,monsoon,very_poor,False,none,21.31,1.0,0.0,4.62,0.509,7.97
1174,Litopenaeus_vannamei,winter,poor,False,none,21.31,1.0,0.0,4.12,0.526,7.97
1175,Penaeus_monodon,northeast,poor,False,none,21.31,1.0,0.0,4.79,0.506,7.97
1176,Litopenaeus_vannamei,monsoon,excellent,False,none,21.31,1.0,0.0,4.75,0.515,7.97
1177,Penaeus_monodon,northeast,very_poor,False,none,21.31,1.0,0.0,4.56,0.516,7.97
1178,Penaeus_monodon,northeast,poor,False,none,21.31,1.0,0.0,4.26,0.522,7.97
1179,Litopenaeus_vannamei,summer,good,False,none,21.31,1.0,0.0,3.83,0.516,7.97
1180,Penaeus_monodon,winter,very_poor,False,none,21.31,1.0,0.0,4.04,0.508,7.97
1181,Penaeus_monodon,summer,poor,False,none,21.31,1.0,0.0,4.46,0.509,7.97
1182,Litopenaeus_vannamei,summer,excellent,True,stratification_collapse,21.31,1.0,0.0,4.47,0.515,7.97
1183,Penaeus_monodon,summer,very_poor,False,none,21.31,1.0,0.0,4.06,0.512,7.97
1184,Litopenaeus_vannamei,northeast,excellent,True,stratification_collapse,21.31,1.0,0.0,4.4,0.528,7.97
1185,Penaeus_monodon,summer,excellent,True,stratification_collapse,21.31,1.0,0.0,4.04,0.51,7.97
1186,Penaeus_monodon,northeast,excellent,False,none,21.31,1.0,0.0,4.7,0.507,7.97
1187,Penaeus_monodon,monsoon,poor,True,stratification_collapse,21.31,1.0,0.0,4.6,0.516,7.97
1188,Litopenaeus_vannamei,winter,very_poor,False,none,21.31,1.0,0.0,3.66,0.561,7.97
1189,Penaeus_monodon,winter,poor,False,none,21.31,1.0,0.0,4.3,0.509,7.97
1190,Penaeus_monodon,summer,excellent,False,none,21.31,1.0,0.0,3.94,0.507,7.97
1191,Penaeus_monodon,northeast,poor,False,none,21.31,1.0,0.0,4.59,0.506,7.97
1192,Penaeus_monodon,northeast,poor,False,none,21.31,1.0,0.0,4.56,0.52,7.97
1193,Penaeus_monodon,winter,very_poor,False,none,21.31,1.0,0.0,4.12,0.518,7.97
1194,Penaeus_monodon,summer,excellent,False,none,21.31,1.0,0.0,4.44,0.503,7.97
1195,Penaeus_monodon,winter,poor,False,none,21.31,1.0,0.0,3.83,0.514,7.97
1196,Litopenaeus_vannamei,northeast,very_poor,False,none,21.31,1.0,0.0,4.32,0.557,7.97
1197,Litopenaeus_vannamei,winter,excellent,False,none,21.31,1.0,0.0,4.45,0.513,7.97
1198,Penaeus_monodon,winter,good,False,none,21.31,1.0,0.0,4.07,0.506,7.97
1199,Litopenaeus_vannamei,monsoon,very_poor,False,none,21.31,1.0,0.0,4.54,0.531,7.97
1200,Penaeus_monodon,northeast,excellent,True,stratification_collapse,21.31,1.0,0.0,4.81,0.508,7.97
1201,Litopenaeus_vannamei,monsoon,poor,False,none,21.31,1.0,0.0,4.57,0.519,7.97
1202,Penaeus_monodon,winter,very_poor,True,stratification_collapse,21.31,1.0,0.0,4.56,0.506,7.97
1203,Litopenaeus_vannamei,northeast,good,False,none,21.31,1.0,0.0,4.43,0.515,7.97
1204,Penaeus_monodon,winter,poor,True,stratification_collapse,21.31,1.0,0.0,4.19,0.512,7.97
1205,Penaeus_monodon,winter,very_poor,True,stratification_collapse,21.31,1.0,0.0,3.88,0.517,7.97
1206,Penaeus_monodon,winter,poor,False,none,21.31,1.0,0.0,4.63,0.506,7.97
1207,Litopenaeus_vannamei,summer,poor,True,stratification_collapse,21.31,1.0,0.0,3.82,0.529,7.97
1208,Litopenaeus_vannamei,summer,very_poor,False,none,21.31,1.0,0.0,4.15,0.547,7.97
1209,Litopenaeus_vannamei,northeast,poor,False,none,21.31,1.0,0.0,4.09,0.536,7.97
1210,Litopenaeus_vannamei,winter,excellent,True,stratification_collapse,14.22,1.0,6.0,4.48,0.523,7.97
1211,Penaeus_monodon,winter,very_poor,False,none,21.31,1.0,0.0,3.94,0.507,7.97
1212,Penaeus_monodon,northeast,very_poor,False,none,21.31,1.0,0.0,4.33,0.509,7.97
1213,Penaeus_monodon,monsoon,poor,False,none,21.31,1.0,0.0,4.53,0.51,7.97
1214,Penaeus_monodon,summer,excellent,False,none,21.31,1.0,0.0,4.4,0.505,7.97
1215,Penaeus_monodon,winter,excellent,False,none,21.31,1.0,0.0,4.34,0.504,7.97
1216,Litopenaeus_vannamei,summer,good,False,none,21.31,1.0,0.0,4.31,0.523,7.97
1217,Litopenaeus_vannamei,monsoon,good,False,none,21.31,1.0,0.0,4.59,0.519,7.97
1218,Litopenaeus_vannamei,summer,excellent,False,none,21.31,1.0,0.0,4.34,0.515,7.97
1219,Penaeus_monodon,monsoon,poor,True,stratification_collapse,21.31,1.0,0.0,4.5,0.504,7.97
1220,Penaeus_monodon,northeast,excellent,False,none,21.31,1.0,0.0,4.49,0.506,7.97
1221,Litopenaeus_vannamei,winter,poor,True,sensor_fault,21.31,1.0,0.0,4.04,0.552,7.97
1222,Penaeus_monodon,winter,excellent,False,none,21.31,1.0,0.0,4.17,0.505,7.97
1223,Penaeus_monodon,winter,good,False,none,21.31,1.0,0.0,4.39,0.51,7.97
1224,Litopenaeus_vannamei,monsoon,very_poor,True,sensor_fault,21.31,1.0,0.0,4.37,0.535,7.97
1225,Penaeus_monodon,northeast,very_poor,True,stratification_collapse,21.31,1.0,0.0,4.43,0.516,7.97
1226,Penaeus_monodon,monsoon,poor,False,none,21.31,1.0,0.0,4.72,0.511,7.97
1227,Litopenaeus_vannamei,monsoon,good,False,none,21.31,1.0,0.0,4.36,0.521,7.97
1228,Litopenaeus_vannamei,northeast,good,False,none,21.31,1.0,0.0,4.58,0.523,7.97
1229,Litopenaeus_vannamei,winter,excellent,False,none,21.31,1.0,0.0,4.05,0.512,7.97
1230,Penaeus_monodon,summer,poor,False,none,21.31,1.0,0.0,4.36,0.51,7.97
1231,Penaeus_monodon,northeast,excellent,True,stratification_collapse,21.31,1.0,0.0,4.37,0.503,7.97
1232,Litopenaeus_vannamei,northeast,very_poor,False,none,21.31,1.0,0.0,3.89,0.542,7.97
1233,Penaeus_monodon,northeast,poor,False,none,21.31,1.0,0.0,4.31,0.511,7.97
1234,Penaeus_monodon,summer,excellent,False,none,21.31,1.0,0.0,3.9,0.502,7.97
1235,Penaeus_monodon,winter,very_poor,False,none,21.31,1.0,0.0,3.92,0.517,7.97
1236,Penaeus_monodon,winter,poor,False,none,21.31,1.0,0.0,3.84,0.513,7.97
1237,Litopenaeus_vannamei,winter,poor,False,none,21.31,1.0,0.0,4.48,0.526,7.97
1238,Litopenaeus_vannamei,winter,good,False,none,21.31,1.0,0.0,4.06,0.526,7.97
1239,Litopenaeus_vannamei,northeast,very_poor,False,none,21.31,1.0,0.0,4.08,0.546,7.97
1240,Penaeus_monodon,northeast,excellent,False,none,21.31,1.0,0.0,4.77,0.509,7.97
1241,Penaeus_monodon,monsoon,poor,False,none,21.31,1.0,0.0,4.51,0.515,7.97
1242,Litopenaeus_vannamei,northeast,very_poor,True,aerator_failure,0.74,0.0274,1812.0,0.0,0.538,7.97
1243,Penaeus_monodon,summer,very_poor,False,none,21.31,1.0,0.0,4.35,0.513,7.97
1244,Penaeus_monodon,summer,very_poor,False,none,21.31,1.0,0.0,4.09,0.521,7.97
1245,Litopenaeus_vannamei,summer,good,False,none,21.31,1.0,0.0,4.19,0.525,7.97
1246,Litopenaeus_vannamei,summer,good,False,none,21.31,1.0,0.0,4.28,0.517,7.97
1247,Litopenaeus_vannamei,summer,poor,True,stratification_collapse,21.31,1.0,0.0,3.77,0.523,7.97
1248,Litopenaeus_vannamei,northeast,very_poor,False,none,21.31,1.0,0.0,4.52,0.532,7.97
1249,Litopenaeus_vannamei,monsoon,good,False,none,21.31,1.0,0.0,4.6,0.512,7.97
1250,Litopenaeus_vannamei,winter,good,False,none,21.31,1.0,0.0,4.27,0.517,7.97
1251,Litopenaeus_vannamei,northeast,poor,True,stratification_collapse,21.31,1.0,0.0,4.17,0.52,7.97
1252,Penaeus_monodon,winter,excellent,False,none,21.31,1.0,0.0,4.32,0.506,7.97
1253,Litopenaeus_vannamei,monsoon,very_poor,False,none,21.31,1.0,0.0,4.18,0.533,7.97
1254,Penaeus_monodon,monsoon,poor,False,none,21.31,1.0,0.0,4.59,0.51,7.97
1255,Penaeus_monodon,northeast,good,False,none,21.31,1.0,0.0,4.54,0.505,7.97
1256,Litopenaeus_vannamei,summer,very_poor,False,none,21.31,1.0,0.0,3.67,0.544,7.97
1257,Penaeus_monodon,monsoon,poor,True,stratification_collapse,21.31,1.0,0.0,4.78,0.512,7.97
1258,Litopenaeus_vannamei,northeast,very_poor,False,none,21.31,1.0,0.0,4.15,0.544,7.97
1259,Penaeus_monodon,monsoon,very_poor,True,stratification_collapse,21.31,1.0,0.0,4.66,0.509,7.97
1260,Litopenaeus_vannamei,monsoon,poor,False,none,21.31,1.0,0.0,4.47,0.516,7.97
1261,Litopenaeus_vannamei,northeast,excellent,False,none,21.31,1.0,0.0,4.43,0.513,7.97
1262,Litopenaeus_vannamei,northeast,good,False,none,21.31,1.0,0.0,4.48,0.514,7.97
1263,Litopenaeus_vannamei,monsoon,poor,False,none,21.31,1.0,0.0,4.53,0.544,7.97
1264,Litopenaeus_vannamei,winter,very_poor,False,none,21.31,1.0,0.0,3.65,0.552,7.97
1265,Litopenaeus_vannamei,summer,poor,False,none,21.31,1.0,0.0,4.26,0.545,7.97
1266,Litopenaeus_vannamei,northeast,good,False,none,21.31,1.0,0.0,4.55,0.52,7.97
1267,Litopenaeus_vannamei,northeast,good,False,none,21.31,1.0,0.0,4.46,0.511,7.97
1268,Litopenaeus_vannamei,summer,good,False,none,21.31,1.0,0.0,4.39,0.522,7.97
1269,Penaeus_monodon,monsoon,good,False,none,21.31,1.0,0.0,4.48,0.512,7.97
1270,Litopenaeus_vannamei,winter,excellent,False,none,21.31,1.0,0.0,4.61,0.516,7.97
1271,Penaeus_monodon,summer,excellent,False,none,21.31,1.0,0.0,3.86,0.505,7.97
1272,Litopenaeus_vannamei,summer,good,False,none,21.31,1.0,0.0,4.43,0.507,7.97
1273,Litopenaeus_vannamei,winter,good,True,stratification_collapse,21.31,1.0,0.0,4.08,0.512,7.97
1274,Litopenaeus_vannamei,northeast,very_poor,False,none,21.31,1.0,0.0,3.73,0.585,7.97
1275,Penaeus_monodon,northeast,excellent,True,stratification_collapse,21.31,1.0,0.0,4.63,0.511,7.97
1276,Litopenaeus_vannamei,monsoon,poor,False,none,21.31,1.0,0.0,4.41,0.557,7.97
1277,Litopenaeus_vannamei,winter,very_poor,False,none,21.31,1.0,0.0,4.38,0.543,7.97
1278,Litopenaeus_vannamei,summer,good,False,none,21.31,1.0,0.0,4.01,0.522,7.97
1279,Penaeus_monodon,northeast,poor,False,none,21.31,1.0,0.0,4.43,0.508,7.97
1280,Penaeus_monodon,northeast,very_poor,False,none,21.31,1.0,0.0,4.17,0.511,7.97
1281,Litopenaeus_vannamei,monsoon,very_poor,False,none,21.31,1.0,0.0,4.36,0.552,7.97
1282,Litopenaeus_vannamei,monsoon,good,False,none,21.31,1.0,0.0,4.66,0.513,7.97
1283,Penaeus_monodon,summer,very_poor,True,stratification_collapse,21.31,1.0,0.0,4.26,0.529,7.97
1284,Penaeus_monodon,winter,good,True,stratification_collapse,21.31,1.0,0.0,4.11,0.511,7.97
1285,Penaeus_monodon,winter,good,False,none,21.31,1.0,0.0,4.3,0.503,7.97
1286,Penaeus_monodon,summer,excellent,True,stratification_collapse,21.31,1.0,0.0,4.39,0.506,7.97
1287,Penaeus_monodon,summer,excellent,True,stratification_collapse,21.31,1.0,0.0,4.45,0.505,7.97
1288,Litopenaeus_vannamei,winter,poor,True,stratification_collapse,21.31,1.0,0.0,4.19,0.534,7.97
1289,Penaeus_monodon,monsoon,very_poor,True,stratification_collapse,21.31,1.0,0.0,4.74,0.506,7.97
1290,Penaeus_monodon,northeast,good,True,stratification_collapse,21.31,1.0,0.0,4.53,0.507,7.97
1291,Penaeus_monodon,monsoon,very_poor,True,stratification_collapse,21.31,1.0,0.0,4.74,0.52,7.97
1292,Penaeus_monodon,monsoon,very_poor,False,none,21.31,1.0,0.0,4.45,0.518,7.97
1293,Penaeus_monodon,summer,very_poor,False,none,21.31,1.0,0.0,3.9,0.508,7.97
1294,Penaeus_monodon,monsoon,excellent,False,none,21.31,1.0,0.0,4.49,0.504,7.97
1295,Litopenaeus_vannamei,winter,good,False,none,21.31,1.0,0.0,4.08,0.524,7.97
1296,Penaeus_monodon,northeast,excellent,False,none,21.31,1.0,0.0,4.49,0.505,7.97
1297,Penaeus_monodon,northeast,very_poor,False,none,21.31,1.0,0.0,4.71,0.511,7.97
1298,Litopenaeus_vannamei,northeast,very_poor,False,none,21.31,1.0,0.0,3.89,0.565,7.97
1299,Penaeus_monodon,winter,good,False,none,21.31,1.0,0.0,4.2,0.509,7.97
1300,Penaeus_monodon,northeast,very_poor,False,none,21.31,1.0,0.0,4.36,0.512,7.97
1301,Penaeus_monodon,winter,poor,False,none,21.31,1.0,0.0,4.22,0.521,7.97
1302,Penaeus_monodon,summer,very_poor,True,stratification_collapse,21.31,1.0,0.0,4.4,0.52,7.97
1303,Penaeus_monodon,northeast,poor,False,none,21.31,1.0,0.0,4.6,0.527,7.97
1304,Penaeus_monodon,northeast,excellent,False,none,21.31,1.0,0.0,4.81,0.505,7.97
1305,Litopenaeus_vannamei,winter,very_poor,False,none,21.31,1.0,0.0,4.27,0.554,7.97
1306,Penaeus_monodon,summer,good,False,none,21.31,1.0,0.0,4.16,0.51,7.97
1307,Litopenaeus_vannamei,winter,poor,False,none,21.31,1.0,0.0,4.19,0.537,7.97
1308,Penaeus_monodon,monsoon,good,False,none,21.31,1.0,0.0,4.65,0.505,7.97
1309,Penaeus_monodon,winter,poor,False,none,21.31,1.0,0.0,4.53,0.525,7.97
1310,Litopenaeus_vannamei,northeast,excellent,True,stratification_collapse,21.31,1.0,0.0,4.2,0.516,7.97
1311,Litopenaeus_vannamei,northeast,poor,False,none,21.31,1.0,0.0,4.51,0.518,7.97
1312,Penaeus_monodon,monsoon,good,False,none,21.31,1.0,0.0,4.43,0.509,7.97
1313,Penaeus_monodon,monsoon,poor,False,none,21.31,1.0,0.0,4.48,0.509,7.97
1314,Penaeus_monodon,summer,very_poor,False,none,21.31,1.0,0.0,4.34,0.512,7.97
1315,Penaeus_monodon,northeast,very_poor,False,none,21.31,1.0,0.0,4.47,0.504,7.97
1316,Litopenaeus_vannamei,monsoon,excellent,False,none,21.31,1.0,0.0,4.42,0.508,7.97
1317,Penaeus_monodon,northeast,excellent,False,none,21.31,1.0,0.0,4.8,0.51,7.97
1318,Penaeus_monodon,winter,poor,False,none,21.31,1.0,0.0,3.92,0.513,7.97
1319,Penaeus_monodon,northeast,very_poor,False,none,21.31,1.0,0.0,4.39,0.512,7.97
1320,Litopenaeus_vannamei,monsoon,good,False,none,21.31,1.0,0.0,4.43,0.516,7.97
1321,Penaeus_monodon,monsoon,good,True,stratification_collapse,21.31,1.0,0.0,4.7,0.508,7.97
1322,Penaeus_monodon,northeast,poor,False,none,21.31,1.0,0.0,4.25,0.512,7.97
1323,Penaeus_monodon,winter,poor,True,stratification_collapse,21.31,1.0,0.0,4.52,0.508,7.97
1324,Penaeus_monodon,winter,very_poor,True,stratification_collapse,21.31,1.0,0.0,4.08,0.51,7.97
1325,Litopenaeus_vannamei,northeast,good,False,none,21.31,1.0,0.0,4.34,0.525,7.97
1326,Penaeus_monodon,summer,excellent,False,none,21.31,1.0,0.0,4.48,0.503,7.97
1327,Litopenaeus_vannamei,northeast,excellent,False,none,21.31,1.0,0.0,4.37,0.524,7.97
1328,Litopenaeus_vannamei,winter,poor,False,none,21.31,1.0,0.0,3.88,0.529,7.97
1329,Penaeus_monodon,winter,good,False,none,21.31,1.0,0.0,4.47,0.506,7.97
1330,Penaeus_monodon,monsoon,good,False,none,21.31,1.0,0.0,4.43,0.508,7.97
1331,Penaeus_monodon,winter,good,True,stratification_collapse,21.31,1.0,0.0,4.55,0.51,7.97
1332,Litopenaeus_vannamei,winter,good,True,sensor_fault,21.31,1.0,0.0,4.05,0.514,7.97
1333,Penaeus_monodon,northeast,excellent,False,none,21.31,1.0,0.0,4.21,0.508,7.97
1334,Penaeus_monodon,summer,excellent,False,none,21.31,1.0,0.0,4.42,0.505,7.97
1335,Litopenaeus_vannamei,monsoon,poor,True,stratification_collapse,21.31,1.0,0.0,4.7,0.528,7.97
1336,Litopenaeus_vannamei,northeast,good,True,stratification_collapse,21.31,1.0,0.0,4.45,0.512,7.97
1337,Penaeus_monodon,monsoon,poor,False,none,21.31,1.0,0.0,4.44,0.508,7.97
1338,Penaeus_monodon,northeast,very_poor,False,none,21.31,1.0,0.0,4.6,0.52,7.97
1339,Litopenaeus_vannamei,northeast,excellent,False,none,21.31,1.0,0.0,4.51,0.512,7.97
1340,Penaeus_monodon,monsoon,poor,False,none,21.31,1.0,0.0,4.52,0.517,7.97
1341,Penaeus_monodon,northeast,poor,False,none,21.31,1.0,0.0,4.45,0.514,7.97
1342,Litopenaeus_vannamei,northeast,very_poor,False,none,21.31,1.0,0.0,4.0,0.544,7.97
1343,Penaeus_monodon,northeast,good,False,none,21.31,1.0,0.0,4.42,0.513,7.97
1344,Penaeus_monodon,winter,very_poor,True,stratification_collapse,21.31,1.0,0.0,4.46,0.522,7.97
1345,Litopenaeus_vannamei,winter,good,False,none,21.31,1.0,0.0,4.32,0.511,7.97
1346,Penaeus_monodon,monsoon,excellent,False,none,21.31,1.0,0.0,4.7,0.509,7.97
1347,Penaeus_monodon,monsoon,excellent,True,stratification_collapse,21.31,1.0,0.0,4.58,0.51,7.97
1348,Penaeus_monodon,monsoon,good,False,none,21.31,1.0,0.0,4.6,0.504,7.97
1349,Litopenaeus_vannamei,northeast,poor,False,none,21.31,1.0,0.0,4.32,0.525,7.97
1350,Penaeus_monodon,summer,good,True,stratification_collapse,21.31,1.0,0.0,4.38,0.507,7.97
1351,Litopenaeus_vannamei,summer,excellent,True,stratification_collapse,12.78,1.0,17.0,4.18,0.514,7.97
1352,Penaeus_monodon,winter,excellent,False,none,21.31,1.0,0.0,3.99,0.505,7.97
1353,Litopenaeus_vannamei,winter,good,False,none,21.31,1.0,0.0,4.36,0.524,7.97
1354,Litopenaeus_vannamei,monsoon,good,False,none,21.31,1.0,0.0,4.54,0.516,7.97
1355,Penaeus_monodon,monsoon,good,False,none,21.31,1.0,0.0,4.79,0.507,7.97
1356,Litopenaeus_vannamei,summer,poor,True,stratification_collapse,21.31,1.0,0.0,3.8,0.531,7.97
1357,Penaeus_monodon,winter,good,False,none,21.31,1.0,0.0,4.4,0.505,7.97
1358,Litopenaeus_vannamei,summer,very_poor,False,none,21.31,1.0,0.0,3.57,0.551,7.97
1359,Penaeus_monodon,monsoon,excellent,True,stratification_collapse,21.31,1.0,0.0,4.56,0.505,7.97
1360,Litopenaeus_vannamei,winter,good,False,none,21.31,1.0,0.0,4.41,0.513,7.97
1361,Litopenaeus_vannamei,northeast,poor,False,none,21.31,1.0,0.0,4.65,0.523,7.97
1362,Litopenaeus_vannamei,monsoon,good,False,none,21.31,1.0,0.0,4.61,0.522,7.97
1363,Litopenaeus_vannamei,summer,very_poor,False,none,21.31,1.0,0.0,3.7,0.552,7.97
1364,Litopenaeus_vannamei,monsoon,very_poor,False,none,21.31,1.0,0.0,4.32,0.576,7.97
1365,Penaeus_monodon,northeast,very_poor,False,none,21.31,1.0,0.0,4.61,0.51,7.97
1366,Litopenaeus_vannamei,winter,poor,False,none,21.31,1.0,0.0,3.94,0.526,7.97
1367,Penaeus_monodon,summer,excellent,False,none,21.31,1.0,0.0,3.85,0.505,7.97
1368,Litopenaeus_vannamei,monsoon,good,False,none,21.31,1.0,0.0,4.51,0.519,7.97
1369,Penaeus_monodon,northeast,excellent,False,none,21.31,1.0,0.0,4.51,0.505,7.97
1370,Penaeus_monodon,summer,very_poor,False,none,21.31,1.0,0.0,4.4,0.506,7.97
1371,Penaeus_monodon,northeast,excellent,False,none,21.31,1.0,0.0,4.27,0.508,7.97
1372,Litopenaeus_vannamei,northeast,poor,False,none,21.31,1.0,0.0,4.38,0.527,7.97
1373,Litopenaeus_vannamei,monsoon,good,False,none,21.31,1.0,0.0,4.61,0.516,7.97
1374,Litopenaeus_vannamei,winter,excellent,False,none,21.31,1.0,0.0,4.27,0.512,7.97
1375,Litopenaeus_vannamei,winter,excellent,True,stratification_collapse,12.79,1.0,8.0,4.57,0.508,7.97
1376,Penaeus_monodon,winter,poor,False,none,21.31,1.0,0.0,3.86,0.51,7.97
1377,Litopenaeus_vannamei,summer,very_poor,True,aerator_failure,0.4,0.0141,2142.0,0.0,0.547,7.97
1378,Litopenaeus_vannamei,monsoon,very_poor,False,none,21.31,1.0,0.0,4.55,0.527,7.97
1379,Penaeus_monodon,monsoon,very_poor,False,none,21.31,1.0,0.0,4.62,0.508,7.97
1380,Penaeus_monodon,summer,good,False,none,21.31,1.0,0.0,4.06,0.511,7.97
1381,Litopenaeus_vannamei,winter,good,False,none,21.31,1.0,0.0,4.02,0.517,7.97
1382,Penaeus_monodon,monsoon,poor,False,none,21.31,1.0,0.0,4.76,0.505,7.97
1383,Litopenaeus_vannamei,northeast,poor,False,none,21.31,1.0,0.0,4.16,0.557,7.97
1384,Penaeus_monodon,summer,very_poor,False,none,21.31,1.0,0.0,4.17,0.515,7.97
1385,Litopenaeus_vannamei,summer,good,False,none,21.31,1.0,0.0,4.22,0.527,7.97
1386,Litopenaeus_vannamei,northeast,excellent,False,none,21.31,1.0,0.0,4.13,0.509,7.97
1387,Litopenaeus_vannamei,northeast,excellent,False,none,21.31,1.0,0.0,4.42,0.525,7.97
1388,Litopenaeus_vannamei,monsoon,poor,True,stratification_collapse,21.31,1.0,0.0,4.59,0.551,7.97
1389,Litopenaeus_vannamei,monsoon,very_poor,False,none,21.31,1.0,0.0,4.21,0.523,7.97
1390,Litopenaeus_vannamei,summer,excellent,False,none,21.31,1.0,0.0,4.1,0.508,7.97
1391,Litopenaeus_vannamei,northeast,good,True,other,1.21,0.0461,1545.0,0.0,2.526,7.97
1392,Penaeus_monodon,winter,excellent,False,none,21.31,1.0,0.0,4.3,0.506,7.97
1393,Penaeus_monodon,northeast,poor,False,none,21.31,1.0,0.0,4.6,0.516,7.97
1394,Penaeus_monodon,monsoon,very_poor,False,none,21.31,1.0,0.0,4.62,0.508,7.97
1395,Litopenaeus_vannamei,northeast,good,True,stratification_collapse,21.31,1.0,0.0,4.55,0.518,7.97
1396,Litopenaeus_vannamei,winter,good,False,none,21.31,1.0,0.0,4.5,0.515,7.97
1397,Litopenaeus_vannamei,northeast,good,False,none,21.31,1.0,0.0,4.39,0.529,7.97
1398,Penaeus_monodon,northeast,poor,False,none,21.31,1.0,0.0,4.69,0.509,7.97
1399,Litopenaeus_vannamei,winter,excellent,True,stratification_collapse,21.31,1.0,0.0,4.44,0.513,7.97
1400,Litopenaeus_vannamei,northeast,poor,False,none,21.31,1.0,0.0,4.38,0.528,7.97
1401,Penaeus_monodon,summer,good,False,none,21.31,1.0,0.0,4.1,0.508,7.97
1402,Litopenaeus_vannamei,summer,poor,True,stratification_collapse,21.31,1.0,0.0,4.37,0.54,7.97
1403,Penaeus_monodon,winter,good,True,stratification_collapse,21.31,1.0,0.0,4.31,0.505,7.97
1404,Litopenaeus_vannamei,monsoon,excellent,False,none,21.31,1.0,0.0,4.29,0.513,7.97
1405,Penaeus_monodon,monsoon,good,True,stratification_collapse,21.31,1.0,0.0,4.68,0.507,7.97
1406,Litopenaeus_vannamei,winter,very_poor,False,none,21.31,1.0,0.0,4.24,0.525,7.97
1407,Litopenaeus_vannamei,winter,excellent,False,none,21.31,1.0,0.0,4.15,0.514,7.97
1408,Penaeus_monodon,northeast,excellent,False,none,21.31,1.0,0.0,4.44,0.507,7.97
1409,Litopenaeus_vannamei,summer,very_poor,False,none,21.31,1.0,0.0,3.87,0.537,7.97
1410,Penaeus_monodon,northeast,very_poor,False,none,21.31,1.0,0.0,4.63,0.51,7.97
1411,Litopenaeus_vannamei,summer,very_poor,False,none,21.31,1.0,0.0,4.19,0.539,7.97
1412,Penaeus_monodon,summer,poor,False,none,21.31,1.0,0.0,4.02,0.511,7.97
1413,Penaeus_monodon,winter,excellent,False,none,21.31,1.0,0.0,4.49,0.504,7.97
1414,Litopenaeus_vannamei,monsoon,excellent,False,none,21.31,1.0,0.0,4.49,0.513,7.97
1415,Penaeus_monodon,northeast,good,False,none,21.31,1.0,0.0,4.37,0.507,7.97
1416,Litopenaeus_vannamei,winter,excellent,True,sensor_fault,21.31,1.0,0.0,3.95,0.51,7.97
1417,Penaeus_monodon,summer,very_poor,False,none,21.31,1.0,0.0,3.91,0.521,7.97
1418,Litopenaeus_vannamei,northeast,very_poor,False,none,21.31,1.0,0.0,4.57,0.53,7.97
1419,Litopenaeus_vannamei,monsoon,good,False,none,21.31,1.0,0.0,4.46,0.51,7.97
1420,Penaeus_monodon,northeast,excellent,True,stratification_collapse,21.31,1.0,0.0,4.39,0.506,7.97
1421,Litopenaeus_vannamei,monsoon,good,False,none,21.31,1.0,0.0,4.66,0.513,7.97
1422,Litopenaeus_vannamei,winter,very_poor,True,stratification_collapse,21.31,1.0,0.0,4.13,0.588,7.97
1423,Penaeus_monodon,winter,excellent,False,none,21.31,1.0,0.0,4.53,0.504,7.97
1424,Litopenaeus_vannamei,winter,poor,False,none,21.31,1.0,0.0,3.65,0.556,7.97
1425,Penaeus_monodon,summer,very_poor,False,none,21.31,1.0,0.0,3.83,0.522,7.97
1426,Litopenaeus_vannamei,monsoon,excellent,False,none,21.31,1.0,0.0,4.69,0.509,7.97
1427,Litopenaeus_vannamei,monsoon,very_poor,False,none,21.31,1.0,0.0,4.03,0.582,7.97
1428,Litopenaeus_vannamei,monsoon,poor,False,none,21.31,1.0,0.0,4.63,0.529,7.97
1429,Litopenaeus_vannamei,monsoon,excellent,False,none,21.31,1.0,0.0,4.51,0.517,7.97
1430,Penaeus_monodon,winter,good,False,none,21.31,1.0,0.0,4.35,0.507,7.97
1431,Litopenaeus_vannamei,northeast,very_poor,False,none,21.31,1.0,0.0,4.45,0.523,7.97
1432,Penaeus_monodon,summer,poor,False,none,21.31,1.0,0.0,4.52,0.514,7.97
1433,Litopenaeus_vannamei,northeast,excellent,False,none,21.31,1.0,0.0,4.29,0.513,7.97
1434,Litopenaeus_vannamei,winter,good,False,none,21.31,1.0,0.0,4.14,0.508,7.97
1435,Penaeus_monodon,northeast,excellent,False,none,21.31,1.0,0.0,4.82,0.504,7.97
1436,Penaeus_monodon,summer,very_poor,False,none,21.31,1.0,0.0,4.05,0.524,7.97
1437,Litopenaeus_vannamei,monsoon,very_poor,False,none,21.31,1.0,0.0,4.45,0.55,7.97
1438,Penaeus_monodon,winter,excellent,False,none,21.31,1.0,0.0,4.44,0.504,7.97
1439,Litopenaeus_vannamei,monsoon,poor,False,none,21.31,1.0,0.0,4.63,0.531,7.97
1440,Litopenaeus_vannamei,monsoon,very_poor,False,none,21.31,1.0,0.0,4.62,0.53,7.97
1441,Penaeus_monodon,winter,good,False,none,21.31,1.0,0.0,4.57,0.511,7.97
1442,Litopenaeus_vannamei,northeast,excellent,False,none,21.31,1.0,0.0,4.67,0.523,7.97
1443,Litopenaeus_vannamei,summer,good,False,none,21.31,1.0,0.0,4.01,0.511,7.97
1444,Litopenaeus_vannamei,winter,very_poor,True,stratification_collapse,21.31,1.0,0.0,3.89,0.56,7.97
1445,Litopenaeus_vannamei,monsoon,excellent,True,stratification_collapse,21.31,1.0,0.0,4.47,0.513,7.97
1446,Penaeus_monodon,summer,good,False,none,21.31,1.0,0.0,3.84,0.504,7.97
1447,Litopenaeus_vannamei,winter,excellent,False,none,21.31,1.0,0.0,4.59,0.512,7.97
1448,Penaeus_monodon,monsoon,excellent,True,stratification_collapse,21.31,1.0,0.0,4.85,0.506,7.97
1449,Litopenaeus_vannamei,summer,good,False,none,21.31,1.0,0.0,3.66,0.528,7.97
1450,Penaeus_monodon,monsoon,good,False,none,21.31,1.0,0.0,4.8,0.505,7.97
1451,Penaeus_monodon,northeast,good,False,none,21.31,1.0,0.0,4.49,0.504,7.97
1452,Penaeus_monodon,summer,good,True,stratification_collapse,21.31,1.0,0.0,4.12,0.506,7.97
1453,Penaeus_monodon,winter,very_poor,False,none,21.31,1.0,0.0,4.6,0.507,7.97
1454,Penaeus_monodon,monsoon,excellent,True,stratification_collapse,21.31,1.0,0.0,4.42,0.506,7.97
1455,Litopenaeus_vannamei,summer,poor,False,none,21.31,1.0,0.0,4.28,0.517,7.97
1456,Penaeus_monodon,monsoon,excellent,False,none,21.31,1.0,0.0,4.71,0.506,7.97
1457,Penaeus_monodon,summer,good,False,none,21.31,1.0,0.0,4.35,0.509,7.97
1458,Litopenaeus_vannamei,monsoon,very_poor,True,other,1.31,0.0503,1500.0,0.0,2.549,7.97
1459,Penaeus_monodon,summer,very_poor,False,none,21.31,1.0,0.0,4.11,0.523,7.97
1460,Penaeus_monodon,northeast,poor,False,none,21.31,1.0,0.0,4.69,0.519,7.97
1461,Litopenaeus_vannamei,summer,poor,True,sensor_fault,21.31,1.0,0.0,4.22,0.517,7.97
1462,Penaeus_monodon,summer,good,True,stratification_collapse,21.31,1.0,0.0,3.93,0.507,7.97
1463,Penaeus_monodon,monsoon,good,False,none,21.31,1.0,0.0,4.48,0.505,7.97
1464,Penaeus_monodon,winter,very_poor,False,none,21.31,1.0,0.0,4.55,0.529,7.97
1465,Litopenaeus_vannamei,monsoon,very_poor,False,none,21.31,1.0,0.0,4.24,0.548,7.97
1466,Penaeus_monodon,northeast,excellent,True,stratification_collapse,21.31,1.0,0.0,4.52,0.504,7.97
1467,Penaeus_monodon,northeast,excellent,False,none,21.31,1.0,0.0,4.76,0.503,7.97
1468,Litopenaeus_vannamei,northeast,good,True,stratification_collapse,21.31,1.0,0.0,4.56,0.52,7.97
1469,Litopenaeus_vannamei,monsoon,very_poor,False,none,21.31,1.0,0.0,4.62,0.544,7.97
1470,Penaeus_monodon,monsoon,good,False,none,21.31,1.0,0.0,4.53,0.506,7.97
1471,Litopenaeus_vannamei,monsoon,good,False,none,21.31,1.0,0.0,4.31,0.537,7.97
1472,Litopenaeus_vannamei,summer,excellent,False,none,21.31,1.0,0.0,4.54,0.519,7.97
1473,Litopenaeus_vannamei,summer,poor,False,none,21.31,1.0,0.0,3.59,0.528,7.97
1474,Litopenaeus_vannamei,winter,very_poor,False,none,21.31,1.0,0.0,3.43,0.558,7.97
1475,Litopenaeus_vannamei,monsoon,very_poor,False,none,21.31,1.0,0.0,4.33,0.565,7.97
1476,Litopenaeus_vannamei,monsoon,poor,True,stratification_collapse,21.31,1.0,0.0,4.62,0.528,7.97
1477,Penaeus_monodon,winter,good,True,stratification_collapse,21.31,1.0,0.0,4.11,0.505,7.97
1478,Litopenaeus_vannamei,monsoon,excellent,True,stratification_collapse,21.31,1.0,0.0,4.63,0.51,7.97
1479,Litopenaeus_vannamei,northeast,poor,False,none,21.31,1.0,0.0,4.12,0.526,7.97
1480,Litopenaeus_vannamei,northeast,very_poor,False,none,21.31,1.0,0.0,4.11,0.547,7.97
1481,Litopenaeus_vannamei,winter,good,False,none,21.31,1.0,0.0,4.2,0.518,7.97
1482,Litopenaeus_vannamei,winter,excellent,True,sensor_fault,21.31,1.0,0.0,4.27,0.516,7.97
1483,Litopenaeus_vannamei,northeast,excellent,False,none,21.31,1.0,0.0,4.32,0.517,7.97
1484,Litopenaeus_vannamei,northeast,excellent,False,none,21.31,1.0,0.0,4.24,0.513,7.97
1485,Penaeus_monodon,summer,good,True,stratification_collapse,21.31,1.0,0.0,4.08,0.508,7.97
1486,Penaeus_monodon,winter,very_poor,False,none,21.31,1.0,0.0,3.9,0.539,7.97
1487,Litopenaeus_vannamei,northeast,excellent,False,none,21.31,1.0,0.0,4.3,0.529,7.97
1488,Penaeus_monodon,monsoon,good,False,none,21.31,1.0,0.0,4.54,0.512,7.97
1489,Penaeus_monodon,winter,excellent,False,none,21.31,1.0,0.0,4.6,0.508,7.97
1490,Penaeus_monodon,summer,excellent,False,none,21.31,1.0,0.0,3.79,0.502,7.97
1491,Litopenaeus_vannamei,summer,poor,True,stratification_collapse,21.31,1.0,0.0,4.11,0.534,7.97
1492,Litopenaeus_vannamei,winter,poor,False,none,21.31,1.0,0.0,4.35,0.544,7.97
1493,Litopenaeus_vannamei,monsoon,very_poor,False,none,21.31,1.0,0.0,4.71,0.526,7.97
1494,Litopenaeus_vannamei,summer,poor,False,none,21.31,1.0,0.0,4.29,0.524,7.97
1495,Penaeus_monodon,monsoon,good,False,none,21.31,1.0,0.0,4.69,0.512,7.97
1496,Litopenaeus_vannamei,summer,very_poor,False,none,21.31,1.0,0.0,4.01,0.579,7.97
1497,Litopenaeus_vannamei,summer,poor,True,sensor_fault,21.31,1.0,0.0,4.1,0.528,7.97
1498,Litopenaeus_vannamei,winter,excellent,False,none,21.31,1.0,0.0,4.42,0.518,7.97
1499,Penaeus_monodon,winter,good,False,none,21.31,1.0,0.0,4.51,0.512,7.97
1500,Penaeus_monodon,summer,very_poor,False,none,21.31,1.0,0.0,4.27,0.524,7.97
1501,Litopenaeus_vannamei,winter,good,True,stratification_collapse,21.31,1.0,0.0,4.0,0.52,7.97
1502,Litopenaeus_vannamei,winter,poor,False,none,21.31,1.0,0.0,4.21,0.525,7.97
1503,Penaeus_monodon,monsoon,good,False,none,21.31,1.0,0.0,4.87,0.51,7.97
1504,Penaeus_monodon,monsoon,very_poor,False,none,21.31,1.0,0.0,4.49,0.519,7.97
1505,Litopenaeus_vannamei,summer,very_poor,False,none,21.31,1.0,0.0,4.03,0.53,7.97
1506,Litopenaeus_vannamei,winter,excellent,False,none,21.31,1.0,0.0,4.23,0.513,7.97
1507,Litopenaeus_vannamei,winter,good,False,none,21.31,1.0,0.0,4.41,0.531,7.97
1508,Penaeus_monodon,monsoon,good,False,none,21.31,1.0,0.0,4.77,0.51,7.97
1509,Penaeus_monodon,monsoon,poor,False,none,21.31,1.0,0.0,4.86,0.513,7.97
1510,Penaeus_monodon,winter,very_poor,False,none,21.31,1.0,0.0,4.25,0.515,7.97
1511,Litopenaeus_vannamei,winter,excellent,True,stratification_collapse,13.9,1.0,13.0,4.37,0.513,7.97
1512,Penaeus_monodon,monsoon,good,True,stratification_collapse,21.31,1.0,0.0,4.48,0.51,7.97
1513,Penaeus_monodon,summer,good,False,none,21.31,1.0,0.0,4.32,0.506,7.97
1514,Litopenaeus_vannamei,monsoon,very_poor,True,aerator_failure,1.13,0.0433,1585.0,0.0,0.567,7.97
1515,Penaeus_monodon,summer,very_poor,False,none,21.31,1.0,0.0,4.22,0.508,7.97
1516,Litopenaeus_vannamei,summer,good,False,none,21.31,1.0,0.0,4.36,0.525,7.97
1517,Penaeus_monodon,winter,excellent,False,none,21.31,1.0,0.0,4.32,0.512,7.97
1518,Litopenaeus_vannamei,winter,poor,False,none,21.31,1.0,0.0,3.95,0.547,7.97
1519,Litopenaeus_vannamei,northeast,very_poor,True,stratification_collapse,21.31,1.0,0.0,4.47,0.567,7.97
1520,Penaeus_monodon,monsoon,good,False,none,21.31,1.0,0.0,4.82,0.504,7.97
1521,Litopenaeus_vannamei,northeast,poor,False,none,21.31,1.0,0.0,4.46,0.54,7.97
1522,Litopenaeus_vannamei,monsoon,very_poor,False,none,21.31,1.0,0.0,4.37,0.587,7.97
1523,Litopenaeus_vannamei,winter,good,False,none,21.31,1.0,0.0,4.07,0.527,7.97
1524,Litopenaeus_vannamei,northeast,good,True,stratification_collapse,13.32,1.0,5.0,4.7,0.515,7.97
1525,Penaeus_monodon,northeast,excellent,False,none,21.31,1.0,0.0,4.65,0.502,7.97
1526,Litopenaeus_vannamei,summer,excellent,False,none,21.31,1.0,0.0,4.38,0.523,7.97
1527,Penaeus_monodon,winter,poor,False,none,21.31,1.0,0.0,4.58,0.526,7.97
1528,Penaeus_monodon,winter,good,False,none,21.31,1.0,0.0,4.54,0.509,7.97
1529,Penaeus_monodon,summer,good,False,none,21.31,1.0,0.0,4.3,0.508,7.97
1530,Litopenaeus_vannamei,winter,poor,False,none,21.31,1.0,0.0,3.96,0.533,7.97
1531,Litopenaeus_vannamei,monsoon,very_poor,False,none,21.31,1.0,0.0,4.47,0.548,7.97
1532,Litopenaeus_vannamei,northeast,poor,False,none,21.31,1.0,0.0,4.28,0.539,7.97
1533,Litopenaeus_vannamei,monsoon,excellent,True,stratification_collapse,21.31,1.0,0.0,4.74,0.514,7.97
1534,Penaeus_monodon,monsoon,poor,False,none,21.31,1.0,0.0,4.42,0.51,7.97
1535,Penaeus_monodon,summer,good,False,none,21.31,1.0,0.0,4.09,0.505,7.97
1536,Litopenaeus_vannamei,northeast,poor,False,none,21.31,1.0,0.0,4.52,0.524,7.97
1537,Penaeus_monodon,winter,very_poor,False,none,21.31,1.0,0.0,4.25,0.527,7.97
1538,Penaeus_monodon,summer,good,False,none,21.31,1.0,0.0,4.0,0.515,7.97
1539,Litopenaeus_vannamei,northeast,very_poor,False,none,21.31,1.0,0.0,3.99,0.584,7.97
1540,Litopenaeus_vannamei,northeast,excellent,False,none,21.31,1.0,0.0,4.33,0.514,7.97
1541,Penaeus_monodon,northeast,poor,False,none,21.31,1.0,0.0,4.33,0.519,7.97
1542,Penaeus_monodon,monsoon,poor,False,none,21.31,1.0,0.0,4.48,0.514,7.97
1543,Litopenaeus_vannamei,winter,excellent,True,sensor_fault,21.31,1.0,0.0,4.05,0.519,7.97
1544,Litopenaeus_vannamei,monsoon,excellent,False,none,21.31,1.0,0.0,4.55,0.511,7.97
1545,Litopenaeus_vannamei,northeast,good,False,none,21.31,1.0,0.0,4.33,0.515,7.97
1546,Litopenaeus_vannamei,winter,poor,False,none,21.31,1.0,0.0,4.25,0.522,7.97
1547,Litopenaeus_vannamei,northeast,very_poor,False,none,21.31,1.0,0.0,4.41,0.535,7.97
1548,Litopenaeus_vannamei,monsoon,very_poor,False,none,21.31,1.0,0.0,4.4,0.592,7.97
1549,Litopenaeus_vannamei,summer,excellent,False,none,21.31,1.0,0.0,4.4,0.513,7.97
1550,Litopenaeus_vannamei,summer,poor,False,none,21.31,1.0,0.0,4.17,0.519,7.97
1551,Litopenaeus_vannamei,winter,excellent,True,stratification_collapse,21.31,1.0,0.0,4.44,0.511,7.97
1552,Litopenaeus_vannamei,winter,excellent,False,none,21.31,1.0,0.0,4.6,0.518,7.97
1553,Penaeus_monodon,summer,good,False,none,21.31,1.0,0.0,3.89,0.505,7.97
1554,Penaeus_monodon,summer,excellent,False,none,21.31,1.0,0.0,4.0,0.506,7.97
1555,Penaeus_monodon,summer,good,False,none,21.31,1.0,0.0,3.85,0.507,7.97
1556,Penaeus_monodon,northeast,very_poor,False,none,21.31,1.0,0.0,4.32,0.518,7.97
1557,Litopenaeus_vannamei,northeast,excellent,False,none,21.31,1.0,0.0,4.63,0.522,7.97
1558,Litopenaeus_vannamei,summer,poor,False,none,21.31,1.0,0.0,3.84,0.542,7.97
1559,Penaeus_monodon,northeast,poor,False,none,21.31,1.0,0.0,4.62,0.51,7.97
1560,Penaeus_monodon,monsoon,good,False,none,21.31,1.0,0.0,4.78,0.504,7.97
1561,Litopenaeus_vannamei,winter,excellent,False,none,21.31,1.0,0.0,4.5,0.518,7.97
1562,Penaeus_monodon,northeast,very_poor,False,none,21.31,1.0,0.0,4.26,0.509,7.97
1563,Penaeus_monodon,northeast,poor,False,none,21.31,1.0,0.0,4.65,0.515,7.97
1564,Litopenaeus_vannamei,summer,good,False,none,21.31,1.0,0.0,4.13,0.515,7.97
1565,Penaeus_monodon,winter,very_poor,False,none,21.31,1.0,0.0,4.41,0.525,7.97
1566,Litopenaeus_vannamei,summer,poor,True,stratification_collapse,12.62,1.0,18.0,4.05,0.527,7.97
1567,Litopenaeus_vannamei,monsoon,good,True,stratification_collapse,21.31,1.0,0.0,4.48,0.521,7.97
1568,Penaeus_monodon,winter,excellent,False,none,21.31,1.0,0.0,3.95,0.505,7.97
1569,Penaeus_monodon,winter,good,False,none,21.31,1.0,0.0,4.16,0.509,7.97
1570,Litopenaeus_vannamei,summer,good,False,none,21.31,1.0,0.0,4.08,0.515,7.97
1571,Litopenaeus_vannamei,winter,good,False,none,21.31,1.0,0.0,4.01,0.522,7.97
1572,Penaeus_monodon,monsoon,good,False,none,21.31,1.0,0.0,4.82,0.506,7.97
1573,Penaeus_monodon,summer,excellent,False,none,21.31,1.0,0.0,4.22,0.504,7.97
1574,Penaeus_monodon,monsoon,good,False,none,21.31,1.0,0.0,4.83,0.511,7.97
1575,Litopenaeus_vannamei,summer,good,False,none,21.31,1.0,0.0,4.36,0.52,7.97
1576,Penaeus_monodon,northeast,poor,False,none,21.31,1.0,0.0,4.67,0.51,7.97
1577,Penaeus_monodon,northeast,good,False,none,21.31,1.0,0.0,4.66,0.509,7.97
1578,Penaeus_monodon,northeast,very_poor,False,none,21.31,1.0,0.0,4.62,0.512,7.97
1579,Litopenaeus_vannamei,northeast,very_poor,False,none,21.31,1.0,0.0,4.33,0.549,7.97
1580,Litopenaeus_vannamei,summer,very_poor,False,none,21.31,1.0,0.0,3.97,0.534,7.97
1581,Penaeus_monodon,winter,very_poor,False,none,21.31,1.0,0.0,4.42,0.515,7.97
1582,Litopenaeus_vannamei,monsoon,very_poor,False,none,21.31,1.0,0.0,4.58,0.564,7.97
1583,Penaeus_monodon,monsoon,excellent,False,none,21.31,1.0,0.0,4.57,0.506,7.97
1584,Penaeus_monodon,northeast,excellent,False,none,21.31,1.0,0.0,4.59,0.502,7.97
1585,Penaeus_monodon,summer,very_poor,False,none,21.31,1.0,0.0,4.22,0.519,7.97
1586,Penaeus_monodon,monsoon,excellent,False,none,21.31,1.0,0.0,4.85,0.506,7.97
1587,Litopenaeus_vannamei,monsoon,excellent,False,none,21.31,1.0,0.0,4.38,0.526,7.97
1588,Litopenaeus_vannamei,summer,good,False,none,21.31,1.0,0.0,4.28,0.518,7.97
1589,Litopenaeus_vannamei,monsoon,very_poor,False,none,21.31,1.0,0.0,4.07,0.543,7.97
1590,Litopenaeus_vannamei,northeast,very_poor,False,none,21.31,1.0,0.0,4.28,0.551,7.97
1591,Litopenaeus_vannamei,monsoon,very_poor,False,none,21.31,1.0,0.0,4.22,0.56,7.97
1592,Penaeus_monodon,monsoon,good,False,none,21.31,1.0,0.0,4.85,0.507,7.97
1593,Penaeus_monodon,summer,poor,False,none,21.31,1.0,0.0,3.93,0.516,7.97
1594,Litopenaeus_vannamei,summer,excellent,True,stratification_collapse,21.31,1.0,0.0,3.85,0.515,7.97
1595,Litopenaeus_vannamei,summer,very_poor,False,none,21.31,1.0,0.0,4.0,0.538,7.97
1596,Litopenaeus_vannamei,northeast,very_poor,False,none,21.31,1.0,0.0,3.84,0.539,7.97
1597,Penaeus_monodon,winter,good,True,stratification_collapse,21.31,1.0,0.0,4.5,0.51,7.97
1598,Penaeus_monodon,winter,poor,False,none,21.31,1.0,0.0,4.31,0.513,7.97
1599,Penaeus_monodon,summer,good,False,none,21.31,1.0,0.0,4.19,0.509,7.97
1600,Litopenaeus_vannamei,northeast,good,True,sensor_fault,21.31,1.0,0.0,4.29,0.523,7.97
1601,Penaeus_monodon,winter,poor,True,stratification_collapse,21.31,1.0,0.0,4.11,0.507,7.97
1602,Penaeus_monodon,northeast,very_poor,False,none,21.31,1.0,0.0,4.6,0.521,7.97
1603,Litopenaeus_vannamei,winter,excellent,False,none,21.31,1.0,0.0,3.93,0.518,7.97
1604,Litopenaeus_vannamei,northeast,very_poor,False,none,21.31,1.0,0.0,3.92,0.563,7.97
1605,Litopenaeus_vannamei,summer,very_poor,False,none,21.31,1.0,0.0,3.81,0.566,7.97
1606,Penaeus_monodon,summer,good,False,none,21.31,1.0,0.0,4.21,0.507,7.97
1607,Litopenaeus_vannamei,northeast,very_poor,False,none,21.31,1.0,0.0,3.99,0.543,7.97
1608,Litopenaeus_vannamei,northeast,poor,False,none,21.31,1.0,0.0,4.57,0.523,7.97
1609,Penaeus_monodon,monsoon,excellent,False,none,21.31,1.0,0.0,4.69,0.506,7.97
1610,Penaeus_monodon,winter,good,False,none,21.31,1.0,0.0,4.06,0.506,7.97
1611,Penaeus_monodon,northeast,poor,False,none,21.31,1.0,0.0,4.51,0.514,7.97
1612,Litopenaeus_vannamei,winter,good,False,none,21.31,1.0,0.0,4.29,0.522,7.97
1613,Penaeus_monodon,summer,very_poor,False,none,21.31,1.0,0.0,4.48,0.512,7.97
1614,Litopenaeus_vannamei,monsoon,good,False,none,21.31,1.0,0.0,4.45,0.53,7.97
1615,Penaeus_monodon,northeast,poor,False,none,21.31,1.0,0.0,4.16,0.521,7.97
1616,Penaeus_monodon,monsoon,poor,True,stratification_collapse,21.31,1.0,0.0,4.78,0.51,7.97
1617,Penaeus_monodon,monsoon,poor,False,none,21.31,1.0,0.0,4.69,0.506,7.97
1618,Litopenaeus_vannamei,northeast,very_poor,False,none,21.31,1.0,0.0,4.38,0.542,7.97
1619,Litopenaeus_vannamei,monsoon,poor,False,none,21.31,1.0,0.0,4.44,0.526,7.97
1620,Litopenaeus_vannamei,monsoon,excellent,False,none,21.31,1.0,0.0,4.68,0.516,7.97
1621,Litopenaeus_vannamei,northeast,excellent,False,none,21.31,1.0,0.0,4.64,0.51,7.97
1622,Penaeus_monodon,winter,poor,True,stratification_collapse,21.31,1.0,0.0,4.15,0.508,7.97
1623,Litopenaeus_vannamei,winter,excellent,False,none,21.31,1.0,0.0,4.54,0.523,7.97
1624,Litopenaeus_vannamei,summer,very_poor,False,none,21.31,1.0,0.0,3.79,0.551,7.97
1625,Penaeus_monodon,northeast,poor,True,stratification_collapse,21.31,1.0,0.0,4.64,0.513,7.97
1626,Penaeus_monodon,monsoon,good,False,none,21.31,1.0,0.0,4.85,0.508,7.97
1627,Penaeus_monodon,winter,poor,False,none,21.31,1.0,0.0,3.99,0.513,7.97
1628,Litopenaeus_vannamei,northeast,good,False,none,21.31,1.0,0.0,4.69,0.521,7.97
1629,Penaeus_monodon,summer,good,False,none,21.31,1.0,0.0,4.12,0.503,7.97
1630,Litopenaeus_vannamei,northeast,poor,False,none,21.31,1.0,0.0,4.31,0.527,7.97
1631,Litopenaeus_vannamei,northeast,good,False,none,21.31,1.0,0.0,4.07,0.522,7.97
1632,Litopenaeus_vannamei,monsoon,excellent,False,none,21.31,1.0,0.0,4.72,0.513,7.97
1633,Penaeus_monodon,winter,poor,False,none,21.31,1.0,0.0,4.05,0.514,7.97
1634,Litopenaeus_vannamei,winter,excellent,False,none,21.31,1.0,0.0,3.9,0.51,7.97
1635,Litopenaeus_vannamei,monsoon,very_poor,False,none,21.31,1.0,0.0,4.31,0.548,7.97
1636,Litopenaeus_vannamei,winter,excellent,False,none,21.31,1.0,0.0,4.56,0.513,7.97
1637,Penaeus_monodon,summer,good,False,none,21.31,1.0,0.0,4.47,0.505,7.97
1638,Penaeus_monodon,winter,poor,False,none,21.31,1.0,0.0,4.06,0.51,7.97
1639,Litopenaeus_vannamei,summer,poor,False,none,21.31,1.0,0.0,4.15,0.545,7.97
1640,Penaeus_monodon,winter,excellent,False,none,21.31,1.0,0.0,4.53,0.507,7.97
1641,Penaeus_monodon,winter,very_poor,False,none,21.31,1.0,0.0,4.19,0.516,7.97
1642,Penaeus_monodon,monsoon,good,False,none,21.31,1.0,0.0,4.7,0.504,7.97
1643,Penaeus_monodon,winter,excellent,False,none,21.31,1.0,0.0,4.61,0.505,7.97
1644,Penaeus_monodon,summer,excellent,True,stratification_collapse,21.31,1.0,0.0,3.91,0.504,7.97
1645,Penaeus_monodon,northeast,poor,False,none,21.31,1.0,0.0,4.24,0.517,7.97
1646,Penaeus_monodon,northeast,very_poor,False,none,21.31,1.0,0.0,4.58,0.519,7.97
1647,Penaeus_monodon,winter,poor,False,none,21.31,1.0,0.0,4.39,0.514,7.97
1648,Litopenaeus_vannamei,winter,very_poor,True,aerator_failure,0.98,0.0372,1660.0,0.0,0.552,7.97
1649,Penaeus_monodon,northeast,good,False,none,21.31,1.0,0.0,4.16,0.507,7.97
1650,Penaeus_monodon,summer,poor,False,none,21.31,1.0,0.0,4.56,0.506,7.97
1651,Litopenaeus_vannamei,northeast,excellent,True,sensor_fault,21.31,1.0,0.0,4.31,0.513,7.97
1652,Penaeus_monodon,winter,poor,True,stratification_collapse,21.31,1.0,0.0,4.16,0.51,7.97
1653,Litopenaeus_vannamei,summer,excellent,True,stratification_collapse,21.31,1.0,0.0,4.08,0.515,7.97
1654,Litopenaeus_vannamei,summer,excellent,False,none,21.31,1.0,0.0,4.23,0.512,7.97
1655,Litopenaeus_vannamei,monsoon,poor,False,none,21.31,1.0,0.0,4.22,0.54,7.97
1656,Penaeus_monodon,monsoon,good,False,none,21.31,1.0,0.0,4.78,0.507,7.97
1657,Penaeus_monodon,winter,excellent,False,none,21.31,1.0,0.0,3.87,0.507,7.97
1658,Penaeus_monodon,northeast,poor,False,none,21.31,1.0,0.0,4.36,0.516,7.97
1659,Penaeus_monodon,northeast,poor,False,none,21.31,1.0,0.0,4.19,0.519,7.97
1660,Litopenaeus_vannamei,monsoon,excellent,False,none,21.31,1.0,0.0,4.69,0.507,7.97
1661,Penaeus_monodon,summer,excellent,False,none,21.31,1.0,0.0,4.14,0.509,7.97
1662,Penaeus_monodon,northeast,poor,True,stratification_collapse,21.31,1.0,0.0,4.23,0.509,7.97
1663,Litopenaeus_vannamei,summer,poor,False,none,21.31,1.0,0.0,3.66,0.539,7.97
1664,Penaeus_monodon,northeast,excellent,False,none,21.31,1.0,0.0,4.53,0.506,7.97
1665,Penaeus_monodon,summer,excellent,False,none,21.31,1.0,0.0,4.54,0.51,7.97
1666,Litopenaeus_vannamei,summer,poor,False,none,21.31,1.0,0.0,4.32,0.546,7.97
1667,Penaeus_monodon,northeast,very_poor,False,none,21.31,1.0,0.0,4.64,0.507,7.97
1668,Litopenaeus_vannamei,monsoon,excellent,False,none,21.31,1.0,0.0,4.72,0.513,7.97
1669,Litopenaeus_vannamei,monsoon,good,False,none,21.31,1.0,0.0,4.37,0.531,7.97
1670,Penaeus_monodon,winter,very_poor,False,none,21.31,1.0,0.0,4.33,0.525,7.97
1671,Penaeus_monodon,northeast,very_poor,False,none,21.31,1.0,0.0,4.55,0.536,7.97
1672,Penaeus_monodon,monsoon,excellent,False,none,21.31,1.0,0.0,4.77,0.508,7.97
1673,Penaeus_monodon,summer,poor,False,none,21.31,1.0,0.0,4.45,0.506,7.97
1674,Penaeus_monodon,summer,good,False,none,21.31,1.0,0.0,4.43,0.505,7.97
1675,Penaeus_monodon,winter,excellent,False,none,21.31,1.0,0.0,4.55,0.506,7.97
1676,Litopenaeus_vannamei,summer,good,False,none,21.31,1.0,0.0,4.11,0.519,7.97
1677,Penaeus_monodon,northeast,excellent,False,none,21.31,1.0,0.0,4.76,0.511,7.97
1678,Penaeus_monodon,northeast,excellent,False,none,21.31,1.0,0.0,4.46,0.509,7.97
1679,Litopenaeus_vannamei,monsoon,poor,False,none,21.31,1.0,0.0,4.6,0.526,7.97
1680,Penaeus_monodon,monsoon,poor,False,none,21.31,1.0,0.0,4.62,0.509,7.97
1681,Penaeus_monodon,summer,good,False,none,21.31,1.0,0.0,3.89,0.507,7.97
1682,Penaeus_monodon,northeast,good,False,none,21.31,1.0,0.0,4.67,0.505,7.97
1683,Litopenaeus_vannamei,summer,good,False,none,21.31,1.0,0.0,3.99,0.508,7.97
1684,Penaeus_monodon,summer,poor,False,none,21.31,1.0,0.0,4.2,0.514,7.97
1685,Litopenaeus_vannamei,northeast,very_poor,False,none,21.31,1.0,0.0,4.61,0.527,7.97
1686,Litopenaeus_vannamei,summer,excellent,False,none,21.31,1.0,0.0,4.41,0.516,7.97
1687,Penaeus_monodon,summer,good,True,stratification_collapse,21.31,1.0,0.0,4.5,0.512,7.97
1688,Penaeus_monodon,monsoon,very_poor,True,stratification_collapse,21.31,1.0,0.0,4.6,0.522,7.97
1689,Penaeus_monodon,northeast,very_poor,True,stratification_collapse,21.31,1.0,0.0,4.65,0.509,7.97
1690,Litopenaeus_vannamei,winter,excellent,False,none,21.31,1.0,0.0,4.21,0.52,7.97
1691,Penaeus_monodon,winter,very_poor,False,none,21.31,1.0,0.0,4.22,0.513,7.97
1692,Litopenaeus_vannamei,monsoon,poor,False,none,21.31,1.0,0.0,4.41,0.521,7.97
1693,Litopenaeus_vannamei,monsoon,good,True,stratification_collapse,21.31,1.0,0.0,4.56,0.518,7.97
1694,Litopenaeus_vannamei,monsoon,good,False,none,21.31,1.0,0.0,4.56,0.517,7.97
1695,Litopenaeus_vannamei,winter,excellent,True,aerator_failure,1.24,0.0479,1536.0,0.0,0.518,7.97
1696,Litopenaeus_vannamei,monsoon,very_poor,False,none,21.31,1.0,0.0,4.1,0.542,7.97
1697,Penaeus_monodon,winter,excellent,False,none,21.31,1.0,0.0,4.26,0.504,7.97
1698,Penaeus_monodon,monsoon,good,False,none,21.31,1.0,0.0,4.72,0.507,7.97
1699,Penaeus_monodon,winter,good,False,none,21.31,1.0,0.0,4.51,0.511,7.97
1700,Penaeus_monodon,monsoon,very_poor,False,none,21.31,1.0,0.0,4.79,0.524,7.97
1701,Penaeus_monodon,winter,very_poor,False,none,21.31,1.0,0.0,4.64,0.515,7.97
1702,Penaeus_monodon,monsoon,poor,True,stratification_collapse,21.31,1.0,0.0,4.79,0.505,7.97
1703,Penaeus_monodon,winter,good,False,none,21.31,1.0,0.0,4.53,0.506,7.97
1704,Litopenaeus_vannamei,summer,very_poor,False,none,21.31,1.0,0.0,3.93,0.566,7.97
1705,Litopenaeus_vannamei,summer,very_poor,False,none,21.31,1.0,0.0,4.01,0.586,7.97
1706,Penaeus_monodon,winter,excellent,False,none,21.31,1.0,0.0,4.57,0.509,7.97
1707,Litopenaeus_vannamei,summer,excellent,True,sensor_fault,21.31,1.0,0.0,4.47,0.507,7.97
1708,Penaeus_monodon,summer,very_poor,False,none,21.31,1.0,0.0,4.43,0.519,7.97
1709,Litopenaeus_vannamei,winter,excellent,False,none,21.31,1.0,0.0,4.42,0.517,7.97
1710,Penaeus_monodon,summer,good,False,none,21.31,1.0,0.0,4.42,0.504,7.97
1711,Penaeus_monodon,northeast,excellent,False,none,21.31,1.0,0.0,4.48,0.505,7.97
1712,Penaeus_monodon,monsoon,good,False,none,21.31,1.0,0.0,4.9,0.504,7.97
1713,Penaeus_monodon,monsoon,good,False,none,21.31,1.0,0.0,4.69,0.503,7.97
1714,Penaeus_monodon,summer,poor,False,none,21.31,1.0,0.0,4.3,0.508,7.97
1715,Litopenaeus_vannamei,summer,excellent,False,none,21.31,1.0,0.0,3.68,0.535,7.97
1716,Litopenaeus_vannamei,summer,good,False,none,21.31,1.0,0.0,4.02,0.538,7.97
1717,Litopenaeus_vannamei,monsoon,good,False,none,21.31,1.0,0.0,4.53,0.518,7.97
1718,Penaeus_monodon,monsoon,excellent,False,none,21.31,1.0,0.0,4.73,0.503,7.97
1719,Penaeus_monodon,summer,poor,True,stratification_collapse,21.31,1.0,0.0,3.83,0.52,7.97
1720,Penaeus_monodon,winter,poor,False,none,21.31,1.0,0.0,4.26,0.515,7.97
1721,Litopenaeus_vannamei,winter,very_poor,True,stratification_collapse,21.31,1.0,0.0,4.14,0.531,7.97
1722,Penaeus_monodon,winter,poor,False,none,21.31,1.0,0.0,4.35,0.507,7.97
1723,Penaeus_monodon,monsoon,good,True,stratification_collapse,21.31,1.0,0.0,4.79,0.508,7.97
1724,Litopenaeus_vannamei,winter,very_poor,False,none,21.31,1.0,0.0,4.2,0.545,7.97
1725,Penaeus_monodon,summer,excellent,False,none,21.31,1.0,0.0,4.42,0.502,7.97
1726,Litopenaeus_vannamei,northeast,very_poor,False,none,21.31,1.0,0.0,4.24,0.542,7.97
1727,Litopenaeus_vannamei,monsoon,poor,False,none,21.31,1.0,0.0,4.7,0.525,7.97
1728,Penaeus_monodon,summer,very_poor,False,none,21.31,1.0,0.0,3.86,0.506,7.97
1729,Litopenaeus_vannamei,winter,very_poor,True,stratification_collapse,21.31,1.0,0.0,3.84,0.542,7.97
1730,Litopenaeus_vannamei,northeast,good,False,none,21.31,1.0,0.0,4.27,0.514,7.97
1731,Penaeus_monodon,summer,very_poor,False,none,21.31,1.0,0.0,3.9,0.53,7.97
1732,Litopenaeus_vannamei,summer,poor,False,none,21.31,1.0,0.0,4.11,0.52,7.97
1733,Litopenaeus_vannamei,summer,excellent,True,sensor_fault,21.31,1.0,0.0,4.47,0.511,7.97
1734,Litopenaeus_vannamei,winter,poor,False,none,21.31,1.0,0.0,4.4,0.517,7.97
1735,Penaeus_monodon,winter,very_poor,False,none,21.31,1.0,0.0,4.52,0.529,7.97
1736,Litopenaeus_vannamei,northeast,good,False,none,21.31,1.0,0.0,4.47,0.534,7.97
1737,Litopenaeus_vannamei,winter,excellent,False,none,21.31,1.0,0.0,4.38,0.516,7.97
1738,Litopenaeus_vannamei,winter,good,False,none,21.31,1.0,0.0,3.83,0.535,7.97
1739,Litopenaeus_vannamei,northeast,very_poor,False,none,21.31,1.0,0.0,4.01,0.568,7.97
1740,Litopenaeus_vannamei,monsoon,excellent,False,none,21.31,1.0,0.0,4.64,0.51,7.97
1741,Litopenaeus_vannamei,monsoon,poor,False,none,21.31,1.0,0.0,4.37,0.521,7.97
1742,Litopenaeus_vannamei,winter,poor,False,none,21.31,1.0,0.0,4.39,0.529,7.97
1743,Litopenaeus_vannamei,summer,excellent,False,none,21.31,1.0,0.0,4.55,0.511,7.97
1744,Penaeus_monodon,winter,good,False,none,21.31,1.0,0.0,4.46,0.509,7.97
1745,Penaeus_monodon,northeast,poor,False,none,21.31,1.0,0.0,4.6,0.509,7.97
1746,Litopenaeus_vannamei,monsoon,very_poor,False,none,21.31,1.0,0.0,4.41,0.556,7.97
1747,Penaeus_monodon,northeast,very_poor,True,stratification_collapse,21.31,1.0,0.0,4.3,0.516,7.97
1748,Penaeus_monodon,winter,excellent,False,none,21.31,1.0,0.0,4.51,0.504,7.97
1749,Litopenaeus_vannamei,winter,very_poor,False,none,21.31,1.0,0.0,3.76,0.548,7.97
1750,Penaeus_monodon,northeast,excellent,True,stratification_collapse,21.31,1.0,0.0,4.43,0.503,7.97
1751,Litopenaeus_vannamei,northeast,good,False,none,21.31,1.0,0.0,4.71,0.516,7.97
1752,Litopenaeus_vannamei,summer,excellent,False,none,21.31,1.0,0.0,3.93,0.51,7.97
1753,Litopenaeus_vannamei,monsoon,very_poor,True,stratification_collapse,21.31,1.0,0.0,4.59,0.547,7.97
1754,Litopenaeus_vannamei,monsoon,very_poor,False,none,21.31,1.0,0.0,4.41,0.54,7.97
1755,Penaeus_monodon,winter,very_poor,False,none,21.31,1.0,0.0,4.18,0.51,7.97
1756,Penaeus_monodon,winter,poor,False,none,21.31,1.0,0.0,4.49,0.51,7.97
1757,Penaeus_monodon,winter,excellent,False,none,21.31,1.0,0.0,4.57,0.502,7.97
1758,Litopenaeus_vannamei,northeast,very_poor,True,stratification_collapse,14.1,1.0,6.0,4.46,0.55,7.97
1759,Penaeus_monodon,monsoon,very_poor,False,none,21.31,1.0,0.0,4.54,0.52,7.97
1760,Litopenaeus_vannamei,summer,very_poor,False,none,21.31,1.0,0.0,3.79,0.547,7.97
1761,Litopenaeus_vannamei,winter,poor,False,none,21.31,1.0,0.0,4.25,0.548,7.97
1762,Penaeus_monodon,monsoon,good,False,none,21.31,1.0,0.0,4.69,0.508,7.97
1763,Penaeus_monodon,northeast,good,False,none,21.31,1.0,0.0,4.63,0.512,7.97
1764,Litopenaeus_vannamei,summer,poor,False,none,21.31,1.0,0.0,4.19,0.526,7.97
1765,Litopenaeus_vannamei,monsoon,good,False,none,21.31,1.0,0.0,4.61,0.512,7.97
1766,Litopenaeus_vannamei,northeast,very_poor,True,stratification_collapse,21.31,1.0,0.0,3.85,0.57,7.97
1767,Penaeus_monodon,northeast,poor,False,none,21.31,1.0,0.0,4.6,0.515,7.97
1768,Litopenaeus_vannamei,winter,poor,False,none,21.31,1.0,0.0,4.11,0.541,7.97
1769,Litopenaeus_vannamei,winter,excellent,False,none,21.31,1.0,0.0,4.07,0.513,7.97
1770,Penaeus_monodon,winter,good,False,none,21.31,1.0,0.0,4.42,0.506,7.97
1771,Litopenaeus_vannamei,summer,poor,False,none,21.31,1.0,0.0,3.85,0.544,7.97
1772,Litopenaeus_vannamei,winter,good,False,none,21.31,1.0,0.0,4.36,0.518,7.97
1773,Penaeus_monodon,monsoon,poor,False,none,21.31,1.0,0.0,4.57,0.519,7.97
1774,Penaeus_monodon,winter,good,False,none,21.31,1.0,0.0,4.57,0.508,7.97
1775,Penaeus_monodon,summer,excellent,False,none,21.31,1.0,0.0,3.89,0.509,7.97
1776,Litopenaeus_vannamei,northeast,good,False,none,21.31,1.0,0.0,4.26,0.52,7.97
1777,Penaeus_monodon,monsoon,excellent,False,none,21.31,1.0,0.0,4.4,0.503,7.97
1778,Litopenaeus_vannamei,monsoon,good,False,none,21.31,1.0,0.0,4.51,0.513,7.97
1779,Penaeus_monodon,summer,very_poor,True,stratification_collapse,21.31,1.0,0.0,4.28,0.515,7.97
1780,Litopenaeus_vannamei,northeast,very_poor,False,none,21.31,1.0,0.0,4.32,0.539,7.97
1781,Litopenaeus_vannamei,winter,poor,False,none,21.31,1.0,0.0,4.27,0.516,7.97
1782,Penaeus_monodon,summer,excellent,True,stratification_collapse,21.31,1.0,0.0,4.47,0.504,7.97
1783,Penaeus_monodon,winter,good,False,none,21.31,1.0,0.0,4.49,0.503,7.97
1784,Litopenaeus_vannamei,summer,very_poor,False,none,21.31,1.0,0.0,3.61,0.552,7.97
1785,Litopenaeus_vannamei,monsoon,excellent,False,none,21.31,1.0,0.0,4.36,0.517,7.97
1786,Litopenaeus_vannamei,summer,very_poor,False,none,21.31,1.0,0.0,4.3,0.531,7.97
1787,Litopenaeus_vannamei,northeast,excellent,False,none,21.31,1.0,0.0,4.2,0.514,7.97
1788,Litopenaeus_vannamei,winter,excellent,False,none,21.31,1.0,0.0,4.05,0.508,7.97
1789,Litopenaeus_vannamei,winter,excellent,False,none,21.31,1.0,0.0,3.86,0.519,7.97
1790,Litopenaeus_vannamei,northeast,poor,False,none,21.31,1.0,0.0,4.11,0.524,7.97
1791,Penaeus_monodon,monsoon,good,False,none,21.31,1.0,0.0,4.9,0.511,7.97
1792,Penaeus_monodon,winter,poor,True,stratification_collapse,21.31,1.0,0.0,4.44,0.52,7.97
1793,Litopenaeus_vannamei,monsoon,excellent,False,none,21.31,1.0,0.0,4.74,0.518,7.97
1794,Penaeus_monodon,winter,good,True,stratification_collapse,21.31,1.0,0.0,4.45,0.507,7.97
1795,Litopenaeus_vannamei,summer,excellent,False,none,21.31,1.0,0.0,4.45,0.511,7.97
1796,Penaeus_monodon,summer,very_poor,True,stratification_collapse,21.31,1.0,0.0,4.29,0.51,7.97
1797,Penaeus_monodon,northeast,excellent,True,stratification_collapse,21.31,1.0,0.0,4.68,0.504,7.97
1798,Penaeus_monodon,summer,excellent,False,none,21.31,1.0,0.0,4.2,0.507,7.97
1799,Litopenaeus_vannamei,monsoon,excellent,False,none,21.31,1.0,0.0,4.81,0.51,7.97
1800,Penaeus_monodon,summer,good,False,none,21.31,1.0,0.0,4.13,0.504,7.97
1801,Litopenaeus_vannamei,northeast,excellent,False,none,21.31,1.0,0.0,4.32,0.515,7.97
1802,Penaeus_monodon,winter,very_poor,False,none,21.31,1.0,0.0,3.97,0.528,7.97
1803,Penaeus_monodon,winter,excellent,False,none,21.31,1.0,0.0,4.29,0.505,7.97
1804,Penaeus_monodon,northeast,good,False,none,21.31,1.0,0.0,4.48,0.51,7.97
1805,Penaeus_monodon,monsoon,very_poor,False,none,21.31,1.0,0.0,4.73,0.516,7.97
1806,Litopenaeus_vannamei,northeast,poor,True,sensor_fault,21.31,1.0,0.0,4.38,0.527,7.97
1807,Litopenaeus_vannamei,monsoon,excellent,False,none,21.31,1.0,0.0,4.75,0.531,7.97
1808,Litopenaeus_vannamei,summer,good,True,sensor_fault,21.31,1.0,0.0,4.04,0.52,7.97
1809,Penaeus_monodon,summer,good,False,none,21.31,1.0,0.0,4.57,0.511,7.97
1810,Litopenaeus_vannamei,summer,good,False,none,21.31,1.0,0.0,4.12,0.514,7.97
1811,Penaeus_monodon,summer,good,False,none,21.31,1.0,0.0,4.07,0.51,7.97
1812,Penaeus_monodon,winter,poor,False,none,21.31,1.0,0.0,4.15,0.513,7.97
1813,Penaeus_monodon,winter,good,True,stratification_collapse,21.31,1.0,0.0,4.25,0.506,7.97
1814,Litopenaeus_vannamei,northeast,very_poor,False,none,21.31,1.0,0.0,4.18,0.555,7.97
1815,Litopenaeus_vannamei,monsoon,good,False,none,21.31,1.0,0.0,4.29,0.526,7.97
1816,Penaeus_monodon,monsoon,poor,True,stratification_collapse,21.31,1.0,0.0,4.56,0.504,7.97
1817,Penaeus_monodon,northeast,excellent,False,none,21.31,1.0,0.0,4.63,0.507,7.97
1818,Litopenaeus_vannamei,northeast,good,False,none,21.31,1.0,0.0,4.3,0.514,7.97
1819,Penaeus_monodon,monsoon,poor,True,stratification_collapse,21.31,1.0,0.0,4.76,0.516,7.97
1820,Litopenaeus_vannamei,monsoon,very_poor,False,none,21.31,1.0,0.0,4.2,0.557,7.97
1821,Penaeus_monodon,northeast,good,True,stratification_collapse,21.31,1.0,0.0,4.56,0.508,7.97
1822,Penaeus_monodon,monsoon,excellent,True,stratification_collapse,21.31,1.0,0.0,4.61,0.503,7.97
1823,Penaeus_monodon,northeast,excellent,False,none,21.31,1.0,0.0,4.51,0.506,7.97
1824,Litopenaeus_vannamei,summer,very_poor,False,none,21.31,1.0,0.0,4.35,0.54,7.97
1825,Litopenaeus_vannamei,northeast,good,True,stratification_collapse,21.31,1.0,0.0,4.24,0.512,7.97
1826,Litopenaeus_vannamei,winter,very_poor,False,none,21.31,1.0,0.0,3.99,0.551,7.97
1827,Penaeus_monodon,monsoon,poor,False,none,21.31,1.0,0.0,4.42,0.512,7.97
1828,Litopenaeus_vannamei,summer,very_poor,False,none,21.31,1.0,0.0,4.18,0.563,7.97
1829,Penaeus_monodon,monsoon,good,False,none,21.31,1.0,0.0,4.65,0.509,7.97
1830,Penaeus_monodon,winter,very_poor,False,none,21.31,1.0,0.0,4.38,0.521,7.97
1831,Litopenaeus_vannamei,summer,poor,True,stratification_collapse,21.31,1.0,0.0,4.16,0.555,7.97
1832,Penaeus_monodon,monsoon,poor,False,none,21.31,1.0,0.0,4.44,0.507,7.97
1833,Penaeus_monodon,northeast,good,False,none,21.31,1.0,0.0,4.41,0.507,7.97
1834,Penaeus_monodon,northeast,poor,False,none,21.31,1.0,0.0,4.61,0.514,7.97
1835,Litopenaeus_vannamei,northeast,good,False,none,21.31,1.0,0.0,4.38,0.524,7.97
1836,Litopenaeus_vannamei,monsoon,poor,False,none,21.31,1.0,0.0,4.42,0.565,7.97
1837,Litopenaeus_vannamei,summer,poor,True,stratification_collapse,21.31,1.0,0.0,3.97,0.542,7.97
1838,Litopenaeus_vannamei,winter,excellent,False,none,21.31,1.0,0.0,4.39,0.507,7.97
1839,Litopenaeus_vannamei,summer,excellent,False,none,21.31,1.0,0.0,4.41,0.521,7.97
1840,Penaeus_monodon,summer,very_poor,False,none,21.31,1.0,0.0,3.94,0.519,7.97
1841,Litopenaeus_vannamei,monsoon,good,True,stratification_collapse,21.31,1.0,0.0,4.58,0.527,7.97
1842,Litopenaeus_vannamei,monsoon,good,False,none,21.31,1.0,0.0,4.45,0.507,7.97
1843,Penaeus_monodon,monsoon,good,False,none,21.31,1.0,0.0,4.52,0.508,7.97
1844,Litopenaeus_vannamei,winter,very_poor,False,none,21.31,1.0,0.0,3.95,0.538,7.97
1845,Litopenaeus_vannamei,winter,very_poor,False,none,21.31,1.0,0.0,3.59,0.569,7.97
1846,Penaeus_monodon,winter,very_poor,False,none,21.31,1.0,0.0,4.05,0.508,7.97
1847,Litopenaeus_vannamei,winter,good,False,none,21.31,1.0,0.0,4.24,0.514,7.97
1848,Penaeus_monodon,summer,very_poor,False,none,21.31,1.0,0.0,4.03,0.513,7.97
1849,Penaeus_monodon,summer,very_poor,False,none,21.31,1.0,0.0,4.34,0.507,7.97
1850,Litopenaeus_vannamei,monsoon,poor,False,none,21.31,1.0,0.0,4.53,0.53,7.97
1851,Penaeus_monodon,summer,excellent,False,none,21.31,1.0,0.0,4.43,0.504,7.97
1852,Litopenaeus_vannamei,summer,poor,False,none,21.31,1.0,0.0,4.22,0.539,7.97
1853,Litopenaeus_vannamei,winter,poor,False,none,21.31,1.0,0.0,3.88,0.539,7.97
1854,Penaeus_monodon,monsoon,good,True,stratification_collapse,21.31,1.0,0.0,4.48,0.509,7.97
1855,Penaeus_monodon,winter,excellent,True,stratification_collapse,21.31,1.0,0.0,4.25,0.507,7.97
1856,Penaeus_monodon,northeast,good,True,stratification_collapse,21.31,1.0,0.0,4.23,0.507,7.97
1857,Litopenaeus_vannamei,northeast,good,True,stratification_collapse,21.31,1.0,0.0,4.53,0.51,7.97
1858,Penaeus_monodon,winter,very_poor,False,none,21.31,1.0,0.0,4.41,0.539,7.97
1859,Penaeus_monodon,winter,poor,False,none,21.31,1.0,0.0,4.45,0.517,7.97
1860,Penaeus_monodon,winter,very_poor,False,none,21.31,1.0,0.0,4.42,0.511,7.97
1861,Penaeus_monodon,northeast,excellent,False,none,21.31,1.0,0.0,4.42,0.51,7.97
1862,Penaeus_monodon,winter,very_poor,False,none,21.31,1.0,0.0,4.48,0.529,7.97
1863,Penaeus_monodon,monsoon,good,False,none,21.31,1.0,0.0,4.85,0.504,7.97
1864,Litopenaeus_vannamei,northeast,excellent,False,none,21.31,1.0,0.0,4.62,0.514,7.97
1865,Litopenaeus_vannamei,winter,excellent,False,none,21.31,1.0,0.0,4.29,0.507,7.97
1866,Penaeus_monodon,summer,poor,False,none,21.31,1.0,0.0,4.31,0.507,7.97
1867,Litopenaeus_vannamei,winter,excellent,False,none,21.31,1.0,0.0,4.08,0.525,7.97
1868,Penaeus_monodon,winter,good,False,none,21.31,1.0,0.0,4.05,0.504,7.97
1869,Litopenaeus_vannamei,winter,poor,False,none,21.31,1.0,0.0,4.08,0.529,7.97
1870,Penaeus_monodon,summer,good,False,none,21.31,1.0,0.0,4.28,0.503,7.97
1871,Penaeus_monodon,summer,excellent,False,none,21.31,1.0,0.0,4.49,0.509,7.97
1872,Penaeus_monodon,northeast,poor,False,none,21.31,1.0,0.0,4.55,0.511,7.97
1873,Litopenaeus_vannamei,summer,excellent,False,none,21.31,1.0,0.0,4.31,0.518,7.97
1874,Penaeus_monodon,summer,poor,False,none,21.31,1.0,0.0,4.3,0.51,7.97
1875,Litopenaeus_vannamei,northeast,poor,False,none,21.31,1.0,0.0,4.27,0.53,7.97
1876,Penaeus_monodon,summer,poor,True,stratification_collapse,21.31,1.0,0.0,4.42,0.512,7.97
1877,Litopenaeus_vannamei,northeast,poor,True,sensor_fault,21.31,1.0,0.0,4.53,0.529,7.97
1878,Penaeus_monodon,summer,very_poor,False,none,21.31,1.0,0.0,4.43,0.516,7.97
1879,Litopenaeus_vannamei,summer,excellent,False,none,21.31,1.0,0.0,3.99,0.51,7.97
1880,Litopenaeus_vannamei,monsoon,good,False,none,21.31,1.0,0.0,4.29,0.527,7.97
1881,Penaeus_monodon,northeast,very_poor,True,stratification_collapse,21.31,1.0,0.0,4.36,0.518,7.97
1882,Penaeus_monodon,summer,very_poor,False,none,21.31,1.0,0.0,4.43,0.529,7.97
1883,Penaeus_monodon,monsoon,poor,False,none,21.31,1.0,0.0,4.42,0.515,7.97
1884,Litopenaeus_vannamei,winter,poor,False,none,21.31,1.0,0.0,4.08,0.528,7.97
1885,Penaeus_monodon,summer,excellent,False,none,21.31,1.0,0.0,4.22,0.51,7.97
1886,Litopenaeus_vannamei,northeast,good,True,sensor_fault,21.31,1.0,0.0,4.42,0.512,7.97
1887,Penaeus_monodon,winter,poor,False,none,21.31,1.0,0.0,3.95,0.511,7.97
1888,Penaeus_monodon,summer,good,False,none,21.31,1.0,0.0,4.14,0.508,7.97
1889,Penaeus_monodon,monsoon,excellent,False,none,21.31,1.0,0.0,4.48,0.508,7.97
1890,Penaeus_monodon,monsoon,poor,False,none,21.31,1.0,0.0,4.77,0.517,7.97
1891,Litopenaeus_vannamei,summer,good,False,none,21.31,1.0,0.0,4.42,0.517,7.97
1892,Penaeus_monodon,summer,very_poor,False,none,21.31,1.0,0.0,4.35,0.517,7.97
1893,Penaeus_monodon,monsoon,poor,False,none,21.31,1.0,0.0,4.53,0.512,7.97
1894,Litopenaeus_vannamei,winter,good,True,stratification_collapse,21.31,1.0,0.0,4.29,0.513,7.97
1895,Penaeus_monodon,winter,very_poor,False,none,21.31,1.0,0.0,4.2,0.521,7.97
1896,Litopenaeus_vannamei,monsoon,poor,False,none,21.31,1.0,0.0,4.59,0.561,7.97
1897,Penaeus_monodon,northeast,good,False,none,21.31,1.0,0.0,4.54,0.513,7.97
1898,Penaeus_monodon,winter,poor,False,none,21.31,1.0,0.0,4.42,0.507,7.97
1899,Litopenaeus_vannamei,summer,good,False,none,21.31,1.0,0.0,4.24,0.511,7.97
1900,Litopenaeus_vannamei,northeast,good,False,none,21.31,1.0,0.0,4.48,0.525,7.97
1901,Litopenaeus_vannamei,northeast,very_poor,False,none,21.31,1.0,0.0,4.49,0.54,7.97
1902,Litopenaeus_vannamei,summer,very_poor,False,none,21.31,1.0,0.0,3.79,0.573,7.97
1903,Litopenaeus_vannamei,northeast,good,False,none,21.31,1.0,0.0,4.48,0.528,7.97
1904,Penaeus_monodon,winter,good,False,none,21.31,1.0,0.0,3.93,0.51,7.97
1905,Litopenaeus_vannamei,summer,excellent,False,none,21.31,1.0,0.0,3.93,0.515,7.97
1906,Litopenaeus_vannamei,winter,good,False,none,21.31,1.0,0.0,4.01,0.518,7.97
1907,Litopenaeus_vannamei,monsoon,very_poor,False,none,21.31,1.0,0.0,4.28,0.541,7.97
1908,Litopenaeus_vannamei,winter,good,True,stratification_collapse,21.31,1.0,0.0,4.37,0.512,7.97
1909,Penaeus_monodon,monsoon,good,False,none,21.31,1.0,0.0,4.35,0.506,7.97
1910,Litopenaeus_vannamei,winter,good,True,other,0.99,0.0374,1650.0,0.0,2.533,7.97
1911,Penaeus_monodon,summer,poor,True,stratification_collapse,21.31,1.0,0.0,4.08,0.506,7.97
1912,Litopenaeus_vannamei,northeast,excellent,True,sensor_fault,21.31,1.0,0.0,4.63,0.514,7.97
1913,Penaeus_monodon,monsoon,good,False,none,21.31,1.0,0.0,4.68,0.504,7.97
1914,Litopenaeus_vannamei,monsoon,poor,False,none,21.31,1.0,0.0,4.55,0.531,7.97
1915,Litopenaeus_vannamei,northeast,excellent,False,none,21.31,1.0,0.0,4.55,0.512,7.97
1916,Litopenaeus_vannamei,summer,excellent,True,other,0.45,0.016,2072.0,0.0,2.511,7.97
1917,Litopenaeus_vannamei,summer,good,False,none,21.31,1.0,0.0,3.75,0.537,7.97
1918,Litopenaeus_vannamei,monsoon,poor,False,none,21.31,1.0,0.0,4.4,0.52,7.97
1919,Penaeus_monodon,summer,very_poor,False,none,21.31,1.0,0.0,4.21,0.516,7.97
1920,Penaeus_monodon,monsoon,poor,False,none,21.31,1.0,0.0,4.56,0.515,7.97
1921,Litopenaeus_vannamei,winter,good,False,none,21.31,1.0,0.0,4.42,0.529,7.97
1922,Litopenaeus_vannamei,summer,excellent,False,none,21.31,1.0,0.0,3.84,0.507,7.97
1923,Penaeus_monodon,winter,poor,False,none,21.31,1.0,0.0,4.36,0.505,7.97
1924,Penaeus_monodon,northeast,excellent,False,none,21.31,1.0,0.0,4.48,0.502,7.97
1925,Litopenaeus_vannamei,monsoon,excellent,False,none,21.31,1.0,0.0,4.86,0.511,7.97
1926,Penaeus_monodon,winter,poor,False,none,21.31,1.0,0.0,4.25,0.508,7.97
1927,Penaeus_monodon,winter,very_poor,True,stratification_collapse,21.31,1.0,0.0,4.3,0.507,7.97
1928,Litopenaeus_vannamei,monsoon,very_poor,True,stratification_collapse,14.26,1.0,8.0,4.35,0.559,7.97
1929,Litopenaeus_vannamei,northeast,very_poor,False,none,21.31,1.0,0.0,4.55,0.534,7.97
1930,Litopenaeus_vannamei,winter,good,False,none,21.31,1.0,0.0,4.42,0.522,7.97
1931,Penaeus_monodon,summer,good,False,none,21.31,1.0,0.0,3.95,0.509,7.97
1932,Penaeus_monodon,summer,very_poor,False,none,21.31,1.0,0.0,4.02,0.511,7.97
1933,Penaeus_monodon,northeast,poor,False,none,21.31,1.0,0.0,4.65,0.526,7.97
1934,Penaeus_monodon,monsoon,very_poor,False,none,21.31,1.0,0.0,4.47,0.521,7.97
1935,Litopenaeus_vannamei,summer,poor,False,none,21.31,1.0,0.0,3.76,0.521,7.97
1936,Penaeus_monodon,monsoon,poor,False,none,21.31,1.0,0.0,4.45,0.514,7.97
1937,Litopenaeus_vannamei,winter,very_poor,True,stratification_collapse,21.31,1.0,0.0,4.21,0.539,7.97
1938,Penaeus_monodon,summer,poor,False,none,21.31,1.0,0.0,4.57,0.507,7.97
1939,Litopenaeus_vannamei,northeast,poor,False,none,21.31,1.0,0.0,4.07,0.549,7.97
1940,Penaeus_monodon,monsoon,excellent,False,none,21.31,1.0,0.0,4.69,0.507,7.97
1941,Penaeus_monodon,northeast,excellent,False,none,21.31,1.0,0.0,4.56,0.506,7.97
1942,Penaeus_monodon,summer,very_poor,False,none,21.31,1.0,0.0,4.27,0.521,7.97
1943,Litopenaeus_vannamei,winter,very_poor,False,none,21.31,1.0,0.0,4.41,0.529,7.97
1944,Litopenaeus_vannamei,winter,poor,False,none,21.31,1.0,0.0,3.87,0.523,7.97
1945,Penaeus_monodon,northeast,good,False,none,21.31,1.0,0.0,4.35,0.511,7.97
1946,Litopenaeus_vannamei,summer,good,False,none,21.31,1.0,0.0,4.21,0.524,7.97
1947,Litopenaeus_vannamei,northeast,very_poor,False,none,21.31,1.0,0.0,4.12,0.558,7.97
1948,Penaeus_monodon,monsoon,poor,False,none,21.31,1.0,0.0,4.29,0.51,7.97
1949,Litopenaeus_vannamei,northeast,poor,False,none,21.31,1.0,0.0,4.31,0.53,7.97
1950,Litopenaeus_vannamei,monsoon,excellent,False,none,21.31,1.0,0.0,4.57,0.512,7.97
1951,Litopenaeus_vannamei,winter,poor,False,none,21.31,1.0,0.0,3.96,0.526,7.97
1952,Penaeus_monodon,northeast,very_poor,True,stratification_collapse,21.31,1.0,0.0,4.28,0.523,7.97
1953,Penaeus_monodon,winter,excellent,False,none,21.31,1.0,0.0,4.59,0.505,7.97
1954,Penaeus_monodon,northeast,very_poor,False,none,21.31,1.0,0.0,4.18,0.525,7.97
1955,Litopenaeus_vannamei,monsoon,very_poor,False,none,21.31,1.0,0.0,4.37,0.552,7.97
1956,Penaeus_monodon,summer,very_poor,False,none,21.31,1.0,0.0,4.03,0.508,7.97
1957,Penaeus_monodon,monsoon,poor,False,none,21.31,1.0,0.0,4.52,0.504,7.97
1958,Litopenaeus_vannamei,monsoon,very_poor,False,none,21.31,1.0,0.0,4.68,0.529,7.97
1959,Litopenaeus_vannamei,summer,excellent,False,none,21.31,1.0,0.0,4.23,0.514,7.97
1960,Penaeus_monodon,winter,poor,False,none,21.31,1.0,0.0,4.47,0.511,7.97
1961,Litopenaeus_vannamei,monsoon,poor,False,none,21.31,1.0,0.0,4.28,0.531,7.97
1962,Litopenaeus_vannamei,summer,poor,True,stratification_collapse,21.31,1.0,0.0,3.79,0.514,7.97
1963,Litopenaeus_vannamei,northeast,good,True,stratification_collapse,21.31,1.0,0.0,4.46,0.517,7.97
1964,Litopenaeus_vannamei,monsoon,good,True,stratification_collapse,21.31,1.0,0.0,4.6,0.517,7.97
1965,Penaeus_monodon,northeast,good,False,none,21.31,1.0,0.0,4.29,0.503,7.97
1966,Litopenaeus_vannamei,winter,excellent,False,none,21.31,1.0,0.0,4.38,0.51,7.97
1967,Penaeus_monodon,summer,good,True,stratification_collapse,21.31,1.0,0.0,4.58,0.503,7.97
1968,Litopenaeus_vannamei,summer,very_poor,False,none,21.31,1.0,0.0,3.43,0.546,7.97
1969,Penaeus_monodon,monsoon,good,False,none,21.31,1.0,0.0,4.63,0.508,7.97
1970,Litopenaeus_vannamei,monsoon,poor,False,none,21.31,1.0,0.0,4.14,0.538,7.97
1971,Litopenaeus_vannamei,summer,poor,False,none,21.31,1.0,0.0,3.88,0.54,7.97
1972,Litopenaeus_vannamei,northeast,excellent,False,none,21.31,1.0,0.0,4.16,0.513,7.97
1973,Litopenaeus_vannamei,northeast,excellent,False,none,21.31,1.0,0.0,4.38,0.514,7.97
1974,Litopenaeus_vannamei,monsoon,very_poor,False,none,21.31,1.0,0.0,4.28,0.528,7.97
1975,Litopenaeus_vannamei,summer,very_poor,True,stratification_collapse,21.31,1.0,0.0,3.65,0.564,7.97
1976,Litopenaeus_vannamei,summer,good,False,none,21.31,1.0,0.0,4.2,0.517,7.97
1977,Penaeus_monodon,monsoon,very_poor,False,none,21.31,1.0,0.0,4.5,0.535,7.97
1978,Litopenaeus_vannamei,winter,poor,False,none,21.31,1.0,0.0,3.71,0.55,7.97
1979,Litopenaeus_vannamei,monsoon,excellent,False,none,21.31,1.0,0.0,4.5,0.523,7.97
1980,Litopenaeus_vannamei,winter,very_poor,False,none,21.31,1.0,0.0,3.94,0.524,7.97
1981,Litopenaeus_vannamei,summer,good,False,none,21.31,1.0,0.0,3.92,0.523,7.97
1982,Litopenaeus_vannamei,summer,poor,False,none,21.31,1.0,0.0,4.23,0.535,7.97
1983,Litopenaeus_vannamei,summer,good,False,none,21.31,1.0,0.0,3.79,0.519,7.97
1984,Penaeus_monodon,winter,poor,False,none,21.31,1.0,0.0,4.41,0.512,7.97
1985,Penaeus_monodon,northeast,poor,False,none,21.31,1.0,0.0,4.71,0.508,7.97
1986,Penaeus_monodon,summer,very_poor,False,none,21.31,1.0,0.0,4.0,0.532,7.97
1987,Penaeus_monodon,monsoon,poor,True,stratification_collapse,21.31,1.0,0.0,4.74,0.513,7.97
1988,Litopenaeus_vannamei,monsoon,excellent,False,none,21.31,1.0,0.0,4.4,0.514,7.97
1989,Litopenaeus_vannamei,northeast,excellent,False,none,21.31,1.0,0.0,4.27,0.515,7.97
1990,Litopenaeus_vannamei,northeast,excellent,True,sensor_fault,21.31,1.0,0.0,4.62,0.514,7.97
1991,Penaeus_monodon,northeast,good,False,none,21.31,1.0,0.0,4.71,0.502,7.97
1992,Penaeus_monodon,northeast,very_poor,False,none,21.31,1.0,0.0,4.25,0.525,7.97
1993,Penaeus_monodon,northeast,very_poor,False,none,21.31,1.0,0.0,4.43,0.514,7.97
1994,Penaeus_monodon,winter,poor,False,none,21.31,1.0,0.0,4.62,0.511,7.97
1995,Penaeus_monodon,monsoon,excellent,True,stratification_collapse,21.31,1.0,0.0,4.84,0.504,7.97
1996,Penaeus_monodon,winter,poor,True,stratification_collapse,21.31,1.0,0.0,4.23,0.513,7.97
1997,Litopenaeus_vannamei,summer,good,False,none,21.31,1.0,0.0,4.37,0.514,7.97
1998,Litopenaeus_vannamei,monsoon,poor,True,stratification_collapse,21.31,1.0,0.0,4.46,0.52,7.97
1999,Litopenaeus_vannamei,northeast,good,False,none,21.31,1.0,0.0,4.49,0.521,7.97
2000,Penaeus_monodon,summer,very_poor,False,none,21.31,1.0,0.0,3.82,0.521,7.97
2001,Litopenaeus_vannamei,northeast,excellent,True,stratification_collapse,21.31,1.0,0.0,4.56,0.509,7.97
2002,Litopenaeus_vannamei,northeast,excellent,False,none,21.31,1.0,0.0,4.5,0.507,7.97
2003,Litopenaeus_vannamei,monsoon,poor,False,none,21.31,1.0,0.0,4.54,0.542,7.97
2004,Litopenaeus_vannamei,monsoon,poor,False,none,21.31,1.0,0.0,4.36,0.521,7.97
2005,Penaeus_monodon,summer,excellent,False,none,21.31,1.0,0.0,4.18,0.505,7.97
2006,Penaeus_monodon,summer,excellent,True,stratification_collapse,21.31,1.0,0.0,4.14,0.505,7.97
2007,Litopenaeus_vannamei,summer,very_poor,False,none,21.31,1.0,0.0,3.7,0.535,7.97
2008,Litopenaeus_vannamei,winter,excellent,False,none,21.31,1.0,0.0,4.5,0.525,7.97
2009,Penaeus_monodon,monsoon,very_poor,True,stratification_collapse,21.31,1.0,0.0,4.56,0.513,7.97
2010,Litopenaeus_vannamei,winter,very_poor,False,none,21.31,1.0,0.0,4.2,0.559,7.97
2011,Litopenaeus_vannamei,northeast,good,False,none,21.31,1.0,0.0,4.3,0.515,7.97
2012,Litopenaeus_vannamei,winter,poor,False,none,21.31,1.0,0.0,3.86,0.55,7.97
2013,Penaeus_monodon,summer,very_poor,False,none,21.31,1.0,0.0,4.32,0.514,7.97
2014,Penaeus_monodon,winter,good,False,none,21.31,1.0,0.0,4.29,0.507,7.97
2015,Litopenaeus_vannamei,summer,good,False,none,21.31,1.0,0.0,3.77,0.518,7.97
2016,Penaeus_monodon,northeast,excellent,False,none,21.31,1.0,0.0,4.21,0.505,7.97
2017,Litopenaeus_vannamei,winter,poor,False,none,21.31,1.0,0.0,4.29,0.525,7.97
2018,Litopenaeus_vannamei,summer,very_poor,False,none,21.31,1.0,0.0,3.49,0.556,7.97
2019,Litopenaeus_vannamei,monsoon,very_poor,False,none,21.31,1.0,0.0,4.42,0.562,7.97
2020,Litopenaeus_vannamei,winter,very_poor,False,none,21.31,1.0,0.0,3.82,0.548,7.97
2021,Penaeus_monodon,northeast,good,False,none,21.31,1.0,0.0,4.41,0.507,7.97
2022,Penaeus_monodon,winter,poor,False,none,21.31,1.0,0.0,4.13,0.513,7.97
2023,Penaeus_monodon,winter,very_poor,False,none,21.31,1.0,0.0,4.25,0.508,7.97
2024,Penaeus_monodon,monsoon,poor,False,none,21.31,1.0,0.0,4.65,0.513,7.97
2025,Litopenaeus_vannamei,winter,good,False,none,21.31,1.0,0.0,3.99,0.515,7.97
2026,Litopenaeus_vannamei,northeast,excellent,False,none,21.31,1.0,0.0,4.62,0.513,7.97
2027,Litopenaeus_vannamei,winter,excellent,False,none,21.31,1.0,0.0,4.0,0.519,7.97
2028,Penaeus_monodon,monsoon,excellent,False,none,21.31,1.0,0.0,4.81,0.503,7.97
2029,Penaeus_monodon,winter,good,False,none,21.31,1.0,0.0,4.14,0.506,7.97
2030,Penaeus_monodon,winter,poor,True,stratification_collapse,21.31,1.0,0.0,3.97,0.514,7.97
2031,Litopenaeus_vannamei,northeast,poor,False,none,21.31,1.0,0.0,4.19,0.531,7.97
2032,Litopenaeus_vannamei,winter,excellent,False,none,21.31,1.0,0.0,4.33,0.508,7.97
2033,Penaeus_monodon,monsoon,excellent,False,none,21.31,1.0,0.0,4.86,0.506,7.97
2034,Litopenaeus_vannamei,northeast,poor,False,none,21.31,1.0,0.0,4.35,0.533,7.97
2035,Penaeus_monodon,monsoon,excellent,True,stratification_collapse,21.31,1.0,0.0,4.81,0.505,7.97
2036,Litopenaeus_vannamei,winter,excellent,False,none,21.31,1.0,0.0,4.44,0.508,7.97
2037,Penaeus_monodon,summer,poor,True,stratification_collapse,21.31,1.0,0.0,3.99,0.504,7.97
2038,Litopenaeus_vannamei,winter,excellent,False,none,21.31,1.0,0.0,4.22,0.508,7.97
2039,Penaeus_monodon,summer,poor,False,none,21.31,1.0,0.0,4.12,0.509,7.97
2040,Penaeus_monodon,northeast,very_poor,False,none,21.31,1.0,0.0,4.12,0.512,7.97
2041,Litopenaeus_vannamei,winter,poor,False,none,21.31,1.0,0.0,4.0,0.542,7.97
2042,Penaeus_monodon,monsoon,good,False,none,21.31,1.0,0.0,4.45,0.503,7.97
2043,Penaeus_monodon,monsoon,very_poor,True,stratification_collapse,21.31,1.0,0.0,4.48,0.514,7.97
2044,Litopenaeus_vannamei,northeast,excellent,False,none,21.31,1.0,0.0,4.44,0.511,7.97
2045,Litopenaeus_vannamei,winter,excellent,False,none,21.31,1.0,0.0,4.42,0.52,7.97
2046,Penaeus_monodon,northeast,very_poor,False,none,21.31,1.0,0.0,4.4,0.512,7.97
2047,Litopenaeus_vannamei,winter,good,False,none,21.31,1.0,0.0,4.41,0.516,7.97
2048,Penaeus_monodon,winter,very_poor,False,none,21.31,1.0,0.0,4.47,0.516,7.97
2049,Penaeus_monodon,summer,very_poor,False,none,21.31,1.0,0.0,4.41,0.522,7.97
2050,Penaeus_monodon,monsoon,very_poor,False,none,21.31,1.0,0.0,4.68,0.513,7.97
2051,Litopenaeus_vannamei,winter,very_poor,True,stratification_collapse,21.31,1.0,0.0,4.42,0.534,7.97
2052,Penaeus_monodon,winter,excellent,False,none,21.31,1.0,0.0,4.56,0.504,7.97
2053,Penaeus_monodon,northeast,excellent,False,none,21.31,1.0,0.0,4.55,0.507,7.97
2054,Litopenaeus_vannamei,summer,poor,False,none,21.31,1.0,0.0,3.88,0.53,7.97
2055,Litopenaeus_vannamei,northeast,good,True,aerator_failure,0.57,0.0206,1954.0,0.0,0.522,7.97
2056,Penaeus_monodon,winter,good,False,none,21.31,1.0,0.0,4.62,0.51,7.97
2057,Penaeus_monodon,northeast,excellent,False,none,21.31,1.0,0.0,4.74,0.507,7.97
2058,Litopenaeus_vannamei,summer,excellent,False,none,21.31,1.0,0.0,4.16,0.516,7.97
2059,Penaeus_monodon,summer,very_poor,True,stratification_collapse,21.31,1.0,0.0,4.28,0.523,7.97
2060,Penaeus_monodon,northeast,excellent,True,stratification_collapse,21.31,1.0,0.0,4.58,0.51,7.97
2061,Penaeus_monodon,northeast,very_poor,False,none,21.31,1.0,0.0,4.55,0.515,7.97
2062,Penaeus_monodon,winter,good,False,none,21.31,1.0,0.0,4.31,0.515,7.97
2063,Litopenaeus_vannamei,monsoon,poor,True,stratification_collapse,21.31,1.0,0.0,4.72,0.527,7.97
2064,Penaeus_monodon,summer,very_poor,False,none,21.31,1.0,0.0,3.73,0.523,7.97
2065,Penaeus_monodon,summer,good,False,none,21.31,1.0,0.0,4.41,0.509,7.97
2066,Litopenaeus_vannamei,northeast,good,False,none,21.31,1.0,0.0,4.19,0.528,7.97
2067,Litopenaeus_vannamei,monsoon,excellent,False,none,21.31,1.0,0.0,4.48,0.521,7.97
2068,Litopenaeus_vannamei,winter,very_poor,False,none,21.31,1.0,0.0,4.24,0.563,7.97
2069,Penaeus_monodon,northeast,poor,False,none,21.31,1.0,0.0,4.61,0.508,7.97
2070,Penaeus_monodon,summer,excellent,False,none,21.31,1.0,0.0,3.88,0.504,7.97
2071,Litopenaeus_vannamei,monsoon,good,False,none,21.31,1.0,0.0,4.37,0.519,7.97
2072,Penaeus_monodon,monsoon,very_poor,True,stratification_collapse,21.31,1.0,0.0,4.69,0.515,7.97
2073,Litopenaeus_vannamei,summer,excellent,False,none,21.31,1.0,0.0,4.18,0.509,7.97
2074,Penaeus_monodon,monsoon,good,False,none,21.31,1.0,0.0,4.43,0.51,7.97
2075,Penaeus_monodon,winter,very_poor,False,none,21.31,1.0,0.0,4.46,0.522,7.97
2076,Litopenaeus_vannamei,summer,poor,False,none,21.31,1.0,0.0,4.1,0.534,7.97
2077,Penaeus_monodon,northeast,excellent,False,none,21.31,1.0,0.0,4.72,0.504,7.97
2078,Litopenaeus_vannamei,monsoon,excellent,True,stratification_collapse,21.31,1.0,0.0,4.67,0.516,7.97
2079,Penaeus_monodon,monsoon,good,False,none,21.31,1.0,0.0,4.77,0.507,7.97
2080,Litopenaeus_vannamei,winter,very_poor,False,none,21.31,1.0,0.0,4.21,0.561,7.97
2081,Penaeus_monodon,monsoon,excellent,False,none,21.31,1.0,0.0,4.7,0.504,7.97
2082,Litopenaeus_vannamei,summer,very_poor,True,stratification_collapse,21.31,1.0,0.0,4.38,0.533,7.97
2083,Litopenaeus_vannamei,summer,excellent,False,none,21.31,1.0,0.0,4.36,0.519,7.97
2084,Penaeus_monodon,northeast,poor,False,none,21.31,1.0,0.0,4.59,0.51,7.97
2085,Litopenaeus_vannamei,monsoon,good,False,none,21.31,1.0,0.0,4.32,0.536,7.97
2086,Penaeus_monodon,monsoon,very_poor,False,none,21.31,1.0,0.0,4.83,0.507,7.97
2087,Litopenaeus_vannamei,monsoon,good,True,other,0.52,0.0184,2002.0,0.0,2.529,7.97
2088,Penaeus_monodon,monsoon,very_poor,False,none,21.31,1.0,0.0,4.38,0.52,7.97
2089,Penaeus_monodon,summer,good,False,none,21.31,1.0,0.0,4.38,0.504,7.97
2090,Litopenaeus_vannamei,northeast,very_poor,False,none,21.31,1.0,0.0,3.94,0.546,7.97
2091,Penaeus_monodon,winter,excellent,False,none,21.31,1.0,0.0,4.67,0.504,7.97
2092,Penaeus_monodon,winter,good,True,stratification_collapse,21.31,1.0,0.0,4.46,0.504,7.97
2093,Penaeus_monodon,northeast,excellent,False,none,21.31,1.0,0.0,4.64,0.505,7.97
2094,Litopenaeus_vannamei,northeast,excellent,False,none,21.31,1.0,0.0,4.42,0.514,7.97
2095,Penaeus_monodon,winter,good,False,none,21.31,1.0,0.0,4.58,0.508,7.97
2096,Litopenaeus_vannamei,summer,poor,False,none,21.31,1.0,0.0,4.18,0.526,7.97
2097,Litopenaeus_vannamei,winter,excellent,False,none,21.31,1.0,0.0,4.52,0.51,7.97
2098,Litopenaeus_vannamei,summer,excellent,False,none,21.31,1.0,0.0,4.33,0.509,7.97
2099,Penaeus_monodon,monsoon,very_poor,False,none,21.31,1.0,0.0,4.74,0.527,7.97
2100,Penaeus_monodon,winter,excellent,True,stratification_collapse,21.31,1.0,0.0,4.49,0.503,7.97
2101,Penaeus_monodon,monsoon,excellent,False,none,21.31,1.0,0.0,4.45,0.502,7.97
2102,Penaeus_monodon,summer,very_poor,False,none,21.31,1.0,0.0,3.8,0.515,7.97
2103,Litopenaeus_vannamei,northeast,excellent,False,none,21.31,1.0,0.0,4.25,0.517,7.97
2104,Litopenaeus_vannamei,monsoon,very_poor,False,none,21.31,1.0,0.0,4.32,0.542,7.97
2105,Litopenaeus_vannamei,winter,excellent,False,none,21.31,1.0,0.0,3.87,0.531,7.97
2106,Penaeus_monodon,monsoon,poor,False,none,21.31,1.0,0.0,4.88,0.507,7.97
2107,Litopenaeus_vannamei,monsoon,poor,True,stratification_collapse,21.31,1.0,0.0,4.22,0.536,7.97
2108,Penaeus_monodon,monsoon,poor,False,none,21.31,1.0,0.0,4.82,0.513,7.97
2109,Penaeus_monodon,winter,poor,False,none,21.31,1.0,0.0,4.22,0.504,7.97
2110,Litopenaeus_vannamei,monsoon,very_poor,False,none,21.31,1.0,0.0,4.47,0.531,7.97
2111,Penaeus_monodon,winter,poor,False,none,21.31,1.0,0.0,4.29,0.512,7.97
2112,Litopenaeus_vannamei,winter,poor,False,none,21.31,1.0,0.0,4.15,0.53,7.97
2113,Litopenaeus_vannamei,northeast,poor,False,none,21.31,1.0,0.0,4.38,0.535,7.97
2114,Litopenaeus_vannamei,monsoon,very_poor,False,none,21.31,1.0,0.0,4.41,0.54,7.97
2115,Penaeus_monodon,northeast,very_poor,False,none,21.31,1.0,0.0,4.35,0.509,7.97
2116,Litopenaeus_vannamei,monsoon,poor,True,stratification_collapse,21.31,1.0,0.0,4.29,0.533,7.97
2117,Litopenaeus_vannamei,winter,very_poor,False,none,21.31,1.0,0.0,4.14,0.55,7.97
2118,Penaeus_monodon,winter,good,True,stratification_collapse,21.31,1.0,0.0,4.0,0.505,7.97
2119,Litopenaeus_vannamei,northeast,excellent,False,none,21.31,1.0,0.0,4.14,0.515,7.97
2120,Penaeus_monodon,monsoon,excellent,False,none,21.31,1.0,0.0,4.66,0.508,7.97
2121,Litopenaeus_vannamei,summer,poor,True,stratification_collapse,21.31,1.0,0.0,3.76,0.525,7.97
2122,Penaeus_monodon,winter,good,False,none,21.31,1.0,0.0,4.57,0.506,7.97
2123,Penaeus_monodon,summer,very_poor,False,none,21.31,1.0,0.0,4.58,0.508,7.97
2124,Litopenaeus_vannamei,summer,good,False,none,21.31,1.0,0.0,4.09,0.513,7.97
2125,Penaeus_monodon,summer,very_poor,False,none,21.31,1.0,0.0,4.03,0.513,7.97
2126,Litopenaeus_vannamei,summer,poor,False,none,21.31,1.0,0.0,3.79,0.524,7.97
2127,Litopenaeus_vannamei,northeast,good,False,none,21.31,1.0,0.0,4.19,0.522,7.97
2128,Litopenaeus_vannamei,monsoon,very_poor,False,none,21.31,1.0,0.0,4.3,0.576,7.97
2129,Litopenaeus_vannamei,winter,poor,False,none,21.31,1.0,0.0,3.72,0.524,7.97
2130,Litopenaeus_vannamei,northeast,excellent,False,none,21.31,1.0,0.0,4.41,0.511,7.97
2131,Penaeus_monodon,northeast,good,False,none,21.31,1.0,0.0,4.66,0.506,7.97
2132,Penaeus_monodon,summer,good,False,none,21.31,1.0,0.0,4.46,0.509,7.97
2133,Litopenaeus_vannamei,northeast,poor,False,none,21.31,1.0,0.0,4.37,0.522,7.97
2134,Penaeus_monodon,northeast,very_poor,False,none,21.31,1.0,0.0,4.36,0.524,7.97
2135,Litopenaeus_vannamei,monsoon,good,False,none,21.31,1.0,0.0,4.41,0.518,7.97
2136,Litopenaeus_vannamei,summer,very_poor,False,none,21.31,1.0,0.0,3.92,0.561,7.97
2137,Penaeus_monodon,northeast,poor,False,none,21.31,1.0,0.0,4.24,0.509,7.97
2138,Penaeus_monodon,northeast,poor,False,none,21.31,1.0,0.0,4.6,0.514,7.97
2139,Litopenaeus_vannamei,summer,very_poor,False,none,21.31,1.0,0.0,4.28,0.533,7.97
2140,Penaeus_monodon,northeast,poor,False,none,21.31,1.0,0.0,4.3,0.515,7.97
2141,Penaeus_monodon,monsoon,very_poor,False,none,21.31,1.0,0.0,4.84,0.52,7.97
2142,Litopenaeus_vannamei,summer,excellent,False,none,21.31,1.0,0.0,4.29,0.524,7.97
2143,Litopenaeus_vannamei,summer,poor,False,none,21.31,1.0,0.0,3.7,0.528,7.97
2144,Penaeus_monodon,northeast,good,True,stratification_collapse,21.31,1.0,0.0,4.41,0.504,7.97
2145,Penaeus_monodon,summer,very_poor,False,none,21.31,1.0,0.0,4.45,0.515,7.97
2146,Litopenaeus_vannamei,northeast,very_poor,True,stratification_collapse,21.31,1.0,0.0,4.3,0.523,7.97
2147,Litopenaeus_vannamei,northeast,very_poor,True,sensor_fault,21.31,1.0,0.0,4.2,0.538,7.97
2148,Penaeus_monodon,summer,poor,False,none,21.31,1.0,0.0,4.11,0.519,7.97
2149,Litopenaeus_vannamei,northeast,good,False,none,21.31,1.0,0.0,4.17,0.512,7.97
2150,Penaeus_monodon,northeast,poor,False,none,21.31,1.0,0.0,4.6,0.512,7.97
2151,Penaeus_monodon,winter,excellent,False,none,21.31,1.0,0.0,4.04,0.507,7.97
2152,Penaeus_monodon,monsoon,poor,False,none,21.31,1.0,0.0,4.77,0.509,7.97
2153,Litopenaeus_vannamei,summer,good,False,none,21.31,1.0,0.0,3.86,0.527,7.97
2154,Penaeus_monodon,winter,good,False,none,21.31,1.0,0.0,4.39,0.506,7.97
2155,Litopenaeus_vannamei,monsoon,very_poor,False,none,21.31,1.0,0.0,4.55,0.527,7.97
2156,Penaeus_monodon,monsoon,very_poor,False,none,21.31,1.0,0.0,4.6,0.507,7.97
2157,Penaeus_monodon,winter,poor,False,none,21.31,1.0,0.0,4.18,0.521,7.97
2158,Penaeus_monodon,northeast,poor,False,none,21.31,1.0,0.0,4.41,0.515,7.97
2159,Penaeus_monodon,summer,poor,False,none,21.31,1.0,0.0,4.56,0.511,7.97
2160,Penaeus_monodon,winter,very_poor,False,none,21.31,1.0,0.0,4.04,0.512,7.97
2161,Litopenaeus_vannamei,northeast,very_poor,False,none,21.31,1.0,0.0,4.37,0.531,7.97
2162,Penaeus_monodon,winter,poor,False,none,21.31,1.0,0.0,4.3,0.507,7.97
2163,Penaeus_monodon,northeast,very_poor,False,none,21.31,1.0,0.0,4.52,0.516,7.97
2164,Penaeus_monodon,monsoon,good,False,none,21.31,1.0,0.0,4.59,0.503,7.97
2165,Penaeus_monodon,winter,good,False,none,21.31,1.0,0.0,4.0,0.504,7.97
2166,Litopenaeus_vannamei,summer,good,False,none,21.31,1.0,0.0,4.26,0.513,7.97
2167,Litopenaeus_vannamei,winter,excellent,False,none,21.31,1.0,0.0,3.97,0.512,7.97
2168,Litopenaeus_vannamei,summer,poor,False,none,21.31,1.0,0.0,3.92,0.524,7.97
2169,Penaeus_monodon,monsoon,good,False,none,21.31,1.0,0.0,4.68,0.509,7.97
2170,Penaeus_monodon,northeast,excellent,True,stratification_collapse,21.31,1.0,0.0,4.34,0.504,7.97
2171,Litopenaeus_vannamei,winter,very_poor,True,stratification_collapse,21.31,1.0,0.0,4.01,0.547,7.97
2172,Litopenaeus_vannamei,northeast,excellent,False,none,21.31,1.0,0.0,4.19,0.516,7.97
2173,Litopenaeus_vannamei,winter,very_poor,False,none,21.31,1.0,0.0,3.96,0.542,7.97
2174,Litopenaeus_vannamei,summer,good,True,aerator_failure,0.62,0.0226,1911.0,0.0,0.513,7.97
2175,Penaeus_monodon,monsoon,very_poor,False,none,21.31,1.0,0.0,4.46,0.517,7.97
2176,Litopenaeus_vannamei,summer,excellent,False,none,21.31,1.0,0.0,3.73,0.512,7.97
2177,Litopenaeus_vannamei,northeast,very_poor,True,stratification_collapse,21.31,1.0,0.0,3.92,0.564,7.97
2178,Litopenaeus_vannamei,winter,very_poor,False,none,21.31,1.0,0.0,4.24,0.56,7.97
2179,Penaeus_monodon,winter,poor,False,none,21.31,1.0,0.0,4.1,0.507,7.97
2180,Litopenaeus_vannamei,summer,very_poor,True,sensor_fault,21.31,1.0,0.0,4.32,0.531,7.97
2181,Litopenaeus_vannamei,winter,excellent,False,none,21.31,1.0,0.0,4.17,0.519,7.97
2182,Penaeus_monodon,northeast,very_poor,False,none,21.31,1.0,0.0,4.66,0.521,7.97
2183,Penaeus_monodon,summer,good,False,none,21.31,1.0,0.0,4.43,0.514,7.97
2184,Litopenaeus_vannamei,monsoon,excellent,False,none,21.31,1.0,0.0,4.6,0.515,7.97
2185,Penaeus_monodon,summer,excellent,False,none,21.31,1.0,0.0,4.25,0.505,7.97
2186,Litopenaeus_vannamei,northeast,good,False,none,21.31,1.0,0.0,4.26,0.508,7.97
2187,Litopenaeus_vannamei,northeast,excellent,False,none,21.31,1.0,0.0,4.14,0.514,7.97
2188,Penaeus_monodon,northeast,good,False,none,21.31,1.0,0.0,4.52,0.504,7.97
2189,Litopenaeus_vannamei,winter,good,False,none,21.31,1.0,0.0,4.51,0.521,7.97
2190,Penaeus_monodon,summer,good,False,none,21.31,1.0,0.0,4.53,0.506,7.97
2191,Litopenaeus_vannamei,northeast,good,False,none,21.31,1.0,0.0,4.35,0.527,7.97
2192,Penaeus_monodon,monsoon,excellent,False,none,21.31,1.0,0.0,4.75,0.507,7.97
2193,Litopenaeus_vannamei,winter,poor,False,none,21.31,1.0,0.0,3.88,0.545,7.97
2194,Penaeus_monodon,monsoon,poor,False,none,21.31,1.0,0.0,4.37,0.507,7.97
2195,Litopenaeus_vannamei,summer,very_poor,False,none,21.31,1.0,0.0,3.7,0.54,7.97
2196,Litopenaeus_vannamei,northeast,excellent,False,none,21.31,1.0,0.0,4.67,0.52,7.97
2197,Litopenaeus_vannamei,summer,poor,False,none,21.31,1.0,0.0,3.99,0.524,7.97
2198,Litopenaeus_vannamei,summer,excellent,True,stratification_collapse,21.31,1.0,0.0,4.45,0.51,7.97
2199,Litopenaeus_vannamei,summer,good,False,none,21.31,1.0,0.0,3.96,0.522,7.97
2200,Penaeus_monodon,summer,very_poor,False,none,21.31,1.0,0.0,4.13,0.51,7.97
2201,Litopenaeus_vannamei,winter,good,True,stratification_collapse,21.31,1.0,0.0,4.53,0.531,7.97
2202,Litopenaeus_vannamei,summer,good,False,none,21.31,1.0,0.0,4.37,0.53,7.97
2203,Penaeus_monodon,winter,excellent,True,stratification_collapse,21.31,1.0,0.0,4.39,0.503,7.97
2204,Litopenaeus_vannamei,summer,poor,False,none,21.31,1.0,0.0,4.24,0.543,7.97
2205,Litopenaeus_vannamei,northeast,good,False,none,21.31,1.0,0.0,4.67,0.524,7.97
2206,Penaeus_monodon,winter,good,True,stratification_collapse,21.31,1.0,0.0,4.21,0.506,7.97
2207,Penaeus_monodon,northeast,good,False,none,21.31,1.0,0.0,4.46,0.511,7.97
2208,Litopenaeus_vannamei,monsoon,excellent,False,none,21.31,1.0,0.0,4.67,0.526,7.97
2209,Litopenaeus_vannamei,winter,very_poor,False,none,21.31,1.0,0.0,4.14,0.546,7.97
2210,Litopenaeus_vannamei,northeast,very_poor,False,none,21.31,1.0,0.0,4.41,0.531,7.97
2211,Litopenaeus_vannamei,northeast,good,False,none,21.31,1.0,0.0,4.46,0.513,7.97
2212,Litopenaeus_vannamei,monsoon,very_poor,False,none,21.31,1.0,0.0,4.31,0.553,7.97
2213,Penaeus_monodon,winter,good,False,none,21.31,1.0,0.0,4.19,0.51,7.97
2214,Penaeus_monodon,winter,excellent,False,none,21.31,1.0,0.0,4.24,0.509,7.97
2215,Litopenaeus_vannamei,monsoon,very_poor,True,stratification_collapse,21.31,1.0,0.0,4.07,0.541,7.97
2216,Penaeus_monodon,monsoon,very_poor,False,none,21.31,1.0,0.0,4.57,0.511,7.97
2217,Litopenaeus_vannamei,northeast,excellent,False,none,21.31,1.0,0.0,4.28,0.514,7.97
2218,Litopenaeus_vannamei,northeast,poor,False,none,21.31,1.0,0.0,4.63,0.516,7.97
2219,Litopenaeus_vannamei,monsoon,good,True,stratification_collapse,21.31,1.0,0.0,4.34,0.507,7.97
2220,Penaeus_monodon,monsoon,poor,False,none,21.31,1.0,0.0,4.74,0.511,7.97
2221,Penaeus_monodon,summer,poor,False,none,21.31,1.0,0.0,4.21,0.522,7.97
2222,Litopenaeus_vannamei,northeast,excellent,False,none,21.31,1.0,0.0,4.51,0.512,7.97
2223,Penaeus_monodon,summer,very_poor,False,none,21.31,1.0,0.0,4.38,0.52,7.97
2224,Litopenaeus_vannamei,summer,very_poor,True,stratification_collapse,21.31,1.0,0.0,4.17,0.541,7.97
2225,Litopenaeus_vannamei,northeast,excellent,False,none,21.31,1.0,0.0,4.66,0.52,7.97
2226,Litopenaeus_vannamei,summer,poor,True,sensor_fault,21.31,1.0,0.0,3.76,0.54,7.97
2227,Penaeus_monodon,northeast,poor,False,none,21.31,1.0,0.0,4.59,0.505,7.97
2228,Penaeus_monodon,northeast,poor,True,stratification_collapse,21.31,1.0,0.0,4.35,0.514,7.97
2229,Penaeus_monodon,monsoon,excellent,True,stratification_collapse,21.31,1.0,0.0,4.64,0.502,7.97
2230,Litopenaeus_vannamei,northeast,good,False,none,21.31,1.0,0.0,4.39,0.518,7.97
2231,Litopenaeus_vannamei,monsoon,good,True,stratification_collapse,21.31,1.0,0.0,4.5,0.524,7.97
2232,Litopenaeus_vannamei,northeast,poor,False,none,21.31,1.0,0.0,4.57,0.533,7.97
2233,Litopenaeus_vannamei,summer,good,True,stratification_collapse,21.31,1.0,0.0,3.94,0.514,7.97
2234,Litopenaeus_vannamei,summer,very_poor,False,none,21.31,1.0,0.0,4.03,0.558,7.97
2235,Penaeus_monodon,northeast,good,False,none,21.31,1.0,0.0,4.31,0.508,7.97
2236,Litopenaeus_vannamei,monsoon,poor,True,stratification_collapse,21.31,1.0,0.0,4.29,0.549,7.97
2237,Litopenaeus_vannamei,summer,poor,False,none,21.31,1.0,0.0,4.09,0.548,7.97
2238,Litopenaeus_vannamei,summer,good,True,stratification_collapse,21.31,1.0,0.0,4.0,0.524,7.97
2239,Penaeus_monodon,summer,good,False,none,21.31,1.0,0.0,4.4,0.507,7.97
2240,Penaeus_monodon,northeast,poor,False,none,21.31,1.0,0.0,4.48,0.515,7.97
2241,Penaeus_monodon,winter,poor,False,none,21.31,1.0,0.0,4.27,0.51,7.97
2242,Penaeus_monodon,winter,poor,False,none,21.31,1.0,0.0,4.42,0.508,7.97
2243,Penaeus_monodon,summer,very_poor,False,none,21.31,1.0,0.0,3.95,0.514,7.97
2244,Litopenaeus_vannamei,monsoon,poor,False,none,21.31,1.0,0.0,4.43,0.533,7.97
2245,Litopenaeus_vannamei,winter,good,False,none,21.31,1.0,0.0,4.44,0.519,7.97
2246,Litopenaeus_vannamei,northeast,very_poor,True,stratification_collapse,21.31,1.0,0.0,4.29,0.588,7.97
2247,Litopenaeus_vannamei,monsoon,poor,True,stratification_collapse,21.31,1.0,0.0,4.8,0.52,7.97
2248,Penaeus_monodon,summer,excellent,False,none,21.31,1.0,0.0,4.02,0.509,7.97
2249,Penaeus_monodon,monsoon,very_poor,False,none,21.31,1.0,0.0,4.42,0.514,7.97
2250,Penaeus_monodon,winter,very_poor,True,stratification_collapse,21.31,1.0,0.0,4.49,0.513,7.97
2251,Litopenaeus_vannamei,summer,poor,False,none,21.31,1.0,0.0,4.13,0.528,7.97
2252,Litopenaeus_vannamei,northeast,good,False,none,21.31,1.0,0.0,4.16,0.516,7.97
2253,Penaeus_monodon,winter,very_poor,False,none,21.31,1.0,0.0,4.02,0.519,7.97
2254,Litopenaeus_vannamei,summer,excellent,False,none,21.31,1.0,0.0,3.94,0.517,7.97
2255,Litopenaeus_vannamei,monsoon,very_poor,False,none,21.31,1.0,0.0,4.57,0.536,7.97
2256,Litopenaeus_vannamei,northeast,good,False,none,21.31,1.0,0.0,4.13,0.526,7.97
2257,Litopenaeus_vannamei,summer,good,False,none,21.31,1.0,0.0,4.45,0.526,7.97
2258,Litopenaeus_vannamei,winter,poor,False,none,21.31,1.0,0.0,4.34,0.533,7.97
2259,Litopenaeus_vannamei,northeast,good,False,none,21.31,1.0,0.0,4.62,0.522,7.97
2260,Penaeus_monodon,summer,excellent,False,none,21.31,1.0,0.0,4.23,0.507,7.97
2261,Penaeus_monodon,monsoon,excellent,False,none,21.31,1.0,0.0,4.61,0.505,7.97
2262,Litopenaeus_vannamei,northeast,very_poor,False,none,21.31,1.0,0.0,3.92,0.573,7.97
2263,Litopenaeus_vannamei,winter,poor,False,none,21.31,1.0,0.0,4.49,0.537,7.97
2264,Litopenaeus_vannamei,summer,excellent,False,none,21.31,1.0,0.0,3.83,0.518,7.97
2265,Litopenaeus_vannamei,winter,poor,False,none,21.31,1.0,0.0,4.04,0.553,7.97
2266,Litopenaeus_vannamei,northeast,good,False,none,21.31,1.0,0.0,4.39,0.52,7.97
2267,Litopenaeus_vannamei,northeast,excellent,True,stratification_collapse,21.31,1.0,0.0,4.18,0.513,7.97
2268,Litopenaeus_vannamei,northeast,very_poor,True,other,0.65,0.0235,1880.0,0.0,2.564,7.97
2269,Penaeus_monodon,winter,excellent,True,stratification_collapse,21.31,1.0,0.0,4.31,0.505,7.97
2270,Penaeus_monodon,northeast,good,False,none,21.31,1.0,0.0,4.34,0.505,7.97
2271,Penaeus_monodon,northeast,poor,False,none,21.31,1.0,0.0,4.22,0.509,7.97
2272,Penaeus_monodon,monsoon,poor,False,none,21.31,1.0,0.0,4.75,0.511,7.97
2273,Litopenaeus_vannamei,summer,very_poor,True,stratification_collapse,21.31,1.0,0.0,3.62,0.582,7.97
2274,Litopenaeus_vannamei,winter,excellent,False,none,21.31,1.0,0.0,4.24,0.522,7.97
2275,Penaeus_monodon,winter,very_poor,False,none,21.31,1.0,0.0,4.4,0.528,7.97
2276,Penaeus_monodon,monsoon,good,False,none,21.31,1.0,0.0,4.88,0.515,7.97
2277,Penaeus_monodon,summer,very_poor,True,stratification_collapse,21.31,1.0,0.0,3.92,0.513,7.97
2278,Litopenaeus_vannamei,summer,good,False,none,21.31,1.0,0.0,4.21,0.525,7.97
2279,Penaeus_monodon,winter,very_poor,False,none,21.31,1.0,0.0,4.0,0.523,7.97
2280,Penaeus_monodon,monsoon,excellent,False,none,21.31,1.0,0.0,4.82,0.509,7.97
2281,Penaeus_monodon,summer,very_poor,False,none,21.31,1.0,0.0,4.18,0.521,7.97
2282,Litopenaeus_vannamei,summer,very_poor,False,none,21.31,1.0,0.0,3.86,0.603,7.97
2283,Litopenaeus_vannamei,winter,poor,True,sensor_fault,21.31,1.0,0.0,3.73,0.529,7.97
2284,Penaeus_monodon,northeast,very_poor,True,stratification_collapse,21.31,1.0,0.0,4.2,0.505,7.97
2285,Penaeus_monodon,summer,poor,False,none,21.31,1.0,0.0,4.43,0.521,7.97
2286,Penaeus_monodon,monsoon,poor,False,none,21.31,1.0,0.0,4.59,0.504,7.97
2287,Litopenaeus_vannamei,monsoon,very_poor,False,none,21.31,1.0,0.0,4.51,0.541,7.97
2288,Penaeus_monodon,summer,good,True,stratification_collapse,21.31,1.0,0.0,4.43,0.506,7.97
2289,Penaeus_monodon,monsoon,very_poor,False,none,21.31,1.0,0.0,4.6,0.527,7.97
2290,Litopenaeus_vannamei,monsoon,excellent,False,none,21.31,1.0,0.0,4.6,0.531,7.97
2291,Litopenaeus_vannamei,summer,very_poor,True,stratification_collapse,21.31,1.0,0.0,3.73,0.539,7.97
2292,Penaeus_monodon,monsoon,excellent,False,none,21.31,1.0,0.0,4.71,0.504,7.97
2293,Penaeus_monodon,winter,good,False,none,21.31,1.0,0.0,4.24,0.509,7.97
2294,Litopenaeus_vannamei,winter,very_poor,False,none,21.31,1.0,0.0,4.03,0.559,7.97
2295,Penaeus_monodon,winter,excellent,False,none,21.31,1.0,0.0,4.0,0.506,7.97
2296,Penaeus_monodon,summer,good,True,stratification_collapse,21.31,1.0,0.0,4.3,0.509,7.97
2297,Penaeus_monodon,monsoon,excellent,False,none,21.31,1.0,0.0,4.37,0.503,7.97
2298,Penaeus_monodon,winter,good,False,none,21.31,1.0,0.0,4.49,0.506,7.97
2299,Litopenaeus_vannamei,winter,good,False,none,21.31,1.0,0.0,4.25,0.518,7.97
2300,Penaeus_monodon,winter,poor,False,none,21.31,1.0,0.0,4.09,0.505,7.97
2301,Penaeus_monodon,monsoon,very_poor,False,none,21.31,1.0,0.0,4.62,0.526,7.97
2302,Litopenaeus_vannamei,summer,poor,False,none,21.31,1.0,0.0,3.71,0.544,7.97
2303,Litopenaeus_vannamei,summer,poor,True,sensor_fault,21.31,1.0,0.0,3.69,0.55,7.97
2304,Penaeus_monodon,winter,very_poor,False,none,21.31,1.0,0.0,4.09,0.538,7.97
2305,Litopenaeus_vannamei,winter,poor,False,none,21.31,1.0,0.0,3.93,0.537,7.97
2306,Penaeus_monodon,summer,excellent,False,none,21.31,1.0,0.0,4.38,0.503,7.97
2307,Penaeus_monodon,winter,poor,False,none,21.31,1.0,0.0,4.17,0.516,7.97
2308,Penaeus_monodon,summer,excellent,False,none,21.31,1.0,0.0,4.58,0.504,7.97
2309,Penaeus_monodon,northeast,poor,False,none,21.31,1.0,0.0,4.74,0.513,7.97
2310,Penaeus_monodon,winter,very_poor,False,none,21.31,1.0,0.0,4.15,0.532,7.97
2311,Litopenaeus_vannamei,winter,poor,False,none,21.31,1.0,0.0,3.79,0.526,7.97
2312,Penaeus_monodon,summer,poor,False,none,21.31,1.0,0.0,4.09,0.515,7.97
2313,Penaeus_monodon,winter,excellent,False,none,21.31,1.0,0.0,4.28,0.505,7.97
2314,Litopenaeus_vannamei,summer,very_poor,False,none,21.31,1.0,0.0,4.24,0.527,7.97
2315,Penaeus_monodon,monsoon,excellent,False,none,21.31,1.0,0.0,4.47,0.505,7.97
2316,Penaeus_monodon,winter,poor,False,none,21.31,1.0,0.0,4.4,0.505,7.97
2317,Penaeus_monodon,summer,good,False,none,21.31,1.0,0.0,3.95,0.509,7.97
2318,Litopenaeus_vannamei,northeast,excellent,False,none,21.31,1.0,0.0,4.48,0.515,7.97
2319,Litopenaeus_vannamei,summer,excellent,True,sensor_fault,21.31,1.0,0.0,4.43,0.51,7.97
2320,Penaeus_monodon,winter,poor,False,none,21.31,1.0,0.0,4.31,0.513,7.97
2321,Penaeus_monodon,northeast,excellent,False,none,21.31,1.0,0.0,4.67,0.503,7.97
2322,Litopenaeus_vannamei,winter,very_poor,False,none,21.31,1.0,0.0,3.93,0.555,7.97
2323,Penaeus_monodon,summer,excellent,False,none,21.31,1.0,0.0,4.4,0.509,7.97
2324,Penaeus_monodon,northeast,excellent,False,none,21.31,1.0,0.0,4.52,0.504,7.97
2325,Penaeus_monodon,winter,good,True,stratification_collapse,21.31,1.0,0.0,4.34,0.51,7.97
2326,Penaeus_monodon,winter,excellent,False,none,21.31,1.0,0.0,4.32,0.503,7.97
2327,Litopenaeus_vannamei,summer,poor,False,none,21.31,1.0,0.0,3.73,0.537,7.97
2328,Litopenaeus_vannamei,winter,poor,True,stratification_collapse,21.31,1.0,0.0,4.06,0.532,7.97
2329,Litopenaeus_vannamei,winter,excellent,False,none,21.31,1.0,0.0,3.9,0.522,7.97
2330,Penaeus_monodon,summer,good,True,stratification_collapse,21.31,1.0,0.0,3.94,0.503,7.97
2331,Penaeus_monodon,winter,excellent,False,none,21.31,1.0,0.0,4.18,0.503,7.97
2332,Litopenaeus_vannamei,winter,poor,False,none,21.31,1.0,0.0,4.05,0.528,7.97
2333,Litopenaeus_vannamei,northeast,good,False,none,21.31,1.0,0.0,4.31,0.511,7.97
2334,Penaeus_monodon,winter,very_poor,False,none,21.31,1.0,0.0,4.55,0.529,7.97
2335,Penaeus_monodon,summer,poor,False,none,21.31,1.0,0.0,3.74,0.513,7.97
2336,Penaeus_monodon,winter,very_poor,False,none,21.31,1.0,0.0,3.79,0.52,7.97
2337,Penaeus_monodon,winter,poor,True,stratification_collapse,21.31,1.0,0.0,4.2,0.522,7.97
2338,Penaeus_monodon,northeast,good,False,none,21.31,1.0,0.0,4.67,0.509,7.97
2339,Litopenaeus_vannamei,northeast,excellent,True,stratification_collapse,21.31,1.0,0.0,4.32,0.517,7.97
2340,Litopenaeus_vannamei,northeast,good,False,none,21.31,1.0,0.0,4.07,0.523,7.97
2341,Penaeus_monodon,northeast,good,False,none,21.31,1.0,0.0,4.42,0.503,7.97
2342,Litopenaeus_vannamei,monsoon,poor,False,none,21.31,1.0,0.0,4.36,0.537,7.97
2343,Litopenaeus_vannamei,monsoon,good,False,none,21.31,1.0,0.0,4.36,0.516,7.97
2344,Penaeus_monodon,northeast,poor,False,none,21.31,1.0,0.0,4.61,0.521,7.97
2345,Penaeus_monodon,monsoon,excellent,True,stratification_collapse,21.31,1.0,0.0,4.75,0.503,7.97
2346,Penaeus_monodon,northeast,good,False,none,21.31,1.0,0.0,4.76,0.504,7.97
2347,Litopenaeus_vannamei,northeast,excellent,False,none,21.31,1.0,0.0,4.54,0.514,7.97
2348,Litopenaeus_vannamei,monsoon,good,False,none,21.31,1.0,0.0,4.45,0.52,7.97
2349,Penaeus_monodon,monsoon,very_poor,True,stratification_collapse,21.31,1.0,0.0,4.61,0.511,7.97
2350,Litopenaeus_vannamei,winter,good,True,stratification_collapse,21.31,1.0,0.0,4.15,0.53,7.97
2351,Penaeus_monodon,monsoon,very_poor,True,stratification_collapse,21.31,1.0,0.0,4.77,0.528,7.97
2352,Penaeus_monodon,northeast,very_poor,False,none,21.31,1.0,0.0,4.39,0.513,7.97
2353,Litopenaeus_vannamei,summer,excellent,False,none,21.31,1.0,0.0,4.22,0.511,7.97
2354,Penaeus_monodon,monsoon,poor,False,none,21.31,1.0,0.0,4.44,0.52,7.97
2355,Penaeus_monodon,summer,poor,True,stratification_collapse,21.31,1.0,0.0,4.42,0.504,7.97
2356,Penaeus_monodon,winter,good,False,none,21.31,1.0,0.0,4.33,0.513,7.97
2357,Penaeus_monodon,monsoon,good,False,none,21.31,1.0,0.0,4.51,0.502,7.97
2358,Penaeus_monodon,northeast,excellent,False,none,21.31,1.0,0.0,4.75,0.508,7.97
2359,Litopenaeus_vannamei,summer,good,False,none,21.31,1.0,0.0,3.67,0.532,7.97
2360,Penaeus_monodon,monsoon,very_poor,False,none,21.31,1.0,0.0,4.54,0.524,7.97
2361,Penaeus_monodon,summer,very_poor,False,none,21.31,1.0,0.0,4.49,0.517,7.97
2362,Penaeus_monodon,summer,good,False,none,21.31,1.0,0.0,4.08,0.504,7.97
2363,Litopenaeus_vannamei,monsoon,poor,False,none,21.31,1.0,0.0,4.35,0.523,7.97
2364,Penaeus_monodon,northeast,poor,False,none,21.31,1.0,0.0,4.49,0.515,7.97
2365,Litopenaeus_vannamei,summer,very_poor,True,stratification_collapse,21.31,1.0,0.0,3.7,0.557,7.97
2366,Penaeus_monodon,winter,excellent,False,none,21.31,1.0,0.0,4.21,0.505,7.97
2367,Penaeus_monodon,northeast,good,False,none,21.31,1.0,0.0,4.33,0.504,7.97
2368,Penaeus_monodon,northeast,poor,True,stratification_collapse,21.31,1.0,0.0,4.81,0.509,7.97
2369,Penaeus_monodon,summer,excellent,False,none,21.31,1.0,0.0,4.46,0.504,7.97
2370,Penaeus_monodon,monsoon,excellent,False,none,21.31,1.0,0.0,4.76,0.508,7.97
2371,Litopenaeus_vannamei,monsoon,very_poor,False,none,21.31,1.0,0.0,4.4,0.563,7.97
2372,Penaeus_monodon,winter,good,False,none,21.31,1.0,0.0,4.15,0.504,7.97
2373,Penaeus_monodon,summer,very_poor,False,none,21.31,1.0,0.0,4.06,0.515,7.97
2374,Penaeus_monodon,winter,good,False,none,21.31,1.0,0.0,4.35,0.513,7.97
2375,Penaeus_monodon,monsoon,very_poor,False,none,21.31,1.0,0.0,4.74,0.509,7.97
2376,Penaeus_monodon,northeast,very_poor,False,none,21.31,1.0,0.0,4.69,0.514,7.97
2377,Penaeus_monodon,northeast,poor,False,none,21.31,1.0,0.0,4.35,0.515,7.97
2378,Litopenaeus_vannamei,northeast,very_poor,False,none,21.31,1.0,0.0,4.35,0.532,7.97
2379,Litopenaeus_vannamei,monsoon,poor,True,sensor_fault,21.31,1.0,0.0,4.75,0.531,7.97
2380,Penaeus_monodon,monsoon,good,True,stratification_collapse,21.31,1.0,0.0,4.46,0.512,7.97
2381,Litopenaeus_vannamei,summer,poor,False,none,21.31,1.0,0.0,3.72,0.548,7.97
2382,Penaeus_monodon,northeast,good,False,none,21.31,1.0,0.0,4.46,0.508,7.97
2383,Penaeus_monodon,monsoon,excellent,False,none,21.31,1.0,0.0,4.82,0.507,7.97
2384,Penaeus_monodon,monsoon,good,False,none,21.31,1.0,0.0,4.76,0.506,7.97
2385,Penaeus_monodon,summer,very_poor,True,stratification_collapse,21.31,1.0,0.0,4.41,0.515,7.97
2386,Penaeus_monodon,northeast,good,False,none,21.31,1.0,0.0,4.5,0.504,7.97
2387,Litopenaeus_vannamei,summer,good,False,none,21.31,1.0,0.0,4.51,0.516,7.97
2388,Litopenaeus_vannamei,winter,poor,False,none,21.31,1.0,0.0,4.14,0.548,7.97
2389,Litopenaeus_vannamei,summer,poor,False,none,21.31,1.0,0.0,3.82,0.537,7.97
2390,Penaeus_monodon,northeast,excellent,False,none,21.31,1.0,0.0,4.62,0.503,7.97
2391,Litopenaeus_vannamei,summer,poor,False,none,21.31,1.0,0.0,3.64,0.546,7.97
2392,Penaeus_monodon,winter,very_poor,False,none,21.31,1.0,0.0,4.27,0.515,7.97
2393,Litopenaeus_vannamei,monsoon,poor,False,none,21.31,1.0,0.0,4.57,0.527,7.97
2394,Penaeus_monodon,northeast,very_poor,False,none,21.31,1.0,0.0,4.17,0.518,7.97
2395,Penaeus_monodon,northeast,poor,False,none,21.31,1.0,0.0,4.62,0.515,7.97
2396,Litopenaeus_vannamei,monsoon,very_poor,False,none,21.31,1.0,0.0,4.4,0.578,7.97
2397,Litopenaeus_vannamei,winter,excellent,False,none,21.31,1.0,0.0,4.08,0.51,7.97
2398,Penaeus_monodon,monsoon,good,False,none,21.31,1.0,0.0,4.59,0.509,7.97
2399,Penaeus_monodon,northeast,good,True,stratification_collapse,21.31,1.0,0.0,4.38,0.505,7.97
2400,Litopenaeus_vannamei,summer,very_poor,False,none,21.31,1.0,0.0,4.31,0.529,7.97
2401,Litopenaeus_vannamei,monsoon,good,False,none,21.31,1.0,0.0,4.71,0.516,7.97
2402,Litopenaeus_vannamei,northeast,very_poor,False,none,21.31,1.0,0.0,4.45,0.559,7.97
2403,Litopenaeus_vannamei,winter,excellent,False,none,21.31,1.0,0.0,4.34,0.512,7.97
2404,Penaeus_monodon,summer,excellent,False,none,21.31,1.0,0.0,4.26,0.507,7.97
2405,Litopenaeus_vannamei,winter,very_poor,True,stratification_collapse,21.31,1.0,0.0,3.76,0.549,7.97
2406,Penaeus_monodon,northeast,poor,False,none,21.31,1.0,0.0,4.38,0.515,7.97
2407,Penaeus_monodon,winter,poor,True,stratification_collapse,21.31,1.0,0.0,4.51,0.514,7.97
2408,Penaeus_monodon,summer,poor,True,stratification_collapse,21.31,1.0,0.0,4.16,0.512,7.97
2409,Penaeus_monodon,northeast,poor,True,stratification_collapse,21.31,1.0,0.0,4.47,0.519,7.97
2410,Litopenaeus_vannamei,monsoon,poor,False,none,21.31,1.0,0.0,4.36,0.519,7.97
2411,Litopenaeus_vannamei,monsoon,excellent,False,none,21.31,1.0,0.0,4.45,0.509,7.97
2412,Penaeus_monodon,winter,excellent,False,none,21.31,1.0,0.0,4.46,0.504,7.97
2413,Penaeus_monodon,monsoon,very_poor,False,none,21.31,1.0,0.0,4.78,0.508,7.97
2414,Litopenaeus_vannamei,winter,excellent,False,none,21.31,1.0,0.0,4.49,0.517,7.97
2415,Litopenaeus_vannamei,monsoon,good,False,none,21.31,1.0,0.0,4.49,0.516,7.97
2416,Penaeus_monodon,winter,good,False,none,21.31,1.0,0.0,4.58,0.507,7.97
2417,Litopenaeus_vannamei,northeast,very_poor,True,stratification_collapse,21.31,1.0,0.0,4.16,0.543,7.97
2418,Litopenaeus_vannamei,winter,poor,False,none,21.31,1.0,0.0,3.96,0.518,7.97
2419,Litopenaeus_vannamei,monsoon,excellent,False,none,21.31,1.0,0.0,4.55,0.511,7.97
2420,Penaeus_monodon,monsoon,poor,False,none,21.31,1.0,0.0,4.34,0.511,7.97
2421,Litopenaeus_vannamei,summer,good,True,sensor_fault,21.31,1.0,0.0,4.11,0.535,7.97
2422,Penaeus_monodon,summer,poor,False,none,21.31,1.0,0.0,3.93,0.511,7.97
2423,Litopenaeus_vannamei,summer,good,False,none,21.31,1.0,0.0,4.36,0.514,7.97
2424,Penaeus_monodon,summer,very_poor,False,none,21.31,1.0,0.0,4.43,0.517,7.97
2425,Penaeus_monodon,northeast,excellent,False,none,21.31,1.0,0.0,4.4,0.51,7.97
2426,Penaeus_monodon,summer,good,False,none,21.31,1.0,0.0,3.82,0.502,7.97
2427,Penaeus_monodon,monsoon,good,False,none,21.31,1.0,0.0,4.78,0.507,7.97
2428,Penaeus_monodon,summer,good,False,none,21.31,1.0,0.0,4.01,0.509,7.97
2429,Penaeus_monodon,summer,very_poor,False,none,21.31,1.0,0.0,4.15,0.525,7.97
2430,Litopenaeus_vannamei,monsoon,good,False,none,21.31,1.0,0.0,4.68,0.523,7.97
2431,Penaeus_monodon,northeast,poor,False,none,21.31,1.0,0.0,4.37,0.507,7.97
2432,Penaeus_monodon,winter,excellent,True,stratification_collapse,21.31,1.0,0.0,4.5,0.504,7.97
2433,Penaeus_monodon,winter,good,False,none,21.31,1.0,0.0,4.43,0.509,7.97
2434,Penaeus_monodon,winter,very_poor,False,none,21.31,1.0,0.0,4.08,0.519,7.97
2435,Litopenaeus_vannamei,northeast,poor,False,none,21.31,1.0,0.0,4.14,0.53,7.97
2436,Litopenaeus_vannamei,winter,very_poor,False,none,21.31,1.0,0.0,3.71,0.534,7.97
2437,Penaeus_monodon,winter,poor,False,none,21.31,1.0,0.0,4.06,0.51,7.97
2438,Penaeus_monodon,monsoon,good,False,none,21.31,1.0,0.0,4.52,0.506,7.97
2439,Litopenaeus_vannamei,summer,good,False,none,21.31,1.0,0.0,4.42,0.515,7.97
2440,Penaeus_monodon,winter,good,False,none,21.31,1.0,0.0,4.4,0.511,7.97
2441,Penaeus_monodon,northeast,poor,True,stratification_collapse,21.31,1.0,0.0,4.28,0.505,7.97
2442,Penaeus_monodon,summer,very_poor,False,none,21.31,1.0,0.0,4.49,0.505,7.97
2443,Penaeus_monodon,summer,poor,True,stratification_collapse,21.31,1.0,0.0,4.09,0.512,7.97
2444,Penaeus_monodon,northeast,very_poor,False,none,21.31,1.0,0.0,4.54,0.522,7.97
2445,Penaeus_monodon,winter,excellent,False,none,21.31,1.0,0.0,4.53,0.507,7.97
2446,Penaeus_monodon,northeast,excellent,True,stratification_collapse,21.31,1.0,0.0,4.79,0.504,7.97
2447,Penaeus_monodon,northeast,very_poor,False,none,21.31,1.0,0.0,4.59,0.523,7.97
2448,Penaeus_monodon,monsoon,excellent,False,none,21.31,1.0,0.0,4.48,0.504,7.97
2449,Litopenaeus_vannamei,northeast,good,False,none,21.31,1.0,0.0,4.62,0.52,7.97
2450,Penaeus_monodon,monsoon,excellent,False,none,21.31,1.0,0.0,4.45,0.51,7.97
2451,Litopenaeus_vannamei,winter,very_poor,False,none,21.31,1.0,0.0,3.99,0.526,7.97
2452,Litopenaeus_vannamei,summer,poor,False,none,21.31,1.0,0.0,3.88,0.525,7.97
2453,Penaeus_monodon,monsoon,very_poor,False,none,21.31,1.0,0.0,4.33,0.512,7.97
2454,Litopenaeus_vannamei,monsoon,excellent,False,none,21.31,1.0,0.0,4.74,0.51,7.97
2455,Penaeus_monodon,monsoon,good,False,none,21.31,1.0,0.0,4.75,0.507,7.97
2456,Litopenaeus_vannamei,northeast,poor,False,none,21.31,1.0,0.0,4.48,0.528,7.97
2457,Litopenaeus_vannamei,summer,poor,False,none,21.31,1.0,0.0,4.37,0.527,7.97
2458,Litopenaeus_vannamei,summer,very_poor,True,stratification_collapse,21.31,1.0,0.0,4.16,0.55,7.97
2459,Penaeus_monodon,monsoon,good,False,none,21.31,1.0,0.0,4.86,0.504,7.97
2460,Litopenaeus_vannamei,winter,good,False,none,21.31,1.0,0.0,4.36,0.521,7.97
2461,Litopenaeus_vannamei,northeast,good,False,none,21.31,1.0,0.0,4.6,0.512,7.97
2462,Litopenaeus_vannamei,summer,poor,False,none,21.31,1.0,0.0,3.97,0.535,7.97
2463,Litopenaeus_vannamei,northeast,good,True,sensor_fault,21.31,1.0,0.0,4.42,0.527,7.97
2464,Penaeus_monodon,winter,excellent,False,none,21.31,1.0,0.0,4.65,0.507,7.97
2465,Penaeus_monodon,summer,good,True,stratification_collapse,21.31,1.0,0.0,4.54,0.512,7.97
2466,Penaeus_monodon,northeast,poor,False,none,21.31,1.0,0.0,4.39,0.512,7.97
2467,Litopenaeus_vannamei,summer,excellent,False,none,21.31,1.0,0.0,4.25,0.522,7.97
2468,Penaeus_monodon,winter,poor,False,none,21.31,1.0,0.0,4.65,0.507,7.97
2469,Penaeus_monodon,monsoon,excellent,False,none,21.31,1.0,0.0,4.57,0.504,7.97
2470,Penaeus_monodon,monsoon,good,False,none,21.31,1.0,0.0,4.67,0.506,7.97
2471,Penaeus_monodon,monsoon,very_poor,False,none,21.31,1.0,0.0,4.78,0.521,7.97
2472,Penaeus_monodon,summer,excellent,True,stratification_collapse,21.31,1.0,0.0,3.9,0.511,7.97
2473,Penaeus_monodon,monsoon,poor,False,none,21.31,1.0,0.0,4.46,0.508,7.97
2474,Penaeus_monodon,winter,very_poor,False,none,21.31,1.0,0.0,4.26,0.512,7.97
2475,Litopenaeus_vannamei,monsoon,poor,False,none,21.31,1.0,0.0,4.51,0.526,7.97
2476,Litopenaeus_vannamei,monsoon,poor,False,none,21.31,1.0,0.0,4.36,0.525,7.97
2477,Litopenaeus_vannamei,winter,very_poor,False,none,21.31,1.0,0.0,4.14,0.555,7.97
2478,Litopenaeus_vannamei,northeast,very_poor,True,stratification_collapse,21.31,1.0,0.0,3.9,0.552,7.97
2479,Penaeus_monodon,monsoon,good,False,none,21.31,1.0,0.0,4.69,0.511,7.97
2480,Litopenaeus_vannamei,summer,poor,False,none,21.31,1.0,0.0,3.64,0.561,7.97
2481,Litopenaeus_vannamei,summer,excellent,False,none,21.31,1.0,0.0,3.79,0.519,7.97
2482,Litopenaeus_vannamei,winter,excellent,False,none,21.31,1.0,0.0,4.06,0.514,7.97
2483,Litopenaeus_vannamei,winter,excellent,False,none,21.31,1.0,0.0,4.53,0.508,7.97
2484,Litopenaeus_vannamei,northeast,good,False,none,21.31,1.0,0.0,4.24,0.521,7.97
2485,Litopenaeus_vannamei,monsoon,very_poor,False,none,21.31,1.0,0.0,4.23,0.524,7.97
2486,Litopenaeus_vannamei,northeast,excellent,False,none,21.31,1.0,0.0,4.3,0.512,7.97
2487,Penaeus_monodon,winter,good,False,none,21.31,1.0,0.0,4.38,0.505,7.97
2488,Penaeus_monodon,monsoon,poor,False,none,21.31,1.0,0.0,4.51,0.511,7.97
2489,Litopenaeus_vannamei,summer,good,False,none,21.31,1.0,0.0,4.0,0.511,7.97
2490,Penaeus_monodon,summer,excellent,False,none,21.31,1.0,0.0,4.24,0.503,7.97
2491,Litopenaeus_vannamei,monsoon,very_poor,False,none,21.31,1.0,0.0,4.15,0.535,7.97
2492,Penaeus_monodon,summer,excellent,False,none,21.31,1.0,0.0,4.33,0.503,7.97
2493,Litopenaeus_vannamei,summer,poor,False,none,21.31,1.0,0.0,3.86,0.531,7.97
2494,Litopenaeus_vannamei,monsoon,excellent,False,none,21.31,1.0,0.0,4.58,0.512,7.97
2495,Litopenaeus_vannamei,summer,very_poor,False,none,21.31,1.0,0.0,3.51,0.535,7.97
2496,Litopenaeus_vannamei,northeast,poor,False,none,21.31,1.0,0.0,4.48,0.526,7.97
2497,Penaeus_monodon,monsoon,poor,True,stratification_collapse,21.31,1.0,0.0,4.34,0.513,7.97
2498,Litopenaeus_vannamei,summer,poor,True,sensor_fault,21.31,1.0,0.0,4.11,0.516,7.97
2499,Penaeus_monodon,monsoon,excellent,True,stratification_collapse,21.31,1.0,0.0,4.64,0.513,7.97
2500,Litopenaeus_vannamei,monsoon,very_poor,False,none,21.31,1.0,0.0,4.4,0.539,7.97
2501,Litopenaeus_vannamei,northeast,excellent,False,none,21.31,1.0,0.0,4.45,0.526,7.97
2502,Litopenaeus_vannamei,summer,poor,False,none,21.31,1.0,0.0,3.82,0.524,7.97
2503,Penaeus_monodon,winter,good,False,none,21.31,1.0,0.0,4.54,0.506,7.97
2504,Litopenaeus_vannamei,summer,good,False,none,21.31,1.0,0.0,4.14,0.514,7.97
2505,Penaeus_monodon,winter,excellent,False,none,21.31,1.0,0.0,4.36,0.502,7.97
2506,Penaeus_monodon,northeast,good,False,none,21.31,1.0,0.0,4.5,0.504,7.97
2507,Litopenaeus_vannamei,winter,poor,False,none,21.31,1.0,0.0,3.97,0.535,7.97
2508,Litopenaeus_vannamei,summer,good,True,sensor_fault,21.31,1.0,0.0,3.92,0.511,7.97
2509,Penaeus_monodon,summer,excellent,False,none,21.31,1.0,0.0,4.19,0.505,7.97
2510,Penaeus_monodon,winter,good,False,none,21.31,1.0,0.0,4.15,0.51,7.97
2511,Penaeus_monodon,monsoon,good,False,none,21.31,1.0,0.0,4.7,0.51,7.97
2512,Litopenaeus_vannamei,northeast,very_poor,False,none,21.31,1.0,0.0,4.4,0.543,7.97
2513,Penaeus_monodon,monsoon,very_poor,False,none,21.31,1.0,0.0,4.84,0.509,7.97
2514,Litopenaeus_vannamei,summer,poor,True,stratification_collapse,14.38,1.0,12.0,4.18,0.524,7.97
2515,Litopenaeus_vannamei,summer,poor,False,none,21.31,1.0,0.0,4.23,0.532,7.97
2516,Penaeus_monodon,northeast,poor,True,stratification_collapse,21.31,1.0,0.0,4.68,0.509,7.97
2517,Litopenaeus_vannamei,northeast,very_poor,False,none,21.31,1.0,0.0,4.38,0.528,7.97
2518,Penaeus_monodon,summer,very_poor,True,stratification_collapse,21.31,1.0,0.0,3.8,0.513,7.97
2519,Litopenaeus_vannamei,winter,poor,False,none,21.31,1.0,0.0,3.77,0.556,7.97
2520,Penaeus_monodon,summer,good,True,stratification_collapse,21.31,1.0,0.0,4.56,0.507,7.97
2521,Penaeus_monodon,monsoon,excellent,False,none,21.31,1.0,0.0,4.54,0.505,7.97
2522,Penaeus_monodon,summer,very_poor,False,none,21.31,1.0,0.0,4.5,0.508,7.97
2523,Litopenaeus_vannamei,northeast,poor,False,none,21.31,1.0,0.0,4.38,0.55,7.97
2524,Litopenaeus_vannamei,summer,good,False,none,21.31,1.0,0.0,3.71,0.521,7.97
2525,Penaeus_monodon,monsoon,very_poor,False,none,21.31,1.0,0.0,4.66,0.514,7.97
2526,Litopenaeus_vannamei,winter,very_poor,False,none,21.31,1.0,0.0,3.91,0.541,7.97
2527,Litopenaeus_vannamei,northeast,poor,False,none,21.31,1.0,0.0,4.43,0.526,7.97
2528,Penaeus_monodon,northeast,good,False,none,21.31,1.0,0.0,4.66,0.509,7.97
2529,Penaeus_monodon,monsoon,poor,False,none,21.31,1.0,0.0,4.57,0.509,7.97
2530,Litopenaeus_vannamei,northeast,poor,False,none,21.31,1.0,0.0,4.17,0.535,7.97
2531,Penaeus_monodon,summer,very_poor,False,none,21.31,1.0,0.0,4.27,0.507,7.97
2532,Litopenaeus_vannamei,winter,excellent,True,stratification_collapse,21.31,1.0,0.0,4.36,0.514,7.97
2533,Litopenaeus_vannamei,winter,excellent,False,none,21.31,1.0,0.0,4.47,0.517,7.97
2534,Penaeus_monodon,winter,good,False,none,21.31,1.0,0.0,4.54,0.504,7.97
2535,Litopenaeus_vannamei,monsoon,very_poor,False,none,21.31,1.0,0.0,4.7,0.524,7.97
2536,Penaeus_monodon,winter,very_poor,False,none,21.31,1.0,0.0,4.03,0.519,7.97
2537,Litopenaeus_vannamei,monsoon,good,False,none,21.31,1.0,0.0,4.52,0.527,7.97
2538,Penaeus_monodon,northeast,very_poor,False,none,21.31,1.0,0.0,4.65,0.512,7.97
2539,Penaeus_monodon,summer,good,False,none,21.31,1.0,0.0,4.46,0.507,7.97
2540,Litopenaeus_vannamei,winter,good,False,none,21.31,1.0,0.0,3.98,0.526,7.97
2541,Penaeus_monodon,northeast,very_poor,True,stratification_collapse,21.31,1.0,0.0,4.43,0.516,7.97
2542,Litopenaeus_vannamei,summer,good,True,stratification_collapse,21.31,1.0,0.0,4.18,0.527,7.97
2543,Litopenaeus_vannamei,summer,poor,False,none,21.31,1.0,0.0,4.02,0.526,7.97
2544,Penaeus_monodon,northeast,poor,False,none,21.31,1.0,0.0,4.59,0.506,7.97
2545,Penaeus_monodon,winter,poor,False,none,21.31,1.0,0.0,3.9,0.524,7.97
2546,Penaeus_monodon,summer,very_poor,False,none,21.31,1.0,0.0,4.3,0.509,7.97
2547,Penaeus_monodon,northeast,excellent,False,none,21.31,1.0,0.0,4.66,0.508,7.97
2548,Penaeus_monodon,summer,very_poor,False,none,21.31,1.0,0.0,4.01,0.509,7.97
2549,Litopenaeus_vannamei,summer,excellent,False,none,21.31,1.0,0.0,4.09,0.513,7.97
2550,Litopenaeus_vannamei,winter,good,False,none,21.31,1.0,0.0,3.95,0.528,7.97
2551,Litopenaeus_vannamei,summer,poor,False,none,21.31,1.0,0.0,4.24,0.518,7.97
2552,Litopenaeus_vannamei,northeast,poor,False,none,21.31,1.0,0.0,4.18,0.518,7.97
2553,Litopenaeus_vannamei,monsoon,good,False,none,21.31,1.0,0.0,4.61,0.517,7.97
2554,Penaeus_monodon,monsoon,poor,False,none,21.31,1.0,0.0,4.78,0.508,7.97
2555,Penaeus_monodon,summer,very_poor,False,none,21.31,1.0,0.0,4.38,0.523,7.97
2556,Litopenaeus_vannamei,northeast,excellent,False,none,21.31,1.0,0.0,4.14,0.52,7.97
2557,Litopenaeus_vannamei,northeast,excellent,False,none,21.31,1.0,0.0,4.4,0.529,7.97
2558,Penaeus_monodon,summer,poor,False,none,21.31,1.0,0.0,4.21,0.509,7.97
2559,Penaeus_monodon,winter,very_poor,True,stratification_collapse,21.31,1.0,0.0,4.56,0.521,7.97
2560,Penaeus_monodon,northeast,good,True,stratification_collapse,21.31,1.0,0.0,4.66,0.505,7.97
2561,Litopenaeus_vannamei,monsoon,very_poor,False,none,21.31,1.0,0.0,4.29,0.535,7.97
2562,Penaeus_monodon,winter,poor,False,none,21.31,1.0,0.0,4.49,0.51,7.97
2563,Litopenaeus_vannamei,winter,good,False,none,21.31,1.0,0.0,4.15,0.515,7.97
2564,Litopenaeus_vannamei,monsoon,good,True,stratification_collapse,21.31,1.0,0.0,4.65,0.52,7.97
2565,Litopenaeus_vannamei,northeast,very_poor,True,aerator_failure,0.73,0.0271,1819.0,0.0,0.553,7.97
2566,Litopenaeus_vannamei,winter,good,False,none,21.31,1.0,0.0,4.39,0.511,7.97
2567,Penaeus_monodon,northeast,poor,False,none,21.31,1.0,0.0,4.15,0.512,7.97
2568,Penaeus_monodon,summer,poor,True,stratification_collapse,21.31,1.0,0.0,4.48,0.508,7.97
2569,Penaeus_monodon,summer,poor,False,none,21.31,1.0,0.0,4.4,0.514,7.97
2570,Litopenaeus_vannamei,summer,very_poor,False,none,21.31,1.0,0.0,4.08,0.556,7.97
2571,Litopenaeus_vannamei,northeast,excellent,False,none,21.31,1.0,0.0,4.43,0.516,7.97
2572,Litopenaeus_vannamei,winter,good,False,none,21.31,1.0,0.0,4.11,0.517,7.97
2573,Litopenaeus_vannamei,monsoon,very_poor,False,none,21.31,1.0,0.0,4.27,0.539,7.97
2574,Litopenaeus_vannamei,monsoon,excellent,False,none,21.31,1.0,0.0,4.83,0.517,7.97
2575,Penaeus_monodon,summer,good,False,none,21.31,1.0,0.0,4.38,0.509,7.97
2576,Penaeus_monodon,northeast,excellent,True,stratification_collapse,21.31,1.0,0.0,4.6,0.503,7.97
2577,Penaeus_monodon,winter,excellent,False,none,21.31,1.0,0.0,4.21,0.51,7.97
2578,Penaeus_monodon,monsoon,good,False,none,21.31,1.0,0.0,4.77,0.507,7.97
2579,Penaeus_monodon,northeast,poor,True,stratification_collapse,21.31,1.0,0.0,4.24,0.517,7.97
2580,Litopenaeus_vannamei,monsoon,poor,False,none,21.31,1.0,0.0,4.69,0.519,7.97
2581,Litopenaeus_vannamei,northeast,good,False,none,21.31,1.0,0.0,4.56,0.519,7.97
2582,Litopenaeus_vannamei,winter,excellent,False,none,21.31,1.0,0.0,4.26,0.514,7.97
2583,Penaeus_monodon,winter,poor,False,none,21.31,1.0,0.0,4.11,0.517,7.97
2584,Penaeus_monodon,winter,excellent,False,none,21.31,1.0,0.0,4.52,0.504,7.97
2585,Litopenaeus_vannamei,summer,good,True,sensor_fault,21.31,1.0,0.0,4.36,0.527,7.97
2586,Penaeus_monodon,winter,good,False,none,21.31,1.0,0.0,4.5,0.505,7.97
2587,Penaeus_monodon,winter,good,False,none,21.31,1.0,0.0,4.09,0.505,7.97
2588,Litopenaeus_vannamei,monsoon,excellent,True,stratification_collapse,21.31,1.0,0.0,4.53,0.519,7.97
2589,Litopenaeus_vannamei,northeast,excellent,True,sensor_fault,21.31,1.0,0.0,4.2,0.512,7.97
2590,Litopenaeus_vannamei,winter,very_poor,False,none,21.31,1.0,0.0,4.31,0.527,7.97
2591,Penaeus_monodon,northeast,poor,False,none,21.31,1.0,0.0,4.24,0.505,7.97
2592,Penaeus_monodon,monsoon,excellent,False,none,21.31,1.0,0.0,4.33,0.505,7.97
2593,Penaeus_monodon,summer,very_poor,False,none,21.31,1.0,0.0,3.9,0.523,7.97
2594,Penaeus_monodon,winter,very_poor,True,stratification_collapse,21.31,1.0,0.0,4.2,0.507,7.97
2595,Litopenaeus_vannamei,northeast,very_poor,False,none,21.31,1.0,0.0,3.91,0.564,7.97
2596,Litopenaeus_vannamei,northeast,excellent,False,none,21.31,1.0,0.0,4.14,0.515,7.97
2597,Litopenaeus_vannamei,winter,good,False,none,21.31,1.0,0.0,4.26,0.521,7.97
2598,Penaeus_monodon,northeast,very_poor,False,none,21.31,1.0,0.0,4.5,0.512,7.97
2599,Litopenaeus_vannamei,northeast,good,False,none,21.31,1.0,0.0,4.49,0.515,7.97
2600,Penaeus_monodon,summer,very_poor,False,none,21.31,1.0,0.0,4.52,0.516,7.97
2601,Litopenaeus_vannamei,northeast,very_poor,False,none,21.31,1.0,0.0,4.12,0.521,7.97
2602,Litopenaeus_vannamei,northeast,very_poor,True,aerator_failure,0.71,0.0262,1837.0,0.0,0.525,7.97
2603,Penaeus_monodon,northeast,very_poor,False,none,21.31,1.0,0.0,4.26,0.53,7.97
2604,Litopenaeus_vannamei,northeast,excellent,False,none,21.31,1.0,0.0,4.58,0.515,7.97
2605,Litopenaeus_vannamei,northeast,very_poor,False,none,21.31,1.0,0.0,3.94,0.589,7.97
2606,Penaeus_monodon,summer,very_poor,False,none,21.31,1.0,0.0,4.24,0.526,7.97
2607,Litopenaeus_vannamei,summer,good,False,none,21.31,1.0,0.0,3.96,0.52,7.97
2608,Penaeus_monodon,monsoon,very_poor,True,stratification_collapse,21.31,1.0,0.0,4.78,0.52,7.97
2609,Litopenaeus_vannamei,winter,very_poor,False,none,21.31,1.0,0.0,3.71,0.532,7.97
2610,Penaeus_monodon,winter,excellent,False,none,21.31,1.0,0.0,4.21,0.506,7.97
2611,Penaeus_monodon,northeast,excellent,False,none,21.31,1.0,0.0,4.73,0.509,7.97
2612,Litopenaeus_vannamei,winter,excellent,False,none,21.31,1.0,0.0,4.54,0.514,7.97
2613,Penaeus_monodon,winter,good,False,none,21.31,1.0,0.0,4.52,0.505,7.97
2614,Litopenaeus_vannamei,winter,good,False,none,21.31,1.0,0.0,4.15,0.508,7.97
2615,Penaeus_monodon,winter,excellent,False,none,21.31,1.0,0.0,4.61,0.505,7.97
2616,Penaeus_monodon,summer,poor,False,none,21.31,1.0,0.0,4.5,0.509,7.97
2617,Litopenaeus_vannamei,monsoon,good,False,none,21.31,1.0,0.0,4.54,0.522,7.97
2618,Penaeus_monodon,monsoon,poor,False,none,21.31,1.0,0.0,4.83,0.512,7.97
2619,Penaeus_monodon,winter,poor,True,stratification_collapse,21.31,1.0,0.0,3.93,0.511,7.97
2620,Penaeus_monodon,summer,poor,False,none,21.31,1.0,0.0,4.11,0.511,7.97
2621,Penaeus_monodon,northeast,good,True,stratification_collapse,21.31,1.0,0.0,4.54,0.51,7.97
2622,Penaeus_monodon,northeast,excellent,False,none,21.31,1.0,0.0,4.6,0.508,7.97
2623,Litopenaeus_vannamei,monsoon,very_poor,False,none,21.31,1.0,0.0,4.61,0.532,7.97
2624,Litopenaeus_vannamei,summer,very_poor,False,none,21.31,1.0,0.0,4.06,0.525,7.97
2625,Litopenaeus_vannamei,monsoon,excellent,True,sensor_fault,21.31,1.0,0.0,4.4,0.514,7.97
2626,Penaeus_monodon,northeast,poor,False,none,21.31,1.0,0.0,4.56,0.507,7.97
2627,Penaeus_monodon,monsoon,good,False,none,21.31,1.0,0.0,4.44,0.504,7.97
2628,Penaeus_monodon,summer,poor,True,stratification_collapse,21.31,1.0,0.0,4.34,0.505,7.97
2629,Penaeus_monodon,winter,excellent,False,none,21.31,1.0,0.0,4.57,0.505,7.97
2630,Litopenaeus_vannamei,winter,excellent,True,stratification_collapse,21.31,1.0,0.0,4.26,0.526,7.97
2631,Penaeus_monodon,winter,excellent,False,none,21.31,1.0,0.0,4.61,0.503,7.97
2632,Litopenaeus_vannamei,summer,very_poor,False,none,21.31,1.0,0.0,3.92,0.547,7.97
2633,Penaeus_monodon,summer,good,True,stratification_collapse,21.31,1.0,0.0,4.22,0.506,7.97
2634,Penaeus_monodon,summer,poor,False,none,21.31,1.0,0.0,4.06,0.511,7.97
2635,Litopenaeus_vannamei,winter,excellent,False,none,21.31,1.0,0.0,4.52,0.519,7.97
2636,Penaeus_monodon,monsoon,very_poor,False,none,21.31,1.0,0.0,4.48,0.533,7.97
2637,Penaeus_monodon,winter,very_poor,True,stratification_collapse,21.31,1.0,0.0,4.51,0.517,7.97
2638,Penaeus_monodon,winter,excellent,True,stratification_collapse,21.31,1.0,0.0,4.13,0.503,7.97
2639,Penaeus_monodon,northeast,good,False,none,21.31,1.0,0.0,4.26,0.504,7.97
2640,Penaeus_monodon,summer,very_poor,True,stratification_collapse,21.31,1.0,0.0,4.19,0.512,7.97
2641,Litopenaeus_vannamei,summer,excellent,False,none,21.31,1.0,0.0,3.92,0.507,7.97
2642,Litopenaeus_vannamei,northeast,very_poor,False,none,21.31,1.0,0.0,4.5,0.537,7.97
2643,Litopenaeus_vannamei,summer,poor,False,none,21.31,1.0,0.0,3.99,0.547,7.97
2644,Litopenaeus_vannamei,winter,good,False,none,21.31,1.0,0.0,4.26,0.521,7.97
2645,Litopenaeus_vannamei,northeast,very_poor,False,none,21.31,1.0,0.0,4.39,0.55,7.97
2646,Litopenaeus_vannamei,summer,poor,False,none,21.31,1.0,0.0,3.79,0.533,7.97
2647,Penaeus_monodon,monsoon,excellent,False,none,21.31,1.0,0.0,4.81,0.507,7.97
2648,Penaeus_monodon,winter,good,False,none,21.31,1.0,0.0,4.32,0.507,7.97
2649,Litopenaeus_vannamei,northeast,poor,False,none,21.31,1.0,0.0,4.48,0.529,7.97
2650,Penaeus_monodon,monsoon,good,True,stratification_collapse,21.31,1.0,0.0,4.56,0.506,7.97
2651,Penaeus_monodon,monsoon,excellent,False,none,21.31,1.0,0.0,4.47,0.506,7.97
2652,Litopenaeus_vannamei,winter,very_poor,False,none,21.31,1.0,0.0,3.53,0.544,7.97
2653,Litopenaeus_vannamei,winter,excellent,False,none,21.31,1.0,0.0,4.18,0.518,7.97
2654,Penaeus_monodon,summer,excellent,False,none,21.31,1.0,0.0,4.35,0.505,7.97
2655,Litopenaeus_vannamei,northeast,good,False,none,21.31,1.0,0.0,4.62,0.515,7.97
2656,Litopenaeus_vannamei,northeast,good,True,sensor_fault,21.31,1.0,0.0,4.24,0.523,7.97
2657,Litopenaeus_vannamei,northeast,poor,False,none,21.31,1.0,0.0,4.46,0.54,7.97
2658,Litopenaeus_vannamei,winter,good,True,sensor_fault,21.31,1.0,0.0,4.27,0.52,7.97
2659,Litopenaeus_vannamei,summer,excellent,False,none,21.31,1.0,0.0,4.42,0.518,7.97
2660,Litopenaeus_vannamei,summer,very_poor,False,none,21.31,1.0,0.0,3.69,0.562,7.97
2661,Penaeus_monodon,monsoon,poor,False,none,21.31,1.0,0.0,4.84,0.509,7.97
2662,Litopenaeus_vannamei,summer,poor,False,none,21.31,1.0,0.0,3.68,0.532,7.97
2663,Penaeus_monodon,monsoon,good,False,none,21.31,1.0,0.0,4.44,0.509,7.97
2664,Penaeus_monodon,winter,excellent,False,none,21.31,1.0,0.0,4.66,0.504,7.97
2665,Penaeus_monodon,monsoon,excellent,False,none,21.31,1.0,0.0,4.37,0.503,7.97
2666,Penaeus_monodon,winter,good,False,none,21.31,1.0,0.0,3.97,0.51,7.97
2667,Litopenaeus_vannamei,summer,excellent,True,stratification_collapse,12.8,1.0,10.0,4.38,0.51,7.97
2668,Penaeus_monodon,monsoon,good,False,none,21.31,1.0,0.0,4.74,0.506,7.97
2669,Penaeus_monodon,northeast,very_poor,False,none,21.31,1.0,0.0,4.68,0.506,7.97
2670,Penaeus_monodon,winter,very_poor,False,none,21.31,1.0,0.0,3.82,0.516,7.97
2671,Litopenaeus_vannamei,winter,poor,True,sensor_fault,21.31,1.0,0.0,3.86,0.518,7.97
2672,Penaeus_monodon,winter,good,False,none,21.31,1.0,0.0,4.49,0.508,7.97
2673,Litopenaeus_vannamei,winter,excellent,True,stratification_collapse,21.31,1.0,0.0,4.32,0.518,7.97
2674,Litopenaeus_vannamei,northeast,poor,False,none,21.31,1.0,0.0,4.41,0.533,7.97
2675,Litopenaeus_vannamei,winter,very_poor,True,stratification_collapse,21.31,1.0,0.0,4.33,0.528,7.97
2676,Penaeus_monodon,winter,very_poor,False,none,21.31,1.0,0.0,4.5,0.521,7.97
2677,Litopenaeus_vannamei,monsoon,excellent,False,none,21.31,1.0,0.0,4.25,0.514,7.97
2678,Litopenaeus_vannamei,monsoon,excellent,False,none,21.31,1.0,0.0,4.76,0.51,7.97
2679,Penaeus_monodon,northeast,good,False,none,21.31,1.0,0.0,4.33,0.512,7.97
2680,Penaeus_monodon,northeast,very_poor,False,none,21.31,1.0,0.0,4.67,0.512,7.97
2681,Litopenaeus_vannamei,summer,very_poor,True,aerator_failure,1.43,0.0559,1459.0,0.0,0.536,7.97
2682,Litopenaeus_vannamei,northeast,very_poor,False,none,21.31,1.0,0.0,4.34,0.534,7.97
2683,Penaeus_monodon,monsoon,good,False,none,21.31,1.0,0.0,4.5,0.508,7.97
2684,Penaeus_monodon,monsoon,very_poor,False,none,21.31,1.0,0.0,4.78,0.507,7.97
2685,Litopenaeus_vannamei,winter,good,False,none,21.31,1.0,0.0,4.35,0.524,7.97
2686,Litopenaeus_vannamei,northeast,poor,False,none,21.31,1.0,0.0,4.48,0.521,7.97
2687,Penaeus_monodon,northeast,poor,False,none,21.31,1.0,0.0,4.55,0.509,7.97
2688,Litopenaeus_vannamei,monsoon,excellent,False,none,21.31,1.0,0.0,4.66,0.52,7.97
2689,Litopenaeus_vannamei,summer,excellent,False,none,21.31,1.0,0.0,3.86,0.517,7.97
2690,Penaeus_monodon,summer,excellent,False,none,21.31,1.0,0.0,4.49,0.505,7.97
2691,Penaeus_monodon,monsoon,poor,False,none,21.31,1.0,0.0,4.55,0.509,7.97
2692,Penaeus_monodon,winter,very_poor,False,none,21.31,1.0,0.0,4.06,0.518,7.97
2693,Litopenaeus_vannamei,northeast,poor,False,none,21.31,1.0,0.0,4.45,0.541,7.97
2694,Penaeus_monodon,northeast,good,False,none,21.31,1.0,0.0,4.29,0.507,7.97
2695,Penaeus_monodon,northeast,good,False,none,21.31,1.0,0.0,4.62,0.508,7.97
2696,Penaeus_monodon,monsoon,excellent,False,none,21.31,1.0,0.0,4.85,0.506,7.97
2697,Penaeus_monodon,northeast,excellent,False,none,21.31,1.0,0.0,4.54,0.507,7.97
2698,Litopenaeus_vannamei,summer,good,False,none,21.31,1.0,0.0,3.71,0.512,7.97
2699,Penaeus_monodon,monsoon,excellent,False,none,21.31,1.0,0.0,4.45,0.502,7.97
2700,Litopenaeus_vannamei,winter,good,False,none,21.31,1.0,0.0,4.15,0.531,7.97
2701,Penaeus_monodon,monsoon,very_poor,False,none,21.31,1.0,0.0,4.25,0.518,7.97
2702,Litopenaeus_vannamei,winter,very_poor,False,none,21.31,1.0,0.0,4.26,0.534,7.97
2703,Penaeus_monodon,winter,very_poor,False,none,21.31,1.0,0.0,4.46,0.524,7.97
2704,Litopenaeus_vannamei,northeast,very_poor,True,stratification_collapse,21.31,1.0,0.0,4.06,0.532,7.97
2705,Litopenaeus_vannamei,winter,good,False,none,21.31,1.0,0.0,4.5,0.511,7.97
2706,Litopenaeus_vannamei,northeast,excellent,False,none,21.31,1.0,0.0,4.59,0.508,7.97
2707,Penaeus_monodon,monsoon,good,True,stratification_collapse,21.31,1.0,0.0,4.55,0.51,7.97
2708,Litopenaeus_vannamei,summer,poor,False,none,21.31,1.0,0.0,4.04,0.538,7.97
2709,Litopenaeus_vannamei,northeast,excellent,False,none,21.31,1.0,0.0,4.27,0.512,7.97
2710,Litopenaeus_vannamei,winter,poor,False,none,21.31,1.0,0.0,4.31,0.538,7.97
2711,Penaeus_monodon,northeast,poor,False,none,21.31,1.0,0.0,4.44,0.519,7.97
2712,Penaeus_monodon,northeast,poor,False,none,21.31,1.0,0.0,4.2,0.509,7.97
2713,Penaeus_monodon,monsoon,poor,True,stratification_collapse,21.31,1.0,0.0,4.64,0.516,7.97
2714,Penaeus_monodon,summer,very_poor,False,none,21.31,1.0,0.0,4.38,0.51,7.97
2715,Penaeus_monodon,monsoon,excellent,False,none,21.31,1.0,0.0,4.77,0.514,7.97
2716,Litopenaeus_vannamei,winter,excellent,False,none,21.31,1.0,0.0,3.84,0.518,7.97
2717,Litopenaeus_vannamei,monsoon,excellent,False,none,21.31,1.0,0.0,4.68,0.516,7.97
2718,Litopenaeus_vannamei,summer,poor,False,none,21.31,1.0,0.0,4.31,0.515,7.97
2719,Litopenaeus_vannamei,summer,poor,False,none,21.31,1.0,0.0,3.78,0.53,7.97
2720,Litopenaeus_vannamei,monsoon,poor,True,sensor_fault,21.31,1.0,0.0,4.37,0.533,7.97
2721,Penaeus_monodon,monsoon,poor,True,stratification_collapse,21.31,1.0,0.0,4.9,0.511,7.97
2722,Penaeus_monodon,northeast,good,True,stratification_collapse,21.31,1.0,0.0,4.67,0.507,7.97
2723,Litopenaeus_vannamei,northeast,poor,False,none,21.31,1.0,0.0,4.39,0.524,7.97
2724,Penaeus_monodon,winter,good,False,none,21.31,1.0,0.0,4.58,0.511,7.97
2725,Penaeus_monodon,winter,excellent,False,none,21.31,1.0,0.0,4.27,0.506,7.97
2726,Litopenaeus_vannamei,summer,poor,False,none,21.31,1.0,0.0,3.52,0.536,7.97
2727,Penaeus_monodon,winter,very_poor,False,none,21.31,1.0,0.0,4.41,0.526,7.97
2728,Litopenaeus_vannamei,northeast,very_poor,False,none,21.31,1.0,0.0,3.91,0.565,7.97
2729,Litopenaeus_vannamei,monsoon,excellent,False,none,21.31,1.0,0.0,4.71,0.515,7.97
2730,Litopenaeus_vannamei,winter,good,False,none,21.31,1.0,0.0,4.4,0.511,7.97
2731,Litopenaeus_vannamei,winter,poor,False,none,21.31,1.0,0.0,4.28,0.539,7.97
2732,Penaeus_monodon,monsoon,poor,False,none,21.31,1.0,0.0,4.49,0.512,7.97
2733,Litopenaeus_vannamei,northeast,good,True,stratification_collapse,21.31,1.0,0.0,4.72,0.515,7.97
2734,Litopenaeus_vannamei,monsoon,very_poor,True,sensor_fault,21.31,1.0,0.0,4.24,0.536,7.97
2735,Penaeus_monodon,summer,good,False,none,21.31,1.0,0.0,3.99,0.509,7.97
2736,Litopenaeus_vannamei,winter,poor,False,none,21.31,1.0,0.0,3.98,0.522,7.97
2737,Penaeus_monodon,summer,excellent,False,none,21.31,1.0,0.0,4.52,0.503,7.97
2738,Penaeus_monodon,winter,very_poor,False,none,21.31,1.0,0.0,4.5,0.521,7.97
2739,Penaeus_monodon,winter,poor,False,none,21.31,1.0,0.0,4.42,0.516,7.97
2740,Penaeus_monodon,summer,very_poor,True,stratification_collapse,21.31,1.0,0.0,4.5,0.521,7.97
2741,Penaeus_monodon,summer,excellent,False,none,21.31,1.0,0.0,4.11,0.506,7.97
2742,Penaeus_monodon,monsoon,poor,True,stratification_collapse,21.31,1.0,0.0,4.43,0.51,7.97
2743,Litopenaeus_vannamei,northeast,excellent,False,none,21.31,1.0,0.0,4.19,0.512,7.97
2744,Penaeus_monodon,monsoon,poor,False,none,21.31,1.0,0.0,4.82,0.513,7.97
2745,Penaeus_monodon,northeast,good,False,none,21.31,1.0,0.0,4.54,0.505,7.97
2746,Litopenaeus_vannamei,northeast,very_poor,False,none,21.31,1.0,0.0,4.34,0.54,7.97
2747,Litopenaeus_vannamei,monsoon,poor,False,none,21.31,1.0,0.0,4.65,0.518,7.97
2748,Penaeus_monodon,summer,poor,True,stratification_collapse,21.31,1.0,0.0,4.23,0.517,7.97
2749,Litopenaeus_vannamei,winter,very_poor,False,none,21.31,1.0,0.0,4.14,0.548,7.97
2750,Litopenaeus_vannamei,northeast,excellent,True,sensor_fault,21.31,1.0,0.0,4.59,0.516,7.97
2751,Litopenaeus_vannamei,summer,good,False,none,21.31,1.0,0.0,4.26,0.509,7.97
2752,Litopenaeus_vannamei,monsoon,good,False,none,21.31,1.0,0.0,4.43,0.517,7.97
2753,Litopenaeus_vannamei,northeast,poor,False,none,21.31,1.0,0.0,4.24,0.523,7.97
2754,Penaeus_monodon,winter,excellent,False,none,21.31,1.0,0.0,4.3,0.503,7.97
2755,Penaeus_monodon,northeast,poor,False,none,21.31,1.0,0.0,4.4,0.511,7.97
2756,Penaeus_monodon,summer,poor,True,stratification_collapse,21.31,1.0,0.0,4.06,0.516,7.97
2757,Penaeus_monodon,northeast,poor,False,none,21.31,1.0,0.0,4.16,0.514,7.97
2758,Penaeus_monodon,winter,good,False,none,21.31,1.0,0.0,4.57,0.505,7.97
2759,Litopenaeus_vannamei,monsoon,poor,False,none,21.31,1.0,0.0,4.39,0.526,7.97
2760,Litopenaeus_vannamei,winter,very_poor,False,none,21.31,1.0,0.0,4.08,0.565,7.97
2761,Litopenaeus_vannamei,northeast,poor,False,none,21.31,1.0,0.0,4.58,0.516,7.97
2762,Litopenaeus_vannamei,winter,good,False,none,21.31,1.0,0.0,3.85,0.535,7.97
2763,Penaeus_monodon,northeast,poor,False,none,21.31,1.0,0.0,4.34,0.518,7.97
2764,Penaeus_monodon,northeast,very_poor,True,stratification_collapse,21.31,1.0,0.0,4.3,0.526,7.97
2765,Litopenaeus_vannamei,monsoon,very_poor,False,none,21.31,1.0,0.0,4.21,0.54,7.97
2766,Penaeus_monodon,summer,very_poor,True,stratification_collapse,21.31,1.0,0.0,4.33,0.514,7.97
2767,Penaeus_monodon,northeast,good,False,none,21.31,1.0,0.0,4.82,0.509,7.97
2768,Litopenaeus_vannamei,northeast,good,False,none,21.31,1.0,0.0,4.44,0.522,7.97
2769,Litopenaeus_vannamei,summer,excellent,False,none,21.31,1.0,0.0,4.47,0.513,7.97
2770,Litopenaeus_vannamei,winter,excellent,False,none,21.31,1.0,0.0,4.49,0.51,7.97
2771,Litopenaeus_vannamei,monsoon,excellent,False,none,21.31,1.0,0.0,4.86,0.511,7.97
2772,Penaeus_monodon,northeast,poor,False,none,21.31,1.0,0.0,4.77,0.505,7.97
2773,Litopenaeus_vannamei,northeast,poor,False,none,21.31,1.0,0.0,3.93,0.541,7.97
2774,Penaeus_monodon,summer,very_poor,False,none,21.31,1.0,0.0,3.77,0.524,7.97
2775,Penaeus_monodon,monsoon,poor,True,stratification_collapse,21.31,1.0,0.0,4.78,0.509,7.97
2776,Penaeus_monodon,monsoon,very_poor,True,stratification_collapse,21.31,1.0,0.0,4.75,0.506,7.97
2777,Penaeus_monodon,winter,poor,False,none,21.31,1.0,0.0,4.25,0.507,7.97
2778,Penaeus_monodon,monsoon,very_poor,True,stratification_collapse,21.31,1.0,0.0,4.75,0.51,7.97
2779,Litopenaeus_vannamei,winter,very_poor,False,none,21.31,1.0,0.0,4.33,0.542,7.97
2780,Penaeus_monodon,northeast,good,False,none,21.31,1.0,0.0,4.5,0.508,7.97
2781,Penaeus_monodon,northeast,very_poor,False,none,21.31,1.0,0.0,4.41,0.514,7.97
2782,Penaeus_monodon,summer,very_poor,False,none,21.31,1.0,0.0,4.24,0.518,7.97
2783,Penaeus_monodon,summer,poor,False,none,21.31,1.0,0.0,3.92,0.52,7.97
2784,Litopenaeus_vannamei,summer,excellent,False,none,21.31,1.0,0.0,4.17,0.528,7.97
2785,Penaeus_monodon,northeast,good,True,stratification_collapse,21.31,1.0,0.0,4.26,0.509,7.97
2786,Penaeus_monodon,winter,poor,True,stratification_collapse,21.31,1.0,0.0,4.58,0.51,7.97
2787,Penaeus_monodon,monsoon,very_poor,False,none,21.31,1.0,0.0,4.45,0.516,7.97
2788,Penaeus_monodon,monsoon,excellent,False,none,21.31,1.0,0.0,4.7,0.509,7.97
2789,Litopenaeus_vannamei,monsoon,good,False,none,21.31,1.0,0.0,4.47,0.513,7.97
2790,Litopenaeus_vannamei,summer,very_poor,True,stratification_collapse,12.69,1.0,9.0,4.33,0.543,7.97
2791,Penaeus_monodon,northeast,very_poor,False,none,21.31,1.0,0.0,4.53,0.512,7.97
2792,Litopenaeus_vannamei,northeast,very_poor,False,none,21.31,1.0,0.0,4.22,0.596,7.97
2793,Litopenaeus_vannamei,summer,very_poor,False,none,21.31,1.0,0.0,3.62,0.578,7.97
2794,Litopenaeus_vannamei,monsoon,very_poor,True,other,0.5,0.0178,2021.0,0.0,2.559,7.97
2795,Penaeus_monodon,winter,poor,False,none,21.31,1.0,0.0,4.6,0.506,7.97
2796,Litopenaeus_vannamei,monsoon,poor,False,none,21.31,1.0,0.0,4.76,0.52,7.97
2797,Litopenaeus_vannamei,northeast,poor,False,none,21.31,1.0,0.0,4.46,0.519,7.97
2798,Litopenaeus_vannamei,monsoon,poor,True,stratification_collapse,21.31,1.0,0.0,4.28,0.543,7.97
2799,Litopenaeus_vannamei,northeast,very_poor,False,none,21.31,1.0,0.0,4.15,0.532,7.97
2800,Penaeus_monodon,winter,poor,False,none,21.31,1.0,0.0,4.23,0.509,7.97
2801,Penaeus_monodon,summer,poor,True,stratification_collapse,21.31,1.0,0.0,4.1,0.512,7.97
2802,Penaeus_monodon,northeast,good,False,none,21.31,1.0,0.0,4.56,0.505,7.97
2803,Penaeus_monodon,summer,good,False,none,21.31,1.0,0.0,3.96,0.509,7.97
2804,Penaeus_monodon,monsoon,excellent,False,none,21.31,1.0,0.0,4.69,0.504,7.97
2805,Litopenaeus_vannamei,northeast,very_poor,False,none,21.31,1.0,0.0,3.78,0.576,7.97
2806,Litopenaeus_vannamei,summer,poor,False,none,21.31,1.0,0.0,3.38,0.579,7.97
2807,Litopenaeus_vannamei,northeast,excellent,False,none,21.31,1.0,0.0,4.57,0.51,7.97
2808,Litopenaeus_vannamei,summer,excellent,False,none,21.31,1.0,0.0,3.8,0.515,7.97
2809,Litopenaeus_vannamei,northeast,very_poor,True,stratification_collapse,21.31,1.0,0.0,3.94,0.572,7.97
2810,Penaeus_monodon,monsoon,excellent,True,stratification_collapse,21.31,1.0,0.0,4.8,0.504,7.97
2811,Litopenaeus_vannamei,northeast,good,False,none,21.31,1.0,0.0,4.44,0.525,7.97
2812,Litopenaeus_vannamei,summer,very_poor,False,none,21.31,1.0,0.0,4.13,0.533,7.97
2813,Litopenaeus_vannamei,summer,very_poor,False,none,21.31,1.0,0.0,4.13,0.529,7.97
2814,Penaeus_monodon,northeast,excellent,True,stratification_collapse,21.31,1.0,0.0,4.62,0.505,7.97
2815,Penaeus_monodon,summer,excellent,False,none,21.31,1.0,0.0,4.39,0.505,7.97
2816,Penaeus_monodon,monsoon,poor,False,none,21.31,1.0,0.0,4.61,0.511,7.97
2817,Penaeus_monodon,northeast,good,False,none,21.31,1.0,0.0,4.29,0.504,7.97
2818,Litopenaeus_vannamei,summer,very_poor,False,none,21.31,1.0,0.0,3.74,0.533,7.97
2819,Litopenaeus_vannamei,northeast,poor,False,none,21.31,1.0,0.0,4.62,0.516,7.97
2820,Litopenaeus_vannamei,winter,excellent,False,none,21.31,1.0,0.0,4.45,0.517,7.97
2821,Penaeus_monodon,monsoon,very_poor,False,none,21.31,1.0,0.0,4.86,0.513,7.97
2822,Penaeus_monodon,summer,poor,False,none,21.31,1.0,0.0,3.86,0.524,7.97
2823,Penaeus_monodon,summer,very_poor,False,none,21.31,1.0,0.0,4.38,0.507,7.97
2824,Litopenaeus_vannamei,winter,good,False,none,21.31,1.0,0.0,4.46,0.518,7.97
2825,Litopenaeus_vannamei,monsoon,poor,True,sensor_fault,21.31,1.0,0.0,4.67,0.525,7.97
2826,Litopenaeus_vannamei,winter,very_poor,False,none,21.31,1.0,0.0,3.96,0.532,7.97
2827,Litopenaeus_vannamei,winter,good,True,aerator_failure,1.35,0.0526,1490.0,0.0,0.518,7.97
2828,Penaeus_monodon,winter,excellent,False,none,21.31,1.0,0.0,4.26,0.505,7.97
2829,Penaeus_monodon,summer,excellent,False,none,21.31,1.0,0.0,4.48,0.507,7.97
2830,Penaeus_monodon,northeast,excellent,False,none,21.31,1.0,0.0,4.22,0.503,7.97
2831,Penaeus_monodon,summer,poor,False,none,21.31,1.0,0.0,4.28,0.52,7.97
2832,Litopenaeus_vannamei,northeast,poor,False,none,21.31,1.0,0.0,4.09,0.541,7.97
2833,Litopenaeus_vannamei,northeast,excellent,False,none,21.31,1.0,0.0,4.19,0.513,7.97
2834,Penaeus_monodon,northeast,excellent,False,none,21.31,1.0,0.0,4.41,0.504,7.97
2835,Litopenaeus_vannamei,northeast,excellent,False,none,21.31,1.0,0.0,4.42,0.514,7.97
2836,Litopenaeus_vannamei,northeast,poor,True,stratification_collapse,21.31,1.0,0.0,4.18,0.533,7.97
2837,Penaeus_monodon,summer,poor,False,none,21.31,1.0,0.0,3.88,0.512,7.97
2838,Penaeus_monodon,summer,excellent,True,stratification_collapse,21.31,1.0,0.0,4.52,0.503,7.97
2839,Penaeus_monodon,winter,poor,False,none,21.31,1.0,0.0,4.47,0.522,7.97
2840,Penaeus_monodon,monsoon,very_poor,False,none,21.31,1.0,0.0,4.41,0.509,7.97
2841,Penaeus_monodon,northeast,excellent,False,none,21.31,1.0,0.0,4.5,0.511,7.97
2842,Litopenaeus_vannamei,northeast,poor,False,none,21.31,1.0,0.0,4.5,0.525,7.97
2843,Litopenaeus_vannamei,summer,good,False,none,21.31,1.0,0.0,4.43,0.508,7.97
2844,Penaeus_monodon,summer,good,False,none,21.31,1.0,0.0,4.26,0.507,7.97
2845,Litopenaeus_vannamei,northeast,good,False,none,21.31,1.0,0.0,4.31,0.528,7.97
2846,Penaeus_monodon,winter,very_poor,False,none,21.31,1.0,0.0,3.95,0.507,7.97
2847,Litopenaeus_vannamei,northeast,good,False,none,21.31,1.0,0.0,4.52,0.514,7.97
2848,Litopenaeus_vannamei,summer,poor,False,none,21.31,1.0,0.0,3.62,0.52,7.97
2849,Penaeus_monodon,winter,excellent,False,none,21.31,1.0,0.0,4.56,0.506,7.97
2850,Litopenaeus_vannamei,northeast,excellent,False,none,21.31,1.0,0.0,4.29,0.524,7.97
2851,Penaeus_monodon,monsoon,excellent,True,stratification_collapse,21.31,1.0,0.0,4.58,0.505,7.97
2852,Litopenaeus_vannamei,summer,good,False,none,21.31,1.0,0.0,4.43,0.529,7.97
2853,Litopenaeus_vannamei,summer,very_poor,False,none,21.31,1.0,0.0,3.62,0.548,7.97
2854,Litopenaeus_vannamei,winter,very_poor,False,none,21.31,1.0,0.0,3.66,0.558,7.97
2855,Penaeus_monodon,northeast,very_poor,False,none,21.31,1.0,0.0,4.33,0.517,7.97
2856,Litopenaeus_vannamei,summer,excellent,False,none,21.31,1.0,0.0,4.5,0.515,7.97
2857,Litopenaeus_vannamei,northeast,poor,False,none,21.31,1.0,0.0,4.22,0.53,7.97
2858,Litopenaeus_vannamei,monsoon,poor,False,none,21.31,1.0,0.0,4.37,0.546,7.97
2859,Penaeus_monodon,winter,excellent,False,none,21.31,1.0,0.0,4.36,0.504,7.97
2860,Litopenaeus_vannamei,summer,excellent,False,none,21.31,1.0,0.0,4.24,0.513,7.97
2861,Penaeus_monodon,monsoon,very_poor,False,none,21.31,1.0,0.0,4.82,0.523,7.97
2862,Litopenaeus_vannamei,winter,poor,False,none,21.31,1.0,0.0,3.89,0.539,7.97
2863,Litopenaeus_vannamei,summer,very_poor,False,none,21.31,1.0,0.0,4.21,0.561,7.97
2864,Penaeus_monodon,winter,good,False,none,21.31,1.0,0.0,4.58,0.505,7.97
2865,Litopenaeus_vannamei,monsoon,excellent,True,stratification_collapse,21.31,1.0,0.0,4.67,0.52,7.97
2866,Penaeus_monodon,northeast,poor,False,none,21.31,1.0,0.0,4.42,0.511,7.97
2867,Litopenaeus_vannamei,monsoon,good,False,none,21.31,1.0,0.0,4.61,0.515,7.97
2868,Penaeus_monodon,summer,good,False,none,21.31,1.0,0.0,4.24,0.504,7.97
2869,Penaeus_monodon,monsoon,good,False,none,21.31,1.0,0.0,4.71,0.508,7.97
2870,Penaeus_monodon,monsoon,very_poor,False,none,21.31,1.0,0.0,4.44,0.509,7.97
2871,Litopenaeus_vannamei,summer,very_poor,False,none,21.31,1.0,0.0,3.94,0.527,7.97
2872,Litopenaeus_vannamei,monsoon,very_poor,False,none,21.31,1.0,0.0,4.0,0.574,7.97
2873,Penaeus_monodon,winter,excellent,True,stratification_collapse,21.31,1.0,0.0,4.05,0.505,7.97
2874,Litopenaeus_vannamei,northeast,poor,False,none,21.31,1.0,0.0,4.31,0.526,7.97
2875,Litopenaeus_vannamei,summer,good,False,none,21.31,1.0,0.0,4.15,0.525,7.97
2876,Penaeus_monodon,summer,poor,False,none,21.31,1.0,0.0,4.39,0.508,7.97
2877,Penaeus_monodon,monsoon,excellent,True,stratification_collapse,21.31,1.0,0.0,4.42,0.502,7.97
2878,Litopenaeus_vannamei,northeast,very_poor,False,none,21.31,1.0,0.0,4.2,0.555,7.97
2879,Litopenaeus_vannamei,northeast,excellent,False,none,21.31,1.0,0.0,4.47,0.508,7.97
2880,Penaeus_monodon,monsoon,very_poor,False,none,21.31,1.0,0.0,4.44,0.507,7.97
2881,Litopenaeus_vannamei,northeast,poor,False,none,21.31,1.0,0.0,4.15,0.55,7.97
2882,Litopenaeus_vannamei,summer,very_poor,True,aerator_failure,0.41,0.0146,2128.0,0.0,0.556,7.97
2883,Litopenaeus_vannamei,summer,poor,False,none,21.31,1.0,0.0,3.76,0.539,7.97
2884,Litopenaeus_vannamei,northeast,poor,False,none,21.31,1.0,0.0,4.57,0.531,7.97
2885,Litopenaeus_vannamei,monsoon,poor,False,none,21.31,1.0,0.0,4.52,0.521,7.97
2886,Penaeus_monodon,winter,good,True,stratification_collapse,21.31,1.0,0.0,3.92,0.503,7.97
2887,Litopenaeus_vannamei,monsoon,good,False,none,21.31,1.0,0.0,4.69,0.508,7.97
2888,Penaeus_monodon,northeast,poor,False,none,21.31,1.0,0.0,4.37,0.515,7.97
2889,Penaeus_monodon,summer,poor,False,none,21.31,1.0,0.0,4.04,0.511,7.97
2890,Penaeus_monodon,monsoon,excellent,False,none,21.31,1.0,0.0,4.82,0.506,7.97
2891,Penaeus_monodon,summer,very_poor,False,none,21.31,1.0,0.0,4.34,0.519,7.97
2892,Penaeus_monodon,summer,poor,False,none,21.31,1.0,0.0,3.92,0.513,7.97
2893,Litopenaeus_vannamei,monsoon,very_poor,False,none,21.31,1.0,0.0,4.17,0.552,7.97
2894,Litopenaeus_vannamei,winter,very_poor,True,stratification_collapse,21.31,1.0,0.0,4.35,0.541,7.97
2895,Litopenaeus_vannamei,winter,poor,False,none,21.31,1.0,0.0,3.77,0.539,7.97
2896,Penaeus_monodon,northeast,good,True,stratification_collapse,21.31,1.0,0.0,4.23,0.503,7.97
2897,Litopenaeus_vannamei,northeast,good,False,none,21.31,1.0,0.0,4.41,0.514,7.97
2898,Litopenaeus_vannamei,monsoon,poor,True,sensor_fault,21.31,1.0,0.0,4.21,0.551,7.97
2899,Penaeus_monodon,northeast,very_poor,False,none,21.31,1.0,0.0,4.29,0.532,7.97
2900,Penaeus_monodon,summer,very_poor,False,none,21.31,1.0,0.0,3.8,0.514,7.97
2901,Litopenaeus_vannamei,northeast,good,False,none,21.31,1.0,0.0,4.38,0.523,7.97
2902,Litopenaeus_vannamei,monsoon,poor,False,none,21.31,1.0,0.0,4.49,0.541,7.97
2903,Litopenaeus_vannamei,summer,poor,False,none,21.31,1.0,0.0,4.28,0.537,7.97
2904,Penaeus_monodon,northeast,excellent,False,none,21.31,1.0,0.0,4.41,0.507,7.97
2905,Litopenaeus_vannamei,summer,good,False,none,21.31,1.0,0.0,4.42,0.527,7.97
2906,Litopenaeus_vannamei,northeast,poor,False,none,21.31,1.0,0.0,4.31,0.527,7.97
2907,Litopenaeus_vannamei,summer,good,False,none,21.31,1.0,0.0,3.78,0.528,7.97
2908,Penaeus_monodon,northeast,excellent,False,none,21.31,1.0,0.0,4.35,0.503,7.97
2909,Litopenaeus_vannamei,winter,good,False,none,21.31,1.0,0.0,4.04,0.513,7.97
2910,Litopenaeus_vannamei,northeast,good,False,none,21.31,1.0,0.0,4.28,0.51,7.97
2911,Penaeus_monodon,winter,poor,False,none,21.31,1.0,0.0,4.09,0.511,7.97
2912,Litopenaeus_vannamei,monsoon,very_poor,False,none,21.31,1.0,0.0,4.4,0.531,7.97
2913,Penaeus_monodon,summer,good,False,none,21.31,1.0,0.0,4.26,0.506,7.97
2914,Litopenaeus_vannamei,summer,very_poor,True,stratification_collapse,21.31,1.0,0.0,3.6,0.578,7.97
2915,Penaeus_monodon,winter,excellent,False,none,21.31,1.0,0.0,4.03,0.508,7.97
2916,Penaeus_monodon,monsoon,excellent,False,none,21.31,1.0,0.0,4.79,0.51,7.97
2917,Litopenaeus_vannamei,winter,excellent,True,stratification_collapse,21.31,1.0,0.0,3.95,0.523,7.97
2918,Litopenaeus_vannamei,summer,poor,False,none,21.31,1.0,0.0,3.7,0.527,7.97
2919,Litopenaeus_vannamei,summer,very_poor,True,sensor_fault,21.31,1.0,0.0,4.1,0.559,7.97
2920,Penaeus_monodon,summer,poor,True,stratification_collapse,21.31,1.0,0.0,3.78,0.518,7.97
2921,Litopenaeus_vannamei,winter,good,False,none,21.31,1.0,0.0,4.5,0.52,7.97
2922,Litopenaeus_vannamei,summer,poor,False,none,21.31,1.0,0.0,4.21,0.53,7.97
2923,Litopenaeus_vannamei,winter,poor,False,none,21.31,1.0,0.0,4.22,0.519,7.97
2924,Penaeus_monodon,winter,excellent,True,stratification_collapse,21.31,1.0,0.0,4.52,0.506,7.97
2925,Penaeus_monodon,winter,poor,False,none,21.31,1.0,0.0,4.3,0.506,7.97
2926,Penaeus_monodon,northeast,excellent,False,none,21.31,1.0,0.0,4.42,0.505,7.97
2927,Litopenaeus_vannamei,monsoon,excellent,False,none,21.31,1.0,0.0,4.43,0.508,7.97
2928,Penaeus_monodon,monsoon,excellent,False,none,21.31,1.0,0.0,4.45,0.508,7.97
2929,Penaeus_monodon,summer,poor,True,stratification_collapse,21.31,1.0,0.0,3.9,0.523,7.97
2930,Penaeus_monodon,winter,excellent,True,stratification_collapse,21.31,1.0,0.0,4.55,0.508,7.97
2931,Penaeus_monodon,winter,good,True,stratification_collapse,21.31,1.0,0.0,4.58,0.504,7.97
2932,Penaeus_monodon,summer,poor,False,none,21.31,1.0,0.0,4.41,0.507,7.97
2933,Penaeus_monodon,summer,excellent,False,none,21.31,1.0,0.0,4.43,0.508,7.97
2934,Penaeus_monodon,northeast,excellent,False,none,21.31,1.0,0.0,4.72,0.509,7.97
2935,Litopenaeus_vannamei,winter,very_poor,False,none,21.31,1.0,0.0,4.03,0.534,7.97
2936,Litopenaeus_vannamei,winter,very_poor,False,none,21.31,1.0,0.0,4.08,0.535,7.97
2937,Penaeus_monodon,northeast,poor,False,none,21.31,1.0,0.0,4.26,0.511,7.97
2938,Litopenaeus_vannamei,northeast,very_poor,False,none,21.31,1.0,0.0,4.37,0.53,7.97
2939,Penaeus_monodon,winter,excellent,False,none,21.31,1.0,0.0,4.48,0.506,7.97
2940,Penaeus_monodon,summer,poor,False,none,21.31,1.0,0.0,3.88,0.508,7.97
2941,Penaeus_monodon,winter,very_poor,False,none,21.31,1.0,0.0,4.38,0.528,7.97
2942,Penaeus_monodon,northeast,good,False,none,21.31,1.0,0.0,4.69,0.507,7.97
2943,Litopenaeus_vannamei,monsoon,excellent,False,none,21.31,1.0,0.0,4.59,0.521,7.97
2944,Litopenaeus_vannamei,summer,good,False,none,21.31,1.0,0.0,4.45,0.513,7.97
2945,Penaeus_monodon,monsoon,excellent,False,none,21.31,1.0,0.0,4.88,0.504,7.97
2946,Penaeus_monodon,northeast,excellent,False,none,21.31,1.0,0.0,4.41,0.503,7.97
2947,Litopenaeus_vannamei,winter,poor,False,none,21.31,1.0,0.0,4.44,0.525,7.97
2948,Penaeus_monodon,northeast,poor,False,none,21.31,1.0,0.0,4.33,0.525,7.97
2949,Penaeus_monodon,northeast,very_poor,False,none,21.31,1.0,0.0,4.14,0.517,7.97
2950,Penaeus_monodon,winter,poor,False,none,21.31,1.0,0.0,4.33,0.517,7.97
2951,Litopenaeus_vannamei,winter,excellent,False,none,21.31,1.0,0.0,4.54,0.516,7.97
2952,Litopenaeus_vannamei,summer,excellent,True,aerator_failure,0.47,0.0168,2060.0,0.0,0.515,7.97
2953,Penaeus_monodon,summer,poor,True,stratification_collapse,21.31,1.0,0.0,4.3,0.513,7.97
2954,Litopenaeus_vannamei,northeast,good,True,stratification_collapse,21.31,1.0,0.0,4.5,0.53,7.97
2955,Litopenaeus_vannamei,northeast,poor,False,none,21.31,1.0,0.0,4.09,0.53,7.97
2956,Litopenaeus_vannamei,monsoon,excellent,False,none,21.31,1.0,0.0,4.42,0.515,7.97
2957,Litopenaeus_vannamei,northeast,good,False,none,21.31,1.0,0.0,4.27,0.519,7.97
2958,Penaeus_monodon,summer,very_poor,False,none,21.31,1.0,0.0,4.09,0.51,7.97
2959,Penaeus_monodon,summer,excellent,False,none,21.31,1.0,0.0,4.13,0.507,7.97
2960,Litopenaeus_vannamei,winter,very_poor,False,none,21.31,1.0,0.0,4.05,0.535,7.97
2961,Penaeus_monodon,summer,poor,False,none,21.31,1.0,0.0,3.96,0.504,7.97
2962,Litopenaeus_vannamei,monsoon,very_poor,False,none,21.31,1.0,0.0,4.41,0.552,7.97
2963,Litopenaeus_vannamei,summer,good,False,none,21.31,1.0,0.0,4.03,0.517,7.97
2964,Litopenaeus_vannamei,summer,excellent,False,none,21.31,1.0,0.0,4.26,0.529,7.97
2965,Litopenaeus_vannamei,monsoon,excellent,False,none,21.31,1.0,0.0,4.45,0.514,7.97
2966,Penaeus_monodon,summer,excellent,False,none,21.31,1.0,0.0,4.03,0.505,7.97
2967,Litopenaeus_vannamei,monsoon,very_poor,False,none,21.31,1.0,0.0,4.46,0.557,7.97
2968,Litopenaeus_vannamei,winter,excellent,False,none,21.31,1.0,0.0,4.1,0.512,7.97
2969,Litopenaeus_vannamei,summer,good,False,none,21.31,1.0,0.0,4.5,0.514,7.97
2970,Penaeus_monodon,monsoon,very_poor,False,none,21.31,1.0,0.0,4.85,0.508,7.97
2971,Litopenaeus_vannamei,summer,excellent,True,stratification_collapse,21.31,1.0,0.0,4.42,0.514,7.97
2972,Litopenaeus_vannamei,summer,very_poor,False,none,21.31,1.0,0.0,4.02,0.537,7.97
2973,Penaeus_monodon,winter,poor,True,stratification_collapse,21.31,1.0,0.0,4.63,0.508,7.97
2974,Litopenaeus_vannamei,monsoon,very_poor,False,none,21.31,1.0,0.0,4.29,0.532,7.97
2975,Penaeus_monodon,monsoon,excellent,False,none,21.31,1.0,0.0,4.71,0.502,7.97
2976,Penaeus_monodon,northeast,very_poor,False,none,21.31,1.0,0.0,4.4,0.513,7.97
2977,Penaeus_monodon,monsoon,poor,False,none,21.31,1.0,0.0,4.81,0.503,7.97
2978,Litopenaeus_vannamei,northeast,poor,False,none,21.31,1.0,0.0,4.43,0.54,7.97
2979,Litopenaeus_vannamei,winter,very_poor,False,none,21.31,1.0,0.0,4.01,0.543,7.97
2980,Litopenaeus_vannamei,monsoon,excellent,False,none,21.31,1.0,0.0,4.52,0.523,7.97
2981,Litopenaeus_vannamei,summer,good,False,none,21.31,1.0,0.0,4.21,0.509,7.97
2982,Penaeus_monodon,monsoon,excellent,False,none,21.31,1.0,0.0,4.86,0.508,7.97
2983,Penaeus_monodon,northeast,poor,False,none,21.31,1.0,0.0,4.7,0.507,7.97
2984,Litopenaeus_vannamei,summer,good,False,none,21.31,1.0,0.0,4.36,0.518,7.97
2985,Penaeus_monodon,winter,good,False,none,21.31,1.0,0.0,4.06,0.51,7.97
2986,Litopenaeus_vannamei,winter,poor,True,other,1.44,0.0554,1451.0,0.0,2.525,7.97
2987,Litopenaeus_vannamei,winter,poor,False,none,21.31,1.0,0.0,3.8,0.531,7.97
2988,Litopenaeus_vannamei,summer,very_poor,False,none,21.31,1.0,0.0,3.45,0.542,7.97
2989,Penaeus_monodon,monsoon,good,False,none,21.31,1.0,0.0,4.85,0.516,7.97
2990,Litopenaeus_vannamei,winter,good,False,none,21.31,1.0,0.0,4.37,0.524,7.97
2991,Penaeus_monodon,summer,excellent,True,stratification_collapse,21.31,1.0,0.0,3.87,0.507,7.97
2992,Litopenaeus_vannamei,summer,excellent,False,none,21.31,1.0,0.0,3.68,0.517,7.97
2993,Penaeus_monodon,winter,poor,True,stratification_collapse,21.31,1.0,0.0,4.22,0.51,7.97
2994,Penaeus_monodon,northeast,very_poor,True,stratification_collapse,21.31,1.0,0.0,4.18,0.518,7.97
2995,Penaeus_monodon,monsoon,poor,True,stratification_collapse,21.31,1.0,0.0,4.41,0.516,7.97
2996,Litopenaeus_vannamei,summer,poor,False,none,21.31,1.0,0.0,3.67,0.546,7.97
2997,Litopenaeus_vannamei,monsoon,excellent,False,none,21.31,1.0,0.0,4.75,0.515,7.97
2998,Penaeus_monodon,summer,good,False,none,21.31,1.0,0.0,4.31,0.504,7.97
2999,Penaeus_monodon,northeast,excellent,True,stratification_collapse,21.31,1.0,0.0,4.35,0.506,7.97
3000,Litopenaeus_vannamei,northeast,excellent,False,none,21.31,1.0,0.0,4.28,0.522,7.97
3001,Penaeus_monodon,winter,good,True,stratification_collapse,21.31,1.0,0.0,4.35,0.511,7.97
3002,Litopenaeus_vannamei,winter,excellent,False,none,21.31,1.0,0.0,3.97,0.519,7.97
3003,Penaeus_monodon,monsoon,poor,False,none,21.31,1.0,0.0,4.37,0.505,7.97
3004,Penaeus_monodon,winter,good,False,none,21.31,1.0,0.0,3.99,0.503,7.97
3005,Litopenaeus_vannamei,winter,poor,False,none,21.31,1.0,0.0,4.14,0.515,7.97
3006,Litopenaeus_vannamei,northeast,poor,False,none,21.31,1.0,0.0,4.26,0.533,7.97
3007,Penaeus_monodon,winter,very_poor,False,none,21.31,1.0,0.0,4.2,0.514,7.97
3008,Penaeus_monodon,winter,excellent,True,stratification_collapse,21.31,1.0,0.0,4.6,0.504,7.97
3009,Penaeus_monodon,northeast,excellent,False,none,21.31,1.0,0.0,4.32,0.506,7.97
3010,Penaeus_monodon,northeast,excellent,False,none,21.31,1.0,0.0,4.25,0.507,7.97
3011,Litopenaeus_vannamei,monsoon,good,False,none,21.31,1.0,0.0,4.65,0.515,7.97
3012,Penaeus_monodon,monsoon,very_poor,False,none,21.31,1.0,0.0,4.72,0.528,7.97
3013,Penaeus_monodon,summer,excellent,False,none,21.31,1.0,0.0,4.39,0.509,7.97
3014,Litopenaeus_vannamei,monsoon,excellent,False,none,21.31,1.0,0.0,4.52,0.512,7.97
3015,Penaeus_monodon,summer,excellent,False,none,21.31,1.0,0.0,4.3,0.505,7.97
3016,Penaeus_monodon,summer,very_poor,False,none,21.31,1.0,0.0,4.16,0.523,7.97
3017,Penaeus_monodon,summer,excellent,False,none,21.31,1.0,0.0,4.45,0.505,7.97
3018,Penaeus_monodon,monsoon,poor,False,none,21.31,1.0,0.0,4.37,0.504,7.97
3019,Penaeus_monodon,winter,good,False,none,21.31,1.0,0.0,3.96,0.506,7.97
3020,Penaeus_monodon,winter,poor,True,stratification_collapse,21.31,1.0,0.0,4.12,0.511,7.97
3021,Litopenaeus_vannamei,summer,excellent,False,none,21.31,1.0,0.0,3.91,0.523,7.97
3022,Penaeus_monodon,monsoon,good,False,none,21.31,1.0,0.0,4.79,0.507,7.97
3023,Penaeus_monodon,winter,excellent,False,none,21.31,1.0,0.0,4.62,0.504,7.97
3024,Litopenaeus_vannamei,summer,poor,True,sensor_fault,21.31,1.0,0.0,4.16,0.526,7.97
3025,Litopenaeus_vannamei,northeast,good,False,none,21.31,1.0,0.0,4.11,0.514,7.97
3026,Litopenaeus_vannamei,winter,good,False,none,21.31,1.0,0.0,4.42,0.515,7.97
3027,Litopenaeus_vannamei,winter,excellent,True,sensor_fault,21.31,1.0,0.0,4.34,0.512,7.97
3028,Litopenaeus_vannamei,monsoon,very_poor,False,none,21.31,1.0,0.0,4.65,0.539,7.97
3029,Litopenaeus_vannamei,monsoon,poor,False,none,21.31,1.0,0.0,4.31,0.515,7.97
3030,Litopenaeus_vannamei,northeast,excellent,False,none,21.31,1.0,0.0,4.25,0.516,7.97
3031,Penaeus_monodon,winter,good,False,none,21.31,1.0,0.0,4.01,0.51,7.97
3032,Litopenaeus_vannamei,monsoon,poor,False,none,21.31,1.0,0.0,4.57,0.566,7.97
3033,Penaeus_monodon,summer,excellent,False,none,21.31,1.0,0.0,4.2,0.51,7.97
3034,Penaeus_monodon,northeast,excellent,False,none,21.31,1.0,0.0,4.58,0.505,7.97
3035,Penaeus_monodon,northeast,excellent,False,none,21.31,1.0,0.0,4.66,0.505,7.97
3036,Penaeus_monodon,summer,excellent,False,none,21.31,1.0,0.0,4.14,0.502,7.97
3037,Penaeus_monodon,summer,excellent,True,stratification_collapse,21.31,1.0,0.0,4.18,0.508,7.97
3038,Litopenaeus_vannamei,summer,excellent,False,none,21.31,1.0,0.0,4.15,0.528,7.97
3039,Litopenaeus_vannamei,monsoon,poor,False,none,21.31,1.0,0.0,4.68,0.536,7.97
3040,Litopenaeus_vannamei,summer,good,False,none,21.31,1.0,0.0,4.51,0.513,7.97
3041,Litopenaeus_vannamei,summer,very_poor,False,none,21.31,1.0,0.0,3.62,0.55,7.97
3042,Penaeus_monodon,monsoon,very_poor,False,none,21.31,1.0,0.0,4.71,0.515,7.97
3043,Penaeus_monodon,northeast,good,False,none,21.31,1.0,0.0,4.77,0.508,7.97
3044,Penaeus_monodon,monsoon,very_poor,False,none,21.31,1.0,0.0,4.68,0.514,7.97
3045,Penaeus_monodon,monsoon,good,False,none,21.31,1.0,0.0,4.69,0.51,7.97
3046,Litopenaeus_vannamei,northeast,excellent,True,other,0.48,0.0168,2046.0,0.0,2.513,7.97
3047,Penaeus_monodon,winter,poor,False,none,21.31,1.0,0.0,4.16,0.519,7.97
3048,Litopenaeus_vannamei,monsoon,very_poor,True,aerator_failure,0.63,0.0228,1902.0,0.0,0.545,7.97
3049,Penaeus_monodon,northeast,good,False,none,21.31,1.0,0.0,4.55,0.505,7.97
3050,Penaeus_monodon,winter,good,False,none,21.31,1.0,0.0,4.22,0.507,7.97
3051,Litopenaeus_vannamei,summer,good,False,none,21.31,1.0,0.0,4.48,0.514,7.97
3052,Litopenaeus_vannamei,monsoon,good,False,none,21.31,1.0,0.0,4.72,0.522,7.97
3053,Penaeus_monodon,monsoon,very_poor,False,none,21.31,1.0,0.0,4.78,0.512,7.97
3054,Litopenaeus_vannamei,northeast,poor,False,none,21.31,1.0,0.0,4.54,0.525,7.97
3055,Litopenaeus_vannamei,monsoon,very_poor,False,none,21.31,1.0,0.0,4.54,0.572,7.97
3056,Penaeus_monodon,summer,excellent,False,none,21.31,1.0,0.0,4.49,0.502,7.97
3057,Penaeus_monodon,winter,good,False,none,21.31,1.0,0.0,4.35,0.506,7.97
3058,Penaeus_monodon,winter,poor,True,stratification_collapse,21.31,1.0,0.0,4.17,0.513,7.97
3059,Litopenaeus_vannamei,northeast,poor,False,none,21.31,1.0,0.0,4.4,0.535,7.97
3060,Litopenaeus_vannamei,monsoon,excellent,False,none,21.31,1.0,0.0,4.58,0.515,7.97
3061,Litopenaeus_vannamei,summer,very_poor,False,none,21.31,1.0,0.0,4.05,0.534,7.97
3062,Penaeus_monodon,northeast,good,True,stratification_collapse,21.31,1.0,0.0,4.66,0.509,7.97
3063,Penaeus_monodon,monsoon,poor,True,stratification_collapse,21.31,1.0,0.0,4.84,0.511,7.97
3064,Litopenaeus_vannamei,monsoon,good,False,none,21.31,1.0,0.0,4.73,0.513,7.97
3065,Litopenaeus_vannamei,monsoon,good,False,none,21.31,1.0,0.0,4.3,0.519,7.97
3066,Litopenaeus_vannamei,winter,excellent,False,none,21.31,1.0,0.0,4.18,0.518,7.97
3067,Litopenaeus_vannamei,northeast,excellent,False,none,21.31,1.0,0.0,4.29,0.511,7.97
3068,Penaeus_monodon,winter,excellent,False,none,21.31,1.0,0.0,4.47,0.506,7.97
3069,Litopenaeus_vannamei,monsoon,very_poor,False,none,21.31,1.0,0.0,4.19,0.574,7.97
3070,Penaeus_monodon,summer,excellent,True,stratification_collapse,21.31,1.0,0.0,4.64,0.506,7.97
3071,Litopenaeus_vannamei,winter,good,False,none,21.31,1.0,0.0,4.47,0.507,7.97
3072,Litopenaeus_vannamei,summer,very_poor,True,sensor_fault,21.31,1.0,0.0,3.58,0.584,7.97
3073,Litopenaeus_vannamei,monsoon,good,False,none,21.31,1.0,0.0,4.58,0.518,7.97
3074,Penaeus_monodon,monsoon,excellent,False,none,21.31,1.0,0.0,4.39,0.506,7.97
3075,Penaeus_monodon,northeast,excellent,False,none,21.31,1.0,0.0,4.6,0.513,7.97
3076,Penaeus_monodon,summer,good,False,none,21.31,1.0,0.0,4.48,0.509,7.97
3077,Penaeus_monodon,winter,poor,True,stratification_collapse,21.31,1.0,0.0,4.15,0.504,7.97
3078,Litopenaeus_vannamei,winter,poor,False,none,21.31,1.0,0.0,4.24,0.527,7.97
3079,Penaeus_monodon,northeast,very_poor,True,stratification_collapse,21.31,1.0,0.0,4.5,0.516,7.97
3080,Penaeus_monodon,summer,poor,True,stratification_collapse,21.31,1.0,0.0,4.02,0.512,7.97
3081,Litopenaeus_vannamei,northeast,very_poor,False,none,21.31,1.0,0.0,4.03,0.555,7.97
3082,Litopenaeus_vannamei,summer,excellent,True,stratification_collapse,21.31,1.0,0.0,3.95,0.513,7.97
3083,Penaeus_monodon,winter,poor,False,none,21.31,1.0,0.0,4.37,0.511,7.97
3084,Litopenaeus_vannamei,monsoon,excellent,False,none,21.31,1.0,0.0,4.67,0.519,7.97
3085,Litopenaeus_vannamei,summer,good,False,none,21.31,1.0,0.0,3.68,0.52,7.97
3086,Litopenaeus_vannamei,summer,poor,False,none,21.31,1.0,0.0,4.27,0.552,7.97
3087,Litopenaeus_vannamei,monsoon,good,False,none,21.31,1.0,0.0,4.66,0.509,7.97
3088,Penaeus_monodon,northeast,excellent,True,stratification_collapse,21.31,1.0,0.0,4.71,0.503,7.97
3089,Litopenaeus_vannamei,winter,good,False,none,21.31,1.0,0.0,4.33,0.517,7.97
3090,Penaeus_monodon,monsoon,very_poor,False,none,21.31,1.0,0.0,4.5,0.532,7.97
3091,Litopenaeus_vannamei,summer,very_poor,False,none,21.31,1.0,0.0,3.52,0.529,7.97
3092,Litopenaeus_vannamei,monsoon,good,False,none,21.31,1.0,0.0,4.71,0.514,7.97
3093,Penaeus_monodon,summer,good,True,stratification_collapse,21.31,1.0,0.0,4.26,0.506,7.97
3094,Penaeus_monodon,winter,very_poor,False,none,21.31,1.0,0.0,4.09,0.522,7.97
3095,Penaeus_monodon,summer,poor,False,none,21.31,1.0,0.0,3.9,0.518,7.97
3096,Litopenaeus_vannamei,winter,good,False,none,21.31,1.0,0.0,4.52,0.514,7.97
3097,Penaeus_monodon,monsoon,very_poor,False,none,21.31,1.0,0.0,4.52,0.509,7.97
3098,Penaeus_monodon,summer,good,False,none,21.31,1.0,0.0,4.36,0.507,7.97
3099,Litopenaeus_vannamei,winter,very_poor,False,none,21.31,1.0,0.0,4.33,0.538,7.97
3100,Penaeus_monodon,monsoon,good,False,none,21.31,1.0,0.0,4.85,0.51,7.97
3101,Penaeus_monodon,summer,poor,False,none,21.31,1.0,0.0,4.37,0.508,7.97
3102,Penaeus_monodon,northeast,good,False,none,21.31,1.0,0.0,4.41,0.509,7.97
3103,Penaeus_monodon,northeast,excellent,False,none,21.31,1.0,0.0,4.59,0.508,7.97
3104,Litopenaeus_vannamei,winter,poor,False,none,21.31,1.0,0.0,4.23,0.531,7.97
3105,Penaeus_monodon,northeast,good,False,none,21.31,1.0,0.0,4.64,0.503,7.97
3106,Litopenaeus_vannamei,summer,very_poor,False,none,21.31,1.0,0.0,3.94,0.541,7.97
3107,Litopenaeus_vannamei,monsoon,very_poor,False,none,21.31,1.0,0.0,4.24,0.539,7.97
3108,Penaeus_monodon,northeast,very_poor,False,none,21.31,1.0,0.0,4.43,0.515,7.97
3109,Litopenaeus_vannamei,monsoon,very_poor,False,none,21.31,1.0,0.0,4.53,0.563,7.97
3110,Penaeus_monodon,summer,very_poor,False,none,21.31,1.0,0.0,3.84,0.525,7.97
3111,Penaeus_monodon,summer,very_poor,True,stratification_collapse,21.31,1.0,0.0,4.21,0.523,7.97
3112,Litopenaeus_vannamei,winter,very_poor,False,none,21.31,1.0,0.0,4.32,0.539,7.97
3113,Litopenaeus_vannamei,winter,poor,False,none,21.31,1.0,0.0,4.03,0.541,7.97
3114,Litopenaeus_vannamei,northeast,very_poor,False,none,21.31,1.0,0.0,4.45,0.53,7.97
3115,Penaeus_monodon,summer,very_poor,False,none,21.31,1.0,0.0,4.04,0.527,7.97
3116,Penaeus_monodon,northeast,poor,False,none,21.31,1.0,0.0,4.72,0.514,7.97
3117,Penaeus_monodon,summer,very_poor,True,stratification_collapse,21.31,1.0,0.0,3.99,0.507,7.97
3118,Litopenaeus_vannamei,monsoon,good,False,none,21.31,1.0,0.0,4.2,0.52,7.97
3119,Litopenaeus_vannamei,summer,poor,False,none,21.31,1.0,0.0,4.35,0.519,7.97
3120,Penaeus_monodon,winter,poor,False,none,21.31,1.0,0.0,4.5,0.515,7.97
3121,Penaeus_monodon,northeast,good,False,none,21.31,1.0,0.0,4.62,0.51,7.97
3122,Penaeus_monodon,monsoon,good,True,stratification_collapse,21.31,1.0,0.0,4.9,0.509,7.97
3123,Penaeus_monodon,winter,good,True,stratification_collapse,21.31,1.0,0.0,4.51,0.502,7.97
3124,Litopenaeus_vannamei,monsoon,poor,False,none,21.31,1.0,0.0,4.31,0.525,7.97
3125,Litopenaeus_vannamei,winter,poor,True,stratification_collapse,14.05,1.0,5.0,4.65,0.542,7.97
3126,Litopenaeus_vannamei,summer,excellent,False,none,21.31,1.0,0.0,4.13,0.509,7.97
3127,Litopenaeus_vannamei,northeast,poor,False,none,21.31,1.0,0.0,4.28,0.519,7.97
3128,Litopenaeus_vannamei,summer,poor,True,sensor_fault,21.31,1.0,0.0,4.46,0.523,7.97
3129,Litopenaeus_vannamei,summer,good,True,sensor_fault,21.31,1.0,0.0,4.16,0.527,7.97
3130,Penaeus_monodon,monsoon,very_poor,False,none,21.31,1.0,0.0,4.56,0.523,7.97
3131,Litopenaeus_vannamei,winter,good,False,none,21.31,1.0,0.0,4.08,0.509,7.97
3132,Penaeus_monodon,monsoon,good,False,none,21.31,1.0,0.0,4.63,0.506,7.97
3133,Litopenaeus_vannamei,northeast,poor,True,sensor_fault,21.31,1.0,0.0,4.37,0.528,7.97
3134,Litopenaeus_vannamei,summer,poor,False,none,21.31,1.0,0.0,3.56,0.562,7.97
3135,Penaeus_monodon,winter,very_poor,False,none,21.31,1.0,0.0,4.33,0.516,7.97
3136,Litopenaeus_vannamei,winter,very_poor,True,stratification_collapse,14.2,1.0,7.0,4.58,0.532,7.97
3137,Litopenaeus_vannamei,monsoon,poor,True,stratification_collapse,21.31,1.0,0.0,4.27,0.545,7.97
3138,Litopenaeus_vannamei,winter,poor,False,none,21.31,1.0,0.0,4.01,0.532,7.97
3139,Penaeus_monodon,summer,excellent,False,none,21.31,1.0,0.0,4.49,0.505,7.97
3140,Litopenaeus_vannamei,summer,excellent,True,stratification_collapse,14.78,1.0,7.0,4.37,0.526,7.97
3141,Penaeus_monodon,northeast,good,True,stratification_collapse,21.31,1.0,0.0,4.43,0.508,7.97
3142,Penaeus_monodon,winter,very_poor,False,none,21.31,1.0,0.0,4.23,0.511,7.97
3143,Litopenaeus_vannamei,northeast,good,False,none,21.31,1.0,0.0,4.5,0.513,7.97
3144,Penaeus_monodon,monsoon,excellent,False,none,21.31,1.0,0.0,4.65,0.507,7.97
3145,Litopenaeus_vannamei,northeast,very_poor,False,none,21.31,1.0,0.0,4.49,0.532,7.97
3146,Litopenaeus_vannamei,winter,poor,False,none,21.31,1.0,0.0,4.48,0.522,7.97
3147,Litopenaeus_vannamei,monsoon,very_poor,False,none,21.31,1.0,0.0,4.1,0.556,7.97
3148,Litopenaeus_vannamei,summer,excellent,False,none,21.31,1.0,0.0,4.0,0.525,7.97
3149,Penaeus_monodon,northeast,poor,False,none,21.31,1.0,0.0,4.32,0.506,7.97
3150,Litopenaeus_vannamei,winter,excellent,False,none,21.31,1.0,0.0,4.56,0.516,7.97
3151,Litopenaeus_vannamei,summer,very_poor,False,none,21.31,1.0,0.0,4.03,0.529,7.97
3152,Litopenaeus_vannamei,northeast,poor,True,stratification_collapse,21.31,1.0,0.0,4.48,0.531,7.97
3153,Litopenaeus_vannamei,monsoon,poor,False,none,21.31,1.0,0.0,4.4,0.547,7.97
3154,Litopenaeus_vannamei,summer,good,False,none,21.31,1.0,0.0,4.28,0.518,7.97
3155,Litopenaeus_vannamei,summer,very_poor,False,none,21.31,1.0,0.0,3.91,0.558,7.97
3156,Litopenaeus_vannamei,northeast,good,False,none,21.31,1.0,0.0,4.21,0.517,7.97
3157,Penaeus_monodon,monsoon,good,False,none,21.31,1.0,0.0,4.59,0.506,7.97
3158,Penaeus_monodon,northeast,very_poor,False,none,21.31,1.0,0.0,4.7,0.514,7.97
3159,Penaeus_monodon,northeast,poor,False,none,21.31,1.0,0.0,4.66,0.513,7.97
3160,Litopenaeus_vannamei,summer,excellent,False,none,21.31,1.0,0.0,4.23,0.523,7.97
3161,Penaeus_monodon,northeast,poor,False,none,21.31,1.0,0.0,4.34,0.524,7.97
3162,Litopenaeus_vannamei,summer,very_poor,False,none,21.31,1.0,0.0,4.06,0.57,7.97
3163,Penaeus_monodon,winter,good,False,none,21.31,1.0,0.0,4.29,0.506,7.97
3164,Penaeus_monodon,summer,excellent,True,stratification_collapse,21.31,1.0,0.0,4.01,0.506,7.97
3165,Penaeus_monodon,summer,poor,False,none,21.31,1.0,0.0,4.41,0.509,7.97
3166,Litopenaeus_vannamei,summer,poor,False,none,21.31,1.0,0.0,4.27,0.539,7.97
3167,Litopenaeus_vannamei,northeast,very_poor,False,none,21.31,1.0,0.0,4.2,0.533,7.97
3168,Penaeus_monodon,winter,excellent,True,stratification_collapse,21.31,1.0,0.0,4.24,0.506,7.97
3169,Penaeus_monodon,summer,excellent,False,none,21.31,1.0,0.0,4.04,0.504,7.97
3170,Penaeus_monodon,northeast,poor,False,none,21.31,1.0,0.0,4.67,0.516,7.97
3171,Penaeus_monodon,summer,poor,False,none,21.31,1.0,0.0,4.16,0.511,7.97
3172,Penaeus_monodon,summer,very_poor,False,none,21.31,1.0,0.0,4.3,0.512,7.97
3173,Litopenaeus_vannamei,northeast,excellent,False,none,21.31,1.0,0.0,4.16,0.512,7.97
3174,Litopenaeus_vannamei,monsoon,poor,True,sensor_fault,21.31,1.0,0.0,4.43,0.533,7.97
3175,Litopenaeus_vannamei,monsoon,excellent,False,none,21.31,1.0,0.0,4.77,0.514,7.97
3176,Litopenaeus_vannamei,monsoon,good,False,none,21.31,1.0,0.0,4.41,0.523,7.97
3177,Litopenaeus_vannamei,monsoon,poor,False,none,21.31,1.0,0.0,4.67,0.521,7.97
3178,Penaeus_monodon,monsoon,good,False,none,21.31,1.0,0.0,4.62,0.507,7.97
3179,Litopenaeus_vannamei,summer,excellent,False,none,21.31,1.0,0.0,3.95,0.509,7.97
3180,Penaeus_monodon,winter,excellent,False,none,21.31,1.0,0.0,4.3,0.508,7.97
3181,Litopenaeus_vannamei,monsoon,poor,False,none,21.31,1.0,0.0,4.37,0.551,7.97
3182,Penaeus_monodon,monsoon,poor,False,none,21.31,1.0,0.0,4.8,0.513,7.97
3183,Litopenaeus_vannamei,monsoon,excellent,False,none,21.31,1.0,0.0,4.6,0.517,7.97
3184,Penaeus_monodon,northeast,excellent,False,none,21.31,1.0,0.0,4.75,0.507,7.97
3185,Litopenaeus_vannamei,winter,very_poor,False,none,21.31,1.0,0.0,4.1,0.543,7.97
3186,Penaeus_monodon,monsoon,very_poor,False,none,21.31,1.0,0.0,4.76,0.51,7.97
3187,Penaeus_monodon,summer,poor,False,none,21.31,1.0,0.0,4.31,0.515,7.97
3188,Litopenaeus_vannamei,northeast,good,False,none,21.31,1.0,0.0,4.55,0.52,7.97
3189,Litopenaeus_vannamei,summer,very_poor,False,none,21.31,1.0,0.0,3.94,0.56,7.97
3190,Litopenaeus_vannamei,summer,very_poor,False,none,21.31,1.0,0.0,4.12,0.558,7.97
3191,Penaeus_monodon,winter,good,False,none,21.31,1.0,0.0,4.48,0.505,7.97
3192,Litopenaeus_vannamei,northeast,very_poor,False,none,21.31,1.0,0.0,4.54,0.522,7.97
3193,Litopenaeus_vannamei,northeast,good,False,none,21.31,1.0,0.0,4.24,0.519,7.97
3194,Litopenaeus_vannamei,northeast,excellent,False,none,21.31,1.0,0.0,4.16,0.515,7.97
3195,Penaeus_monodon,northeast,excellent,False,none,21.31,1.0,0.0,4.64,0.506,7.97
3196,Litopenaeus_vannamei,northeast,poor,False,none,21.31,1.0,0.0,4.11,0.522,7.97
3197,Litopenaeus_vannamei,northeast,good,False,none,21.31,1.0,0.0,4.28,0.518,7.97
3198,Litopenaeus_vannamei,summer,good,True,stratification_collapse,21.31,1.0,0.0,3.84,0.511,7.97
3199,Litopenaeus_vannamei,winter,excellent,False,none,21.31,1.0,0.0,4.55,0.511,7.97
3200,Litopenaeus_vannamei,winter,poor,False,none,21.31,1.0,0.0,3.88,0.525,7.97
3201,Penaeus_monodon,northeast,very_poor,False,none,21.31,1.0,0.0,4.65,0.516,7.97
3202,Penaeus_monodon,monsoon,very_poor,True,stratification_collapse,21.31,1.0,0.0,4.57,0.522,7.97
3203,Litopenaeus_vannamei,summer,poor,False,none,21.31,1.0,0.0,3.87,0.526,7.97
3204,Litopenaeus_vannamei,summer,very_poor,False,none,21.31,1.0,0.0,4.15,0.538,7.97
3205,Penaeus_monodon,northeast,poor,False,none,21.31,1.0,0.0,4.15,0.511,7.97
3206,Litopenaeus_vannamei,summer,good,False,none,21.31,1.0,0.0,4.35,0.523,7.97
3207,Litopenaeus_vannamei,northeast,very_poor,False,none,21.31,1.0,0.0,4.37,0.522,7.97
3208,Litopenaeus_vannamei,winter,good,False,none,21.31,1.0,0.0,4.11,0.516,7.97
3209,Litopenaeus_vannamei,northeast,good,False,none,21.31,1.0,0.0,4.33,0.52,7.97
3210,Litopenaeus_vannamei,northeast,poor,False,none,21.31,1.0,0.0,4.59,0.524,7.97
3211,Litopenaeus_vannamei,summer,excellent,False,none,21.31,1.0,0.0,3.99,0.522,7.97
3212,Penaeus_monodon,monsoon,good,False,none,21.31,1.0,0.0,4.49,0.503,7.97
3213,Penaeus_monodon,summer,excellent,False,none,21.31,1.0,0.0,4.26,0.507,7.97
3214,Penaeus_monodon,winter,good,False,none,21.31,1.0,0.0,4.18,0.504,7.97
3215,Litopenaeus_vannamei,summer,good,False,none,21.31,1.0,0.0,4.15,0.521,7.97
3216,Litopenaeus_vannamei,monsoon,excellent,False,none,21.31,1.0,0.0,4.6,0.511,7.97
3217,Litopenaeus_vannamei,summer,good,True,stratification_collapse,21.31,1.0,0.0,3.86,0.524,7.97
3218,Litopenaeus_vannamei,summer,excellent,True,sensor_fault,21.31,1.0,0.0,4.4,0.521,7.97
3219,Penaeus_monodon,northeast,very_poor,False,none,21.31,1.0,0.0,4.29,0.521,7.97
3220,Litopenaeus_vannamei,northeast,good,False,none,21.31,1.0,0.0,4.27,0.514,7.97
3221,Penaeus_monodon,summer,poor,False,none,21.31,1.0,0.0,3.87,0.506,7.97
3222,Penaeus_monodon,monsoon,poor,True,stratification_collapse,21.31,1.0,0.0,4.48,0.519,7.97
3223,Penaeus_monodon,winter,good,False,none,21.31,1.0,0.0,4.56,0.509,7.97
3224,Litopenaeus_vannamei,summer,excellent,False,none,21.31,1.0,0.0,4.4,0.508,7.97
3225,Penaeus_monodon,summer,very_poor,False,none,21.31,1.0,0.0,4.02,0.511,7.97
3226,Penaeus_monodon,northeast,excellent,False,none,21.31,1.0,0.0,4.33,0.513,7.97
3227,Penaeus_monodon,northeast,excellent,True,stratification_collapse,21.31,1.0,0.0,4.39,0.506,7.97
3228,Litopenaeus_vannamei,monsoon,very_poor,False,none,21.31,1.0,0.0,4.6,0.543,7.97
3229,Penaeus_monodon,winter,excellent,True,stratification_collapse,21.31,1.0,0.0,4.2,0.507,7.97
3230,Penaeus_monodon,summer,very_poor,True,stratification_collapse,21.31,1.0,0.0,3.87,0.512,7.97
3231,Penaeus_monodon,monsoon,excellent,False,none,21.31,1.0,0.0,4.85,0.505,7.97
3232,Litopenaeus_vannamei,summer,excellent,True,other,0.46,0.0162,2066.0,0.0,2.515,7.97
3233,Litopenaeus_vannamei,monsoon,very_poor,False,none,21.31,1.0,0.0,4.41,0.569,7.97
3234,Litopenaeus_vannamei,winter,poor,False,none,21.31,1.0,0.0,3.81,0.528,7.97
3235,Penaeus_monodon,monsoon,poor,False,none,21.31,1.0,0.0,4.56,0.509,7.97
3236,Litopenaeus_vannamei,summer,very_poor,False,none,21.31,1.0,0.0,4.22,0.534,7.97
3237,Litopenaeus_vannamei,northeast,good,False,none,21.31,1.0,0.0,4.56,0.52,7.97
3238,Penaeus_monodon,winter,good,False,none,21.31,1.0,0.0,4.12,0.513,7.97
3239,Penaeus_monodon,summer,excellent,False,none,21.31,1.0,0.0,4.07,0.504,7.97
3240,Penaeus_monodon,monsoon,poor,False,none,21.31,1.0,0.0,4.83,0.513,7.97
3241,Penaeus_monodon,northeast,very_poor,False,none,21.31,1.0,0.0,4.49,0.51,7.97
3242,Litopenaeus_vannamei,winter,very_poor,False,none,21.31,1.0,0.0,4.34,0.523,7.97
3243,Penaeus_monodon,monsoon,good,False,none,21.31,1.0,0.0,4.8,0.515,7.97
3244,Litopenaeus_vannamei,monsoon,good,False,none,21.31,1.0,0.0,4.81,0.523,7.97
3245,Penaeus_monodon,summer,excellent,False,none,21.31,1.0,0.0,4.5,0.507,7.97
3246,Penaeus_monodon,monsoon,poor,True,stratification_collapse,21.31,1.0,0.0,4.49,0.504,7.97
3247,Litopenaeus_vannamei,winter,very_poor,False,none,21.31,1.0,0.0,4.34,0.552,7.97
3248,Penaeus_monodon,summer,poor,False,none,21.31,1.0,0.0,4.41,0.513,7.97
3249,Litopenaeus_vannamei,summer,poor,True,stratification_collapse,21.31,1.0,0.0,4.27,0.527,7.97
3250,Litopenaeus_vannamei,monsoon,excellent,False,none,21.31,1.0,0.0,4.52,0.509,7.97
3251,Penaeus_monodon,winter,very_poor,False,none,21.31,1.0,0.0,4.51,0.513,7.97
3252,Litopenaeus_vannamei,winter,very_poor,False,none,21.31,1.0,0.0,3.79,0.575,7.97
3253,Litopenaeus_vannamei,winter,good,False,none,21.31,1.0,0.0,4.38,0.519,7.97
3254,Penaeus_monodon,winter,poor,False,none,21.31,1.0,0.0,4.48,0.507,7.97
3255,Litopenaeus_vannamei,summer,excellent,False,none,21.31,1.0,0.0,4.44,0.522,7.97
3256,Penaeus_monodon,summer,very_poor,False,none,21.31,1.0,0.0,4.19,0.523,7.97
3257,Litopenaeus_vannamei,summer,excellent,False,none,21.31,1.0,0.0,3.82,0.524,7.97
3258,Litopenaeus_vannamei,summer,poor,False,none,21.31,1.0,0.0,4.32,0.534,7.97
3259,Penaeus_monodon,summer,very_poor,False,none,21.31,1.0,0.0,3.88,0.536,7.97
3260,Penaeus_monodon,northeast,good,False,none,21.31,1.0,0.0,4.45,0.505,7.97
3261,Penaeus_monodon,northeast,very_poor,False,none,21.31,1.0,0.0,4.42,0.518,7.97
3262,Penaeus_monodon,monsoon,good,True,stratification_collapse,21.31,1.0,0.0,4.55,0.504,7.97
3263,Penaeus_monodon,northeast,good,True,stratification_collapse,21.31,1.0,0.0,4.41,0.51,7.97
3264,Litopenaeus_vannamei,monsoon,excellent,False,none,21.31,1.0,0.0,4.5,0.524,7.97
3265,Penaeus_monodon,summer,excellent,True,stratification_collapse,21.31,1.0,0.0,4.04,0.507,7.97
3266,Penaeus_monodon,monsoon,excellent,False,none,21.31,1.0,0.0,4.74,0.512,7.97
3267,Litopenaeus_vannamei,summer,excellent,False,none,21.31,1.0,0.0,4.16,0.516,7.97
3268,Penaeus_monodon,summer,very_poor,False,none,21.31,1.0,0.0,3.9,0.512,7.97
3269,Penaeus_monodon,summer,excellent,True,stratification_collapse,21.31,1.0,0.0,4.51,0.509,7.97
3270,Penaeus_monodon,northeast,good,False,none,21.31,1.0,0.0,4.41,0.508,7.97
3271,Penaeus_monodon,northeast,good,False,none,21.31,1.0,0.0,4.44,0.507,7.97
3272,Penaeus_monodon,monsoon,good,False,none,21.31,1.0,0.0,4.8,0.514,7.97
3273,Penaeus_monodon,northeast,good,True,stratification_collapse,21.31,1.0,0.0,4.37,0.505,7.97
3274,Penaeus_monodon,monsoon,good,False,none,21.31,1.0,0.0,4.62,0.503,7.97
3275,Litopenaeus_vannamei,monsoon,poor,False,none,21.31,1.0,0.0,4.54,0.532,7.97
3276,Penaeus_monodon,winter,poor,False,none,21.31,1.0,0.0,4.6,0.522,7.97
3277,Litopenaeus_vannamei,monsoon,excellent,True,stratification_collapse,21.31,1.0,0.0,4.76,0.512,7.97
3278,Litopenaeus_vannamei,monsoon,good,True,stratification_collapse,21.31,1.0,0.0,4.69,0.522,7.97
3279,Litopenaeus_vannamei,winter,very_poor,False,none,21.31,1.0,0.0,4.22,0.557,7.97
3280,Litopenaeus_vannamei,winter,excellent,False,none,21.31,1.0,0.0,4.19,0.511,7.97
3281,Penaeus_monodon,northeast,good,False,none,21.31,1.0,0.0,4.36,0.506,7.97
3282,Penaeus_monodon,winter,poor,False,none,21.31,1.0,0.0,4.3,0.504,7.97
3283,Penaeus_monodon,northeast,poor,False,none,21.31,1.0,0.0,4.33,0.512,7.97
3284,Litopenaeus_vannamei,monsoon,poor,False,none,21.31,1.0,0.0,4.29,0.536,7.97
3285,Litopenaeus_vannamei,summer,very_poor,False,none,21.31,1.0,0.0,3.55,0.577,7.97
3286,Penaeus_monodon,northeast,poor,False,none,21.31,1.0,0.0,4.18,0.521,7.97
3287,Penaeus_monodon,summer,excellent,False,none,21.31,1.0,0.0,4.46,0.51,7.97
3288,Penaeus_monodon,northeast,good,False,none,21.31,1.0,0.0,4.44,0.504,7.97
3289,Penaeus_monodon,winter,good,True,stratification_collapse,21.31,1.0,0.0,4.15,0.502,7.97
3290,Penaeus_monodon,winter,good,False,none,21.31,1.0,0.0,4.39,0.509,7.97
3291,Litopenaeus_vannamei,monsoon,good,False,none,21.31,1.0,0.0,4.7,0.511,7.97
3292,Litopenaeus_vannamei,winter,good,False,none,21.31,1.0,0.0,4.42,0.515,7.97
3293,Penaeus_monodon,summer,poor,False,none,21.31,1.0,0.0,3.83,0.503,7.97
3294,Litopenaeus_vannamei,northeast,good,True,other,0.76,0.0279,1796.0,0.0,2.527,7.97
3295,Penaeus_monodon,summer,very_poor,False,none,21.31,1.0,0.0,4.08,0.529,7.97
3296,Penaeus_monodon,summer,excellent,True,stratification_collapse,21.31,1.0,0.0,4.4,0.508,7.97
3297,Penaeus_monodon,monsoon,good,True,stratification_collapse,21.31,1.0,0.0,4.71,0.505,7.97
3298,Penaeus_monodon,winter,very_poor,False,none,21.31,1.0,0.0,4.49,0.519,7.97
3299,Litopenaeus_vannamei,summer,poor,True,stratification_collapse,21.31,1.0,0.0,4.11,0.537,7.97
3300,Penaeus_monodon,monsoon,good,False,none,21.31,1.0,0.0,4.39,0.504,7.97
3301,Litopenaeus_vannamei,monsoon,good,True,stratification_collapse,21.31,1.0,0.0,4.73,0.517,7.97
3302,Litopenaeus_vannamei,summer,excellent,False,none,21.31,1.0,0.0,3.91,0.509,7.97
3303,Litopenaeus_vannamei,northeast,good,False,none,21.31,1.0,0.0,4.4,0.515,7.97
3304,Litopenaeus_vannamei,monsoon,very_poor,False,none,21.31,1.0,0.0,4.39,0.548,7.97
3305,Litopenaeus_vannamei,monsoon,poor,False,none,21.31,1.0,0.0,4.57,0.55,7.97
3306,Penaeus_monodon,northeast,excellent,False,none,21.31,1.0,0.0,4.81,0.504,7.97
3307,Penaeus_monodon,northeast,very_poor,False,none,21.31,1.0,0.0,4.32,0.522,7.97
3308,Litopenaeus_vannamei,winter,very_poor,False,none,21.31,1.0,0.0,3.62,0.544,7.97
3309,Penaeus_monodon,summer,poor,True,stratification_collapse,21.31,1.0,0.0,4.06,0.516,7.97
3310,Penaeus_monodon,monsoon,very_poor,False,none,21.31,1.0,0.0,4.5,0.518,7.97
3311,Litopenaeus_vannamei,summer,excellent,False,none,21.31,1.0,0.0,3.91,0.511,7.97
3312,Penaeus_monodon,northeast,good,True,stratification_collapse,21.31,1.0,0.0,4.64,0.509,7.97
3313,Litopenaeus_vannamei,monsoon,good,True,stratification_collapse,21.31,1.0,0.0,4.79,0.52,7.97
3314,Litopenaeus_vannamei,summer,excellent,False,none,21.31,1.0,0.0,3.84,0.507,7.97
3315,Litopenaeus_vannamei,winter,poor,True,stratification_collapse,21.31,1.0,0.0,3.82,0.542,7.97
3316,Litopenaeus_vannamei,monsoon,very_poor,False,none,21.31,1.0,0.0,4.06,0.549,7.97
3317,Litopenaeus_vannamei,winter,good,False,none,21.31,1.0,0.0,4.11,0.522,7.97
3318,Penaeus_monodon,northeast,poor,False,none,21.31,1.0,0.0,4.22,0.515,7.97
3319,Litopenaeus_vannamei,northeast,excellent,False,none,21.31,1.0,0.0,4.44,0.518,7.97
3320,Litopenaeus_vannamei,summer,poor,False,none,21.31,1.0,0.0,4.08,0.519,7.97
3321,Litopenaeus_vannamei,summer,very_poor,False,none,21.31,1.0,0.0,3.84,0.566,7.97
3322,Litopenaeus_vannamei,summer,very_poor,False,none,21.31,1.0,0.0,3.66,0.529,7.97
3323,Litopenaeus_vannamei,monsoon,excellent,False,none,21.31,1.0,0.0,4.36,0.509,7.97
3324,Penaeus_monodon,winter,poor,False,none,21.31,1.0,0.0,4.3,0.51,7.97
3325,Litopenaeus_vannamei,monsoon,excellent,True,stratification_collapse,21.31,1.0,0.0,4.61,0.526,7.97
3326,Penaeus_monodon,winter,excellent,True,stratification_collapse,21.31,1.0,0.0,4.63,0.508,7.97
3327,Litopenaeus_vannamei,monsoon,poor,True,stratification_collapse,21.31,1.0,0.0,4.3,0.529,7.97
3328,Litopenaeus_vannamei,summer,very_poor,False,none,21.31,1.0,0.0,3.58,0.564,7.97
3329,Penaeus_monodon,monsoon,good,False,none,21.31,1.0,0.0,4.69,0.508,7.97
3330,Litopenaeus_vannamei,summer,excellent,False,none,21.31,1.0,0.0,4.25,0.527,7.97
3331,Litopenaeus_vannamei,monsoon,poor,False,none,21.31,1.0,0.0,4.18,0.548,7.97
3332,Litopenaeus_vannamei,winter,good,True,sensor_fault,21.31,1.0,0.0,4.37,0.525,7.97
3333,Litopenaeus_vannamei,monsoon,good,False,none,21.31,1.0,0.0,4.7,0.52,7.97
3334,Litopenaeus_vannamei,winter,excellent,False,none,21.31,1.0,0.0,4.53,0.528,7.97
3335,Penaeus_monodon,summer,very_poor,False,none,21.31,1.0,0.0,3.8,0.506,7.97
3336,Litopenaeus_vannamei,winter,poor,False,none,21.31,1.0,0.0,4.22,0.531,7.97
3337,Litopenaeus_vannamei,summer,good,False,none,21.31,1.0,0.0,4.03,0.525,7.97
3338,Penaeus_monodon,winter,excellent,False,none,21.31,1.0,0.0,4.58,0.504,7.97
3339,Penaeus_monodon,monsoon,poor,False,none,21.31,1.0,0.0,4.74,0.525,7.97
3340,Penaeus_monodon,northeast,good,True,stratification_collapse,21.31,1.0,0.0,4.72,0.514,7.97
3341,Litopenaeus_vannamei,monsoon,excellent,False,none,21.31,1.0,0.0,4.4,0.517,7.97
3342,Litopenaeus_vannamei,winter,poor,False,none,21.31,1.0,0.0,4.34,0.534,7.97
3343,Litopenaeus_vannamei,monsoon,very_poor,False,none,21.31,1.0,0.0,4.38,0.608,7.97
3344,Penaeus_monodon,winter,excellent,False,none,21.31,1.0,0.0,3.96,0.505,7.97
3345,Penaeus_monodon,northeast,good,False,none,21.31,1.0,0.0,4.39,0.505,7.97
3346,Penaeus_monodon,summer,excellent,True,stratification_collapse,21.31,1.0,0.0,4.32,0.503,7.97
3347,Penaeus_monodon,northeast,good,False,none,21.31,1.0,0.0,4.72,0.508,7.97
3348,Litopenaeus_vannamei,monsoon,good,False,none,21.31,1.0,0.0,4.71,0.518,7.97
3349,Litopenaeus_vannamei,summer,poor,True,stratification_collapse,21.31,1.0,0.0,4.26,0.538,7.97
3350,Penaeus_monodon,monsoon,excellent,False,none,21.31,1.0,0.0,4.85,0.503,7.97
3351,Penaeus_monodon,winter,excellent,False,none,21.31,1.0,0.0,4.35,0.506,7.97
3352,Litopenaeus_vannamei,winter,excellent,False,none,21.31,1.0,0.0,4.5,0.509,7.97
3353,Litopenaeus_vannamei,monsoon,good,True,sensor_fault,21.31,1.0,0.0,4.33,0.518,7.97
3354,Litopenaeus_vannamei,summer,good,True,sensor_fault,21.31,1.0,0.0,3.86,0.524,7.97
3355,Penaeus_monodon,monsoon,good,True,stratification_collapse,21.31,1.0,0.0,4.53,0.508,7.97
3356,Penaeus_monodon,northeast,excellent,False,none,21.31,1.0,0.0,4.48,0.505,7.97
3357,Penaeus_monodon,winter,excellent,False,none,21.31,1.0,0.0,4.37,0.506,7.97
3358,Penaeus_monodon,winter,poor,False,none,21.31,1.0,0.0,4.34,0.516,7.97
3359,Penaeus_monodon,winter,poor,True,stratification_collapse,21.31,1.0,0.0,4.52,0.517,7.97
3360,Penaeus_monodon,northeast,poor,False,none,21.31,1.0,0.0,4.43,0.509,7.97
3361,Penaeus_monodon,winter,excellent,False,none,21.31,1.0,0.0,4.6,0.504,7.97
3362,Litopenaeus_vannamei,winter,poor,False,none,21.31,1.0,0.0,4.03,0.527,7.97
3363,Litopenaeus_vannamei,summer,good,False,none,21.31,1.0,0.0,3.75,0.519,7.97
3364,Penaeus_monodon,monsoon,good,False,none,21.31,1.0,0.0,4.54,0.503,7.97
3365,Penaeus_monodon,winter,very_poor,False,none,21.31,1.0,0.0,4.45,0.525,7.97
3366,Litopenaeus_vannamei,summer,very_poor,True,stratification_collapse,21.31,1.0,0.0,4.12,0.576,7.97
3367,Penaeus_monodon,northeast,good,True,stratification_collapse,21.31,1.0,0.0,4.52,0.505,7.97
3368,Penaeus_monodon,monsoon,good,False,none,21.31,1.0,0.0,4.77,0.503,7.97
3369,Litopenaeus_vannamei,summer,good,False,none,21.31,1.0,0.0,3.85,0.517,7.97
3370,Penaeus_monodon,summer,excellent,False,none,21.31,1.0,0.0,4.41,0.507,7.97
3371,Penaeus_monodon,winter,excellent,False,none,21.31,1.0,0.0,4.38,0.506,7.97
3372,Litopenaeus_vannamei,winter,very_poor,False,none,21.31,1.0,0.0,4.38,0.541,7.97
3373,Penaeus_monodon,northeast,excellent,False,none,21.31,1.0,0.0,4.38,0.503,7.97
3374,Litopenaeus_vannamei,monsoon,very_poor,True,stratification_collapse,21.31,1.0,0.0,4.15,0.549,7.97
3375,Penaeus_monodon,northeast,very_poor,True,stratification_collapse,21.31,1.0,0.0,4.38,0.537,7.97
3376,Penaeus_monodon,northeast,very_poor,False,none,21.31,1.0,0.0,4.58,0.514,7.97
3377,Penaeus_monodon,winter,very_poor,False,none,21.31,1.0,0.0,3.9,0.514,7.97
3378,Penaeus_monodon,monsoon,very_poor,False,none,21.31,1.0,0.0,4.47,0.526,7.97
3379,Litopenaeus_vannamei,summer,poor,False,none,21.31,1.0,0.0,4.31,0.536,7.97
3380,Litopenaeus_vannamei,monsoon,excellent,False,none,21.31,1.0,0.0,4.69,0.517,7.97
3381,Litopenaeus_vannamei,northeast,poor,False,none,21.31,1.0,0.0,4.01,0.552,7.97
3382,Penaeus_monodon,northeast,very_poor,False,none,21.31,1.0,0.0,4.31,0.505,7.97
3383,Penaeus_monodon,winter,poor,False,none,21.31,1.0,0.0,4.05,0.509,7.97
3384,Litopenaeus_vannamei,monsoon,good,False,none,21.31,1.0,0.0,4.54,0.517,7.97
3385,Penaeus_monodon,monsoon,poor,False,none,21.31,1.0,0.0,4.73,0.516,7.97
3386,Litopenaeus_vannamei,monsoon,very_poor,False,none,21.31,1.0,0.0,4.68,0.536,7.97
3387,Litopenaeus_vannamei,winter,excellent,True,stratification_collapse,21.31,1.0,0.0,4.6,0.511,7.97
3388,Litopenaeus_vannamei,northeast,good,True,stratification_collapse,21.31,1.0,0.0,4.61,0.518,7.97
3389,Litopenaeus_vannamei,summer,excellent,False,none,21.31,1.0,0.0,3.9,0.511,7.97
3390,Penaeus_monodon,winter,excellent,False,none,21.31,1.0,0.0,4.58,0.502,7.97
3391,Penaeus_monodon,winter,very_poor,False,none,21.31,1.0,0.0,4.13,0.514,7.97
3392,Litopenaeus_vannamei,winter,excellent,False,none,21.31,1.0,0.0,4.29,0.52,7.97
3393,Penaeus_monodon,summer,poor,False,none,21.31,1.0,0.0,4.27,0.509,7.97
3394,Penaeus_monodon,northeast,poor,False,none,21.31,1.0,0.0,4.68,0.504,7.97
3395,Litopenaeus_vannamei,summer,very_poor,False,none,21.31,1.0,0.0,4.1,0.533,7.97
3396,Penaeus_monodon,winter,excellent,True,stratification_collapse,21.31,1.0,0.0,4.23,0.506,7.97
3397,Penaeus_monodon,winter,good,False,none,21.31,1.0,0.0,4.23,0.506,7.97
3398,Penaeus_monodon,monsoon,good,True,stratification_collapse,21.31,1.0,0.0,4.64,0.51,7.97
3399,Litopenaeus_vannamei,winter,very_poor,False,none,21.31,1.0,0.0,3.7,0.578,7.97
3400,Penaeus_monodon,winter,good,False,none,21.31,1.0,0.0,4.57,0.507,7.97
3401,Penaeus_monodon,northeast,poor,False,none,21.31,1.0,0.0,4.46,0.516,7.97
3402,Penaeus_monodon,northeast,poor,False,none,21.31,1.0,0.0,4.57,0.512,7.97
3403,Litopenaeus_vannamei,monsoon,poor,False,none,21.31,1.0,0.0,4.31,0.526,7.97
3404,Penaeus_monodon,summer,very_poor,False,none,21.31,1.0,0.0,4.44,0.511,7.97
3405,Litopenaeus_vannamei,monsoon,good,True,aerator_failure,0.64,0.0234,1894.0,0.0,0.525,7.97
3406,Penaeus_monodon,monsoon,excellent,False,none,21.31,1.0,0.0,4.59,0.507,7.97
3407,Litopenaeus_vannamei,winter,good,False,none,21.31,1.0,0.0,4.22,0.517,7.97
3408,Litopenaeus_vannamei,winter,very_poor,False,none,21.31,1.0,0.0,3.84,0.552,7.97
3409,Litopenaeus_vannamei,winter,excellent,False,none,21.31,1.0,0.0,4.0,0.516,7.97
3410,Penaeus_monodon,summer,very_poor,False,none,21.31,1.0,0.0,4.05,0.507,7.97
3411,Litopenaeus_vannamei,northeast,excellent,False,none,21.31,1.0,0.0,4.46,0.515,7.97
3412,Penaeus_monodon,monsoon,excellent,True,stratification_collapse,21.31,1.0,0.0,4.65,0.503,7.97
3413,Penaeus_monodon,monsoon,very_poor,False,none,21.31,1.0,0.0,4.6,0.509,7.97
3414,Penaeus_monodon,winter,excellent,False,none,21.31,1.0,0.0,4.52,0.507,7.97
3415,Penaeus_monodon,northeast,poor,True,stratification_collapse,21.31,1.0,0.0,4.45,0.51,7.97
3416,Litopenaeus_vannamei,winter,excellent,False,none,21.31,1.0,0.0,4.08,0.506,7.97
3417,Penaeus_monodon,winter,excellent,False,none,21.31,1.0,0.0,4.52,0.502,7.97
3418,Litopenaeus_vannamei,monsoon,excellent,False,none,21.31,1.0,0.0,4.77,0.528,7.97
3419,Litopenaeus_vannamei,northeast,very_poor,True,stratification_collapse,21.31,1.0,0.0,4.07,0.537,7.97
3420,Penaeus_monodon,winter,good,False,none,21.31,1.0,0.0,4.37,0.505,7.97
3421,Penaeus_monodon,northeast,very_poor,True,stratification_collapse,21.31,1.0,0.0,4.55,0.514,7.97
3422,Penaeus_monodon,monsoon,excellent,False,none,21.31,1.0,0.0,4.84,0.511,7.97
3423,Litopenaeus_vannamei,monsoon,good,True,stratification_collapse,21.31,1.0,0.0,4.61,0.518,7.97
3424,Penaeus_monodon,monsoon,very_poor,False,none,21.31,1.0,0.0,4.43,0.525,7.97
3425,Litopenaeus_vannamei,winter,poor,True,stratification_collapse,13.7,1.0,2.0,4.7,0.53,7.97
3426,Penaeus_monodon,monsoon,excellent,False,none,21.31,1.0,0.0,4.81,0.504,7.97
3427,Penaeus_monodon,winter,poor,False,none,21.31,1.0,0.0,4.56,0.519,7.97
3428,Penaeus_monodon,northeast,excellent,False,none,21.31,1.0,0.0,4.39,0.505,7.97
3429,Penaeus_monodon,summer,poor,False,none,21.31,1.0,0.0,4.08,0.512,7.97
3430,Litopenaeus_vannamei,monsoon,very_poor,True,sensor_fault,21.31,1.0,0.0,4.21,0.553,7.97
3431,Litopenaeus_vannamei,winter,poor,True,aerator_failure,1.26,0.0486,1528.0,0.0,0.524,7.97
3432,Litopenaeus_vannamei,northeast,very_poor,False,none,21.31,1.0,0.0,4.2,0.546,7.97
3433,Penaeus_monodon,monsoon,poor,True,stratification_collapse,21.31,1.0,0.0,4.56,0.508,7.97
3434,Penaeus_monodon,winter,poor,False,none,21.31,1.0,0.0,4.31,0.512,7.97
3435,Litopenaeus_vannamei,summer,poor,False,none,21.31,1.0,0.0,4.14,0.542,7.97
3436,Penaeus_monodon,northeast,very_poor,True,stratification_collapse,21.31,1.0,0.0,4.58,0.52,7.97
3437,Penaeus_monodon,winter,good,False,none,21.31,1.0,0.0,4.45,0.515,7.97
3438,Litopenaeus_vannamei,summer,excellent,False,none,21.31,1.0,0.0,4.06,0.515,7.97
3439,Penaeus_monodon,monsoon,very_poor,False,none,21.31,1.0,0.0,4.79,0.509,7.97
3440,Litopenaeus_vannamei,summer,excellent,False,none,21.31,1.0,0.0,4.22,0.516,7.97
3441,Penaeus_monodon,winter,excellent,False,none,21.31,1.0,0.0,4.35,0.504,7.97
3442,Litopenaeus_vannamei,summer,very_poor,False,none,21.31,1.0,0.0,3.66,0.57,7.97
3443,Penaeus_monodon,northeast,poor,False,none,21.31,1.0,0.0,4.31,0.509,7.97
3444,Litopenaeus_vannamei,winter,poor,False,none,21.31,1.0,0.0,4.32,0.543,7.97
3445,Litopenaeus_vannamei,monsoon,excellent,False,none,21.31,1.0,0.0,4.29,0.513,7.97
3446,Penaeus_monodon,monsoon,good,False,none,21.31,1.0,0.0,4.34,0.509,7.97
3447,Litopenaeus_vannamei,monsoon,very_poor,False,none,21.31,1.0,0.0,4.64,0.53,7.97
3448,Penaeus_monodon,northeast,poor,False,none,21.31,1.0,0.0,4.37,0.507,7.97
3449,Litopenaeus_vannamei,northeast,excellent,False,none,21.31,1.0,0.0,4.4,0.509,7.97
3450,Litopenaeus_vannamei,monsoon,good,True,sensor_fault,21.31,1.0,0.0,4.24,0.523,7.97
3451,Litopenaeus_vannamei,summer,very_poor,False,none,21.31,1.0,0.0,4.22,0.54,7.97
3452,Penaeus_monodon,northeast,good,False,none,21.31,1.0,0.0,4.35,0.506,7.97
3453,Litopenaeus_vannamei,monsoon,poor,False,none,21.31,1.0,0.0,4.17,0.546,7.97
3454,Litopenaeus_vannamei,winter,very_poor,True,stratification_collapse,21.31,1.0,0.0,4.43,0.524,7.97
3455,Litopenaeus_vannamei,summer,very_poor,True,stratification_collapse,21.31,1.0,0.0,4.27,0.547,7.97
3456,Penaeus_monodon,winter,poor,False,none,21.31,1.0,0.0,3.92,0.514,7.97
3457,Penaeus_monodon,northeast,poor,False,none,21.31,1.0,0.0,4.63,0.518,7.97
3458,Penaeus_monodon,winter,good,True,stratification_collapse,21.31,1.0,0.0,4.53,0.506,7.97
3459,Litopenaeus_vannamei,winter,very_poor,False,none,21.31,1.0,0.0,3.71,0.547,7.97
3460,Litopenaeus_vannamei,winter,excellent,True,sensor_fault,21.31,1.0,0.0,4.01,0.517,7.97
3461,Litopenaeus_vannamei,winter,excellent,True,stratification_collapse,21.31,1.0,0.0,4.48,0.51,7.97
3462,Litopenaeus_vannamei,winter,excellent,False,none,21.31,1.0,0.0,4.15,0.51,7.97
3463,Litopenaeus_vannamei,northeast,excellent,False,none,21.31,1.0,0.0,4.52,0.514,7.97
3464,Penaeus_monodon,northeast,poor,True,stratification_collapse,21.31,1.0,0.0,4.41,0.512,7.97
3465,Litopenaeus_vannamei,winter,very_poor,False,none,21.31,1.0,0.0,3.84,0.574,7.97
3466,Penaeus_monodon,northeast,poor,False,none,21.31,1.0,0.0,4.37,0.513,7.97
3467,Penaeus_monodon,monsoon,poor,True,stratification_collapse,21.31,1.0,0.0,4.57,0.511,7.97
3468,Litopenaeus_vannamei,winter,excellent,False,none,21.31,1.0,0.0,4.3,0.513,7.97
3469,Litopenaeus_vannamei,northeast,good,False,none,21.31,1.0,0.0,4.62,0.523,7.97
3470,Penaeus_monodon,monsoon,excellent,False,none,21.31,1.0,0.0,4.7,0.506,7.97
3471,Penaeus_monodon,summer,excellent,False,none,21.31,1.0,0.0,4.18,0.508,7.97
3472,Litopenaeus_vannamei,winter,very_poor,False,none,21.31,1.0,0.0,3.88,0.535,7.97
3473,Penaeus_monodon,monsoon,poor,False,none,21.31,1.0,0.0,4.46,0.512,7.97
3474,Penaeus_monodon,monsoon,excellent,False,none,21.31,1.0,0.0,4.73,0.506,7.97
3475,Litopenaeus_vannamei,monsoon,excellent,True,stratification_collapse,21.31,1.0,0.0,4.56,0.517,7.97
3476,Penaeus_monodon,northeast,good,False,none,21.31,1.0,0.0,4.43,0.507,7.97
3477,Penaeus_monodon,winter,excellent,False,none,21.31,1.0,0.0,4.57,0.504,7.97
3478,Penaeus_monodon,winter,good,False,none,21.31,1.0,0.0,3.96,0.507,7.97
3479,Litopenaeus_vannamei,summer,very_poor,False,none,21.31,1.0,0.0,3.81,0.539,7.97
3480,Penaeus_monodon,monsoon,excellent,False,none,21.31,1.0,0.0,4.79,0.503,7.97
3481,Penaeus_monodon,winter,very_poor,False,none,21.31,1.0,0.0,3.99,0.521,7.97
3482,Penaeus_monodon,winter,very_poor,False,none,21.31,1.0,0.0,4.37,0.515,7.97
3483,Penaeus_monodon,northeast,good,False,none,21.31,1.0,0.0,4.67,0.508,7.97
3484,Penaeus_monodon,summer,good,False,none,21.31,1.0,0.0,3.98,0.505,7.97
3485,Litopenaeus_vannamei,summer,poor,False,none,21.31,1.0,0.0,4.16,0.523,7.97
3486,Litopenaeus_vannamei,northeast,excellent,False,none,21.31,1.0,0.0,4.64,0.514,7.97
3487,Penaeus_monodon,winter,good,False,none,21.31,1.0,0.0,4.01,0.51,7.97
3488,Litopenaeus_vannamei,winter,very_poor,True,stratification_collapse,21.31,1.0,0.0,4.11,0.562,7.97
3489,Litopenaeus_vannamei,northeast,very_poor,False,none,21.31,1.0,0.0,4.48,0.557,7.97
3490,Litopenaeus_vannamei,monsoon,excellent,True,stratification_collapse,21.31,1.0,0.0,4.69,0.517,7.97
3491,Litopenaeus_vannamei,summer,very_poor,False,none,21.31,1.0,0.0,3.69,0.575,7.97
3492,Litopenaeus_vannamei,monsoon,poor,False,none,21.31,1.0,0.0,4.28,0.554,7.97
3493,Litopenaeus_vannamei,winter,very_poor,False,none,21.31,1.0,0.0,3.82,0.547,7.97
3494,Penaeus_monodon,northeast,excellent,False,none,21.31,1.0,0.0,4.63,0.503,7.97
3495,Penaeus_monodon,summer,good,False,none,21.31,1.0,0.0,4.34,0.503,7.97
3496,Litopenaeus_vannamei,winter,good,False,none,21.31,1.0,0.0,3.94,0.521,7.97
3497,Penaeus_monodon,northeast,good,True,stratification_collapse,21.31,1.0,0.0,4.61,0.507,7.97
3498,Penaeus_monodon,monsoon,good,False,none,21.31,1.0,0.0,4.59,0.512,7.97
3499,Litopenaeus_vannamei,winter,good,True,stratification_collapse,13.18,1.0,20.0,4.09,0.513,7.97
3500,Penaeus_monodon,monsoon,poor,False,none,21.31,1.0,0.0,4.44,0.516,7.97
3501,Litopenaeus_vannamei,monsoon,poor,False,none,21.31,1.0,0.0,4.56,0.536,7.97
3502,Penaeus_monodon,northeast,poor,False,none,21.31,1.0,0.0,4.5,0.506,7.97
3503,Penaeus_monodon,winter,excellent,False,none,21.31,1.0,0.0,4.46,0.504,7.97
3504,Litopenaeus_vannamei,monsoon,good,False,none,21.31,1.0,0.0,4.69,0.525,7.97
3505,Penaeus_monodon,winter,very_poor,False,none,21.31,1.0,0.0,3.81,0.519,7.97
3506,Penaeus_monodon,monsoon,excellent,True,stratification_collapse,21.31,1.0,0.0,4.96,0.503,7.97
3507,Litopenaeus_vannamei,monsoon,good,False,none,21.31,1.0,0.0,4.79,0.517,7.97
3508,Penaeus_monodon,winter,poor,False,none,21.31,1.0,0.0,4.29,0.519,7.97
3509,Litopenaeus_vannamei,monsoon,poor,False,none,21.31,1.0,0.0,4.62,0.52,7.97
3510,Penaeus_monodon,northeast,good,False,none,21.31,1.0,0.0,4.74,0.507,7.97
3511,Litopenaeus_vannamei,northeast,very_poor,False,none,21.31,1.0,0.0,4.41,0.531,7.97
3512,Penaeus_monodon,summer,good,False,none,21.31,1.0,0.0,4.47,0.505,7.97
3513,Litopenaeus_vannamei,summer,poor,False,none,21.31,1.0,0.0,4.32,0.534,7.97
3514,Litopenaeus_vannamei,monsoon,good,False,none,21.31,1.0,0.0,4.7,0.511,7.97
3515,Penaeus_monodon,winter,poor,False,none,21.31,1.0,0.0,4.14,0.507,7.97
3516,Penaeus_monodon,northeast,very_poor,False,none,21.31,1.0,0.0,4.35,0.508,7.97
3517,Penaeus_monodon,winter,very_poor,False,none,21.31,1.0,0.0,4.34,0.516,7.97
3518,Litopenaeus_vannamei,northeast,poor,False,none,21.31,1.0,0.0,4.26,0.516,7.97
3519,Penaeus_monodon,winter,very_poor,False,none,21.31,1.0,0.0,4.29,0.519,7.97
3520,Litopenaeus_vannamei,summer,poor,False,none,21.31,1.0,0.0,3.99,0.537,7.97
3521,Penaeus_monodon,summer,poor,False,none,21.31,1.0,0.0,4.28,0.51,7.97
3522,Penaeus_monodon,northeast,excellent,False,none,21.31,1.0,0.0,4.69,0.508,7.97
3523,Litopenaeus_vannamei,summer,good,False,none,21.31,1.0,0.0,3.77,0.518,7.97
3524,Litopenaeus_vannamei,monsoon,excellent,False,none,21.31,1.0,0.0,4.71,0.511,7.97
3525,Penaeus_monodon,winter,poor,False,none,21.31,1.0,0.0,4.19,0.508,7.97
3526,Penaeus_monodon,monsoon,poor,False,none,21.31,1.0,0.0,4.47,0.52,7.97
3527,Litopenaeus_vannamei,winter,very_poor,False,none,21.31,1.0,0.0,4.18,0.534,7.97
3528,Litopenaeus_vannamei,northeast,good,False,none,21.31,1.0,0.0,4.37,0.515,7.97
3529,Penaeus_monodon,winter,very_poor,False,none,21.31,1.0,0.0,4.22,0.507,7.97
3530,Penaeus_monodon,winter,poor,True,stratification_collapse,21.31,1.0,0.0,4.67,0.508,7.97
3531,Litopenaeus_vannamei,winter,good,False,none,21.31,1.0,0.0,4.28,0.527,7.97
3532,Penaeus_monodon,summer,good,True,stratification_collapse,21.31,1.0,0.0,3.91,0.504,7.97
3533,Litopenaeus_vannamei,monsoon,poor,False,none,21.31,1.0,0.0,4.5,0.525,7.97
3534,Penaeus_monodon,winter,very_poor,True,stratification_collapse,21.31,1.0,0.0,4.26,0.514,7.97
3535,Litopenaeus_vannamei,winter,poor,False,none,21.31,1.0,0.0,4.38,0.525,7.97
3536,Penaeus_monodon,winter,excellent,True,stratification_collapse,21.31,1.0,0.0,4.38,0.506,7.97
3537,Litopenaeus_vannamei,winter,poor,False,none,21.31,1.0,0.0,4.35,0.525,7.97
3538,Litopenaeus_vannamei,monsoon,excellent,False,none,21.31,1.0,0.0,4.77,0.508,7.97
3539,Litopenaeus_vannamei,monsoon,excellent,True,stratification_collapse,21.31,1.0,0.0,4.58,0.523,7.97
3540,Penaeus_monodon,winter,excellent,False,none,21.31,1.0,0.0,4.06,0.505,7.97
3541,Litopenaeus_vannamei,monsoon,very_poor,False,none,21.31,1.0,0.0,4.74,0.537,7.97
3542,Litopenaeus_vannamei,summer,excellent,False,none,21.31,1.0,0.0,4.12,0.512,7.97
3543,Litopenaeus_vannamei,winter,poor,True,stratification_collapse,21.31,1.0,0.0,3.98,0.524,7.97
3544,Penaeus_monodon,summer,excellent,False,none,21.31,1.0,0.0,4.04,0.505,7.97
3545,Litopenaeus_vannamei,northeast,very_poor,False,none,21.31,1.0,0.0,4.48,0.547,7.97
3546,Penaeus_monodon,summer,poor,False,none,21.31,1.0,0.0,3.81,0.513,7.97
3547,Litopenaeus_vannamei,monsoon,very_poor,False,none,21.31,1.0,0.0,4.29,0.53,7.97
3548,Litopenaeus_vannamei,summer,good,False,none,21.31,1.0,0.0,4.31,0.524,7.97
3549,Penaeus_monodon,monsoon,good,False,none,21.31,1.0,0.0,4.73,0.505,7.97
3550,Penaeus_monodon,summer,excellent,False,none,21.31,1.0,0.0,4.55,0.507,7.97
3551,Penaeus_monodon,northeast,excellent,False,none,21.31,1.0,0.0,4.51,0.505,7.97
3552,Penaeus_monodon,northeast,very_poor,False,none,21.31,1.0,0.0,4.68,0.51,7.97
3553,Penaeus_monodon,winter,poor,False,none,21.31,1.0,0.0,4.42,0.524,7.97
3554,Penaeus_monodon,summer,poor,False,none,21.31,1.0,0.0,4.38,0.506,7.97
3555,Litopenaeus_vannamei,northeast,excellent,False,none,21.31,1.0,0.0,4.62,0.518,7.97
3556,Penaeus_monodon,winter,excellent,True,stratification_collapse,21.31,1.0,0.0,4.08,0.505,7.97
3557,Litopenaeus_vannamei,winter,excellent,False,none,21.31,1.0,0.0,4.51,0.514,7.97
3558,Penaeus_monodon,northeast,excellent,False,none,21.31,1.0,0.0,4.48,0.505,7.97
3559,Litopenaeus_vannamei,winter,very_poor,False,none,21.31,1.0,0.0,4.13,0.552,7.97
3560,Penaeus_monodon,monsoon,very_poor,False,none,21.31,1.0,0.0,4.7,0.525,7.97
3561,Litopenaeus_vannamei,northeast,very_poor,True,aerator_failure,0.95,0.0359,1680.0,0.0,0.555,7.97
3562,Litopenaeus_vannamei,summer,very_poor,True,stratification_collapse,21.31,1.0,0.0,3.93,0.556,7.97
3563,Penaeus_monodon,winter,excellent,True,stratification_collapse,21.31,1.0,0.0,4.52,0.504,7.97
3564,Litopenaeus_vannamei,summer,good,True,stratification_collapse,21.31,1.0,0.0,4.15,0.517,7.97
3565,Penaeus_monodon,northeast,very_poor,False,none,21.31,1.0,0.0,4.3,0.509,7.97
3566,Litopenaeus_vannamei,summer,good,False,none,21.31,1.0,0.0,4.38,0.509,7.97
3567,Litopenaeus_vannamei,summer,good,False,none,21.31,1.0,0.0,4.3,0.518,7.97
3568,Litopenaeus_vannamei,northeast,good,True,sensor_fault,21.31,1.0,0.0,4.49,0.526,7.97
3569,Penaeus_monodon,summer,very_poor,False,none,21.31,1.0,0.0,4.28,0.516,7.97
3570,Litopenaeus_vannamei,northeast,poor,False,none,21.31,1.0,0.0,4.33,0.538,7.97
3571,Litopenaeus_vannamei,winter,good,True,stratification_collapse,21.31,1.0,0.0,4.16,0.53,7.97
3572,Penaeus_monodon,summer,poor,True,stratification_collapse,21.31,1.0,0.0,4.19,0.51,7.97
3573,Penaeus_monodon,summer,excellent,True,stratification_collapse,21.31,1.0,0.0,4.46,0.504,7.97
3574,Penaeus_monodon,northeast,good,False,none,21.31,1.0,0.0,4.17,0.504,7.97
3575,Penaeus_monodon,summer,poor,False,none,21.31,1.0,0.0,4.12,0.513,7.97
3576,Litopenaeus_vannamei,winter,very_poor,False,none,21.31,1.0,0.0,4.17,0.538,7.97
3577,Litopenaeus_vannamei,northeast,good,False,none,21.31,1.0,0.0,4.1,0.516,7.97
3578,Litopenaeus_vannamei,monsoon,very_poor,True,stratification_collapse,14.06,1.0,3.0,4.78,0.55,7.97
3579,Penaeus_monodon,northeast,very_poor,True,stratification_collapse,21.31,1.0,0.0,4.14,0.521,7.97
3580,Penaeus_monodon,monsoon,poor,False,none,21.31,1.0,0.0,4.53,0.519,7.97
3581,Litopenaeus_vannamei,summer,very_poor,True,aerator_failure,0.44,0.0156,2093.0,0.0,0.546,7.97
3582,Litopenaeus_vannamei,monsoon,excellent,False,none,21.31,1.0,0.0,4.42,0.509,7.97
3583,Penaeus_monodon,northeast,excellent,False,none,21.31,1.0,0.0,4.57,0.506,7.97
3584,Penaeus_monodon,monsoon,excellent,False,none,21.31,1.0,0.0,4.83,0.505,7.97
3585,Litopenaeus_vannamei,winter,excellent,False,none,21.31,1.0,0.0,4.18,0.512,7.97
3586,Penaeus_monodon,monsoon,very_poor,False,none,21.31,1.0,0.0,4.48,0.524,7.97
3587,Litopenaeus_vannamei,summer,excellent,False,none,21.31,1.0,0.0,4.01,0.51,7.97
3588,Litopenaeus_vannamei,monsoon,good,False,none,21.31,1.0,0.0,4.59,0.523,7.97
3589,Penaeus_monodon,northeast,good,False,none,21.31,1.0,0.0,4.62,0.504,7.97
3590,Litopenaeus_vannamei,summer,poor,True,sensor_fault,21.31,1.0,0.0,3.73,0.542,7.97
3591,Penaeus_monodon,summer,poor,False,none,21.31,1.0,0.0,4.16,0.507,7.97
3592,Penaeus_monodon,northeast,poor,False,none,21.31,1.0,0.0,4.38,0.508,7.97
3593,Litopenaeus_vannamei,winter,very_poor,False,none,21.31,1.0,0.0,4.29,0.55,7.97
3594,Litopenaeus_vannamei,monsoon,good,False,none,21.31,1.0,0.0,4.75,0.509,7.97
3595,Penaeus_monodon,northeast,very_poor,False,none,21.31,1.0,0.0,4.55,0.518,7.97
3596,Penaeus_monodon,winter,very_poor,False,none,21.31,1.0,0.0,4.18,0.516,7.97
3597,Penaeus_monodon,summer,excellent,False,none,21.31,1.0,0.0,4.05,0.503,7.97
3598,Penaeus_monodon,northeast,good,False,none,21.31,1.0,0.0,4.73,0.504,7.97
3599,Penaeus_monodon,winter,excellent,False,none,21.31,1.0,0.0,4.49,0.502,7.97
3600,Litopenaeus_vannamei,monsoon,good,False,none,21.31,1.0,0.0,4.39,0.514,7.97
3601,Litopenaeus_vannamei,summer,excellent,True,sensor_fault,21.31,1.0,0.0,3.72,0.512,7.97
3602,Litopenaeus_vannamei,winter,good,False,none,21.31,1.0,0.0,4.45,0.518,7.97
3603,Litopenaeus_vannamei,monsoon,poor,False,none,21.31,1.0,0.0,4.58,0.522,7.97
3604,Penaeus_monodon,summer,excellent,False,none,21.31,1.0,0.0,4.59,0.51,7.97
3605,Litopenaeus_vannamei,northeast,poor,False,none,21.31,1.0,0.0,4.61,0.537,7.97
3606,Litopenaeus_vannamei,northeast,good,False,none,21.31,1.0,0.0,4.35,0.522,7.97
3607,Litopenaeus_vannamei,monsoon,good,True,stratification_collapse,21.31,1.0,0.0,4.61,0.515,7.97
3608,Penaeus_monodon,monsoon,poor,False,none,21.31,1.0,0.0,4.73,0.506,7.97
3609,Litopenaeus_vannamei,monsoon,very_poor,False,none,21.31,1.0,0.0,4.36,0.542,7.97
3610,Litopenaeus_vannamei,monsoon,good,True,stratification_collapse,21.31,1.0,0.0,4.46,0.512,7.97
3611,Litopenaeus_vannamei,winter,very_poor,True,aerator_failure,0.82,0.0308,1755.0,0.0,0.525,7.97
3612,Litopenaeus_vannamei,summer,excellent,False,none,21.31,1.0,0.0,4.36,0.507,7.97
3613,Litopenaeus_vannamei,northeast,very_poor,False,none,21.31,1.0,0.0,4.09,0.533,7.97
3614,Penaeus_monodon,summer,very_poor,False,none,21.31,1.0,0.0,3.77,0.505,7.97
3615,Litopenaeus_vannamei,northeast,poor,False,none,21.31,1.0,0.0,4.32,0.527,7.97
3616,Litopenaeus_vannamei,winter,very_poor,False,none,21.31,1.0,0.0,4.22,0.527,7.97
3617,Litopenaeus_vannamei,winter,excellent,True,sensor_fault,21.31,1.0,0.0,4.1,0.522,7.97
3618,Litopenaeus_vannamei,monsoon,good,False,none,21.31,1.0,0.0,4.63,0.52,7.97
3619,Litopenaeus_vannamei,winter,excellent,True,sensor_fault,21.31,1.0,0.0,4.1,0.515,7.97
3620,Penaeus_monodon,winter,poor,False,none,21.31,1.0,0.0,4.33,0.507,7.97
3621,Penaeus_monodon,summer,poor,True,stratification_collapse,21.31,1.0,0.0,4.47,0.518,7.97
3622,Litopenaeus_vannamei,summer,good,False,none,21.31,1.0,0.0,3.92,0.512,7.97
3623,Litopenaeus_vannamei,summer,excellent,False,none,21.31,1.0,0.0,4.5,0.513,7.97
3624,Penaeus_monodon,summer,excellent,False,none,21.31,1.0,0.0,4.5,0.502,7.97
3625,Litopenaeus_vannamei,winter,excellent,True,sensor_fault,21.31,1.0,0.0,3.96,0.523,7.97
3626,Litopenaeus_vannamei,northeast,good,False,none,21.31,1.0,0.0,4.24,0.519,7.97
3627,Penaeus_monodon,summer,poor,False,none,21.31,1.0,0.0,4.41,0.508,7.97
3628,Litopenaeus_vannamei,monsoon,excellent,False,none,21.31,1.0,0.0,4.74,0.507,7.97
3629,Penaeus_monodon,winter,very_poor,False,none,21.31,1.0,0.0,4.15,0.529,7.97
3630,Penaeus_monodon,monsoon,poor,False,none,21.31,1.0,0.0,4.66,0.511,7.97
3631,Litopenaeus_vannamei,summer,poor,False,none,21.31,1.0,0.0,4.05,0.514,7.97
3632,Penaeus_monodon,winter,poor,False,none,21.31,1.0,0.0,3.9,0.513,7.97
3633,Penaeus_monodon,summer,very_poor,False,none,21.31,1.0,0.0,4.28,0.521,7.97
3634,Penaeus_monodon,northeast,excellent,False,none,21.31,1.0,0.0,4.6,0.509,7.97
3635,Penaeus_monodon,monsoon,poor,True,stratification_collapse,21.31,1.0,0.0,4.36,0.514,7.97
3636,Litopenaeus_vannamei,northeast,very_poor,False,none,21.31,1.0,0.0,3.82,0.559,7.97
3637,Litopenaeus_vannamei,monsoon,poor,True,stratification_collapse,21.31,1.0,0.0,4.43,0.533,7.97
3638,Litopenaeus_vannamei,summer,poor,False,none,21.31,1.0,0.0,3.9,0.522,7.97
3639,Litopenaeus_vannamei,northeast,good,False,none,21.31,1.0,0.0,4.61,0.519,7.97
3640,Penaeus_monodon,monsoon,good,False,none,21.31,1.0,0.0,4.53,0.505,7.97
3641,Litopenaeus_vannamei,summer,very_poor,False,none,21.31,1.0,0.0,3.95,0.557,7.97
3642,Penaeus_monodon,winter,very_poor,False,none,21.31,1.0,0.0,4.21,0.509,7.97
3643,Penaeus_monodon,summer,excellent,True,stratification_collapse,21.31,1.0,0.0,4.44,0.503,7.97
3644,Penaeus_monodon,monsoon,very_poor,False,none,21.31,1.0,0.0,4.81,0.512,7.97
3645,Penaeus_monodon,winter,poor,False,none,21.31,1.0,0.0,4.0,0.508,7.97
3646,Litopenaeus_vannamei,winter,excellent,False,none,21.31,1.0,0.0,4.05,0.518,7.97
3647,Penaeus_monodon,winter,poor,False,none,21.31,1.0,0.0,4.51,0.508,7.97
3648,Penaeus_monodon,winter,excellent,False,none,21.31,1.0,0.0,4.65,0.508,7.97
3649,Penaeus_monodon,winter,good,False,none,21.31,1.0,0.0,4.13,0.507,7.97
3650,Penaeus_monodon,monsoon,poor,False,none,21.31,1.0,0.0,4.55,0.513,7.97
3651,Litopenaeus_vannamei,winter,poor,False,none,21.31,1.0,0.0,4.08,0.517,7.97
3652,Penaeus_monodon,summer,excellent,True,stratification_collapse,21.31,1.0,0.0,3.83,0.505,7.97
3653,Litopenaeus_vannamei,summer,very_poor,False,none,21.31,1.0,0.0,4.25,0.523,7.97
3654,Penaeus_monodon,monsoon,good,True,stratification_collapse,21.31,1.0,0.0,4.82,0.507,7.97
3655,Penaeus_monodon,northeast,excellent,True,stratification_collapse,21.31,1.0,0.0,4.71,0.502,7.97
3656,Litopenaeus_vannamei,summer,poor,False,none,21.31,1.0,0.0,4.28,0.527,7.97
3657,Penaeus_monodon,northeast,poor,False,none,21.31,1.0,0.0,4.46,0.512,7.97
3658,Litopenaeus_vannamei,summer,very_poor,True,aerator_failure,0.42,0.0148,2118.0,0.0,0.566,7.97
3659,Penaeus_monodon,summer,poor,False,none,21.31,1.0,0.0,4.05,0.519,7.97
3660,Penaeus_monodon,monsoon,excellent,False,none,21.31,1.0,0.0,4.58,0.509,7.97
3661,Litopenaeus_vannamei,summer,good,False,none,21.31,1.0,0.0,4.32,0.516,7.97
3662,Penaeus_monodon,winter,poor,False,none,21.31,1.0,0.0,3.99,0.507,7.97
3663,Litopenaeus_vannamei,winter,good,True,stratification_collapse,21.31,1.0,0.0,4.38,0.52,7.97
3664,Litopenaeus_vannamei,northeast,excellent,False,none,21.31,1.0,0.0,4.38,0.51,7.97
3665,Penaeus_monodon,summer,excellent,False,none,21.31,1.0,0.0,4.46,0.508,7.97
3666,Penaeus_monodon,monsoon,very_poor,False,none,21.31,1.0,0.0,4.78,0.526,7.97
3667,Litopenaeus_vannamei,winter,good,False,none,21.31,1.0,0.0,4.1,0.528,7.97
3668,Penaeus_monodon,winter,good,True,stratification_collapse,21.31,1.0,0.0,4.03,0.506,7.97
3669,Litopenaeus_vannamei,winter,good,False,none,21.31,1.0,0.0,4.08,0.519,7.97
3670,Penaeus_monodon,monsoon,poor,False,none,21.31,1.0,0.0,4.38,0.504,7.97
3671,Litopenaeus_vannamei,summer,poor,False,none,21.31,1.0,0.0,3.81,0.528,7.97
3672,Litopenaeus_vannamei,summer,poor,False,none,21.31,1.0,0.0,4.13,0.572,7.97
3673,Penaeus_monodon,monsoon,very_poor,True,stratification_collapse,21.31,1.0,0.0,4.75,0.517,7.97
3674,Litopenaeus_vannamei,summer,excellent,False,none,21.31,1.0,0.0,4.05,0.517,7.97
3675,Penaeus_monodon,summer,good,False,none,21.31,1.0,0.0,3.82,0.503,7.97
3676,Litopenaeus_vannamei,monsoon,poor,False,none,21.31,1.0,0.0,4.57,0.527,7.97
3677,Penaeus_monodon,summer,very_poor,True,stratification_collapse,21.31,1.0,0.0,3.75,0.512,7.97
3678,Penaeus_monodon,summer,poor,False,none,21.31,1.0,0.0,3.77,0.512,7.97
3679,Penaeus_monodon,northeast,very_poor,False,none,21.31,1.0,0.0,4.36,0.515,7.97
3680,Litopenaeus_vannamei,winter,good,False,none,21.31,1.0,0.0,4.07,0.513,7.97
3681,Penaeus_monodon,winter,good,False,none,21.31,1.0,0.0,4.51,0.507,7.97
3682,Litopenaeus_vannamei,northeast,excellent,False,none,21.31,1.0,0.0,4.46,0.513,7.97
3683,Penaeus_monodon,summer,good,False,none,21.31,1.0,0.0,4.28,0.503,7.97
3684,Litopenaeus_vannamei,monsoon,excellent,False,none,21.31,1.0,0.0,4.53,0.517,7.97
3685,Litopenaeus_vannamei,summer,good,False,none,21.31,1.0,0.0,4.4,0.534,7.97
3686,Penaeus_monodon,northeast,very_poor,False,none,21.31,1.0,0.0,4.43,0.528,7.97
3687,Litopenaeus_vannamei,summer,excellent,False,none,21.31,1.0,0.0,4.36,0.515,7.97
3688,Litopenaeus_vannamei,northeast,good,True,sensor_fault,21.31,1.0,0.0,4.24,0.513,7.97
3689,Litopenaeus_vannamei,northeast,excellent,False,none,21.31,1.0,0.0,4.26,0.511,7.97
3690,Penaeus_monodon,northeast,poor,False,none,21.31,1.0,0.0,4.53,0.515,7.97
3691,Penaeus_monodon,summer,very_poor,False,none,21.31,1.0,0.0,3.71,0.541,7.97
3692,Litopenaeus_vannamei,northeast,excellent,False,none,21.31,1.0,0.0,4.54,0.515,7.97
3693,Litopenaeus_vannamei,northeast,poor,False,none,21.31,1.0,0.0,3.91,0.545,7.97
3694,Penaeus_monodon,summer,poor,True,stratification_collapse,21.31,1.0,0.0,4.0,0.509,7.97
3695,Penaeus_monodon,northeast,very_poor,False,none,21.31,1.0,0.0,4.78,0.512,7.97
3696,Penaeus_monodon,northeast,poor,False,none,21.31,1.0,0.0,4.34,0.516,7.97
3697,Penaeus_monodon,winter,very_poor,True,stratification_collapse,21.31,1.0,0.0,4.23,0.51,7.97
3698,Penaeus_monodon,monsoon,excellent,False,none,21.31,1.0,0.0,4.5,0.506,7.97
3699,Litopenaeus_vannamei,monsoon,poor,True,other,0.6,0.0216,1921.0,0.0,2.549,7.97
3700,Litopenaeus_vannamei,northeast,very_poor,False,none,21.31,1.0,0.0,3.9,0.536,7.97
3701,Litopenaeus_vannamei,winter,very_poor,False,none,21.31,1.0,0.0,4.06,0.566,7.97
3702,Litopenaeus_vannamei,monsoon,good,False,none,21.31,1.0,0.0,4.59,0.533,7.97
3703,Litopenaeus_vannamei,winter,poor,False,none,21.31,1.0,0.0,3.97,0.516,7.97
3704,Penaeus_monodon,monsoon,excellent,False,none,21.31,1.0,0.0,4.45,0.502,7.97
3705,Litopenaeus_vannamei,summer,good,False,none,21.31,1.0,0.0,4.42,0.508,7.97
3706,Penaeus_monodon,summer,very_poor,False,none,21.31,1.0,0.0,3.87,0.507,7.97
3707,Penaeus_monodon,winter,very_poor,False,none,21.31,1.0,0.0,4.52,0.507,7.97
3708,Penaeus_monodon,monsoon,excellent,False,none,21.31,1.0,0.0,4.66,0.504,7.97
3709,Penaeus_monodon,winter,poor,False,none,21.31,1.0,0.0,4.5,0.51,7.97
3710,Litopenaeus_vannamei,northeast,excellent,False,none,21.31,1.0,0.0,4.59,0.512,7.97
3711,Litopenaeus_vannamei,northeast,poor,True,sensor_fault,21.31,1.0,0.0,4.51,0.525,7.97
3712,Penaeus_monodon,winter,very_poor,False,none,21.31,1.0,0.0,4.11,0.506,7.97
3713,Penaeus_monodon,northeast,excellent,False,none,21.31,1.0,0.0,4.38,0.503,7.97
3714,Penaeus_monodon,monsoon,poor,False,none,21.31,1.0,0.0,4.79,0.517,7.97
3715,Litopenaeus_vannamei,winter,very_poor,False,none,21.31,1.0,0.0,4.1,0.558,7.97
3716,Penaeus_monodon,summer,very_poor,False,none,21.31,1.0,0.0,4.41,0.511,7.97
3717,Penaeus_monodon,summer,very_poor,False,none,21.31,1.0,0.0,4.05,0.522,7.97
3718,Litopenaeus_vannamei,summer,good,False,none,21.31,1.0,0.0,4.47,0.515,7.97
3719,Litopenaeus_vannamei,monsoon,very_poor,False,none,21.31,1.0,0.0,4.58,0.528,7.97
3720,Penaeus_monodon,winter,very_poor,False,none,21.31,1.0,0.0,4.41,0.514,7.97
3721,Penaeus_monodon,summer,very_poor,False,none,21.31,1.0,0.0,4.47,0.521,7.97
3722,Litopenaeus_vannamei,northeast,good,True,stratification_collapse,21.31,1.0,0.0,4.37,0.529,7.97
3723,Litopenaeus_vannamei,summer,excellent,False,none,21.31,1.0,0.0,3.82,0.518,7.97
3724,Penaeus_monodon,northeast,good,False,none,21.31,1.0,0.0,4.57,0.503,7.97
3725,Litopenaeus_vannamei,summer,excellent,False,none,21.31,1.0,0.0,4.37,0.512,7.97
3726,Penaeus_monodon,monsoon,excellent,False,none,21.31,1.0,0.0,4.53,0.506,7.97
3727,Penaeus_monodon,summer,excellent,True,stratification_collapse,21.31,1.0,0.0,4.58,0.506,7.97
3728,Penaeus_monodon,monsoon,excellent,False,none,21.31,1.0,0.0,4.85,0.508,7.97
3729,Litopenaeus_vannamei,winter,good,False,none,21.31,1.0,0.0,3.97,0.524,7.97
3730,Penaeus_monodon,winter,good,False,none,21.31,1.0,0.0,4.18,0.506,7.97
3731,Penaeus_monodon,winter,poor,True,stratification_collapse,21.31,1.0,0.0,4.56,0.515,7.97
3732,Litopenaeus_vannamei,winter,very_poor,False,none,21.31,1.0,0.0,4.02,0.555,7.97
3733,Litopenaeus_vannamei,summer,good,True,other,0.4,0.0141,2133.0,0.0,2.519,7.97
3734,Litopenaeus_vannamei,northeast,very_poor,False,none,21.31,1.0,0.0,3.85,0.558,7.97
3735,Penaeus_monodon,monsoon,poor,False,none,21.31,1.0,0.0,4.74,0.514,7.97
3736,Penaeus_monodon,northeast,good,False,none,21.31,1.0,0.0,4.29,0.508,7.97
3737,Penaeus_monodon,monsoon,excellent,False,none,21.31,1.0,0.0,4.83,0.506,7.97
3738,Penaeus_monodon,winter,good,False,none,21.31,1.0,0.0,4.26,0.504,7.97
3739,Litopenaeus_vannamei,summer,very_poor,False,none,21.31,1.0,0.0,3.69,0.559,7.97
3740,Penaeus_monodon,summer,good,False,none,21.31,1.0,0.0,3.99,0.506,7.97
3741,Penaeus_monodon,winter,excellent,False,none,21.31,1.0,0.0,4.47,0.502,7.97
3742,Penaeus_monodon,summer,good,False,none,21.31,1.0,0.0,4.01,0.508,7.97
3743,Penaeus_monodon,winter,excellent,True,stratification_collapse,21.31,1.0,0.0,4.0,0.507,7.97
3744,Penaeus_monodon,monsoon,very_poor,True,stratification_collapse,21.31,1.0,0.0,4.72,0.527,7.97
3745,Litopenaeus_vannamei,northeast,good,False,none,21.31,1.0,0.0,4.08,0.527,7.97
3746,Litopenaeus_vannamei,northeast,excellent,False,none,21.31,1.0,0.0,4.43,0.515,7.97
3747,Penaeus_monodon,monsoon,very_poor,True,stratification_collapse,21.31,1.0,0.0,4.68,0.512,7.97
3748,Penaeus_monodon,winter,excellent,False,none,21.31,1.0,0.0,4.5,0.514,7.97
3749,Penaeus_monodon,winter,good,False,none,21.31,1.0,0.0,4.57,0.509,7.97
3750,Penaeus_monodon,summer,excellent,False,none,21.31,1.0,0.0,4.3,0.503,7.97
3751,Penaeus_monodon,summer,very_poor,False,none,21.31,1.0,0.0,3.96,0.508,7.97
3752,Penaeus_monodon,winter,very_poor,True,stratification_collapse,21.31,1.0,0.0,4.21,0.511,7.97
3753,Penaeus_monodon,winter,poor,False,none,21.31,1.0,0.0,4.36,0.511,7.97
3754,Penaeus_monodon,northeast,good,True,stratification_collapse,21.31,1.0,0.0,4.5,0.506,7.97
3755,Penaeus_monodon,winter,good,False,none,21.31,1.0,0.0,4.6,0.507,7.97
3756,Litopenaeus_vannamei,winter,poor,False,none,21.31,1.0,0.0,4.21,0.533,7.97
3757,Penaeus_monodon,summer,very_poor,True,stratification_collapse,21.31,1.0,0.0,4.32,0.52,7.97
3758,Penaeus_monodon,winter,poor,False,none,21.31,1.0,0.0,4.35,0.516,7.97
3759,Litopenaeus_vannamei,northeast,excellent,False,none,21.31,1.0,0.0,4.69,0.51,7.97
3760,Litopenaeus_vannamei,summer,good,True,stratification_collapse,14.4,1.0,12.0,4.41,0.519,7.97
3761,Penaeus_monodon,winter,good,False,none,21.31,1.0,0.0,4.52,0.512,7.97
3762,Litopenaeus_vannamei,summer,excellent,True,stratification_collapse,21.31,1.0,0.0,4.32,0.511,7.97
3763,Litopenaeus_vannamei,summer,good,False,none,21.31,1.0,0.0,4.29,0.517,7.97
3764,Penaeus_monodon,summer,poor,False,none,21.31,1.0,0.0,4.15,0.512,7.97
3765,Penaeus_monodon,summer,excellent,False,none,21.31,1.0,0.0,4.03,0.505,7.97
3766,Litopenaeus_vannamei,summer,good,True,stratification_collapse,21.31,1.0,0.0,4.29,0.508,7.97
3767,Penaeus_monodon,monsoon,good,True,stratification_collapse,21.31,1.0,0.0,4.57,0.504,7.97
3768,Litopenaeus_vannamei,winter,poor,False,none,21.31,1.0,0.0,4.21,0.527,7.97
3769,Penaeus_monodon,winter,poor,False,none,21.31,1.0,0.0,4.38,0.523,7.97
3770,Litopenaeus_vannamei,northeast,good,False,none,21.31,1.0,0.0,4.53,0.514,7.97
3771,Penaeus_monodon,summer,excellent,False,none,21.31,1.0,0.0,4.1,0.504,7.97
3772,Penaeus_monodon,summer,poor,False,none,21.31,1.0,0.0,4.24,0.511,7.97
3773,Penaeus_monodon,monsoon,good,False,none,21.31,1.0,0.0,4.74,0.503,7.97
3774,Penaeus_monodon,northeast,good,False,none,21.31,1.0,0.0,4.66,0.506,7.97
3775,Litopenaeus_vannamei,northeast,good,False,none,21.31,1.0,0.0,4.33,0.516,7.97
3776,Penaeus_monodon,winter,poor,False,none,21.31,1.0,0.0,4.16,0.508,7.97
3777,Litopenaeus_vannamei,northeast,good,False,none,21.31,1.0,0.0,4.31,0.537,7.97
3778,Penaeus_monodon,summer,good,False,none,21.31,1.0,0.0,4.39,0.506,7.97
3779,Litopenaeus_vannamei,winter,poor,False,none,21.31,1.0,0.0,4.25,0.519,7.97
3780,Litopenaeus_vannamei,winter,good,False,none,21.31,1.0,0.0,3.91,0.517,7.97
3781,Penaeus_monodon,monsoon,poor,False,none,21.31,1.0,0.0,4.59,0.511,7.97
3782,Penaeus_monodon,northeast,good,True,stratification_collapse,21.31,1.0,0.0,4.35,0.506,7.97
3783,Litopenaeus_vannamei,winter,excellent,False,none,21.31,1.0,0.0,4.34,0.521,7.97
3784,Penaeus_monodon,summer,excellent,True,stratification_collapse,21.31,1.0,0.0,4.38,0.507,7.97
3785,Litopenaeus_vannamei,winter,very_poor,False,none,21.31,1.0,0.0,4.34,0.533,7.97
3786,Litopenaeus_vannamei,monsoon,very_poor,False,none,21.31,1.0,0.0,4.38,0.556,7.97
3787,Litopenaeus_vannamei,winter,poor,False,none,21.31,1.0,0.0,4.48,0.529,7.97
3788,Litopenaeus_vannamei,monsoon,poor,False,none,21.31,1.0,0.0,4.36,0.553,7.97
3789,Litopenaeus_vannamei,winter,excellent,False,none,21.31,1.0,0.0,4.18,0.517,7.97
3790,Litopenaeus_vannamei,winter,poor,False,none,21.31,1.0,0.0,3.82,0.532,7.97
3791,Litopenaeus_vannamei,northeast,good,True,stratification_collapse,21.31,1.0,0.0,4.55,0.518,7.97
3792,Penaeus_monodon,winter,excellent,False,none,21.31,1.0,0.0,4.58,0.502,7.97
3793,Penaeus_monodon,monsoon,good,False,none,21.31,1.0,0.0,4.52,0.504,7.97
3794,Litopenaeus_vannamei,winter,very_poor,False,none,21.31,1.0,0.0,3.85,0.538,7.97
3795,Penaeus_monodon,summer,good,False,none,21.31,1.0,0.0,4.19,0.503,7.97
3796,Penaeus_monodon,winter,excellent,False,none,21.31,1.0,0.0,4.04,0.506,7.97
3797,Litopenaeus_vannamei,monsoon,good,True,stratification_collapse,21.31,1.0,0.0,4.31,0.52,7.97
3798,Litopenaeus_vannamei,northeast,excellent,False,none,21.31,1.0,0.0,4.72,0.508,7.97
3799,Penaeus_monodon,winter,good,True,stratification_collapse,21.31,1.0,0.0,4.37,0.506,7.97
3800,Penaeus_monodon,winter,poor,False,none,21.31,1.0,0.0,4.08,0.508,7.97
3801,Litopenaeus_vannamei,winter,very_poor,False,none,21.31,1.0,0.0,4.11,0.554,7.97
3802,Litopenaeus_vannamei,winter,good,False,none,21.31,1.0,0.0,4.15,0.536,7.97
3803,Penaeus_monodon,monsoon,good,False,none,21.31,1.0,0.0,4.47,0.507,7.97
3804,Penaeus_monodon,monsoon,very_poor,False,none,21.31,1.0,0.0,4.44,0.522,7.97
3805,Penaeus_monodon,monsoon,excellent,False,none,21.31,1.0,0.0,4.57,0.503,7.97
3806,Penaeus_monodon,winter,excellent,False,none,21.31,1.0,0.0,4.15,0.504,7.97
3807,Penaeus_monodon,monsoon,good,False,none,21.31,1.0,0.0,4.66,0.508,7.97
3808,Litopenaeus_vannamei,monsoon,good,False,none,21.31,1.0,0.0,4.21,0.522,7.97
3809,Litopenaeus_vannamei,summer,good,False,none,21.31,1.0,0.0,3.93,0.514,7.97
3810,Litopenaeus_vannamei,summer,poor,True,other,1.08,0.0406,1607.0,0.0,2.522,7.97
3811,Penaeus_monodon,summer,poor,False,none,21.31,1.0,0.0,4.52,0.517,7.97
3812,Litopenaeus_vannamei,summer,poor,False,none,21.31,1.0,0.0,4.1,0.547,7.97
3813,Litopenaeus_vannamei,monsoon,poor,False,none,21.31,1.0,0.0,4.46,0.525,7.97
3814,Litopenaeus_vannamei,monsoon,poor,False,none,21.31,1.0,0.0,4.39,0.558,7.97
3815,Litopenaeus_vannamei,summer,poor,False,none,21.31,1.0,0.0,4.28,0.525,7.97
3816,Litopenaeus_vannamei,monsoon,poor,False,none,21.31,1.0,0.0,4.2,0.533,7.97
3817,Penaeus_monodon,northeast,poor,False,none,21.31,1.0,0.0,4.35,0.523,7.97
3818,Litopenaeus_vannamei,northeast,excellent,False,none,21.31,1.0,0.0,4.44,0.512,7.97
3819,Penaeus_monodon,summer,excellent,False,none,21.31,1.0,0.0,3.8,0.504,7.97
3820,Litopenaeus_vannamei,winter,excellent,False,none,21.31,1.0,0.0,4.07,0.515,7.97
3821,Litopenaeus_vannamei,summer,poor,False,none,21.31,1.0,0.0,3.93,0.526,7.97
3822,Litopenaeus_vannamei,monsoon,excellent,False,none,21.31,1.0,0.0,4.72,0.51,7.97
3823,Litopenaeus_vannamei,summer,very_poor,False,none,21.31,1.0,0.0,3.86,0.537,7.97
3824,Penaeus_monodon,monsoon,very_poor,True,stratification_collapse,21.31,1.0,0.0,4.42,0.517,7.97
3825,Litopenaeus_vannamei,summer,very_poor,False,none,21.31,1.0,0.0,3.79,0.541,7.97
3826,Litopenaeus_vannamei,monsoon,very_poor,True,aerator_failure,1.15,0.0441,1576.0,0.0,0.557,7.97
3827,Litopenaeus_vannamei,northeast,poor,False,none,21.31,1.0,0.0,4.39,0.532,7.97
3828,Litopenaeus_vannamei,winter,good,True,stratification_collapse,21.31,1.0,0.0,4.31,0.523,7.97
3829,Litopenaeus_vannamei,summer,very_poor,True,stratification_collapse,21.31,1.0,0.0,4.0,0.531,7.97
3830,Penaeus_monodon,northeast,good,True,stratification_collapse,21.31,1.0,0.0,4.31,0.507,7.97
3831,Litopenaeus_vannamei,summer,good,True,sensor_fault,21.31,1.0,0.0,4.19,0.518,7.97
3832,Litopenaeus_vannamei,northeast,excellent,False,none,21.31,1.0,0.0,4.33,0.526,7.97
3833,Litopenaeus_vannamei,winter,good,False,none,21.31,1.0,0.0,4.13,0.519,7.97
3834,Litopenaeus_vannamei,winter,excellent,False,none,21.31,1.0,0.0,4.54,0.508,7.97
3835,Litopenaeus_vannamei,monsoon,excellent,False,none,21.31,1.0,0.0,4.45,0.509,7.97
3836,Litopenaeus_vannamei,northeast,excellent,True,stratification_collapse,21.31,1.0,0.0,4.21,0.512,7.97
3837,Litopenaeus_vannamei,summer,excellent,True,sensor_fault,21.31,1.0,0.0,4.06,0.514,7.97
3838,Litopenaeus_vannamei,summer,very_poor,False,none,21.31,1.0,0.0,4.27,0.536,7.97
3839,Litopenaeus_vannamei,summer,poor,True,sensor_fault,21.31,1.0,0.0,3.6,0.523,7.97
3840,Litopenaeus_vannamei,summer,poor,False,none,21.31,1.0,0.0,3.97,0.528,7.97
3841,Litopenaeus_vannamei,monsoon,poor,False,none,21.31,1.0,0.0,4.49,0.524,7.97
3842,Litopenaeus_vannamei,monsoon,excellent,False,none,21.31,1.0,0.0,4.72,0.511,7.97
3843,Penaeus_monodon,winter,good,False,none,21.31,1.0,0.0,4.06,0.505,7.97
3844,Penaeus_monodon,monsoon,excellent,False,none,21.31,1.0,0.0,4.72,0.503,7.97
3845,Penaeus_monodon,monsoon,excellent,False,none,21.31,1.0,0.0,4.65,0.503,7.97
3846,Penaeus_monodon,northeast,excellent,True,stratification_collapse,21.31,1.0,0.0,4.35,0.502,7.97
3847,Penaeus_monodon,winter,poor,True,stratification_collapse,21.31,1.0,0.0,4.49,0.517,7.97
3848,Litopenaeus_vannamei,summer,poor,False,none,21.31,1.0,0.0,4.36,0.52,7.97
3849,Litopenaeus_vannamei,winter,very_poor,False,none,21.31,1.0,0.0,4.14,0.53,7.97
3850,Litopenaeus_vannamei,winter,good,False,none,21.31,1.0,0.0,4.01,0.532,7.97
3851,Penaeus_monodon,northeast,excellent,False,none,21.31,1.0,0.0,4.51,0.509,7.97
3852,Penaeus_monodon,summer,very_poor,False,none,21.31,1.0,0.0,4.16,0.51,7.97
3853,Penaeus_monodon,summer,poor,False,none,21.31,1.0,0.0,4.11,0.511,7.97
3854,Litopenaeus_vannamei,winter,very_poor,False,none,21.31,1.0,0.0,4.34,0.55,7.97
3855,Penaeus_monodon,monsoon,excellent,False,none,21.31,1.0,0.0,4.73,0.508,7.97
3856,Litopenaeus_vannamei,winter,poor,False,none,21.31,1.0,0.0,3.8,0.545,7.97
3857,Penaeus_monodon,northeast,good,True,stratification_collapse,21.31,1.0,0.0,4.72,0.506,7.97
3858,Litopenaeus_vannamei,northeast,excellent,False,none,21.31,1.0,0.0,4.48,0.511,7.97
3859,Penaeus_monodon,summer,excellent,False,none,21.31,1.0,0.0,4.31,0.506,7.97
3860,Litopenaeus_vannamei,summer,very_poor,False,none,21.31,1.0,0.0,3.75,0.535,7.97
3861,Litopenaeus_vannamei,monsoon,good,True,sensor_fault,21.31,1.0,0.0,4.7,0.51,7.97
3862,Litopenaeus_vannamei,northeast,excellent,False,none,21.31,1.0,0.0,4.71,0.52,7.97
3863,Litopenaeus_vannamei,winter,good,False,none,21.31,1.0,0.0,4.01,0.521,7.97
3864,Litopenaeus_vannamei,summer,very_poor,True,stratification_collapse,21.31,1.0,0.0,4.27,0.56,7.97
3865,Litopenaeus_vannamei,monsoon,good,True,sensor_fault,21.31,1.0,0.0,4.5,0.512,7.97
3866,Litopenaeus_vannamei,northeast,excellent,False,none,21.31,1.0,0.0,4.44,0.509,7.97
3867,Penaeus_monodon,winter,excellent,True,stratification_collapse,21.31,1.0,0.0,4.12,0.511,7.97
3868,Litopenaeus_vannamei,northeast,good,False,none,21.31,1.0,0.0,4.44,0.517,7.97
3869,Penaeus_monodon,winter,good,False,none,21.31,1.0,0.0,4.15,0.508,7.97
3870,Litopenaeus_vannamei,winter,excellent,False,none,21.31,1.0,0.0,4.29,0.522,7.97
3871,Litopenaeus_vannamei,monsoon,poor,False,none,21.31,1.0,0.0,4.63,0.533,7.97
3872,Penaeus_monodon,summer,excellent,True,stratification_collapse,21.31,1.0,0.0,4.51,0.509,7.97
3873,Penaeus_monodon,summer,good,False,none,21.31,1.0,0.0,4.23,0.507,7.97
3874,Penaeus_monodon,summer,poor,False,none,21.31,1.0,0.0,3.87,0.515,7.97
3875,Litopenaeus_vannamei,winter,excellent,False,none,21.31,1.0,0.0,4.16,0.514,7.97
3876,Litopenaeus_vannamei,summer,excellent,False,none,21.31,1.0,0.0,3.68,0.518,7.97
3877,Litopenaeus_vannamei,winter,good,False,none,21.31,1.0,0.0,4.28,0.527,7.97
3878,Litopenaeus_vannamei,northeast,excellent,False,none,21.31,1.0,0.0,4.15,0.513,7.97
3879,Litopenaeus_vannamei,summer,good,False,none,21.31,1.0,0.0,3.81,0.524,7.97
3880,Litopenaeus_vannamei,northeast,poor,False,none,21.31,1.0,0.0,3.98,0.547,7.97
3881,Penaeus_monodon,winter,poor,False,none,21.31,1.0,0.0,4.63,0.51,7.97
3882,Litopenaeus_vannamei,winter,excellent,False,none,21.31,1.0,0.0,3.98,0.518,7.97
3883,Penaeus_monodon,summer,very_poor,False,none,21.31,1.0,0.0,4.27,0.524,7.97
3884,Penaeus_monodon,northeast,very_poor,False,none,21.31,1.0,0.0,4.52,0.51,7.97
3885,Litopenaeus_vannamei,winter,poor,False,none,21.31,1.0,0.0,4.51,0.524,7.97
3886,Penaeus_monodon,summer,poor,False,none,21.31,1.0,0.0,4.43,0.513,7.97
3887,Penaeus_monodon,winter,good,False,none,21.31,1.0,0.0,4.33,0.513,7.97
3888,Litopenaeus_vannamei,summer,good,False,none,21.31,1.0,0.0,3.88,0.511,7.97
3889,Litopenaeus_vannamei,northeast,poor,False,none,21.31,1.0,0.0,4.51,0.537,7.97
3890,Penaeus_monodon,northeast,excellent,False,none,21.31,1.0,0.0,4.58,0.503,7.97
3891,Litopenaeus_vannamei,summer,good,False,none,21.31,1.0,0.0,3.98,0.51,7.97
3892,Litopenaeus_vannamei,monsoon,excellent,False,none,21.31,1.0,0.0,4.38,0.514,7.97
3893,Litopenaeus_vannamei,summer,poor,False,none,21.31,1.0,0.0,4.12,0.54,7.97
3894,Penaeus_monodon,summer,poor,True,stratification_collapse,21.31,1.0,0.0,4.22,0.527,7.97
3895,Litopenaeus_vannamei,monsoon,excellent,False,none,21.31,1.0,0.0,4.75,0.534,7.97
3896,Penaeus_monodon,monsoon,good,False,none,21.31,1.0,0.0,4.79,0.506,7.97
3897,Penaeus_monodon,northeast,very_poor,False,none,21.31,1.0,0.0,4.33,0.526,7.97
3898,Litopenaeus_vannamei,winter,poor,False,none,21.31,1.0,0.0,4.07,0.542,7.97
3899,Litopenaeus_vannamei,summer,good,False,none,21.31,1.0,0.0,3.74,0.535,7.97
3900,Litopenaeus_vannamei,northeast,good,True,sensor_fault,21.31,1.0,0.0,4.38,0.514,7.97
3901,Litopenaeus_vannamei,winter,poor,False,none,21.31,1.0,0.0,4.23,0.541,7.97
3902,Penaeus_monodon,winter,poor,False,none,21.31,1.0,0.0,4.12,0.514,7.97
3903,Penaeus_monodon,winter,poor,False,none,21.31,1.0,0.0,4.62,0.514,7.97
3904,Penaeus_monodon,monsoon,poor,False,none,21.31,1.0,0.0,4.35,0.521,7.97
3905,Penaeus_monodon,northeast,very_poor,False,none,21.31,1.0,0.0,4.46,0.518,7.97
3906,Penaeus_monodon,summer,very_poor,False,none,21.31,1.0,0.0,4.38,0.519,7.97
3907,Penaeus_monodon,monsoon,poor,False,none,21.31,1.0,0.0,4.68,0.522,7.97
3908,Litopenaeus_vannamei,northeast,excellent,False,none,21.31,1.0,0.0,4.07,0.515,7.97
3909,Litopenaeus_vannamei,monsoon,good,False,none,21.31,1.0,0.0,4.64,0.516,7.97
3910,Litopenaeus_vannamei,northeast,very_poor,False,none,21.31,1.0,0.0,3.86,0.585,7.97
3911,Litopenaeus_vannamei,northeast,very_poor,False,none,21.31,1.0,0.0,4.38,0.563,7.97
3912,Penaeus_monodon,winter,excellent,True,stratification_collapse,21.31,1.0,0.0,4.31,0.508,7.97
3913,Penaeus_monodon,summer,poor,False,none,21.31,1.0,0.0,4.2,0.512,7.97
3914,Litopenaeus_vannamei,northeast,excellent,False,none,21.31,1.0,0.0,4.37,0.512,7.97
3915,Penaeus_monodon,monsoon,good,False,none,21.31,1.0,0.0,4.54,0.505,7.97
3916,Litopenaeus_vannamei,winter,poor,True,stratification_collapse,21.31,1.0,0.0,4.29,0.516,7.97
3917,Penaeus_monodon,monsoon,poor,False,none,21.31,1.0,0.0,4.74,0.508,7.97
3918,Penaeus_monodon,summer,very_poor,False,none,21.31,1.0,0.0,3.78,0.51,7.97
3919,Penaeus_monodon,winter,excellent,False,none,21.31,1.0,0.0,4.41,0.503,7.97
3920,Litopenaeus_vannamei,monsoon,very_poor,False,none,21.31,1.0,0.0,4.34,0.526,7.97
3921,Litopenaeus_vannamei,monsoon,poor,False,none,21.31,1.0,0.0,4.67,0.527,7.97
3922,Litopenaeus_vannamei,northeast,good,False,none,21.31,1.0,0.0,4.24,0.52,7.97
3923,Litopenaeus_vannamei,summer,excellent,False,none,21.31,1.0,0.0,3.7,0.522,7.97
3924,Litopenaeus_vannamei,northeast,good,False,none,21.31,1.0,0.0,4.28,0.524,7.97
3925,Penaeus_monodon,monsoon,good,True,stratification_collapse,21.31,1.0,0.0,4.89,0.504,7.97
3926,Penaeus_monodon,monsoon,poor,False,none,21.31,1.0,0.0,4.8,0.508,7.97
3927,Litopenaeus_vannamei,northeast,excellent,True,stratification_collapse,21.31,1.0,0.0,4.49,0.509,7.97
3928,Penaeus_monodon,monsoon,poor,False,none,21.31,1.0,0.0,4.71,0.509,7.97
3929,Penaeus_monodon,northeast,good,True,stratification_collapse,21.31,1.0,0.0,4.65,0.508,7.97
3930,Litopenaeus_vannamei,northeast,good,True,stratification_collapse,13.75,1.0,10.0,4.42,0.513,7.97
3931,Litopenaeus_vannamei,monsoon,poor,True,stratification_collapse,21.31,1.0,0.0,4.23,0.535,7.97
3932,Litopenaeus_vannamei,northeast,poor,False,none,21.31,1.0,0.0,4.25,0.538,7.97
3933,Penaeus_monodon,winter,good,False,none,21.31,1.0,0.0,4.6,0.507,7.97
3934,Litopenaeus_vannamei,monsoon,very_poor,True,stratification_collapse,21.31,1.0,0.0,4.63,0.536,7.97
3935,Penaeus_monodon,winter,poor,True,stratification_collapse,21.31,1.0,0.0,4.15,0.511,7.97
3936,Penaeus_monodon,summer,good,False,none,21.31,1.0,0.0,4.1,0.513,7.97
3937,Litopenaeus_vannamei,winter,good,False,none,21.31,1.0,0.0,4.3,0.528,7.97
3938,Litopenaeus_vannamei,summer,very_poor,True,stratification_collapse,21.31,1.0,0.0,3.51,0.565,7.97
3939,Penaeus_monodon,winter,very_poor,False,none,21.31,1.0,0.0,4.09,0.516,7.97
3940,Litopenaeus_vannamei,winter,good,False,none,21.31,1.0,0.0,4.3,0.518,7.97
3941,Penaeus_monodon,summer,excellent,False,none,21.31,1.0,0.0,4.12,0.505,7.97
3942,Penaeus_monodon,summer,good,False,none,21.31,1.0,0.0,3.88,0.51,7.97
3943,Litopenaeus_vannamei,summer,good,True,stratification_collapse,21.31,1.0,0.0,3.92,0.516,7.97
3944,Litopenaeus_vannamei,monsoon,excellent,False,none,21.31,1.0,0.0,4.88,0.514,7.97
3945,Litopenaeus_vannamei,winter,poor,False,none,21.31,1.0,0.0,3.77,0.549,7.97
3946,Litopenaeus_vannamei,summer,good,False,none,21.31,1.0,0.0,3.67,0.533,7.97
3947,Penaeus_monodon,northeast,excellent,False,none,21.31,1.0,0.0,4.45,0.502,7.97
3948,Litopenaeus_vannamei,winter,very_poor,False,none,21.31,1.0,0.0,4.2,0.553,7.97
3949,Litopenaeus_vannamei,northeast,excellent,False,none,21.31,1.0,0.0,4.65,0.512,7.97
3950,Penaeus_monodon,winter,very_poor,False,none,21.31,1.0,0.0,4.15,0.515,7.97
3951,Penaeus_monodon,summer,good,False,none,21.31,1.0,0.0,4.07,0.507,7.97
3952,Litopenaeus_vannamei,summer,very_poor,True,stratification_collapse,21.31,1.0,0.0,4.17,0.54,7.97
3953,Penaeus_monodon,summer,poor,False,none,21.31,1.0,0.0,3.75,0.516,7.97
3954,Litopenaeus_vannamei,monsoon,excellent,True,sensor_fault,21.31,1.0,0.0,4.75,0.519,7.97
3955,Litopenaeus_vannamei,monsoon,poor,False,none,21.31,1.0,0.0,4.27,0.517,7.97
3956,Penaeus_monodon,winter,very_poor,False,none,21.31,1.0,0.0,3.92,0.513,7.97
3957,Penaeus_monodon,northeast,very_poor,False,none,21.31,1.0,0.0,4.25,0.512,7.97
3958,Litopenaeus_vannamei,northeast,very_poor,False,none,21.31,1.0,0.0,4.53,0.543,7.97
3959,Litopenaeus_vannamei,northeast,poor,False,none,21.31,1.0,0.0,4.51,0.53,7.97
3960,Penaeus_monodon,summer,excellent,True,stratification_collapse,21.31,1.0,0.0,4.25,0.505,7.97
3961,Penaeus_monodon,northeast,good,False,none,21.31,1.0,0.0,4.47,0.503,7.97
3962,Litopenaeus_vannamei,winter,poor,False,none,21.31,1.0,0.0,3.93,0.537,7.97
3963,Penaeus_monodon,monsoon,very_poor,True,stratification_collapse,21.31,1.0,0.0,4.42,0.515,7.97
3964,Penaeus_monodon,northeast,excellent,False,none,21.31,1.0,0.0,4.52,0.509,7.97
3965,Litopenaeus_vannamei,summer,excellent,False,none,21.31,1.0,0.0,4.24,0.53,7.97
3966,Litopenaeus_vannamei,winter,poor,False,none,21.31,1.0,0.0,4.03,0.527,7.97
3967,Penaeus_monodon,summer,good,False,none,21.31,1.0,0.0,4.22,0.504,7.97
3968,Penaeus_monodon,winter,good,False,none,21.31,1.0,0.0,4.44,0.505,7.97
3969,Penaeus_monodon,northeast,good,False,none,21.31,1.0,0.0,4.39,0.504,7.97
3970,Litopenaeus_vannamei,winter,poor,False,none,21.31,1.0,0.0,4.0,0.535,7.97
3971,Penaeus_monodon,northeast,very_poor,False,none,21.31,1.0,0.0,4.67,0.506,7.97
3972,Penaeus_monodon,northeast,poor,False,none,21.31,1.0,0.0,4.48,0.516,7.97
3973,Penaeus_monodon,northeast,excellent,False,none,21.31,1.0,0.0,4.58,0.504,7.97
3974,Penaeus_monodon,monsoon,very_poor,False,none,21.31,1.0,0.0,4.73,0.52,7.97
3975,Litopenaeus_vannamei,northeast,very_poor,False,none,21.31,1.0,0.0,4.49,0.537,7.97
3976,Penaeus_monodon,monsoon,poor,True,stratification_collapse,21.31,1.0,0.0,4.61,0.515,7.97
3977,Litopenaeus_vannamei,winter,good,False,none,21.31,1.0,0.0,4.17,0.526,7.97
3978,Litopenaeus_vannamei,monsoon,very_poor,False,none,21.31,1.0,0.0,4.25,0.554,7.97
3979,Penaeus_monodon,summer,excellent,False,none,21.31,1.0,0.0,3.94,0.505,7.97
3980,Litopenaeus_vannamei,winter,good,True,sensor_fault,21.31,1.0,0.0,3.87,0.52,7.97
3981,Litopenaeus_vannamei,winter,good,True,stratification_collapse,21.31,1.0,0.0,3.72,0.521,7.97
3982,Litopenaeus_vannamei,winter,very_poor,False,none,21.31,1.0,0.0,4.37,0.525,7.97
3983,Litopenaeus_vannamei,summer,very_poor,False,none,21.31,1.0,0.0,3.73,0.543,7.97
3984,Litopenaeus_vannamei,summer,very_poor,False,none,21.31,1.0,0.0,4.31,0.544,7.97
3985,Litopenaeus_vannamei,northeast,poor,False,none,21.31,1.0,0.0,4.13,0.527,7.97
3986,Litopenaeus_vannamei,winter,good,False,none,21.31,1.0,0.0,4.51,0.515,7.97
3987,Litopenaeus_vannamei,summer,good,False,none,21.31,1.0,0.0,3.9,0.512,7.97
3988,Penaeus_monodon,monsoon,poor,False,none,21.31,1.0,0.0,4.61,0.505,7.97
3989,Penaeus_monodon,monsoon,excellent,False,none,21.31,1.0,0.0,4.76,0.502,7.97
3990,Litopenaeus_vannamei,northeast,excellent,False,none,21.31,1.0,0.0,4.19,0.515,7.97
3991,Penaeus_monodon,summer,poor,False,none,21.31,1.0,0.0,3.85,0.51,7.97
3992,Litopenaeus_vannamei,summer,excellent,False,none,21.31,1.0,0.0,3.61,0.518,7.97
3993,Litopenaeus_vannamei,monsoon,good,False,none,21.31,1.0,0.0,4.66,0.519,7.97
3994,Penaeus_monodon,monsoon,poor,True,stratification_collapse,21.31,1.0,0.0,4.56,0.507,7.97
3995,Litopenaeus_vannamei,northeast,good,False,none,21.31,1.0,0.0,4.66,0.521,7.97
3996,Penaeus_monodon,monsoon,good,False,none,21.31,1.0,0.0,4.83,0.505,7.97
3997,Penaeus_monodon,monsoon,excellent,False,none,21.31,1.0,0.0,4.5,0.509,7.97
3998,Penaeus_monodon,summer,very_poor,False,none,21.31,1.0,0.0,4.15,0.513,7.97
3999,Penaeus_monodon,monsoon,very_poor,False,none,21.31,1.0,0.0,4.49,0.524,7.97
4000,Penaeus_monodon,winter,very_poor,True,stratification_collapse,21.31,1.0,0.0,3.97,0.513,7.97
4001,Penaeus_monodon,monsoon,very_poor,True,stratification_collapse,21.31,1.0,0.0,4.54,0.521,7.97
4002,Penaeus_monodon,winter,excellent,False,none,21.31,1.0,0.0,4.33,0.502,7.97
4003,Litopenaeus_vannamei,monsoon,good,True,stratification_collapse,21.31,1.0,0.0,4.41,0.521,7.97
4004,Penaeus_monodon,northeast,very_poor,False,none,21.31,1.0,0.0,4.59,0.513,7.97
4005,Litopenaeus_vannamei,summer,good,False,none,21.31,1.0,0.0,3.91,0.535,7.97
4006,Litopenaeus_vannamei,northeast,good,False,none,21.31,1.0,0.0,4.38,0.531,7.97
4007,Litopenaeus_vannamei,northeast,good,False,none,21.31,1.0,0.0,4.2,0.518,7.97
4008,Litopenaeus_vannamei,northeast,poor,False,none,21.31,1.0,0.0,4.07,0.528,7.97
4009,Penaeus_monodon,summer,excellent,False,none,21.31,1.0,0.0,3.93,0.502,7.97
4010,Litopenaeus_vannamei,northeast,poor,False,none,21.31,1.0,0.0,4.15,0.536,7.97
4011,Litopenaeus_vannamei,winter,good,False,none,21.31,1.0,0.0,4.44,0.534,7.97
4012,Litopenaeus_vannamei,northeast,good,False,none,21.31,1.0,0.0,4.12,0.524,7.97
4013,Litopenaeus_vannamei,northeast,very_poor,False,none,21.31,1.0,0.0,4.03,0.553,7.97
4014,Penaeus_monodon,monsoon,good,False,none,21.31,1.0,0.0,4.83,0.504,7.97
4015,Penaeus_monodon,northeast,excellent,False,none,21.31,1.0,0.0,4.68,0.504,7.97
4016,Litopenaeus_vannamei,northeast,good,False,none,21.31,1.0,0.0,4.58,0.516,7.97
4017,Penaeus_monodon,northeast,very_poor,False,none,21.31,1.0,0.0,4.54,0.513,7.97
4018,Penaeus_monodon,summer,very_poor,True,stratification_collapse,21.31,1.0,0.0,4.33,0.513,7.97
4019,Penaeus_monodon,winter,poor,True,stratification_collapse,21.31,1.0,0.0,4.51,0.51,7.97
4020,Litopenaeus_vannamei,monsoon,very_poor,False,none,21.31,1.0,0.0,4.32,0.539,7.97
4021,Litopenaeus_vannamei,northeast,poor,False,none,21.31,1.0,0.0,4.3,0.514,7.97
4022,Penaeus_monodon,summer,poor,True,stratification_collapse,21.31,1.0,0.0,4.47,0.509,7.97
4023,Penaeus_monodon,winter,excellent,False,none,21.31,1.0,0.0,4.63,0.505,7.97
4024,Penaeus_monodon,summer,very_poor,False,none,21.31,1.0,0.0,4.27,0.512,7.97
4025,Litopenaeus_vannamei,northeast,very_poor,True,aerator_failure,1.31,0.0507,1507.0,0.0,0.557,7.97
4026,Litopenaeus_vannamei,winter,poor,False,none,21.31,1.0,0.0,3.86,0.551,7.97
4027,Litopenaeus_vannamei,monsoon,very_poor,True,sensor_fault,21.31,1.0,0.0,4.42,0.549,7.97
4028,Penaeus_monodon,winter,very_poor,False,none,21.31,1.0,0.0,4.35,0.511,7.97
4029,Penaeus_monodon,northeast,good,False,none,21.31,1.0,0.0,4.13,0.505,7.97
4030,Penaeus_monodon,summer,good,True,stratification_collapse,21.31,1.0,0.0,4.12,0.507,7.97
4031,Penaeus_monodon,monsoon,very_poor,False,none,21.31,1.0,0.0,4.59,0.521,7.97
4032,Litopenaeus_vannamei,winter,good,False,none,21.31,1.0,0.0,3.99,0.52,7.97
4033,Penaeus_monodon,summer,very_poor,True,stratification_collapse,21.31,1.0,0.0,4.31,0.51,7.97
4034,Penaeus_monodon,summer,excellent,True,stratification_collapse,21.31,1.0,0.0,4.47,0.504,7.97
4035,Penaeus_monodon,monsoon,excellent,False,none,21.31,1.0,0.0,4.78,0.502,7.97
4036,Litopenaeus_vannamei,summer,excellent,True,other,1.2,0.0456,1550.0,0.0,2.511,7.97
4037,Penaeus_monodon,winter,excellent,True,stratification_collapse,21.31,1.0,0.0,4.15,0.507,7.97
4038,Penaeus_monodon,northeast,good,False,none,21.31,1.0,0.0,4.55,0.504,7.97
4039,Litopenaeus_vannamei,northeast,very_poor,False,none,21.31,1.0,0.0,4.41,0.544,7.97
4040,Litopenaeus_vannamei,northeast,poor,False,none,21.31,1.0,0.0,4.25,0.544,7.97
4041,Penaeus_monodon,monsoon,poor,False,none,21.31,1.0,0.0,4.65,0.512,7.97
4042,Litopenaeus_vannamei,monsoon,good,True,stratification_collapse,21.31,1.0,0.0,4.55,0.523,7.97
4043,Penaeus_monodon,winter,poor,False,none,21.31,1.0,0.0,3.96,0.504,7.97
4044,Penaeus_monodon,northeast,poor,False,none,21.31,1.0,0.0,4.45,0.512,7.97
4045,Litopenaeus_vannamei,northeast,excellent,False,none,21.31,1.0,0.0,4.25,0.515,7.97
4046,Litopenaeus_vannamei,summer,excellent,False,none,21.31,1.0,0.0,4.39,0.514,7.97
4047,Penaeus_monodon,monsoon,good,False,none,21.31,1.0,0.0,4.74,0.51,7.97
4048,Penaeus_monodon,summer,excellent,False,none,21.31,1.0,0.0,4.04,0.503,7.97
4049,Penaeus_monodon,winter,good,True,stratification_collapse,21.31,1.0,0.0,4.47,0.505,7.97
4050,Penaeus_monodon,winter,poor,False,none,21.31,1.0,0.0,4.42,0.511,7.97
4051,Litopenaeus_vannamei,northeast,excellent,False,none,21.31,1.0,0.0,4.27,0.511,7.97
4052,Litopenaeus_vannamei,northeast,poor,False,none,21.31,1.0,0.0,3.97,0.547,7.97
4053,Litopenaeus_vannamei,winter,good,False,none,21.31,1.0,0.0,3.94,0.528,7.97
4054,Litopenaeus_vannamei,monsoon,good,False,none,21.31,1.0,0.0,4.66,0.518,7.97
4055,Litopenaeus_vannamei,summer,good,False,none,21.31,1.0,0.0,4.4,0.511,7.97
4056,Litopenaeus_vannamei,winter,excellent,False,none,21.31,1.0,0.0,4.03,0.518,7.97
4057,Litopenaeus_vannamei,winter,good,False,none,21.31,1.0,0.0,4.33,0.522,7.97
4058,Penaeus_monodon,northeast,very_poor,False,none,21.31,1.0,0.0,4.33,0.527,7.97
4059,Litopenaeus_vannamei,summer,good,False,none,21.31,1.0,0.0,4.24,0.512,7.97
4060,Penaeus_monodon,monsoon,very_poor,False,none,21.31,1.0,0.0,4.8,0.512,7.97
4061,Litopenaeus_vannamei,monsoon,excellent,False,none,21.31,1.0,0.0,4.41,0.517,7.97
4062,Litopenaeus_vannamei,summer,excellent,False,none,21.31,1.0,0.0,4.43,0.523,7.97
4063,Penaeus_monodon,winter,good,False,none,21.31,1.0,0.0,4.57,0.509,7.97
4064,Litopenaeus_vannamei,northeast,very_poor,False,none,21.31,1.0,0.0,4.32,0.532,7.97
4065,Penaeus_monodon,winter,very_poor,True,stratification_collapse,21.31,1.0,0.0,4.14,0.512,7.97
4066,Litopenaeus_vannamei,monsoon,excellent,False,none,21.31,1.0,0.0,4.35,0.509,7.97
4067,Litopenaeus_vannamei,monsoon,very_poor,False,none,21.31,1.0,0.0,4.71,0.547,7.97
4068,Litopenaeus_vannamei,winter,very_poor,False,none,21.31,1.0,0.0,3.9,0.546,7.97
4069,Litopenaeus_vannamei,winter,good,True,sensor_fault,21.31,1.0,0.0,4.27,0.523,7.97
4070,Litopenaeus_vannamei,winter,good,False,none,21.31,1.0,0.0,4.26,0.515,7.97
4071,Litopenaeus_vannamei,monsoon,excellent,True,stratification_collapse,21.31,1.0,0.0,4.78,0.52,7.97
4072,Penaeus_monodon,winter,good,True,stratification_collapse,21.31,1.0,0.0,4.34,0.506,7.97
4073,Penaeus_monodon,northeast,poor,False,none,21.31,1.0,0.0,4.23,0.513,7.97
4074,Litopenaeus_vannamei,winter,poor,False,none,21.31,1.0,0.0,3.88,0.539,7.97
4075,Litopenaeus_vannamei,winter,excellent,False,none,21.31,1.0,0.0,4.09,0.514,7.97
4076,Litopenaeus_vannamei,monsoon,very_poor,False,none,21.31,1.0,0.0,4.6,0.527,7.97
4077,Penaeus_monodon,northeast,good,True,stratification_collapse,21.31,1.0,0.0,4.56,0.506,7.97
4078,Litopenaeus_vannamei,northeast,good,False,none,21.31,1.0,0.0,4.48,0.533,7.97
4079,Litopenaeus_vannamei,monsoon,good,False,none,21.31,1.0,0.0,4.43,0.523,7.97
4080,Penaeus_monodon,winter,very_poor,False,none,21.31,1.0,0.0,4.47,0.518,7.97
4081,Penaeus_monodon,northeast,excellent,True,stratification_collapse,21.31,1.0,0.0,4.66,0.505,7.97
4082,Litopenaeus_vannamei,summer,poor,False,none,21.31,1.0,0.0,4.14,0.538,7.97
4083,Penaeus_monodon,monsoon,good,False,none,21.31,1.0,0.0,4.52,0.508,7.97
4084,Litopenaeus_vannamei,monsoon,good,False,none,21.31,1.0,0.0,4.7,0.521,7.97
4085,Penaeus_monodon,monsoon,very_poor,True,stratification_collapse,21.31,1.0,0.0,4.66,0.52,7.97
4086,Litopenaeus_vannamei,winter,poor,False,none,21.31,1.0,0.0,3.84,0.54,7.97
4087,Penaeus_monodon,summer,very_poor,False,none,21.31,1.0,0.0,3.98,0.52,7.97
4088,Litopenaeus_vannamei,monsoon,poor,False,none,21.31,1.0,0.0,4.6,0.552,7.97
4089,Litopenaeus_vannamei,winter,poor,True,stratification_collapse,21.31,1.0,0.0,3.98,0.54,7.97
4090,Penaeus_monodon,summer,excellent,False,none,21.31,1.0,0.0,4.57,0.508,7.97
4091,Penaeus_monodon,monsoon,very_poor,False,none,21.31,1.0,0.0,4.77,0.525,7.97
4092,Litopenaeus_vannamei,summer,good,False,none,21.31,1.0,0.0,3.77,0.528,7.97
4093,Penaeus_monodon,summer,excellent,False,none,21.31,1.0,0.0,4.05,0.507,7.97
4094,Penaeus_monodon,winter,poor,False,none,21.31,1.0,0.0,4.48,0.504,7.97
4095,Penaeus_monodon,monsoon,poor,False,none,21.31,1.0,0.0,4.72,0.511,7.97
4096,Litopenaeus_vannamei,northeast,very_poor,True,stratification_collapse,21.31,1.0,0.0,4.03,0.549,7.97
4097,Litopenaeus_vannamei,winter,good,False,none,21.31,1.0,0.0,3.94,0.518,7.97
4098,Penaeus_monodon,monsoon,excellent,False,none,21.31,1.0,0.0,4.56,0.506,7.97
4099,Penaeus_monodon,winter,excellent,False,none,21.31,1.0,0.0,4.39,0.507,7.97
4100,Penaeus_monodon,monsoon,poor,True,stratification_collapse,21.31,1.0,0.0,4.3,0.515,7.97
4101,Litopenaeus_vannamei,monsoon,poor,False,none,21.31,1.0,0.0,4.69,0.516,7.97
4102,Litopenaeus_vannamei,northeast,poor,False,none,21.31,1.0,0.0,4.03,0.548,7.97
4103,Penaeus_monodon,monsoon,good,False,none,21.31,1.0,0.0,4.66,0.508,7.97
4104,Litopenaeus_vannamei,winter,good,False,none,21.31,1.0,0.0,4.25,0.527,7.97
4105,Litopenaeus_vannamei,monsoon,poor,False,none,21.31,1.0,0.0,4.61,0.534,7.97
4106,Penaeus_monodon,winter,excellent,False,none,21.31,1.0,0.0,4.26,0.506,7.97
4107,Penaeus_monodon,summer,good,True,stratification_collapse,21.31,1.0,0.0,4.01,0.503,7.97
4108,Penaeus_monodon,summer,poor,True,stratification_collapse,21.31,1.0,0.0,4.46,0.512,7.97
4109,Penaeus_monodon,monsoon,poor,False,none,21.31,1.0,0.0,4.33,0.518,7.97
4110,Penaeus_monodon,winter,good,False,none,21.31,1.0,0.0,4.19,0.509,7.97
4111,Penaeus_monodon,northeast,good,False,none,21.31,1.0,0.0,4.32,0.508,7.97
4112,Penaeus_monodon,summer,very_poor,False,none,21.31,1.0,0.0,4.29,0.51,7.97
4113,Litopenaeus_vannamei,winter,good,False,none,21.31,1.0,0.0,4.5,0.519,7.97
4114,Litopenaeus_vannamei,summer,good,False,none,21.31,1.0,0.0,3.89,0.522,7.97
4115,Litopenaeus_vannamei,summer,poor,False,none,21.31,1.0,0.0,3.63,0.538,7.97
4116,Litopenaeus_vannamei,monsoon,excellent,False,none,21.31,1.0,0.0,4.56,0.514,7.97
4117,Litopenaeus_vannamei,summer,excellent,True,stratification_collapse,21.31,1.0,0.0,4.18,0.527,7.97
4118,Penaeus_monodon,northeast,good,False,none,21.31,1.0,0.0,4.64,0.505,7.97
4119,Litopenaeus_vannamei,northeast,poor,False,none,21.31,1.0,0.0,4.49,0.529,7.97
4120,Litopenaeus_vannamei,northeast,very_poor,False,none,21.31,1.0,0.0,4.0,0.524,7.97
4121,Litopenaeus_vannamei,summer,good,False,none,21.31,1.0,0.0,4.17,0.515,7.97
4122,Litopenaeus_vannamei,northeast,good,False,none,21.31,1.0,0.0,4.15,0.525,7.97
4123,Litopenaeus_vannamei,winter,poor,False,none,21.31,1.0,0.0,4.06,0.56,7.97
4124,Litopenaeus_vannamei,winter,poor,True,stratification_collapse,21.31,1.0,0.0,4.03,0.522,7.97
4125,Litopenaeus_vannamei,summer,good,False,none,21.31,1.0,0.0,4.02,0.518,7.97
4126,Penaeus_monodon,northeast,excellent,True,stratification_collapse,21.31,1.0,0.0,4.37,0.508,7.97
4127,Penaeus_monodon,northeast,poor,False,none,21.31,1.0,0.0,4.64,0.511,7.97
4128,Litopenaeus_vannamei,northeast,poor,False,none,21.31,1.0,0.0,4.22,0.538,7.97
4129,Penaeus_monodon,northeast,very_poor,False,none,21.31,1.0,0.0,4.5,0.523,7.97
4130,Litopenaeus_vannamei,monsoon,poor,False,none,21.31,1.0,0.0,4.26,0.528,7.97
4131,Litopenaeus_vannamei,summer,poor,False,none,21.31,1.0,0.0,4.16,0.52,7.97
4132,Penaeus_monodon,monsoon,good,False,none,21.31,1.0,0.0,4.52,0.506,7.97
4133,Penaeus_monodon,winter,excellent,False,none,21.31,1.0,0.0,4.48,0.504,7.97
4134,Penaeus_monodon,winter,poor,False,none,21.31,1.0,0.0,4.53,0.512,7.97
4135,Penaeus_monodon,summer,very_poor,False,none,21.31,1.0,0.0,4.54,0.508,7.97
4136,Litopenaeus_vannamei,monsoon,good,False,none,21.31,1.0,0.0,4.75,0.526,7.97
4137,Litopenaeus_vannamei,northeast,poor,False,none,21.31,1.0,0.0,4.43,0.527,7.97
4138,Litopenaeus_vannamei,summer,poor,False,none,21.31,1.0,0.0,4.04,0.528,7.97
4139,Litopenaeus_vannamei,northeast,excellent,True,sensor_fault,21.31,1.0,0.0,4.52,0.516,7.97
4140,Litopenaeus_vannamei,winter,very_poor,False,none,21.31,1.0,0.0,3.81,0.546,7.97
4141,Litopenaeus_vannamei,monsoon,poor,False,none,21.31,1.0,0.0,4.27,0.519,7.97
4142,Litopenaeus_vannamei,monsoon,poor,True,sensor_fault,21.31,1.0,0.0,4.47,0.52,7.97
4143,Penaeus_monodon,winter,excellent,False,none,21.31,1.0,0.0,4.2,0.506,7.97
4144,Penaeus_monodon,monsoon,excellent,False,none,21.31,1.0,0.0,4.41,0.507,7.97
4145,Litopenaeus_vannamei,monsoon,good,False,none,21.31,1.0,0.0,4.23,0.526,7.97
4146,Penaeus_monodon,northeast,good,False,none,21.31,1.0,0.0,4.46,0.503,7.97
4147,Litopenaeus_vannamei,summer,excellent,False,none,21.31,1.0,0.0,4.41,0.52,7.97
4148,Litopenaeus_vannamei,monsoon,poor,False,none,21.31,1.0,0.0,4.39,0.549,7.97
4149,Penaeus_monodon,summer,excellent,False,none,21.31,1.0,0.0,4.25,0.503,7.97
4150,Litopenaeus_vannamei,summer,very_poor,False,none,21.31,1.0,0.0,4.35,0.537,7.97
4151,Penaeus_monodon,northeast,excellent,False,none,21.31,1.0,0.0,4.69,0.503,7.97
4152,Litopenaeus_vannamei,northeast,excellent,False,none,21.31,1.0,0.0,4.43,0.512,7.97
4153,Penaeus_monodon,monsoon,poor,False,none,21.31,1.0,0.0,4.77,0.505,7.97
4154,Litopenaeus_vannamei,northeast,very_poor,False,none,21.31,1.0,0.0,4.07,0.537,7.97
4155,Penaeus_monodon,winter,good,True,stratification_collapse,21.31,1.0,0.0,4.29,0.504,7.97
4156,Penaeus_monodon,winter,excellent,True,stratification_collapse,21.31,1.0,0.0,3.9,0.505,7.97
4157,Litopenaeus_vannamei,summer,good,False,none,21.31,1.0,0.0,3.74,0.515,7.97
4158,Litopenaeus_vannamei,monsoon,excellent,True,sensor_fault,21.31,1.0,0.0,4.69,0.509,7.97
4159,Penaeus_monodon,northeast,very_poor,False,none,21.31,1.0,0.0,4.51,0.519,7.97
4160,Penaeus_monodon,winter,very_poor,False,none,21.31,1.0,0.0,4.26,0.524,7.97
4161,Litopenaeus_vannamei,winter,very_poor,False,none,21.31,1.0,0.0,4.25,0.53,7.97
4162,Litopenaeus_vannamei,monsoon,poor,False,none,21.31,1.0,0.0,4.23,0.537,7.97
4163,Litopenaeus_vannamei,winter,poor,True,stratification_collapse,21.31,1.0,0.0,4.02,0.521,7.97
4164,Penaeus_monodon,winter,good,False,none,21.31,1.0,0.0,4.08,0.508,7.97
4165,Penaeus_monodon,winter,excellent,True,stratification_collapse,21.31,1.0,0.0,4.48,0.509,7.97
4166,Penaeus_monodon,northeast,very_poor,False,none,21.31,1.0,0.0,4.63,0.518,7.97
4167,Penaeus_monodon,summer,good,False,none,21.31,1.0,0.0,4.2,0.509,7.97
4168,Litopenaeus_vannamei,winter,excellent,True,aerator_failure,0.45,0.0162,2077.0,0.0,0.511,7.97
4169,Penaeus_monodon,monsoon,poor,False,none,21.31,1.0,0.0,4.52,0.514,7.97
4170,Penaeus_monodon,winter,very_poor,False,none,21.31,1.0,0.0,4.35,0.516,7.97
4171,Litopenaeus_vannamei,monsoon,excellent,True,stratification_collapse,21.31,1.0,0.0,4.87,0.518,7.97
4172,Penaeus_monodon,winter,good,False,none,21.31,1.0,0.0,4.1,0.503,7.97
4173,Penaeus_monodon,northeast,excellent,False,none,21.31,1.0,0.0,4.28,0.511,7.97
4174,Penaeus_monodon,summer,excellent,False,none,21.31,1.0,0.0,3.87,0.506,7.97
4175,Litopenaeus_vannamei,monsoon,poor,False,none,21.31,1.0,0.0,4.55,0.525,7.97
4176,Penaeus_monodon,monsoon,good,False,none,21.31,1.0,0.0,4.64,0.503,7.97
4177,Penaeus_monodon,summer,poor,False,none,21.31,1.0,0.0,3.94,0.513,7.97
4178,Litopenaeus_vannamei,northeast,very_poor,False,none,21.31,1.0,0.0,4.12,0.525,7.97
4179,Penaeus_monodon,monsoon,excellent,False,none,21.31,1.0,0.0,4.69,0.505,7.97
4180,Penaeus_monodon,northeast,very_poor,True,stratification_collapse,21.31,1.0,0.0,4.68,0.508,7.97
4181,Penaeus_monodon,summer,very_poor,False,none,21.31,1.0,0.0,4.37,0.517,7.97
4182,Penaeus_monodon,northeast,very_poor,False,none,21.31,1.0,0.0,4.52,0.519,7.97
4183,Penaeus_monodon,summer,good,False,none,21.31,1.0,0.0,4.01,0.507,7.97
4184,Litopenaeus_vannamei,monsoon,very_poor,False,none,21.31,1.0,0.0,4.18,0.547,7.97
4185,Penaeus_monodon,northeast,excellent,False,none,21.31,1.0,0.0,4.64,0.507,7.97
4186,Litopenaeus_vannamei,winter,excellent,False,none,21.31,1.0,0.0,4.24,0.509,7.97
4187,Litopenaeus_vannamei,winter,good,True,stratification_collapse,13.95,1.0,7.0,4.64,0.513,7.97
4188,Penaeus_monodon,summer,good,False,none,21.31,1.0,0.0,4.08,0.503,7.97
4189,Penaeus_monodon,winter,excellent,False,none,21.31,1.0,0.0,4.32,0.504,7.97
4190,Penaeus_monodon,monsoon,good,False,none,21.31,1.0,0.0,4.72,0.505,7.97
4191,Litopenaeus_vannamei,summer,excellent,True,sensor_fault,21.31,1.0,0.0,4.01,0.519,7.97
4192,Penaeus_monodon,monsoon,very_poor,False,none,21.31,1.0,0.0,4.72,0.513,7.97
4193,Litopenaeus_vannamei,northeast,poor,False,none,21.31,1.0,0.0,4.5,0.559,7.97
4194,Litopenaeus_vannamei,northeast,very_poor,False,none,21.31,1.0,0.0,3.97,0.539,7.97
4195,Litopenaeus_vannamei,northeast,good,False,none,21.31,1.0,0.0,4.11,0.514,7.97
4196,Litopenaeus_vannamei,summer,good,False,none,21.31,1.0,0.0,4.35,0.518,7.97
4197,Penaeus_monodon,monsoon,poor,False,none,21.31,1.0,0.0,4.73,0.508,7.97
4198,Penaeus_monodon,northeast,very_poor,False,none,21.31,1.0,0.0,4.64,0.518,7.97
4199,Litopenaeus_vannamei,winter,very_poor,False,none,21.31,1.0,0.0,3.6,0.546,7.97
4200,Litopenaeus_vannamei,winter,excellent,True,stratification_collapse,21.31,1.0,0.0,4.26,0.516,7.97
4201,Penaeus_monodon,monsoon,poor,False,none,21.31,1.0,0.0,4.8,0.506,7.97
4202,Litopenaeus_vannamei,winter,poor,False,none,21.31,1.0,0.0,4.22,0.524,7.97
4203,Penaeus_monodon,monsoon,very_poor,False,none,21.31,1.0,0.0,4.78,0.525,7.97
4204,Penaeus_monodon,monsoon,excellent,False,none,21.31,1.0,0.0,4.76,0.506,7.97
4205,Litopenaeus_vannamei,monsoon,excellent,False,none,21.31,1.0,0.0,4.54,0.53,7.97
4206,Litopenaeus_vannamei,northeast,very_poor,False,none,21.31,1.0,0.0,4.19,0.546,7.97
4207,Litopenaeus_vannamei,monsoon,good,False,none,21.31,1.0,0.0,4.44,0.508,7.97
4208,Penaeus_monodon,winter,poor,False,none,21.31,1.0,0.0,4.46,0.508,7.97
4209,Penaeus_monodon,summer,excellent,False,none,21.31,1.0,0.0,4.48,0.504,7.97
4210,Litopenaeus_vannamei,northeast,very_poor,False,none,21.31,1.0,0.0,4.48,0.542,7.97
4211,Penaeus_monodon,summer,very_poor,True,stratification_collapse,21.31,1.0,0.0,3.84,0.525,7.97
4212,Penaeus_monodon,winter,excellent,False,none,21.31,1.0,0.0,4.25,0.507,7.97
4213,Penaeus_monodon,summer,excellent,False,none,21.31,1.0,0.0,4.65,0.505,7.97
4214,Litopenaeus_vannamei,summer,excellent,False,none,21.31,1.0,0.0,4.24,0.51,7.97
4215,Litopenaeus_vannamei,northeast,very_poor,False,none,21.31,1.0,0.0,4.25,0.522,7.97
4216,Litopenaeus_vannamei,monsoon,poor,False,none,21.31,1.0,0.0,4.67,0.543,7.97
4217,Penaeus_monodon,monsoon,excellent,False,none,21.31,1.0,0.0,4.52,0.507,7.97
4218,Litopenaeus_vannamei,northeast,good,False,none,21.31,1.0,0.0,4.58,0.51,7.97
4219,Litopenaeus_vannamei,summer,excellent,True,other,0.46,0.0163,2062.0,0.0,2.519,7.97
4220,Litopenaeus_vannamei,monsoon,good,False,none,21.31,1.0,0.0,4.47,0.524,7.97
4221,Litopenaeus_vannamei,monsoon,good,False,none,21.31,1.0,0.0,4.5,0.514,7.97
4222,Litopenaeus_vannamei,summer,good,False,none,21.31,1.0,0.0,3.64,0.517,7.97
4223,Penaeus_monodon,winter,good,False,none,21.31,1.0,0.0,4.5,0.506,7.97
4224,Penaeus_monodon,northeast,very_poor,True,stratification_collapse,21.31,1.0,0.0,4.19,0.53,7.97
4225,Litopenaeus_vannamei,northeast,poor,False,none,21.31,1.0,0.0,4.11,0.535,7.97
4226,Litopenaeus_vannamei,summer,good,False,none,21.31,1.0,0.0,4.31,0.515,7.97
4227,Penaeus_monodon,northeast,excellent,False,none,21.31,1.0,0.0,4.56,0.508,7.97
4228,Penaeus_monodon,winter,good,False,none,21.31,1.0,0.0,4.35,0.506,7.97
4229,Litopenaeus_vannamei,winter,poor,False,none,21.31,1.0,0.0,3.94,0.552,7.97
4230,Penaeus_monodon,monsoon,poor,False,none,21.31,1.0,0.0,4.58,0.509,7.97
4231,Litopenaeus_vannamei,winter,good,False,none,21.31,1.0,0.0,4.51,0.512,7.97
4232,Penaeus_monodon,northeast,very_poor,True,stratification_collapse,21.31,1.0,0.0,4.68,0.526,7.97
4233,Litopenaeus_vannamei,monsoon,poor,False,none,21.31,1.0,0.0,4.57,0.55,7.97
4234,Litopenaeus_vannamei,winter,good,False,none,21.31,1.0,0.0,4.47,0.523,7.97
4235,Litopenaeus_vannamei,monsoon,excellent,True,sensor_fault,21.31,1.0,0.0,4.31,0.512,7.97
4236,Penaeus_monodon,winter,excellent,False,none,21.31,1.0,0.0,4.44,0.508,7.97
4237,Litopenaeus_vannamei,summer,good,False,none,21.31,1.0,0.0,4.17,0.523,7.97
4238,Penaeus_monodon,northeast,good,True,stratification_collapse,21.31,1.0,0.0,4.69,0.506,7.97
4239,Litopenaeus_vannamei,monsoon,poor,False,none,21.31,1.0,0.0,4.54,0.544,7.97
4240,Litopenaeus_vannamei,northeast,very_poor,True,stratification_collapse,21.31,1.0,0.0,4.64,0.525,7.97
4241,Litopenaeus_vannamei,northeast,good,False,none,21.31,1.0,0.0,4.65,0.516,7.97
4242,Penaeus_monodon,monsoon,excellent,False,none,21.31,1.0,0.0,4.7,0.505,7.97
4243,Penaeus_monodon,summer,excellent,False,none,21.31,1.0,0.0,4.44,0.503,7.97
4244,Litopenaeus_vannamei,winter,poor,False,none,21.31,1.0,0.0,4.35,0.544,7.97
4245,Penaeus_monodon,winter,excellent,False,none,21.31,1.0,0.0,4.05,0.507,7.97
4246,Penaeus_monodon,monsoon,very_poor,False,none,21.31,1.0,0.0,4.56,0.518,7.97
4247,Penaeus_monodon,northeast,excellent,True,stratification_collapse,21.31,1.0,0.0,4.37,0.505,7.97
4248,Penaeus_monodon,northeast,very_poor,True,stratification_collapse,21.31,1.0,0.0,4.29,0.514,7.97
4249,Litopenaeus_vannamei,northeast,very_poor,True,aerator_failure,0.74,0.0273,1815.0,0.0,0.54,7.97
4250,Penaeus_monodon,winter,very_poor,False,none,21.31,1.0,0.0,4.38,0.513,7.97
4251,Litopenaeus_vannamei,monsoon,good,False,none,21.31,1.0,0.0,4.35,0.513,7.97
4252,Litopenaeus_vannamei,winter,poor,False,none,21.31,1.0,0.0,3.94,0.526,7.97
4253,Litopenaeus_vannamei,northeast,excellent,False,none,21.31,1.0,0.0,4.73,0.509,7.97
4254,Penaeus_monodon,summer,excellent,False,none,21.31,1.0,0.0,4.6,0.507,7.97
4255,Litopenaeus_vannamei,summer,very_poor,True,stratification_collapse,21.31,1.0,0.0,3.36,0.578,7.97
4256,Penaeus_monodon,monsoon,very_poor,False,none,21.31,1.0,0.0,4.59,0.516,7.97
4257,Penaeus_monodon,monsoon,poor,False,none,21.31,1.0,0.0,4.54,0.517,7.97
4258,Penaeus_monodon,winter,poor,True,stratification_collapse,21.31,1.0,0.0,4.02,0.511,7.97
4259,Penaeus_monodon,northeast,excellent,False,none,21.31,1.0,0.0,4.75,0.504,7.97
4260,Penaeus_monodon,monsoon,good,False,none,21.31,1.0,0.0,4.71,0.509,7.97
4261,Litopenaeus_vannamei,winter,very_poor,False,none,21.31,1.0,0.0,3.8,0.551,7.97
4262,Litopenaeus_vannamei,monsoon,excellent,False,none,21.31,1.0,0.0,4.65,0.512,7.97
4263,Litopenaeus_vannamei,summer,good,True,sensor_fault,21.31,1.0,0.0,4.03,0.534,7.97
4264,Penaeus_monodon,monsoon,good,False,none,21.31,1.0,0.0,4.42,0.507,7.97
4265,Penaeus_monodon,monsoon,excellent,True,stratification_collapse,21.31,1.0,0.0,4.64,0.506,7.97
4266,Penaeus_monodon,northeast,excellent,False,none,21.31,1.0,0.0,4.7,0.513,7.97
4267,Penaeus_monodon,summer,very_poor,True,stratification_collapse,21.31,1.0,0.0,4.1,0.513,7.97
4268,Litopenaeus_vannamei,northeast,poor,False,none,21.31,1.0,0.0,4.49,0.533,7.97
4269,Penaeus_monodon,northeast,very_poor,True,stratification_collapse,21.31,1.0,0.0,4.63,0.507,7.97
4270,Penaeus_monodon,winter,excellent,False,none,21.31,1.0,0.0,4.12,0.503,7.97
4271,Litopenaeus_vannamei,summer,good,False,none,21.31,1.0,0.0,3.9,0.513,7.97
4272,Litopenaeus_vannamei,winter,good,False,none,21.31,1.0,0.0,4.52,0.526,7.97
4273,Penaeus_monodon,northeast,good,True,stratification_collapse,21.31,1.0,0.0,4.56,0.509,7.97
4274,Litopenaeus_vannamei,northeast,very_poor,False,none,21.31,1.0,0.0,4.03,0.521,7.97
4275,Litopenaeus_vannamei,monsoon,poor,False,none,21.31,1.0,0.0,4.8,0.528,7.97
4276,Penaeus_monodon,northeast,very_poor,False,none,21.31,1.0,0.0,4.23,0.509,7.97
4277,Penaeus_monodon,northeast,very_poor,True,stratification_collapse,21.31,1.0,0.0,4.61,0.505,7.97
4278,Litopenaeus_vannamei,winter,excellent,True,aerator_failure,0.4,0.0143,2139.0,0.0,0.51,7.97
4279,Litopenaeus_vannamei,monsoon,excellent,False,none,21.31,1.0,0.0,4.67,0.524,7.97
4280,Penaeus_monodon,northeast,poor,False,none,21.31,1.0,0.0,4.24,0.509,7.97
4281,Litopenaeus_vannamei,summer,very_poor,False,none,21.31,1.0,0.0,4.1,0.543,7.97
4282,Litopenaeus_vannamei,northeast,excellent,False,none,21.31,1.0,0.0,4.11,0.511,7.97
4283,Penaeus_monodon,monsoon,very_poor,False,none,21.31,1.0,0.0,4.31,0.525,7.97
4284,Penaeus_monodon,northeast,good,True,stratification_collapse,21.31,1.0,0.0,4.3,0.506,7.97
4285,Litopenaeus_vannamei,winter,good,True,sensor_fault,21.31,1.0,0.0,4.46,0.526,7.97
4286,Litopenaeus_vannamei,summer,excellent,False,none,21.31,1.0,0.0,4.2,0.514,7.97
4287,Penaeus_monodon,northeast,poor,False,none,21.31,1.0,0.0,4.72,0.511,7.97
4288,Litopenaeus_vannamei,monsoon,good,False,none,21.31,1.0,0.0,4.46,0.521,7.97
4289,Penaeus_monodon,northeast,very_poor,False,none,21.31,1.0,0.0,4.46,0.525,7.97
4290,Litopenaeus_vannamei,summer,excellent,False,none,21.31,1.0,0.0,4.48,0.52,7.97
4291,Penaeus_monodon,winter,excellent,False,none,21.31,1.0,0.0,4.04,0.502,7.97
4292,Litopenaeus_vannamei,northeast,very_poor,False,none,21.31,1.0,0.0,4.47,0.544,7.97
4293,Penaeus_monodon,northeast,excellent,False,none,21.31,1.0,0.0,4.77,0.506,7.97
4294,Litopenaeus_vannamei,summer,very_poor,False,none,21.31,1.0,0.0,3.66,0.558,7.97
4295,Penaeus_monodon,northeast,good,False,none,21.31,1.0,0.0,4.31,0.513,7.97
4296,Penaeus_monodon,summer,excellent,True,stratification_collapse,21.31,1.0,0.0,4.57,0.504,7.97
4297,Penaeus_monodon,northeast,good,False,none,21.31,1.0,0.0,4.32,0.503,7.97
4298,Penaeus_monodon,northeast,good,False,none,21.31,1.0,0.0,4.46,0.509,7.97
4299,Litopenaeus_vannamei,northeast,very_poor,False,none,21.31,1.0,0.0,3.93,0.568,7.97
4300,Penaeus_monodon,summer,poor,True,stratification_collapse,21.31,1.0,0.0,4.39,0.515,7.97
4301,Penaeus_monodon,summer,very_poor,False,none,21.31,1.0,0.0,3.86,0.531,7.97
4302,Penaeus_monodon,summer,poor,False,none,21.31,1.0,0.0,3.84,0.512,7.97
4303,Penaeus_monodon,summer,good,False,none,21.31,1.0,0.0,4.49,0.515,7.97
4304,Penaeus_monodon,winter,excellent,False,none,21.31,1.0,0.0,4.64,0.505,7.97
4305,Penaeus_monodon,monsoon,very_poor,False,none,21.31,1.0,0.0,4.53,0.515,7.97
4306,Penaeus_monodon,winter,excellent,False,none,21.31,1.0,0.0,4.56,0.504,7.97
4307,Penaeus_monodon,winter,excellent,False,none,21.31,1.0,0.0,4.31,0.504,7.97
4308,Penaeus_monodon,northeast,excellent,False,none,21.31,1.0,0.0,4.48,0.511,7.97
4309,Penaeus_monodon,summer,poor,False,none,21.31,1.0,0.0,4.11,0.506,7.97
4310,Penaeus_monodon,winter,poor,False,none,21.31,1.0,0.0,4.63,0.51,7.97
4311,Penaeus_monodon,monsoon,poor,False,none,21.31,1.0,0.0,4.38,0.52,7.97
4312,Litopenaeus_vannamei,summer,very_poor,False,none,21.31,1.0,0.0,4.02,0.57,7.97
4313,Litopenaeus_vannamei,monsoon,good,False,none,21.31,1.0,0.0,4.71,0.51,7.97
4314,Litopenaeus_vannamei,northeast,very_poor,True,aerator_failure,0.78,0.029,1782.0,0.0,0.522,7.97
4315,Litopenaeus_vannamei,monsoon,very_poor,False,none,21.31,1.0,0.0,4.51,0.549,7.97
4316,Litopenaeus_vannamei,monsoon,excellent,False,none,21.31,1.0,0.0,4.35,0.518,7.97
4317,Litopenaeus_vannamei,winter,good,False,none,21.31,1.0,0.0,4.43,0.514,7.97
4318,Penaeus_monodon,northeast,poor,True,stratification_collapse,21.31,1.0,0.0,4.31,0.512,7.97
4319,Litopenaeus_vannamei,northeast,good,False,none,21.31,1.0,0.0,4.31,0.509,7.97
4320,Penaeus_monodon,summer,very_poor,False,none,21.31,1.0,0.0,3.86,0.516,7.97
4321,Penaeus_monodon,summer,very_poor,False,none,21.31,1.0,0.0,4.45,0.508,7.97
4322,Penaeus_monodon,monsoon,excellent,False,none,21.31,1.0,0.0,4.52,0.507,7.97
4323,Litopenaeus_vannamei,winter,excellent,False,none,21.31,1.0,0.0,4.0,0.517,7.97
4324,Litopenaeus_vannamei,monsoon,very_poor,True,stratification_collapse,21.31,1.0,0.0,4.39,0.553,7.97
4325,Litopenaeus_vannamei,northeast,excellent,True,sensor_fault,21.31,1.0,0.0,4.52,0.513,7.97
4326,Litopenaeus_vannamei,monsoon,excellent,False,none,21.31,1.0,0.0,4.58,0.515,7.97
4327,Litopenaeus_vannamei,summer,poor,False,none,21.31,1.0,0.0,3.97,0.54,7.97
4328,Penaeus_monodon,summer,very_poor,True,stratification_collapse,21.31,1.0,0.0,4.16,0.515,7.97
4329,Litopenaeus_vannamei,summer,very_poor,True,aerator_failure,0.83,0.0309,1754.0,0.0,0.55,7.97
4330,Penaeus_monodon,northeast,very_poor,False,none,21.31,1.0,0.0,4.13,0.521,7.97
4331,Penaeus_monodon,summer,good,True,stratification_collapse,21.31,1.0,0.0,4.04,0.506,7.97
4332,Penaeus_monodon,winter,poor,False,none,21.31,1.0,0.0,4.58,0.517,7.97
4333,Litopenaeus_vannamei,winter,poor,True,stratification_collapse,21.31,1.0,0.0,4.36,0.533,7.97
4334,Litopenaeus_vannamei,monsoon,very_poor,False,none,21.31,1.0,0.0,4.44,0.539,7.97
4335,Penaeus_monodon,summer,very_poor,False,none,21.31,1.0,0.0,4.25,0.517,7.97
4336,Penaeus_monodon,monsoon,good,False,none,21.31,1.0,0.0,4.56,0.504,7.97
4337,Litopenaeus_vannamei,summer,good,False,none,21.31,1.0,0.0,4.11,0.519,7.97
4338,Penaeus_monodon,monsoon,poor,True,stratification_collapse,21.31,1.0,0.0,4.78,0.507,7.97
4339,Penaeus_monodon,winter,good,False,none,21.31,1.0,0.0,4.23,0.507,7.97
4340,Penaeus_monodon,northeast,excellent,False,none,21.31,1.0,0.0,4.49,0.504,7.97
4341,Penaeus_monodon,monsoon,poor,False,none,21.31,1.0,0.0,4.34,0.506,7.97
4342,Litopenaeus_vannamei,winter,good,False,none,21.31,1.0,0.0,4.25,0.515,7.97
4343,Penaeus_monodon,summer,very_poor,False,none,21.31,1.0,0.0,4.43,0.525,7.97
4344,Penaeus_monodon,monsoon,very_poor,False,none,21.31,1.0,0.0,4.4,0.512,7.97
4345,Penaeus_monodon,summer,good,False,none,21.31,1.0,0.0,4.0,0.513,7.97
4346,Litopenaeus_vannamei,summer,good,True,stratification_collapse,21.31,1.0,0.0,3.77,0.518,7.97
4347,Penaeus_monodon,monsoon,good,False,none,21.31,1.0,0.0,4.79,0.503,7.97
4348,Penaeus_monodon,summer,excellent,False,none,21.31,1.0,0.0,4.05,0.503,7.97
4349,Penaeus_monodon,winter,excellent,True,stratification_collapse,21.31,1.0,0.0,4.27,0.505,7.97
4350,Penaeus_monodon,monsoon,very_poor,False,none,21.31,1.0,0.0,4.36,0.528,7.97
4351,Penaeus_monodon,summer,excellent,False,none,21.31,1.0,0.0,4.6,0.509,7.97
4352,Penaeus_monodon,summer,very_poor,False,none,21.31,1.0,0.0,4.28,0.526,7.97
4353,Litopenaeus_vannamei,monsoon,poor,False,none,21.31,1.0,0.0,4.74,0.524,7.97
4354,Penaeus_monodon,summer,very_poor,False,none,21.31,1.0,0.0,4.0,0.51,7.97
4355,Litopenaeus_vannamei,monsoon,excellent,False,none,21.31,1.0,0.0,4.63,0.518,7.97
4356,Litopenaeus_vannamei,summer,poor,False,none,21.31,1.0,0.0,3.83,0.517,7.97
4357,Penaeus_monodon,winter,excellent,False,none,21.31,1.0,0.0,4.57,0.506,7.97
4358,Penaeus_monodon,northeast,good,False,none,21.31,1.0,0.0,4.42,0.507,7.97
4359,Penaeus_monodon,northeast,poor,False,none,21.31,1.0,0.0,4.29,0.514,7.97
4360,Litopenaeus_vannamei,summer,excellent,False,none,21.31,1.0,0.0,4.35,0.512,7.97
4361,Penaeus_monodon,monsoon,very_poor,False,none,21.31,1.0,0.0,4.21,0.522,7.97
4362,Litopenaeus_vannamei,winter,very_poor,False,none,21.31,1.0,0.0,4.32,0.552,7.97
4363,Litopenaeus_vannamei,northeast,excellent,False,none,21.31,1.0,0.0,4.51,0.516,7.97
4364,Litopenaeus_vannamei,winter,excellent,False,none,21.31,1.0,0.0,4.42,0.514,7.97
4365,Penaeus_monodon,summer,very_poor,False,none,21.31,1.0,0.0,4.36,0.516,7.97
4366,Penaeus_monodon,monsoon,very_poor,False,none,21.31,1.0,0.0,4.44,0.508,7.97
4367,Litopenaeus_vannamei,monsoon,good,False,none,21.31,1.0,0.0,4.33,0.522,7.97
4368,Penaeus_monodon,winter,excellent,False,none,21.31,1.0,0.0,4.62,0.503,7.97
4369,Penaeus_monodon,monsoon,very_poor,False,none,21.31,1.0,0.0,4.42,0.523,7.97
4370,Penaeus_monodon,monsoon,very_poor,False,none,21.31,1.0,0.0,4.63,0.506,7.97
4371,Penaeus_monodon,northeast,good,False,none,21.31,1.0,0.0,4.42,0.509,7.97
4372,Penaeus_monodon,summer,poor,False,none,21.31,1.0,0.0,4.51,0.508,7.97
4373,Penaeus_monodon,monsoon,excellent,False,none,21.31,1.0,0.0,4.86,0.505,7.97
4374,Litopenaeus_vannamei,winter,poor,False,none,21.31,1.0,0.0,4.37,0.527,7.97
4375,Penaeus_monodon,winter,poor,False,none,21.31,1.0,0.0,4.61,0.515,7.97
4376,Penaeus_monodon,winter,good,False,none,21.31,1.0,0.0,4.25,0.512,7.97
4377,Litopenaeus_vannamei,summer,good,False,none,21.31,1.0,0.0,4.01,0.514,7.97
4378,Penaeus_monodon,winter,very_poor,False,none,21.31,1.0,0.0,4.33,0.517,7.97
4379,Penaeus_monodon,northeast,very_poor,False,none,21.31,1.0,0.0,4.52,0.52,7.97
4380,Penaeus_monodon,northeast,good,True,stratification_collapse,21.31,1.0,0.0,4.45,0.503,7.97
4381,Penaeus_monodon,monsoon,excellent,False,none,21.31,1.0,0.0,4.57,0.504,7.97
4382,Penaeus_monodon,monsoon,very_poor,True,stratification_collapse,21.31,1.0,0.0,4.44,0.53,7.97
4383,Penaeus_monodon,monsoon,poor,False,none,21.31,1.0,0.0,4.78,0.511,7.97
4384,Litopenaeus_vannamei,northeast,poor,True,stratification_collapse,21.31,1.0,0.0,4.55,0.528,7.97
4385,Penaeus_monodon,winter,excellent,True,stratification_collapse,21.31,1.0,0.0,4.54,0.505,7.97
4386,Penaeus_monodon,winter,very_poor,False,none,21.31,1.0,0.0,4.25,0.533,7.97
4387,Litopenaeus_vannamei,northeast,good,False,none,21.31,1.0,0.0,4.62,0.532,7.97
4388,Litopenaeus_vannamei,winter,poor,True,other,0.93,0.0345,1688.0,0.0,2.52,7.97
4389,Penaeus_monodon,summer,good,False,none,21.31,1.0,0.0,4.5,0.506,7.97
4390,Litopenaeus_vannamei,monsoon,poor,False,none,21.31,1.0,0.0,4.29,0.523,7.97
4391,Litopenaeus_vannamei,northeast,excellent,False,none,21.31,1.0,0.0,4.29,0.514,7.97
4392,Litopenaeus_vannamei,monsoon,good,False,none,21.31,1.0,0.0,4.45,0.51,7.97
4393,Litopenaeus_vannamei,monsoon,very_poor,False,none,21.31,1.0,0.0,4.18,0.566,7.97
4394,Litopenaeus_vannamei,summer,poor,False,none,21.31,1.0,0.0,3.66,0.525,7.97
4395,Litopenaeus_vannamei,monsoon,good,False,none,21.31,1.0,0.0,4.73,0.519,7.97
4396,Penaeus_monodon,summer,poor,True,stratification_collapse,21.31,1.0,0.0,4.51,0.515,7.97
4397,Litopenaeus_vannamei,winter,very_poor,False,none,21.31,1.0,0.0,3.66,0.568,7.97
4398,Penaeus_monodon,winter,poor,False,none,21.31,1.0,0.0,4.47,0.517,7.97
4399,Litopenaeus_vannamei,northeast,good,False,none,21.31,1.0,0.0,4.32,0.514,7.97
4400,Litopenaeus_vannamei,monsoon,good,False,none,21.31,1.0,0.0,4.72,0.511,7.97
4401,Penaeus_monodon,monsoon,excellent,True,stratification_collapse,21.31,1.0,0.0,4.71,0.507,7.97
4402,Litopenaeus_vannamei,monsoon,poor,False,none,21.31,1.0,0.0,4.56,0.526,7.97
4403,Penaeus_monodon,monsoon,poor,False,none,21.31,1.0,0.0,4.39,0.514,7.97
4404,Penaeus_monodon,winter,excellent,True,stratification_collapse,21.31,1.0,0.0,4.39,0.508,7.97
4405,Litopenaeus_vannamei,monsoon,excellent,False,none,21.31,1.0,0.0,4.6,0.527,7.97
4406,Litopenaeus_vannamei,monsoon,poor,True,stratification_collapse,21.31,1.0,0.0,4.25,0.544,7.97
4407,Penaeus_monodon,winter,poor,False,none,21.31,1.0,0.0,4.05,0.511,7.97
4408,Penaeus_monodon,summer,excellent,True,stratification_collapse,21.31,1.0,0.0,4.34,0.505,7.97
4409,Litopenaeus_vannamei,northeast,poor,True,stratification_collapse,13.84,1.0,4.0,4.63,0.521,7.97
4410,Litopenaeus_vannamei,northeast,poor,False,none,21.31,1.0,0.0,4.38,0.55,7.97
4411,Litopenaeus_vannamei,northeast,very_poor,False,none,21.31,1.0,0.0,4.27,0.54,7.97
4412,Penaeus_monodon,monsoon,very_poor,True,stratification_collapse,21.31,1.0,0.0,4.58,0.526,7.97
4413,Penaeus_monodon,monsoon,good,False,none,21.31,1.0,0.0,4.82,0.505,7.97
4414,Litopenaeus_vannamei,winter,excellent,False,none,21.31,1.0,0.0,4.21,0.515,7.97
4415,Penaeus_monodon,summer,excellent,True,stratification_collapse,21.31,1.0,0.0,4.39,0.505,7.97
4416,Penaeus_monodon,monsoon,very_poor,False,none,21.31,1.0,0.0,4.49,0.513,7.97
4417,Litopenaeus_vannamei,monsoon,good,False,none,21.31,1.0,0.0,4.8,0.514,7.97
4418,Litopenaeus_vannamei,winter,poor,False,none,21.31,1.0,0.0,4.34,0.532,7.97
4419,Penaeus_monodon,winter,excellent,False,none,21.31,1.0,0.0,4.1,0.504,7.97
4420,Penaeus_monodon,northeast,good,False,none,21.31,1.0,0.0,4.64,0.515,7.97
4421,Penaeus_monodon,monsoon,good,False,none,21.31,1.0,0.0,4.93,0.505,7.97
4422,Litopenaeus_vannamei,northeast,excellent,False,none,21.31,1.0,0.0,4.5,0.518,7.97
4423,Litopenaeus_vannamei,winter,poor,False,none,21.31,1.0,0.0,4.28,0.524,7.97
4424,Litopenaeus_vannamei,summer,good,True,sensor_fault,21.31,1.0,0.0,4.29,0.525,7.97
4425,Litopenaeus_vannamei,winter,excellent,False,none,21.31,1.0,0.0,3.98,0.515,7.97
4426,Litopenaeus_vannamei,winter,very_poor,False,none,21.31,1.0,0.0,4.31,0.546,7.97
4427,Penaeus_monodon,monsoon,very_poor,False,none,21.31,1.0,0.0,4.75,0.525,7.97
4428,Penaeus_monodon,summer,poor,False,none,21.31,1.0,0.0,4.3,0.507,7.97
4429,Litopenaeus_vannamei,monsoon,good,False,none,21.31,1.0,0.0,4.53,0.516,7.97
4430,Litopenaeus_vannamei,winter,poor,True,other,1.08,0.0409,1603.0,0.0,2.547,7.97
4431,Litopenaeus_vannamei,northeast,poor,False,none,21.31,1.0,0.0,4.15,0.533,7.97
4432,Litopenaeus_vannamei,summer,good,False,none,21.31,1.0,0.0,4.41,0.524,7.97
4433,Penaeus_monodon,northeast,very_poor,True,stratification_collapse,21.31,1.0,0.0,4.28,0.514,7.97
4434,Penaeus_monodon,summer,very_poor,False,none,21.31,1.0,0.0,4.22,0.509,7.97
4435,Penaeus_monodon,monsoon,very_poor,False,none,21.31,1.0,0.0,4.52,0.521,7.97
4436,Penaeus_monodon,winter,very_poor,False,none,21.31,1.0,0.0,4.08,0.515,7.97
4437,Litopenaeus_vannamei,northeast,good,False,none,21.31,1.0,0.0,4.39,0.534,7.97
4438,Penaeus_monodon,northeast,excellent,False,none,21.31,1.0,0.0,4.65,0.504,7.97
4439,Litopenaeus_vannamei,northeast,very_poor,True,aerator_failure,0.72,0.0267,1826.0,0.0,0.548,7.97
4440,Litopenaeus_vannamei,monsoon,excellent,False,none,21.31,1.0,0.0,4.56,0.514,7.97
4441,Penaeus_monodon,northeast,poor,False,none,21.31,1.0,0.0,4.35,0.513,7.97
4442,Litopenaeus_vannamei,monsoon,excellent,True,sensor_fault,21.31,1.0,0.0,4.49,0.508,7.97
4443,Litopenaeus_vannamei,northeast,poor,False,none,21.31,1.0,0.0,4.47,0.528,7.97
4444,Penaeus_monodon,northeast,good,False,none,21.31,1.0,0.0,4.31,0.504,7.97
4445,Litopenaeus_vannamei,winter,poor,False,none,21.31,1.0,0.0,3.77,0.548,7.97
4446,Penaeus_monodon,summer,good,False,none,21.31,1.0,0.0,3.84,0.505,7.97
4447,Penaeus_monodon,summer,good,False,none,21.31,1.0,0.0,4.31,0.508,7.97
4448,Litopenaeus_vannamei,northeast,very_poor,False,none,21.31,1.0,0.0,4.15,0.527,7.97
4449,Litopenaeus_vannamei,northeast,very_poor,False,none,21.31,1.0,0.0,4.44,0.54,7.97
4450,Penaeus_monodon,summer,very_poor,False,none,21.31,1.0,0.0,4.34,0.505,7.97
4451,Penaeus_monodon,winter,excellent,False,none,21.31,1.0,0.0,4.13,0.507,7.97
4452,Litopenaeus_vannamei,summer,poor,True,sensor_fault,21.31,1.0,0.0,3.82,0.539,7.97
4453,Litopenaeus_vannamei,northeast,excellent,False,none,21.31,1.0,0.0,4.3,0.512,7.97
4454,Litopenaeus_vannamei,monsoon,excellent,False,none,21.31,1.0,0.0,4.46,0.529,7.97
4455,Litopenaeus_vannamei,winter,very_poor,False,none,21.31,1.0,0.0,3.76,0.524,7.97
4456,Penaeus_monodon,northeast,good,False,none,21.31,1.0,0.0,4.6,0.507,7.97
4457,Litopenaeus_vannamei,monsoon,very_poor,False,none,21.31,1.0,0.0,4.18,0.549,7.97
4458,Litopenaeus_vannamei,winter,poor,False,none,21.31,1.0,0.0,4.1,0.54,7.97
4459,Litopenaeus_vannamei,winter,good,False,none,21.31,1.0,0.0,3.98,0.511,7.97
4460,Penaeus_monodon,summer,excellent,False,none,21.31,1.0,0.0,4.36,0.503,7.97
4461,Litopenaeus_vannamei,monsoon,good,False,none,21.31,1.0,0.0,4.44,0.516,7.97
4462,Litopenaeus_vannamei,winter,poor,False,none,21.31,1.0,0.0,4.17,0.527,7.97
4463,Penaeus_monodon,northeast,poor,False,none,21.31,1.0,0.0,4.55,0.527,7.97
4464,Litopenaeus_vannamei,winter,good,False,none,21.31,1.0,0.0,4.46,0.516,7.97
4465,Penaeus_monodon,winter,good,False,none,21.31,1.0,0.0,4.28,0.504,7.97
4466,Penaeus_monodon,northeast,poor,False,none,21.31,1.0,0.0,4.54,0.506,7.97
4467,Penaeus_monodon,monsoon,excellent,False,none,21.31,1.0,0.0,4.68,0.505,7.97
4468,Litopenaeus_vannamei,winter,good,False,none,21.31,1.0,0.0,4.5,0.51,7.97
4469,Penaeus_monodon,winter,good,False,none,21.31,1.0,0.0,4.37,0.513,7.97
4470,Penaeus_monodon,summer,good,False,none,21.31,1.0,0.0,4.41,0.512,7.97
4471,Penaeus_monodon,summer,excellent,False,none,21.31,1.0,0.0,3.88,0.506,7.97
4472,Penaeus_monodon,summer,excellent,False,none,21.31,1.0,0.0,4.38,0.505,7.97
4473,Penaeus_monodon,northeast,excellent,False,none,21.31,1.0,0.0,4.41,0.503,7.97
4474,Litopenaeus_vannamei,summer,very_poor,True,other,1.35,0.0517,1487.0,0.0,2.543,7.97
4475,Penaeus_monodon,summer,good,False,none,21.31,1.0,0.0,4.41,0.509,7.97
4476,Litopenaeus_vannamei,winter,very_poor,False,none,21.31,1.0,0.0,3.67,0.56,7.97
4477,Litopenaeus_vannamei,northeast,poor,False,none,21.31,1.0,0.0,4.39,0.523,7.97
4478,Litopenaeus_vannamei,monsoon,very_poor,False,none,21.31,1.0,0.0,4.56,0.529,7.97
4479,Penaeus_monodon,northeast,excellent,False,none,21.31,1.0,0.0,4.29,0.505,7.97
4480,Penaeus_monodon,winter,good,False,none,21.31,1.0,0.0,4.12,0.509,7.97
4481,Penaeus_monodon,winter,very_poor,True,stratification_collapse,21.31,1.0,0.0,3.86,0.517,7.97
4482,Penaeus_monodon,monsoon,poor,False,none,21.31,1.0,0.0,4.61,0.518,7.97
4483,Litopenaeus_vannamei,winter,good,True,stratification_collapse,21.31,1.0,0.0,3.95,0.51,7.97
4484,Penaeus_monodon,summer,very_poor,False,none,21.31,1.0,0.0,4.42,0.533,7.97
4485,Penaeus_monodon,northeast,excellent,True,stratification_collapse,21.31,1.0,0.0,4.18,0.503,7.97
4486,Penaeus_monodon,winter,very_poor,False,none,21.31,1.0,0.0,4.33,0.523,7.97
4487,Penaeus_monodon,monsoon,poor,False,none,21.31,1.0,0.0,4.69,0.515,7.97
4488,Litopenaeus_vannamei,monsoon,excellent,True,other,0.48,0.017,2043.0,0.0,2.521,7.97
4489,Penaeus_monodon,northeast,excellent,True,stratification_collapse,21.31,1.0,0.0,4.36,0.503,7.97
4490,Litopenaeus_vannamei,northeast,poor,False,none,21.31,1.0,0.0,4.23,0.56,7.97
4491,Penaeus_monodon,monsoon,poor,True,stratification_collapse,21.31,1.0,0.0,4.7,0.508,7.97
4492,Penaeus_monodon,northeast,good,True,stratification_collapse,21.31,1.0,0.0,4.71,0.505,7.97
4493,Penaeus_monodon,northeast,good,False,none,21.31,1.0,0.0,4.58,0.508,7.97
4494,Penaeus_monodon,summer,excellent,False,none,21.31,1.0,0.0,4.4,0.504,7.97
4495,Litopenaeus_vannamei,summer,poor,False,none,21.31,1.0,0.0,3.75,0.523,7.97
4496,Litopenaeus_vannamei,winter,poor,False,none,21.31,1.0,0.0,3.77,0.561,7.97
4497,Litopenaeus_vannamei,monsoon,excellent,False,none,21.31,1.0,0.0,4.81,0.514,7.97
4498,Litopenaeus_vannamei,monsoon,good,False,none,21.31,1.0,0.0,4.45,0.518,7.97
4499,Litopenaeus_vannamei,summer,good,False,none,21.31,1.0,0.0,4.29,0.518,7.97
4500,Penaeus_monodon,northeast,good,False,none,21.31,1.0,0.0,4.52,0.511,7.97
4501,Litopenaeus_vannamei,monsoon,good,False,none,21.31,1.0,0.0,4.47,0.517,7.97
4502,Penaeus_monodon,winter,good,False,none,21.31,1.0,0.0,4.39,0.503,7.97
4503,Litopenaeus_vannamei,northeast,excellent,True,sensor_fault,21.31,1.0,0.0,4.43,0.52,7.97
4504,Litopenaeus_vannamei,summer,very_poor,False,none,21.31,1.0,0.0,3.29,0.583,7.97
4505,Litopenaeus_vannamei,northeast,very_poor,False,none,21.31,1.0,0.0,4.22,0.526,7.97
4506,Penaeus_monodon,monsoon,poor,False,none,21.31,1.0,0.0,4.39,0.506,7.97
4507,Litopenaeus_vannamei,winter,very_poor,False,none,21.31,1.0,0.0,3.94,0.532,7.97
4508,Penaeus_monodon,northeast,poor,False,none,21.31,1.0,0.0,4.27,0.513,7.97
4509,Litopenaeus_vannamei,northeast,good,False,none,21.31,1.0,0.0,4.39,0.519,7.97
4510,Penaeus_monodon,monsoon,very_poor,True,stratification_collapse,21.31,1.0,0.0,4.67,0.526,7.97
4511,Litopenaeus_vannamei,monsoon,very_poor,False,none,21.31,1.0,0.0,4.68,0.521,7.97
4512,Penaeus_monodon,northeast,poor,False,none,21.31,1.0,0.0,4.56,0.51,7.97
4513,Litopenaeus_vannamei,northeast,very_poor,False,none,21.31,1.0,0.0,3.95,0.55,7.97
4514,Litopenaeus_vannamei,winter,poor,True,stratification_collapse,21.31,1.0,0.0,4.55,0.52,7.97
4515,Litopenaeus_vannamei,summer,excellent,False,none,21.31,1.0,0.0,4.37,0.523,7.97
4516,Litopenaeus_vannamei,summer,very_poor,False,none,21.31,1.0,0.0,3.8,0.548,7.97
4517,Penaeus_monodon,northeast,poor,False,none,21.31,1.0,0.0,4.72,0.509,7.97
4518,Penaeus_monodon,monsoon,excellent,False,none,21.31,1.0,0.0,4.68,0.503,7.97
4519,Penaeus_monodon,summer,very_poor,True,stratification_collapse,21.31,1.0,0.0,4.01,0.521,7.97
4520,Litopenaeus_vannamei,monsoon,good,False,none,21.31,1.0,0.0,4.81,0.513,7.97
4521,Penaeus_monodon,winter,good,True,stratification_collapse,21.31,1.0,0.0,4.06,0.509,7.97
4522,Penaeus_monodon,winter,good,False,none,21.31,1.0,0.0,4.01,0.51,7.97
4523,Litopenaeus_vannamei,northeast,poor,True,stratification_collapse,14.29,1.0,13.0,4.19,0.535,7.97
4524,Penaeus_monodon,winter,poor,False,none,21.31,1.0,0.0,4.11,0.507,7.97
4525,Litopenaeus_vannamei,summer,good,False,none,21.31,1.0,0.0,3.93,0.517,7.97
4526,Litopenaeus_vannamei,northeast,very_poor,False,none,21.31,1.0,0.0,4.44,0.524,7.97
4527,Penaeus_monodon,monsoon,excellent,False,none,21.31,1.0,0.0,4.74,0.504,7.97
4528,Litopenaeus_vannamei,northeast,poor,False,none,21.31,1.0,0.0,4.42,0.545,7.97
4529,Penaeus_monodon,monsoon,poor,False,none,21.31,1.0,0.0,4.5,0.517,7.97
4530,Litopenaeus_vannamei,monsoon,excellent,True,stratification_collapse,21.31,1.0,0.0,4.6,0.51,7.97
4531,Penaeus_monodon,northeast,good,False,none,21.31,1.0,0.0,4.71,0.515,7.97
4532,Penaeus_monodon,summer,good,False,none,21.31,1.0,0.0,3.76,0.506,7.97
4533,Litopenaeus_vannamei,monsoon,good,False,none,21.31,1.0,0.0,4.62,0.514,7.97
4534,Penaeus_monodon,monsoon,poor,False,none,21.31,1.0,0.0,4.59,0.514,7.97
4535,Litopenaeus_vannamei,summer,poor,False,none,21.31,1.0,0.0,4.23,0.538,7.97
4536,Litopenaeus_vannamei,northeast,excellent,True,sensor_fault,21.31,1.0,0.0,4.34,0.51,7.97
4537,Litopenaeus_vannamei,northeast,poor,True,stratification_collapse,13.61,1.0,2.0,4.8,0.54,7.97
4538,Litopenaeus_vannamei,northeast,very_poor,True,sensor_fault,21.31,1.0,0.0,4.32,0.537,7.97
4539,Penaeus_monodon,monsoon,very_poor,False,none,21.31,1.0,0.0,4.72,0.519,7.97
4540,Penaeus_monodon,summer,poor,False,none,21.31,1.0,0.0,3.81,0.507,7.97
4541,Penaeus_monodon,monsoon,excellent,False,none,21.31,1.0,0.0,4.48,0.513,7.97
4542,Penaeus_monodon,winter,poor,False,none,21.31,1.0,0.0,4.08,0.518,7.97
4543,Litopenaeus_vannamei,winter,good,False,none,21.31,1.0,0.0,4.5,0.51,7.97
4544,Penaeus_monodon,summer,poor,True,stratification_collapse,21.31,1.0,0.0,3.93,0.505,7.97
4545,Litopenaeus_vannamei,winter,good,False,none,21.31,1.0,0.0,3.82,0.519,7.97
4546,Penaeus_monodon,summer,poor,True,stratification_collapse,21.31,1.0,0.0,4.49,0.526,7.97
4547,Litopenaeus_vannamei,northeast,excellent,False,none,21.31,1.0,0.0,4.43,0.529,7.97
4548,Penaeus_monodon,summer,good,True,stratification_collapse,21.31,1.0,0.0,4.31,0.509,7.97
4549,Litopenaeus_vannamei,monsoon,good,False,none,21.31,1.0,0.0,4.67,0.518,7.97
4550,Litopenaeus_vannamei,northeast,excellent,False,none,21.31,1.0,0.0,4.52,0.509,7.97
4551,Litopenaeus_vannamei,monsoon,very_poor,True,stratification_collapse,21.31,1.0,0.0,4.55,0.539,7.97
4552,Litopenaeus_vannamei,northeast,excellent,False,none,21.31,1.0,0.0,4.37,0.512,7.97
4553,Litopenaeus_vannamei,monsoon,excellent,False,none,21.31,1.0,0.0,4.52,0.525,7.97
4554,Penaeus_monodon,summer,good,False,none,21.31,1.0,0.0,3.89,0.507,7.97
4555,Penaeus_monodon,winter,poor,False,none,21.31,1.0,0.0,4.29,0.517,7.97
4556,Litopenaeus_vannamei,monsoon,good,False,none,21.31,1.0,0.0,4.71,0.528,7.97
4557,Penaeus_monodon,summer,poor,False,none,21.31,1.0,0.0,4.38,0.512,7.97
4558,Penaeus_monodon,northeast,poor,False,none,21.31,1.0,0.0,4.31,0.513,7.97
4559,Penaeus_monodon,northeast,good,False,none,21.31,1.0,0.0,4.5,0.505,7.97
4560,Litopenaeus_vannamei,monsoon,poor,False,none,21.31,1.0,0.0,4.25,0.537,7.97
4561,Penaeus_monodon,winter,very_poor,False,none,21.31,1.0,0.0,4.15,0.511,7.97
4562,Penaeus_monodon,northeast,excellent,False,none,21.31,1.0,0.0,4.36,0.504,7.97
4563,Litopenaeus_vannamei,northeast,poor,False,none,21.31,1.0,0.0,4.01,0.526,7.97
4564,Penaeus_monodon,northeast,poor,False,none,21.31,1.0,0.0,4.23,0.508,7.97
4565,Litopenaeus_vannamei,monsoon,very_poor,False,none,21.31,1.0,0.0,4.28,0.565,7.97
4566,Penaeus_monodon,winter,very_poor,False,none,21.31,1.0,0.0,4.5,0.518,7.97
4567,Penaeus_monodon,northeast,excellent,True,stratification_collapse,21.31,1.0,0.0,4.67,0.507,7.97
4568,Litopenaeus_vannamei,winter,poor,False,none,21.31,1.0,0.0,4.12,0.529,7.97
4569,Litopenaeus_vannamei,winter,poor,False,none,21.31,1.0,0.0,4.21,0.526,7.97
4570,Penaeus_monodon,summer,good,False,none,21.31,1.0,0.0,4.41,0.506,7.97
4571,Penaeus_monodon,monsoon,good,False,none,21.31,1.0,0.0,4.42,0.508,7.97
4572,Litopenaeus_vannamei,northeast,excellent,False,none,21.31,1.0,0.0,4.29,0.514,7.97
4573,Penaeus_monodon,monsoon,poor,False,none,21.31,1.0,0.0,4.59,0.506,7.97
4574,Litopenaeus_vannamei,monsoon,poor,False,none,21.31,1.0,0.0,4.67,0.518,7.97
4575,Penaeus_monodon,winter,poor,True,stratification_collapse,21.31,1.0,0.0,4.31,0.511,7.97
4576,Penaeus_monodon,monsoon,excellent,True,stratification_collapse,21.31,1.0,0.0,4.78,0.502,7.97
4577,Penaeus_monodon,northeast,poor,False,none,21.31,1.0,0.0,4.39,0.511,7.97
4578,Litopenaeus_vannamei,summer,very_poor,False,none,21.31,1.0,0.0,4.3,0.539,7.97
4579,Penaeus_monodon,summer,good,False,none,21.31,1.0,0.0,4.18,0.504,7.97
4580,Litopenaeus_vannamei,summer,excellent,False,none,21.31,1.0,0.0,4.15,0.509,7.97
4581,Penaeus_monodon,monsoon,poor,False,none,21.31,1.0,0.0,4.77,0.506,7.97
4582,Litopenaeus_vannamei,winter,excellent,False,none,21.31,1.0,0.0,3.79,0.513,7.97
4583,Penaeus_monodon,northeast,excellent,False,none,21.31,1.0,0.0,4.38,0.504,7.97
4584,Litopenaeus_vannamei,winter,good,False,none,21.31,1.0,0.0,4.17,0.536,7.97
4585,Litopenaeus_vannamei,northeast,excellent,True,stratification_collapse,21.31,1.0,0.0,4.65,0.511,7.97
4586,Penaeus_monodon,winter,poor,False,none,21.31,1.0,0.0,4.07,0.511,7.97
4587,Litopenaeus_vannamei,winter,good,False,none,21.31,1.0,0.0,4.49,0.532,7.97
4588,Penaeus_monodon,summer,poor,False,none,21.31,1.0,0.0,3.79,0.511,7.97
4589,Litopenaeus_vannamei,monsoon,poor,False,none,21.31,1.0,0.0,4.41,0.543,7.97
4590,Litopenaeus_vannamei,summer,very_poor,False,none,21.31,1.0,0.0,3.77,0.524,7.97
4591,Penaeus_monodon,winter,very_poor,True,stratification_collapse,21.31,1.0,0.0,4.17,0.509,7.97
4592,Penaeus_monodon,northeast,excellent,False,none,21.31,1.0,0.0,4.55,0.507,7.97
4593,Litopenaeus_vannamei,monsoon,excellent,False,none,21.31,1.0,0.0,4.79,0.509,7.97
4594,Litopenaeus_vannamei,summer,excellent,False,none,21.31,1.0,0.0,3.86,0.51,7.97
4595,Litopenaeus_vannamei,summer,poor,True,sensor_fault,21.31,1.0,0.0,3.94,0.536,7.97
4596,Litopenaeus_vannamei,northeast,good,False,none,21.31,1.0,0.0,4.15,0.521,7.97
4597,Litopenaeus_vannamei,northeast,good,True,sensor_fault,21.31,1.0,0.0,4.05,0.52,7.97
4598,Penaeus_monodon,northeast,good,True,stratification_collapse,21.31,1.0,0.0,4.37,0.506,7.97
4599,Litopenaeus_vannamei,monsoon,poor,False,none,21.31,1.0,0.0,4.42,0.531,7.97
4600,Penaeus_monodon,monsoon,excellent,False,none,21.31,1.0,0.0,4.81,0.503,7.97
4601,Litopenaeus_vannamei,monsoon,good,False,none,21.31,1.0,0.0,4.6,0.513,7.97
4602,Litopenaeus_vannamei,monsoon,good,False,none,21.31,1.0,0.0,4.46,0.516,7.97
4603,Litopenaeus_vannamei,winter,very_poor,True,stratification_collapse,21.31,1.0,0.0,4.17,0.524,7.97
4604,Litopenaeus_vannamei,northeast,very_poor,False,none,21.31,1.0,0.0,4.49,0.545,7.97
4605,Litopenaeus_vannamei,monsoon,excellent,True,stratification_collapse,21.31,1.0,0.0,4.84,0.512,7.97
4606,Litopenaeus_vannamei,summer,good,False,none,21.31,1.0,0.0,4.23,0.52,7.97
4607,Penaeus_monodon,monsoon,very_poor,True,stratification_collapse,21.31,1.0,0.0,4.59,0.522,7.97
4608,Penaeus_monodon,winter,poor,False,none,21.31,1.0,0.0,4.04,0.51,7.97
4609,Litopenaeus_vannamei,northeast,poor,False,none,21.31,1.0,0.0,4.02,0.553,7.97
4610,Penaeus_monodon,winter,good,False,none,21.31,1.0,0.0,4.44,0.507,7.97
4611,Litopenaeus_vannamei,summer,excellent,False,none,21.31,1.0,0.0,4.27,0.516,7.97
4612,Penaeus_monodon,summer,good,True,stratification_collapse,21.31,1.0,0.0,4.33,0.515,7.97
4613,Litopenaeus_vannamei,northeast,very_poor,False,none,21.31,1.0,0.0,4.39,0.562,7.97
4614,Penaeus_monodon,northeast,poor,False,none,21.31,1.0,0.0,4.71,0.513,7.97
4615,Penaeus_monodon,northeast,poor,True,stratification_collapse,21.31,1.0,0.0,4.4,0.507,7.97
4616,Penaeus_monodon,summer,very_poor,False,none,21.31,1.0,0.0,4.08,0.51,7.97
4617,Penaeus_monodon,winter,very_poor,False,none,21.31,1.0,0.0,4.32,0.509,7.97
4618,Litopenaeus_vannamei,winter,poor,False,none,21.31,1.0,0.0,4.25,0.526,7.97
4619,Penaeus_monodon,winter,good,False,none,21.31,1.0,0.0,4.39,0.508,7.97
4620,Litopenaeus_vannamei,winter,excellent,True,stratification_collapse,21.31,1.0,0.0,4.38,0.516,7.97
4621,Litopenaeus_vannamei,monsoon,good,False,none,21.31,1.0,0.0,4.67,0.523,7.97
4622,Litopenaeus_vannamei,winter,very_poor,False,none,21.31,1.0,0.0,3.68,0.551,7.97
4623,Litopenaeus_vannamei,summer,very_poor,False,none,21.31,1.0,0.0,3.89,0.54,7.97
4624,Litopenaeus_vannamei,summer,poor,False,none,21.31,1.0,0.0,3.88,0.53,7.97
4625,Penaeus_monodon,winter,very_poor,False,none,21.31,1.0,0.0,4.07,0.517,7.97
4626,Litopenaeus_vannamei,winter,good,False,none,21.31,1.0,0.0,4.59,0.518,7.97
4627,Penaeus_monodon,winter,good,False,none,21.31,1.0,0.0,4.69,0.505,7.97
4628,Litopenaeus_vannamei,northeast,good,False,none,21.31,1.0,0.0,4.4,0.517,7.97
4629,Penaeus_monodon,northeast,very_poor,True,stratification_collapse,21.31,1.0,0.0,4.46,0.512,7.97
4630,Litopenaeus_vannamei,monsoon,very_poor,True,stratification_collapse,13.32,1.0,0.0,5.0,0.544,7.97
4631,Penaeus_monodon,winter,excellent,False,none,21.31,1.0,0.0,4.62,0.504,7.97
4632,Penaeus_monodon,summer,excellent,False,none,21.31,1.0,0.0,4.13,0.509,7.97
4633,Litopenaeus_vannamei,summer,good,False,none,21.31,1.0,0.0,4.04,0.508,7.97
4634,Litopenaeus_vannamei,monsoon,good,False,none,21.31,1.0,0.0,4.44,0.521,7.97
4635,Penaeus_monodon,winter,very_poor,False,none,21.31,1.0,0.0,4.46,0.507,7.97
4636,Penaeus_monodon,monsoon,good,False,none,21.31,1.0,0.0,4.78,0.509,7.97
4637,Penaeus_monodon,winter,poor,False,none,21.31,1.0,0.0,4.24,0.512,7.97
4638,Litopenaeus_vannamei,winter,excellent,True,other,0.43,0.015,2105.0,0.0,2.508,7.97
4639,Penaeus_monodon,monsoon,good,False,none,21.31,1.0,0.0,4.78,0.508,7.97
4640,Litopenaeus_vannamei,summer,very_poor,False,none,21.31,1.0,0.0,4.16,0.544,7.97
4641,Litopenaeus_vannamei,summer,good,True,stratification_collapse,21.31,1.0,0.0,4.24,0.524,7.97
4642,Litopenaeus_vannamei,monsoon,good,False,none,21.31,1.0,0.0,4.64,0.516,7.97
4643,Litopenaeus_vannamei,monsoon,excellent,True,aerator_failure,0.42,0.0147,2122.0,0.0,0.516,7.97
4644,Penaeus_monodon,winter,poor,False,none,21.31,1.0,0.0,4.01,0.519,7.97
4645,Litopenaeus_vannamei,summer,excellent,False,none,21.31,1.0,0.0,3.67,0.518,7.97
4646,Penaeus_monodon,summer,very_poor,False,none,21.31,1.0,0.0,4.39,0.511,7.97
4647,Litopenaeus_vannamei,winter,good,True,stratification_collapse,14.06,1.0,5.0,4.65,0.514,7.97
4648,Penaeus_monodon,summer,excellent,False,none,21.31,1.0,0.0,4.47,0.503,7.97
4649,Litopenaeus_vannamei,northeast,very_poor,False,none,21.31,1.0,0.0,3.75,0.576,7.97
4650,Penaeus_monodon,northeast,good,False,none,21.31,1.0,0.0,4.56,0.504,7.97
4651,Litopenaeus_vannamei,winter,good,False,none,21.31,1.0,0.0,4.02,0.515,7.97
4652,Litopenaeus_vannamei,monsoon,excellent,False,none,21.31,1.0,0.0,4.63,0.52,7.97
4653,Litopenaeus_vannamei,winter,excellent,False,none,21.31,1.0,0.0,4.03,0.517,7.97
4654,Penaeus_monodon,northeast,poor,False,none,21.31,1.0,0.0,4.58,0.507,7.97
4655,Penaeus_monodon,summer,good,True,stratification_collapse,21.31,1.0,0.0,4.03,0.504,7.97
4656,Penaeus_monodon,winter,very_poor,True,stratification_collapse,21.31,1.0,0.0,4.01,0.513,7.97
4657,Litopenaeus_vannamei,northeast,good,False,none,21.31,1.0,0.0,4.61,0.517,7.97
4658,Litopenaeus_vannamei,winter,very_poor,True,stratification_collapse,21.31,1.0,0.0,3.75,0.587,7.97
4659,Litopenaeus_vannamei,northeast,good,False,none,21.31,1.0,0.0,4.43,0.516,7.97
4660,Litopenaeus_vannamei,winter,poor,True,stratification_collapse,21.31,1.0,0.0,4.16,0.547,7.97
4661,Penaeus_monodon,winter,good,False,none,21.31,1.0,0.0,4.11,0.511,7.97
4662,Litopenaeus_vannamei,monsoon,good,False,none,21.31,1.0,0.0,4.83,0.513,7.97
4663,Litopenaeus_vannamei,monsoon,poor,False,none,21.31,1.0,0.0,4.55,0.524,7.97
4664,Penaeus_monodon,winter,good,False,none,21.31,1.0,0.0,4.26,0.507,7.97
4665,Penaeus_monodon,northeast,excellent,False,none,21.31,1.0,0.0,4.51,0.506,7.97
4666,Litopenaeus_vannamei,summer,good,False,none,21.31,1.0,0.0,3.83,0.518,7.97
4667,Litopenaeus_vannamei,summer,poor,True,stratification_collapse,21.31,1.0,0.0,4.32,0.536,7.97
4668,Litopenaeus_vannamei,northeast,very_poor,False,none,21.31,1.0,0.0,4.12,0.549,7.97
4669,Litopenaeus_vannamei,northeast,good,False,none,21.31,1.0,0.0,4.26,0.522,7.97
4670,Penaeus_monodon,winter,excellent,False,none,21.31,1.0,0.0,4.54,0.502,7.97
4671,Litopenaeus_vannamei,winter,excellent,True,stratification_collapse,12.68,1.0,12.0,4.44,0.509,7.97
4672,Penaeus_monodon,summer,poor,False,none,21.31,1.0,0.0,3.92,0.507,7.97
4673,Penaeus_monodon,winter,very_poor,False,none,21.31,1.0,0.0,4.3,0.522,7.97
4674,Penaeus_monodon,northeast,good,False,none,21.31,1.0,0.0,4.67,0.515,7.97
4675,Penaeus_monodon,summer,good,False,none,21.31,1.0,0.0,4.41,0.512,7.97
4676,Penaeus_monodon,summer,excellent,False,none,21.31,1.0,0.0,4.51,0.51,7.97
4677,Litopenaeus_vannamei,summer,good,False,none,21.31,1.0,0.0,4.2,0.517,7.97
4678,Penaeus_monodon,winter,poor,False,none,21.31,1.0,0.0,4.45,0.512,7.97
4679,Penaeus_monodon,monsoon,very_poor,False,none,21.31,1.0,0.0,4.75,0.514,7.97
4680,Penaeus_monodon,summer,good,False,none,21.31,1.0,0.0,4.5,0.503,7.97
4681,Litopenaeus_vannamei,winter,excellent,False,none,21.31,1.0,0.0,4.3,0.523,7.97
4682,Litopenaeus_vannamei,northeast,poor,False,none,21.31,1.0,0.0,4.31,0.535,7.97
4683,Penaeus_monodon,monsoon,very_poor,False,none,21.31,1.0,0.0,4.78,0.526,7.97
4684,Litopenaeus_vannamei,summer,poor,False,none,21.31,1.0,0.0,3.75,0.543,7.97
4685,Penaeus_monodon,monsoon,good,False,none,21.31,1.0,0.0,4.77,0.507,7.97
4686,Penaeus_monodon,monsoon,good,False,none,21.31,1.0,0.0,4.75,0.507,7.97
4687,Penaeus_monodon,northeast,poor,False,none,21.31,1.0,0.0,4.21,0.508,7.97
4688,Litopenaeus_vannamei,monsoon,excellent,False,none,21.31,1.0,0.0,4.82,0.513,7.97
4689,Penaeus_monodon,summer,excellent,False,none,21.31,1.0,0.0,4.33,0.506,7.97
4690,Litopenaeus_vannamei,winter,very_poor,True,other,0.91,0.0339,1698.0,0.0,2.542,7.97
4691,Penaeus_monodon,monsoon,poor,False,none,21.31,1.0,0.0,4.84,0.52,7.97
4692,Penaeus_monodon,monsoon,good,False,none,21.31,1.0,0.0,4.49,0.505,7.97
4693,Litopenaeus_vannamei,northeast,poor,True,stratification_collapse,21.31,1.0,0.0,4.36,0.536,7.97
4694,Litopenaeus_vannamei,northeast,excellent,False,none,21.31,1.0,0.0,4.39,0.515,7.97
4695,Penaeus_monodon,northeast,very_poor,False,none,21.31,1.0,0.0,4.26,0.522,7.97
4696,Penaeus_monodon,summer,poor,False,none,21.31,1.0,0.0,4.02,0.515,7.97
4697,Litopenaeus_vannamei,monsoon,good,True,stratification_collapse,21.31,1.0,0.0,4.56,0.529,7.97
4698,Penaeus_monodon,winter,good,False,none,21.31,1.0,0.0,4.09,0.511,7.97
4699,Penaeus_monodon,winter,very_poor,False,none,21.31,1.0,0.0,4.41,0.509,7.97
4700,Litopenaeus_vannamei,northeast,very_poor,False,none,21.31,1.0,0.0,3.93,0.565,7.97
4701,Penaeus_monodon,northeast,poor,False,none,21.31,1.0,0.0,4.47,0.508,7.97
4702,Penaeus_monodon,summer,very_poor,False,none,21.31,1.0,0.0,4.2,0.517,7.97
4703,Penaeus_monodon,northeast,good,False,none,21.31,1.0,0.0,4.51,0.51,7.97
4704,Penaeus_monodon,summer,poor,False,none,21.31,1.0,0.0,4.5,0.51,7.97
4705,Penaeus_monodon,winter,excellent,False,none,21.31,1.0,0.0,4.35,0.508,7.97
4706,Penaeus_monodon,monsoon,poor,True,stratification_collapse,21.31,1.0,0.0,4.39,0.508,7.97
4707,Litopenaeus_vannamei,monsoon,good,False,none,21.31,1.0,0.0,4.64,0.535,7.97
4708,Penaeus_monodon,winter,very_poor,True,stratification_collapse,21.31,1.0,0.0,4.38,0.511,7.97
4709,Litopenaeus_vannamei,monsoon,excellent,False,none,21.31,1.0,0.0,4.8,0.517,7.97
4710,Litopenaeus_vannamei,winter,good,False,none,21.31,1.0,0.0,4.38,0.52,7.97
4711,Litopenaeus_vannamei,winter,excellent,False,none,21.31,1.0,0.0,4.18,0.515,7.97
4712,Penaeus_monodon,summer,poor,False,none,21.31,1.0,0.0,4.24,0.518,7.97
4713,Litopenaeus_vannamei,monsoon,good,False,none,21.31,1.0,0.0,4.52,0.512,7.97
4714,Litopenaeus_vannamei,winter,good,False,none,21.31,1.0,0.0,4.08,0.517,7.97
4715,Litopenaeus_vannamei,northeast,poor,False,none,21.31,1.0,0.0,4.08,0.532,7.97
4716,Penaeus_monodon,monsoon,good,False,none,21.31,1.0,0.0,4.84,0.507,7.97
4717,Penaeus_monodon,northeast,excellent,True,stratification_collapse,21.31,1.0,0.0,4.49,0.503,7.97
4718,Litopenaeus_vannamei,monsoon,good,True,sensor_fault,21.31,1.0,0.0,4.65,0.516,7.97
4719,Penaeus_monodon,summer,excellent,False,none,21.31,1.0,0.0,4.09,0.512,7.97
4720,Litopenaeus_vannamei,summer,excellent,False,none,21.31,1.0,0.0,4.24,0.513,7.97
4721,Penaeus_monodon,monsoon,poor,False,none,21.31,1.0,0.0,4.79,0.506,7.97
4722,Litopenaeus_vannamei,summer,excellent,False,none,21.31,1.0,0.0,3.77,0.51,7.97
4723,Penaeus_monodon,winter,poor,False,none,21.31,1.0,0.0,4.46,0.516,7.97
4724,Litopenaeus_vannamei,northeast,poor,True,sensor_fault,21.31,1.0,0.0,4.6,0.531,7.97
4725,Penaeus_monodon,monsoon,good,False,none,21.31,1.0,0.0,4.65,0.505,7.97
4726,Penaeus_monodon,summer,good,True,stratification_collapse,21.31,1.0,0.0,3.99,0.509,7.97
4727,Penaeus_monodon,winter,very_poor,False,none,21.31,1.0,0.0,3.89,0.515,7.97
4728,Litopenaeus_vannamei,monsoon,excellent,True,stratification_collapse,21.31,1.0,0.0,4.56,0.525,7.97
4729,Litopenaeus_vannamei,summer,very_poor,False,none,21.31,1.0,0.0,3.4,0.573,7.97
4730,Penaeus_monodon,northeast,good,False,none,21.31,1.0,0.0,4.51,0.507,7.97
4731,Penaeus_monodon,summer,poor,False,none,21.31,1.0,0.0,4.03,0.511,7.97
4732,Litopenaeus_vannamei,winter,excellent,False,none,21.31,1.0,0.0,4.49,0.51,7.97
4733,Litopenaeus_vannamei,summer,poor,False,none,21.31,1.0,0.0,4.09,0.512,7.97
4734,Penaeus_monodon,winter,excellent,False,none,21.31,1.0,0.0,4.51,0.511,7.97
4735,Penaeus_monodon,summer,excellent,False,none,21.31,1.0,0.0,4.37,0.511,7.97
4736,Litopenaeus_vannamei,summer,excellent,False,none,21.31,1.0,0.0,4.38,0.531,7.97
4737,Penaeus_monodon,monsoon,very_poor,False,none,21.31,1.0,0.0,4.75,0.512,7.97
4738,Penaeus_monodon,northeast,poor,True,stratification_collapse,21.31,1.0,0.0,4.51,0.511,7.97
4739,Litopenaeus_vannamei,northeast,good,False,none,21.31,1.0,0.0,4.44,0.522,7.97
4740,Litopenaeus_vannamei,winter,excellent,True,aerator_failure,1.3,0.0504,1511.0,0.0,0.517,7.97
4741,Litopenaeus_vannamei,monsoon,poor,False,none,21.31,1.0,0.0,4.16,0.546,7.97
4742,Litopenaeus_vannamei,summer,good,False,none,21.31,1.0,0.0,4.0,0.526,7.97
4743,Penaeus_monodon,monsoon,good,False,none,21.31,1.0,0.0,4.74,0.507,7.97
4744,Litopenaeus_vannamei,northeast,excellent,False,none,21.31,1.0,0.0,4.57,0.523,7.97
4745,Penaeus_monodon,northeast,excellent,False,none,21.31,1.0,0.0,4.37,0.503,7.97
4746,Penaeus_monodon,summer,good,False,none,21.31,1.0,0.0,4.61,0.505,7.97
4747,Litopenaeus_vannamei,winter,poor,True,stratification_collapse,21.31,1.0,0.0,3.85,0.527,7.97
4748,Litopenaeus_vannamei,summer,excellent,False,none,21.31,1.0,0.0,3.85,0.513,7.97
4749,Penaeus_monodon,summer,good,False,none,21.31,1.0,0.0,4.14,0.504,7.97
4750,Litopenaeus_vannamei,monsoon,poor,False,none,21.31,1.0,0.0,4.77,0.523,7.97
4751,Penaeus_monodon,summer,good,True,stratification_collapse,21.31,1.0,0.0,3.87,0.506,7.97
4752,Penaeus_monodon,summer,excellent,False,none,21.31,1.0,0.0,3.92,0.503,7.97
4753,Penaeus_monodon,monsoon,good,False,none,21.31,1.0,0.0,4.79,0.509,7.97
4754,Penaeus_monodon,summer,good,True,stratification_collapse,21.31,1.0,0.0,4.51,0.509,7.97
4755,Litopenaeus_vannamei,monsoon,good,False,none,21.31,1.0,0.0,4.72,0.518,7.97
4756,Penaeus_monodon,winter,good,False,none,21.31,1.0,0.0,4.37,0.505,7.97
4757,Litopenaeus_vannamei,summer,very_poor,False,none,21.31,1.0,0.0,4.05,0.579,7.97
4758,Penaeus_monodon,winter,very_poor,False,none,21.31,1.0,0.0,4.18,0.509,7.97
4759,Litopenaeus_vannamei,winter,poor,False,none,21.31,1.0,0.0,4.32,0.529,7.97
4760,Litopenaeus_vannamei,northeast,excellent,True,stratification_collapse,21.31,1.0,0.0,4.27,0.514,7.97
4761,Litopenaeus_vannamei,monsoon,very_poor,True,stratification_collapse,21.31,1.0,0.0,4.37,0.553,7.97
4762,Penaeus_monodon,northeast,excellent,False,none,21.31,1.0,0.0,4.29,0.506,7.97
4763,Litopenaeus_vannamei,summer,very_poor,True,sensor_fault,21.31,1.0,0.0,4.13,0.536,7.97
4764,Litopenaeus_vannamei,winter,poor,False,none,21.31,1.0,0.0,3.86,0.563,7.97
4765,Penaeus_monodon,summer,very_poor,True,stratification_collapse,21.31,1.0,0.0,3.74,0.519,7.97
4766,Litopenaeus_vannamei,monsoon,excellent,False,none,21.31,1.0,0.0,4.44,0.509,7.97
4767,Litopenaeus_vannamei,summer,excellent,False,none,21.31,1.0,0.0,4.21,0.514,7.97
4768,Penaeus_monodon,northeast,very_poor,False,none,21.31,1.0,0.0,4.29,0.516,7.97
4769,Litopenaeus_vannamei,monsoon,good,False,none,21.31,1.0,0.0,4.53,0.52,7.97
4770,Litopenaeus_vannamei,winter,good,False,none,21.31,1.0,0.0,3.99,0.521,7.97
4771,Penaeus_monodon,monsoon,very_poor,False,none,21.31,1.0,0.0,4.6,0.51,7.97
4772,Litopenaeus_vannamei,winter,excellent,False,none,21.31,1.0,0.0,4.29,0.517,7.97
4773,Litopenaeus_vannamei,summer,excellent,False,none,21.31,1.0,0.0,4.34,0.514,7.97
4774,Litopenaeus_vannamei,winter,excellent,False,none,21.31,1.0,0.0,4.55,0.516,7.97
4775,Litopenaeus_vannamei,winter,very_poor,False,none,21.31,1.0,0.0,4.29,0.553,7.97
4776,Penaeus_monodon,monsoon,poor,False,none,21.31,1.0,0.0,4.83,0.514,7.97
4777,Litopenaeus_vannamei,winter,very_poor,False,none,21.31,1.0,0.0,4.17,0.541,7.97
4778,Penaeus_monodon,monsoon,very_poor,True,stratification_collapse,21.31,1.0,0.0,4.7,0.516,7.97
4779,Penaeus_monodon,summer,good,False,none,21.31,1.0,0.0,4.35,0.506,7.97
4780,Penaeus_monodon,monsoon,poor,False,none,21.31,1.0,0.0,4.61,0.517,7.97
4781,Litopenaeus_vannamei,winter,poor,False,none,21.31,1.0,0.0,4.3,0.53,7.97
4782,Penaeus_monodon,winter,poor,False,none,21.31,1.0,0.0,4.1,0.506,7.97
4783,Litopenaeus_vannamei,summer,poor,False,none,21.31,1.0,0.0,4.29,0.52,7.97
4784,Penaeus_monodon,winter,very_poor,False,none,21.31,1.0,0.0,4.26,0.512,7.97
4785,Litopenaeus_vannamei,monsoon,very_poor,False,none,21.31,1.0,0.0,4.29,0.555,7.97
4786,Penaeus_monodon,winter,excellent,False,none,21.31,1.0,0.0,4.27,0.506,7.97
4787,Litopenaeus_vannamei,northeast,excellent,False,none,21.31,1.0,0.0,4.53,0.513,7.97
4788,Litopenaeus_vannamei,winter,good,False,none,21.31,1.0,0.0,4.25,0.518,7.97
4789,Litopenaeus_vannamei,summer,poor,False,none,21.31,1.0,0.0,4.06,0.56,7.97
4790,Litopenaeus_vannamei,summer,poor,True,stratification_collapse,21.31,1.0,0.0,4.04,0.537,7.97
4791,Penaeus_monodon,winter,good,False,none,21.31,1.0,0.0,4.07,0.509,7.97
4792,Penaeus_monodon,northeast,excellent,False,none,21.31,1.0,0.0,4.38,0.508,7.97
4793,Litopenaeus_vannamei,winter,very_poor,True,other,0.79,0.0291,1772.0,0.0,2.542,7.97
4794,Litopenaeus_vannamei,summer,poor,True,stratification_collapse,21.31,1.0,0.0,3.6,0.522,7.97
4795,Litopenaeus_vannamei,winter,very_poor,True,stratification_collapse,14.0,1.0,16.0,3.91,0.546,7.97
4796,Litopenaeus_vannamei,winter,poor,True,stratification_collapse,21.31,1.0,0.0,4.4,0.543,7.97
4797,Litopenaeus_vannamei,monsoon,excellent,True,sensor_fault,21.31,1.0,0.0,4.73,0.519,7.97
4798,Penaeus_monodon,monsoon,poor,True,stratification_collapse,21.31,1.0,0.0,4.57,0.526,7.97
4799,Penaeus_monodon,monsoon,poor,False,none,21.31,1.0,0.0,4.79,0.515,7.97
4800,Penaeus_monodon,monsoon,poor,False,none,21.31,1.0,0.0,4.53,0.509,7.97
4801,Penaeus_monodon,northeast,excellent,False,none,21.31,1.0,0.0,4.31,0.503,7.97
4802,Litopenaeus_vannamei,monsoon,very_poor,True,stratification_collapse,21.31,1.0,0.0,4.27,0.553,7.97
4803,Penaeus_monodon,northeast,very_poor,False,none,21.31,1.0,0.0,4.43,0.512,7.97
4804,Litopenaeus_vannamei,winter,good,False,none,21.31,1.0,0.0,4.45,0.515,7.97
4805,Litopenaeus_vannamei,northeast,excellent,True,sensor_fault,21.31,1.0,0.0,4.46,0.517,7.97
4806,Penaeus_monodon,northeast,poor,False,none,21.31,1.0,0.0,4.75,0.506,7.97
4807,Litopenaeus_vannamei,winter,good,True,stratification_collapse,21.31,1.0,0.0,4.48,0.515,7.97
4808,Penaeus_monodon,summer,poor,False,none,21.31,1.0,0.0,4.41,0.51,7.97
4809,Penaeus_monodon,summer,poor,False,none,21.31,1.0,0.0,4.3,0.52,7.97
4810,Penaeus_monodon,northeast,poor,False,none,21.31,1.0,0.0,4.71,0.514,7.97
4811,Penaeus_monodon,winter,poor,False,none,21.31,1.0,0.0,4.33,0.508,7.97
4812,Litopenaeus_vannamei,summer,very_poor,False,none,21.31,1.0,0.0,3.52,0.529,7.97
4813,Penaeus_monodon,northeast,poor,False,none,21.31,1.0,0.0,4.66,0.51,7.97
4814,Litopenaeus_vannamei,winter,good,False,none,21.31,1.0,0.0,4.49,0.53,7.97
4815,Penaeus_monodon,winter,very_poor,False,none,21.31,1.0,0.0,4.32,0.51,7.97
4816,Penaeus_monodon,winter,very_poor,False,none,21.31,1.0,0.0,4.26,0.515,7.97
4817,Litopenaeus_vannamei,monsoon,excellent,False,none,21.31,1.0,0.0,4.41,0.516,7.97
4818,Penaeus_monodon,summer,poor,False,none,21.31,1.0,0.0,4.41,0.508,7.97
4819,Penaeus_monodon,summer,good,False,none,21.31,1.0,0.0,4.44,0.507,7.97
4820,Litopenaeus_vannamei,summer,poor,False,none,21.31,1.0,0.0,3.86,0.53,7.97
4821,Penaeus_monodon,winter,poor,True,stratification_collapse,21.31,1.0,0.0,4.26,0.505,7.97
4822,Penaeus_monodon,summer,excellent,False,none,21.31,1.0,0.0,3.86,0.507,7.97
4823,Litopenaeus_vannamei,monsoon,excellent,True,stratification_collapse,21.31,1.0,0.0,4.73,0.508,7.97
4824,Penaeus_monodon,northeast,very_poor,False,none,21.31,1.0,0.0,4.74,0.514,7.97
4825,Penaeus_monodon,winter,excellent,True,stratification_collapse,21.31,1.0,0.0,4.52,0.508,7.97
4826,Penaeus_monodon,monsoon,good,False,none,21.31,1.0,0.0,4.81,0.503,7.97
4827,Litopenaeus_vannamei,monsoon,good,False,none,21.31,1.0,0.0,4.71,0.514,7.97
4828,Penaeus_monodon,northeast,good,False,none,21.31,1.0,0.0,4.47,0.505,7.97
4829,Litopenaeus_vannamei,monsoon,excellent,False,none,21.31,1.0,0.0,4.5,0.511,7.97
4830,Litopenaeus_vannamei,summer,poor,False,none,21.31,1.0,0.0,3.97,0.529,7.97
4831,Litopenaeus_vannamei,monsoon,excellent,True,stratification_collapse,21.31,1.0,0.0,4.8,0.51,7.97
4832,Litopenaeus_vannamei,monsoon,excellent,False,none,21.31,1.0,0.0,4.56,0.512,7.97
4833,Penaeus_monodon,northeast,excellent,False,none,21.31,1.0,0.0,4.52,0.509,7.97
4834,Penaeus_monodon,northeast,very_poor,True,stratification_collapse,21.31,1.0,0.0,4.26,0.536,7.97
4835,Penaeus_monodon,summer,excellent,False,none,21.31,1.0,0.0,4.44,0.503,7.97
4836,Penaeus_monodon,monsoon,poor,False,none,21.31,1.0,0.0,4.79,0.512,7.97
4837,Litopenaeus_vannamei,summer,excellent,False,none,21.31,1.0,0.0,4.33,0.527,7.97
4838,Penaeus_monodon,monsoon,excellent,False,none,21.31,1.0,0.0,4.86,0.504,7.97
4839,Litopenaeus_vannamei,winter,excellent,True,sensor_fault,21.31,1.0,0.0,4.37,0.516,7.97
4840,Penaeus_monodon,northeast,excellent,False,none,21.31,1.0,0.0,4.62,0.507,7.97
4841,Litopenaeus_vannamei,winter,very_poor,False,none,21.31,1.0,0.0,4.23,0.521,7.97
4842,Litopenaeus_vannamei,winter,good,False,none,21.31,1.0,0.0,4.25,0.519,7.97
4843,Litopenaeus_vannamei,northeast,excellent,False,none,21.31,1.0,0.0,4.6,0.511,7.97
4844,Litopenaeus_vannamei,northeast,good,True,stratification_collapse,21.31,1.0,0.0,4.25,0.527,7.97
4845,Penaeus_monodon,monsoon,good,False,none,21.31,1.0,0.0,4.86,0.516,7.97
4846,Penaeus_monodon,winter,poor,True,stratification_collapse,21.31,1.0,0.0,4.64,0.514,7.97
4847,Penaeus_monodon,monsoon,very_poor,True,stratification_collapse,21.31,1.0,0.0,4.41,0.522,7.97
4848,Penaeus_monodon,northeast,poor,False,none,21.31,1.0,0.0,4.61,0.511,7.97
4849,Litopenaeus_vannamei,winter,poor,False,none,21.31,1.0,0.0,3.68,0.529,7.97
4850,Litopenaeus_vannamei,monsoon,very_poor,True,stratification_collapse,21.31,1.0,0.0,4.49,0.534,7.97
4851,Penaeus_monodon,monsoon,very_poor,False,none,21.31,1.0,0.0,4.29,0.518,7.97
4852,Litopenaeus_vannamei,northeast,good,False,none,21.31,1.0,0.0,4.39,0.531,7.97
4853,Penaeus_monodon,monsoon,good,True,stratification_collapse,21.31,1.0,0.0,4.52,0.506,7.97
4854,Penaeus_monodon,summer,very_poor,False,none,21.31,1.0,0.0,4.43,0.515,7.97
4855,Litopenaeus_vannamei,monsoon,very_poor,False,none,21.31,1.0,0.0,4.21,0.553,7.97
4856,Penaeus_monodon,winter,good,True,stratification_collapse,21.31,1.0,0.0,4.63,0.507,7.97
4857,Litopenaeus_vannamei,summer,excellent,False,none,21.31,1.0,0.0,4.49,0.507,7.97
4858,Litopenaeus_vannamei,northeast,excellent,False,none,21.31,1.0,0.0,4.36,0.517,7.97
4859,Litopenaeus_vannamei,northeast,poor,False,none,21.31,1.0,0.0,4.43,0.544,7.97
4860,Penaeus_monodon,winter,very_poor,False,none,21.31,1.0,0.0,4.28,0.515,7.97
4861,Penaeus_monodon,monsoon,very_poor,False,none,21.31,1.0,0.0,4.38,0.518,7.97
4862,Litopenaeus_vannamei,summer,excellent,False,none,21.31,1.0,0.0,4.17,0.514,7.97
4863,Penaeus_monodon,northeast,very_poor,False,none,21.31,1.0,0.0,4.26,0.515,7.97
4864,Litopenaeus_vannamei,winter,poor,False,none,21.31,1.0,0.0,4.42,0.523,7.97
4865,Litopenaeus_vannamei,summer,excellent,False,none,21.31,1.0,0.0,4.41,0.512,7.97
4866,Litopenaeus_vannamei,winter,very_poor,False,none,21.31,1.0,0.0,4.01,0.555,7.97
4867,Penaeus_monodon,monsoon,very_poor,False,none,21.31,1.0,0.0,4.49,0.52,7.97
4868,Litopenaeus_vannamei,monsoon,very_poor,False,none,21.31,1.0,0.0,4.34,0.558,7.97
4869,Litopenaeus_vannamei,northeast,good,False,none,21.31,1.0,0.0,4.69,0.515,7.97
4870,Penaeus_monodon,monsoon,excellent,False,none,21.31,1.0,0.0,4.45,0.502,7.97
4871,Penaeus_monodon,winter,poor,False,none,21.31,1.0,0.0,4.15,0.505,7.97
4872,Penaeus_monodon,summer,excellent,True,stratification_collapse,21.31,1.0,0.0,4.28,0.503,7.97
4873,Penaeus_monodon,monsoon,excellent,False,none,21.31,1.0,0.0,4.74,0.504,7.97
4874,Litopenaeus_vannamei,monsoon,very_poor,False,none,21.31,1.0,0.0,4.49,0.555,7.97
4875,Penaeus_monodon,winter,excellent,True,stratification_collapse,21.31,1.0,0.0,4.62,0.507,7.97
4876,Penaeus_monodon,summer,excellent,False,none,21.31,1.0,0.0,3.99,0.505,7.97
4877,Litopenaeus_vannamei,monsoon,excellent,False,none,21.31,1.0,0.0,4.41,0.508,7.97
4878,Penaeus_monodon,northeast,poor,False,none,21.31,1.0,0.0,4.46,0.514,7.97
4879,Penaeus_monodon,summer,very_poor,False,none,21.31,1.0,0.0,3.76,0.515,7.97
4880,Litopenaeus_vannamei,winter,excellent,True,stratification_collapse,21.31,1.0,0.0,4.17,0.512,7.97
4881,Litopenaeus_vannamei,summer,excellent,False,none,21.31,1.0,0.0,4.0,0.51,7.97
4882,Penaeus_monodon,monsoon,good,False,none,21.31,1.0,0.0,4.83,0.507,7.97
4883,Penaeus_monodon,monsoon,excellent,True,stratification_collapse,21.31,1.0,0.0,4.84,0.503,7.97
4884,Litopenaeus_vannamei,northeast,good,False,none,21.31,1.0,0.0,4.26,0.527,7.97
4885,Litopenaeus_vannamei,northeast,good,False,none,21.31,1.0,0.0,4.22,0.517,7.97
4886,Penaeus_monodon,winter,poor,False,none,21.31,1.0,0.0,4.56,0.508,7.97
4887,Penaeus_monodon,northeast,good,False,none,21.31,1.0,0.0,4.77,0.508,7.97
4888,Penaeus_monodon,northeast,excellent,False,none,21.31,1.0,0.0,4.25,0.505,7.97
4889,Litopenaeus_vannamei,monsoon,excellent,False,none,21.31,1.0,0.0,4.69,0.516,7.97
4890,Penaeus_monodon,summer,good,False,none,21.31,1.0,0.0,4.48,0.508,7.97
4891,Penaeus_monodon,monsoon,poor,False,none,21.31,1.0,0.0,4.75,0.512,7.97
4892,Penaeus_monodon,summer,very_poor,False,none,21.31,1.0,0.0,3.86,0.516,7.97
4893,Litopenaeus_vannamei,summer,very_poor,False,none,21.31,1.0,0.0,4.22,0.538,7.97
4894,Litopenaeus_vannamei,summer,very_poor,False,none,21.31,1.0,0.0,4.01,0.548,7.97
4895,Penaeus_monodon,northeast,good,True,stratification_collapse,21.31,1.0,0.0,4.24,0.503,7.97
4896,Penaeus_monodon,northeast,excellent,True,stratification_collapse,21.31,1.0,0.0,4.27,0.503,7.97
4897,Penaeus_monodon,monsoon,very_poor,False,none,21.31,1.0,0.0,4.87,0.511,7.97
4898,Penaeus_monodon,summer,excellent,False,none,21.31,1.0,0.0,4.49,0.508,7.97
4899,Penaeus_monodon,summer,good,False,none,21.31,1.0,0.0,4.08,0.505,7.97
4900,Penaeus_monodon,northeast,very_poor,True,stratification_collapse,21.31,1.0,0.0,4.16,0.527,7.97
4901,Penaeus_monodon,northeast,very_poor,False,none,21.31,1.0,0.0,4.18,0.515,7.97
4902,Litopenaeus_vannamei,winter,good,False,none,21.31,1.0,0.0,4.25,0.534,7.97
4903,Litopenaeus_vannamei,summer,very_poor,False,none,21.31,1.0,0.0,4.2,0.54,7.97
4904,Penaeus_monodon,summer,very_poor,False,none,21.31,1.0,0.0,4.33,0.507,7.97
4905,Litopenaeus_vannamei,monsoon,very_poor,True,aerator_failure,0.6,0.0217,1927.0,0.0,0.569,7.97
4906,Litopenaeus_vannamei,northeast,excellent,False,none,21.31,1.0,0.0,4.27,0.519,7.97
4907,Litopenaeus_vannamei,northeast,excellent,False,none,21.31,1.0,0.0,4.66,0.514,7.97
4908,Litopenaeus_vannamei,summer,excellent,False,none,21.31,1.0,0.0,3.94,0.514,7.97
4909,Penaeus_monodon,winter,good,False,none,21.31,1.0,0.0,4.35,0.51,7.97
4910,Litopenaeus_vannamei,winter,poor,False,none,21.31,1.0,0.0,4.0,0.513,7.97
4911,Penaeus_monodon,summer,excellent,False,none,21.31,1.0,0.0,4.22,0.507,7.97
4912,Litopenaeus_vannamei,winter,good,False,none,21.31,1.0,0.0,4.47,0.534,7.97
4913,Penaeus_monodon,winter,very_poor,False,none,21.31,1.0,0.0,4.18,0.536,7.97
4914,Litopenaeus_vannamei,summer,very_poor,True,stratification_collapse,21.31,1.0,0.0,3.79,0.562,7.97
4915,Penaeus_monodon,winter,poor,False,none,21.31,1.0,0.0,4.36,0.505,7.97
4916,Penaeus_monodon,summer,good,False,none,21.31,1.0,0.0,4.3,0.506,7.97
4917,Penaeus_monodon,northeast,poor,True,stratification_collapse,21.31,1.0,0.0,4.55,0.506,7.97
4918,Penaeus_monodon,monsoon,poor,False,none,21.31,1.0,0.0,4.71,0.516,7.97
4919,Litopenaeus_vannamei,summer,good,False,none,21.31,1.0,0.0,4.28,0.511,7.97
4920,Litopenaeus_vannamei,northeast,good,False,none,21.31,1.0,0.0,4.59,0.526,7.97
4921,Penaeus_monodon,winter,very_poor,False,none,21.31,1.0,0.0,3.91,0.508,7.97
4922,Penaeus_monodon,summer,very_poor,False,none,21.31,1.0,0.0,4.43,0.509,7.97
4923,Litopenaeus_vannamei,summer,poor,False,none,21.31,1.0,0.0,3.74,0.518,7.97
4924,Litopenaeus_vannamei,monsoon,very_poor,False,none,21.31,1.0,0.0,4.62,0.533,7.97
4925,Litopenaeus_vannamei,summer,poor,False,none,21.31,1.0,0.0,4.07,0.563,7.97
4926,Penaeus_monodon,winter,very_poor,False,none,21.31,1.0,0.0,4.2,0.527,7.97
4927,Litopenaeus_vannamei,summer,good,False,none,21.31,1.0,0.0,4.41,0.527,7.97
4928,Penaeus_monodon,monsoon,good,False,none,21.31,1.0,0.0,4.34,0.503,7.97
4929,Litopenaeus_vannamei,monsoon,excellent,False,none,21.31,1.0,0.0,4.76,0.519,7.97
4930,Litopenaeus_vannamei,northeast,poor,False,none,21.31,1.0,0.0,4.24,0.532,7.97
4931,Penaeus_monodon,northeast,poor,False,none,21.31,1.0,0.0,4.27,0.515,7.97
4932,Penaeus_monodon,summer,excellent,True,stratification_collapse,21.31,1.0,0.0,4.08,0.506,7.97
4933,Penaeus_monodon,winter,poor,False,none,21.31,1.0,0.0,4.39,0.52,7.97
4934,Penaeus_monodon,monsoon,good,True,stratification_collapse,21.31,1.0,0.0,4.88,0.507,7.97
4935,Litopenaeus_vannamei,monsoon,good,False,none,21.31,1.0,0.0,4.33,0.519,7.97
4936,Penaeus_monodon,winter,poor,False,none,21.31,1.0,0.0,4.39,0.506,7.97
4937,Litopenaeus_vannamei,northeast,excellent,False,none,21.31,1.0,0.0,4.42,0.514,7.97
4938,Penaeus_monodon,monsoon,very_poor,True,stratification_collapse,21.31,1.0,0.0,4.87,0.508,7.97
4939,Litopenaeus_vannamei,summer,poor,False,none,21.31,1.0,0.0,3.69,0.538,7.97
4940,Penaeus_monodon,summer,poor,False,none,21.31,1.0,0.0,3.88,0.504,7.97
4941,Litopenaeus_vannamei,monsoon,very_poor,False,none,21.31,1.0,0.0,4.52,0.537,7.97
4942,Litopenaeus_vannamei,northeast,good,False,none,21.31,1.0,0.0,4.4,0.52,7.97
4943,Litopenaeus_vannamei,monsoon,poor,False,none,21.31,1.0,0.0,4.68,0.516,7.97
4944,Penaeus_monodon,northeast,poor,False,none,21.31,1.0,0.0,4.35,0.51,7.97
4945,Penaeus_monodon,winter,good,True,stratification_collapse,21.31,1.0,0.0,4.42,0.503,7.97
4946,Penaeus_monodon,monsoon,excellent,False,none,21.31,1.0,0.0,4.37,0.505,7.97
4947,Penaeus_monodon,summer,poor,False,none,21.31,1.0,0.0,4.2,0.51,7.97
4948,Litopenaeus_vannamei,winter,poor,False,none,21.31,1.0,0.0,4.2,0.533,7.97
4949,Penaeus_monodon,winter,excellent,False,none,21.31,1.0,0.0,3.93,0.503,7.97
4950,Litopenaeus_vannamei,winter,good,False,none,21.31,1.0,0.0,4.48,0.529,7.97
4951,Penaeus_monodon,summer,poor,True,stratification_collapse,21.31,1.0,0.0,4.41,0.513,7.97
4952,Penaeus_monodon,summer,poor,False,none,21.31,1.0,0.0,3.78,0.515,7.97
4953,Penaeus_monodon,northeast,very_poor,False,none,21.31,1.0,0.0,4.54,0.515,7.97
4954,Penaeus_monodon,northeast,poor,False,none,21.31,1.0,0.0,4.34,0.52,7.97
4955,Litopenaeus_vannamei,monsoon,very_poor,True,stratification_collapse,21.31,1.0,0.0,4.49,0.52,7.97
4956,Penaeus_monodon,monsoon,excellent,True,stratification_collapse,21.31,1.0,0.0,4.68,0.506,7.97
4957,Penaeus_monodon,summer,very_poor,False,none,21.31,1.0,0.0,4.46,0.507,7.97
4958,Litopenaeus_vannamei,winter,excellent,False,none,21.31,1.0,0.0,4.4,0.511,7.97
4959,Penaeus_monodon,monsoon,good,True,stratification_collapse,21.31,1.0,0.0,4.76,0.508,7.97
4960,Penaeus_monodon,monsoon,poor,False,none,21.31,1.0,0.0,4.59,0.506,7.97
4961,Penaeus_monodon,summer,excellent,False,none,21.31,1.0,0.0,4.48,0.506,7.97
4962,Penaeus_monodon,monsoon,good,False,none,21.31,1.0,0.0,4.54,0.507,7.97
4963,Litopenaeus_vannamei,monsoon,excellent,False,none,21.31,1.0,0.0,4.66,0.512,7.97
4964,Litopenaeus_vannamei,monsoon,very_poor,True,stratification_collapse,14.06,1.0,2.0,4.88,0.551,7.97
4965,Penaeus_monodon,summer,good,False,none,21.31,1.0,0.0,4.53,0.513,7.97
4966,Penaeus_monodon,summer,good,False,none,21.31,1.0,0.0,3.78,0.504,7.97
4967,Penaeus_monodon,winter,good,False,none,21.31,1.0,0.0,4.45,0.51,7.97
4968,Penaeus_monodon,monsoon,poor,False,none,21.31,1.0,0.0,4.64,0.513,7.97
4969,Litopenaeus_vannamei,northeast,excellent,True,stratification_collapse,21.31,1.0,0.0,4.58,0.519,7.97
4970,Penaeus_monodon,monsoon,good,False,none,21.31,1.0,0.0,4.64,0.503,7.97
4971,Penaeus_monodon,summer,poor,False,none,21.31,1.0,0.0,4.48,0.519,7.97
4972,Litopenaeus_vannamei,winter,poor,False,none,21.31,1.0,0.0,4.01,0.551,7.97
4973,Litopenaeus_vannamei,winter,good,True,stratification_collapse,21.31,1.0,0.0,4.21,0.536,7.97
4974,Penaeus_monodon,monsoon,good,False,none,21.31,1.0,0.0,4.56,0.513,7.97
4975,Litopenaeus_vannamei,summer,poor,False,none,21.31,1.0,0.0,4.01,0.559,7.97
4976,Penaeus_monodon,northeast,poor,True,stratification_collapse,21.31,1.0,0.0,4.55,0.515,7.97
4977,Penaeus_monodon,monsoon,excellent,False,none,21.31,1.0,0.0,4.68,0.505,7.97
4978,Litopenaeus_vannamei,summer,good,False,none,21.31,1.0,0.0,4.18,0.515,7.97
4979,Penaeus_monodon,northeast,very_poor,False,none,21.31,1.0,0.0,4.11,0.509,7.97
4980,Penaeus_monodon,winter,excellent,False,none,21.31,1.0,0.0,4.58,0.503,7.97
4981,Penaeus_monodon,northeast,excellent,True,stratification_collapse,21.31,1.0,0.0,4.76,0.503,7.97
4982,Penaeus_monodon,northeast,excellent,True,stratification_collapse,21.31,1.0,0.0,4.65,0.504,7.97
4983,Penaeus_monodon,northeast,excellent,False,none,21.31,1.0,0.0,4.7,0.509,7.97
4984,Litopenaeus_vannamei,winter,very_poor,False,none,21.31,1.0,0.0,3.96,0.555,7.97
4985,Penaeus_monodon,monsoon,good,False,none,21.31,1.0,0.0,4.74,0.507,7.97
4986,Penaeus_monodon,northeast,very_poor,True,stratification_collapse,21.31,1.0,0.0,4.6,0.514,7.97
4987,Penaeus_monodon,northeast,excellent,False,none,21.31,1.0,0.0,4.41,0.506,7.97
4988,Penaeus_monodon,winter,poor,False,none,21.31,1.0,0.0,4.34,0.507,7.97
4989,Penaeus_monodon,monsoon,excellent,False,none,21.31,1.0,0.0,4.92,0.503,7.97
4990,Litopenaeus_vannamei,northeast,very_poor,False,none,21.31,1.0,0.0,4.47,0.552,7.97
4991,Litopenaeus_vannamei,winter,poor,False,none,21.31,1.0,0.0,4.29,0.541,7.97
4992,Litopenaeus_vannamei,monsoon,poor,False,none,21.31,1.0,0.0,4.51,0.533,7.97
4993,Penaeus_monodon,winter,good,True,stratification_collapse,21.31,1.0,0.0,4.6,0.503,7.97
4994,Litopenaeus_vannamei,summer,very_poor,False,none,21.31,1.0,0.0,4.26,0.553,7.97
4995,Litopenaeus_vannamei,northeast,poor,False,none,21.31,1.0,0.0,4.15,0.529,7.97
4996,Penaeus_monodon,monsoon,excellent,False,none,21.31,1.0,0.0,4.36,0.504,7.97
4997,Litopenaeus_vannamei,summer,very_poor,False,none,21.31,1.0,0.0,3.69,0.546,7.97
4998,Litopenaeus_vannamei,summer,good,False,none,21.31,1.0,0.0,3.96,0.518,7.97
4999,Litopenaeus_vannamei,monsoon,excellent,False,none,21.31,1.0,0.0,4.33,0.518,7.97
