filepath,gill_discolouration,lesions,red_spots,ulcers,black_gills,white_spots,lethargy
/home/techpark-11/DYNAMO/AquaVerse/ml/datasets/raw_images/shrimp_diseases/An Image Dataset for Computer Vision-Based Detection of Shrimp Diseases/Original/Disease/WSSV_BG/WSSV_BG (37).jpg,0,0,0,0,1,1,1
/home/techpark-11/DYNAMO/AquaVerse/ml/datasets/raw_images/shrimp_diseases/An Image Dataset for Computer Vision-Based Detection of Shrimp Diseases/Original/Disease/WSSV_BG/WSSV_BG (61).jpg,0,0,0,0,1,1,1
/home/techpark-11/DYNAMO/AquaVerse/ml/datasets/raw_images/shrimp_diseases/An Image Dataset for Computer Vision-Based Detection of Shrimp Diseases/Original/Disease/WSSV_BG/WSSV_BG (110).jpg,0,0,0,0,1,1,1
/home/techpark-11/DYNAMO/AquaVerse/ml/datasets/raw_images/shrimp_diseases/An Image Dataset for Computer Vision-Based Detection of Shrimp Diseases/Original/Disease/WSSV_BG/WSSV_BG (57).jpg,0,0,0,0,1,1,1
/home/techpark-11/DYNAMO/AquaVerse/ml/datasets/raw_images/shrimp_diseases/An Image Dataset for Computer Vision-Based Detection of Shrimp Diseases/Original/Disease/WSSV_BG/WSSV_BG (95).jpg,0,0,0,0,1,1,1
/home/techpark-11/DYNAMO/AquaVerse/ml/datasets/raw_images/shrimp_diseases/An Image Dataset for Computer Vision-Based Detection of Shrimp Diseases/Original/Disease/WSSV_BG/WSSV_BG (45).jpg,0,0,0,0,1,1,1
/home/techpark-11/DYNAMO/AquaVerse/ml/datasets/raw_images/shrimp_diseases/An Image Dataset for Computer Vision-Based Detection of Shrimp Diseases/Original/Disease/WSSV_BG/WSSV_BG (34).jpg,0,0,0,0,1,1,1
/home/techpark-11/DYNAMO/AquaVerse/ml/datasets/raw_images/shrimp_diseases/An Image Dataset for Computer Vision-Based Detection of Shrimp Diseases/Original/Disease/WSSV_BG/WSSV_BG (58).jpg,0,0,0,0,1,1,1
/home/techpark-11/DYNAMO/AquaVerse/ml/datasets/raw_images/shrimp_diseases/An Image Dataset for Computer Vision-Based Detection of Shrimp Diseases/Original/Disease/WSSV_BG/WSSV_BG (92).jpg,0,0,0,0,1,1,1
/home/techpark-11/DYNAMO/AquaVerse/ml/datasets/raw_images/shrimp_diseases/An Image Dataset for Computer Vision-Based Detection of Shrimp Diseases/Original/Disease/WSSV_BG/WSSV_BG (5).jpg,0,0,0,0,1,1,1
/home/techpark-11/DYNAMO/AquaVerse/ml/datasets/raw_images/shrimp_diseases/An Image Dataset for Computer Vision-Based Detection of Shrimp Diseases/Original/Disease/WSSV_BG/WSSV_BG (94).jpg,0,0,0,0,1,1,1
/home/techpark-11/DYNAMO/AquaVerse/ml/datasets/raw_images/shrimp_diseases/An Image Dataset for Computer Vision-Based Detection of Shrimp Diseases/Original/Disease/WSSV_BG/WSSV_BG (2).jpg,0,0,0,0,1,1,1
/home/techpark-11/DYNAMO/AquaVerse/ml/datasets/raw_images/shrimp_diseases/An Image Dataset for Computer Vision-Based Detection of Shrimp Diseases/Original/Disease/WSSV_BG/WSSV_BG (111).jpg,0,0,0,0,1,1,1
/home/techpark-11/DYNAMO/AquaVerse/ml/datasets/raw_images/shrimp_diseases/An Image Dataset for Computer Vision-Based Detection of Shrimp Diseases/Original/Disease/WSSV_BG/WSSV_BG (115).jpg,0,0,0,0,1,1,1
/home/techpark-11/DYNAMO/AquaVerse/ml/datasets/raw_images/shrimp_diseases/An Image Dataset for Computer Vision-Based Detection of Shrimp Diseases/Original/Disease/WSSV_BG/WSSV_BG (23).jpg,0,0,0,0,1,1,1
/home/techpark-11/DYNAMO/AquaVerse/ml/datasets/raw_images/shrimp_diseases/An Image Dataset for Computer Vision-Based Detection of Shrimp Diseases/Original/Disease/WSSV_BG/WSSV_BG (100).jpg,0,0,0,0,1,1,1
/home/techpark-11/DYNAMO/AquaVerse/ml/datasets/raw_images/shrimp_diseases/An Image Dataset for Computer Vision-Based Detection of Shrimp Diseases/Original/Disease/WSSV_BG/WSSV_BG (116).jpg,0,0,0,0,1,1,1
/home/techpark-11/DYNAMO/AquaVerse/ml/datasets/raw_images/shrimp_diseases/An Image Dataset for Computer Vision-Based Detection of Shrimp Diseases/Original/Disease/WSSV_BG/WSSV_BG (77).jpg,0,0,0,0,1,1,1
/home/techpark-11/DYNAMO/AquaVerse/ml/datasets/raw_images/shrimp_diseases/An Image Dataset for Computer Vision-Based Detection of Shrimp Diseases/Original/Disease/WSSV_BG/WSSV_BG (108).jpg,0,0,0,0,1,1,1
/home/techpark-11/DYNAMO/AquaVerse/ml/datasets/raw_images/shrimp_diseases/An Image Dataset for Computer Vision-Based Detection of Shrimp Diseases/Original/Disease/WSSV_BG/WSSV_BG (44).jpg,0,0,0,0,1,1,1
/home/techpark-11/DYNAMO/AquaVerse/ml/datasets/raw_images/shrimp_diseases/An Image Dataset for Computer Vision-Based Detection of Shrimp Diseases/Original/Disease/WSSV_BG/WSSV_BG (39).jpg,0,0,0,0,1,1,1
/home/techpark-11/DYNAMO/AquaVerse/ml/datasets/raw_images/shrimp_diseases/An Image Dataset for Computer Vision-Based Detection of Shrimp Diseases/Original/Disease/WSSV_BG/WSSV_BG (22).jpg,0,0,0,0,1,1,1
/home/techpark-11/DYNAMO/AquaVerse/ml/datasets/raw_images/shrimp_diseases/An Image Dataset for Computer Vision-Based Detection of Shrimp Diseases/Original/Disease/WSSV_BG/WSSV_BG (1).jpg,0,0,0,0,1,1,1
/home/techpark-11/DYNAMO/AquaVerse/ml/datasets/raw_images/shrimp_diseases/An Image Dataset for Computer Vision-Based Detection of Shrimp Diseases/Original/Disease/WSSV_BG/WSSV_BG (53).jpg,0,0,0,0,1,1,1
/home/techpark-11/DYNAMO/AquaVerse/ml/datasets/raw_images/shrimp_diseases/An Image Dataset for Computer Vision-Based Detection of Shrimp Diseases/Original/Disease/WSSV_BG/WSSV_BG (90).jpg,0,0,0,0,1,1,1
/home/techpark-11/DYNAMO/AquaVerse/ml/datasets/raw_images/shrimp_diseases/An Image Dataset for Computer Vision-Based Detection of Shrimp Diseases/Original/Disease/WSSV_BG/WSSV_BG (107).jpg,0,0,0,0,1,1,1
/home/techpark-11/DYNAMO/AquaVerse/ml/datasets/raw_images/shrimp_diseases/An Image Dataset for Computer Vision-Based Detection of Shrimp Diseases/Original/Disease/WSSV_BG/WSSV_BG (50).jpg,0,0,0,0,1,1,1
/home/techpark-11/DYNAMO/AquaVerse/ml/datasets/raw_images/shrimp_diseases/An Image Dataset for Computer Vision-Based Detection of Shrimp Diseases/Original/Disease/WSSV_BG/WSSV_BG (64).jpg,0,0,0,0,1,1,1
/home/techpark-11/DYNAMO/AquaVerse/ml/datasets/raw_images/shrimp_diseases/An Image Dataset for Computer Vision-Based Detection of Shrimp Diseases/Original/Disease/WSSV_BG/WSSV_BG (78).jpg,0,0,0,0,1,1,1
/home/techpark-11/DYNAMO/AquaVerse/ml/datasets/raw_images/shrimp_diseases/An Image Dataset for Computer Vision-Based Detection of Shrimp Diseases/Original/Disease/WSSV_BG/WSSV_BG (93).jpg,0,0,0,0,1,1,1
/home/techpark-11/DYNAMO/AquaVerse/ml/datasets/raw_images/shrimp_diseases/An Image Dataset for Computer Vision-Based Detection of Shrimp Diseases/Original/Disease/WSSV_BG/WSSV_BG (43).jpg,0,0,0,0,1,1,1
/home/techpark-11/DYNAMO/AquaVerse/ml/datasets/raw_images/shrimp_diseases/An Image Dataset for Computer Vision-Based Detection of Shrimp Diseases/Original/Disease/WSSV_BG/WSSV_BG (72).jpg,0,0,0,0,1,1,1
/home/techpark-11/DYNAMO/AquaVerse/ml/datasets/raw_images/shrimp_diseases/An Image Dataset for Computer Vision-Based Detection of Shrimp Diseases/Original/Disease/WSSV_BG/WSSV_BG (96).jpg,0,0,0,0,1,1,1
/home/techpark-11/DYNAMO/AquaVerse/ml/datasets/raw_images/shrimp_diseases/An Image Dataset for Computer Vision-Based Detection of Shrimp Diseases/Original/Disease/WSSV_BG/WSSV_BG (47).jpg,0,0,0,0,1,1,1
/home/techpark-11/DYNAMO/AquaVerse/ml/datasets/raw_images/shrimp_diseases/An Image Dataset for Computer Vision-Based Detection of Shrimp Diseases/Original/Disease/WSSV_BG/WSSV_BG (69).jpg,0,0,0,0,1,1,1
/home/techpark-11/DYNAMO/AquaVerse/ml/datasets/raw_images/shrimp_diseases/An Image Dataset for Computer Vision-Based Detection of Shrimp Diseases/Original/Disease/WSSV_BG/WSSV_BG (38).jpg,0,0,0,0,1,1,1
/home/techpark-11/DYNAMO/AquaVerse/ml/datasets/raw_images/shrimp_diseases/An Image Dataset for Computer Vision-Based Detection of Shrimp Diseases/Original/Disease/WSSV_BG/WSSV_BG (75).jpg,0,0,0,0,1,1,1
/home/techpark-11/DYNAMO/AquaVerse/ml/datasets/raw_images/shrimp_diseases/An Image Dataset for Computer Vision-Based Detection of Shrimp Diseases/Original/Disease/WSSV_BG/WSSV_BG (101).jpg,0,0,0,0,1,1,1
/home/techpark-11/DYNAMO/AquaVerse/ml/datasets/raw_images/shrimp_diseases/An Image Dataset for Computer Vision-Based Detection of Shrimp Diseases/Original/Disease/WSSV_BG/WSSV_BG (104).jpg,0,0,0,0,1,1,1
/home/techpark-11/DYNAMO/AquaVerse/ml/datasets/raw_images/shrimp_diseases/An Image Dataset for Computer Vision-Based Detection of Shrimp Diseases/Original/Disease/WSSV_BG/WSSV_BG (105).jpg,0,0,0,0,1,1,1
/home/techpark-11/DYNAMO/AquaVerse/ml/datasets/raw_images/shrimp_diseases/An Image Dataset for Computer Vision-Based Detection of Shrimp Diseases/Original/Disease/WSSV_BG/WSSV_BG (14).jpg,0,0,0,0,1,1,1
/home/techpark-11/DYNAMO/AquaVerse/ml/datasets/raw_images/shrimp_diseases/An Image Dataset for Computer Vision-Based Detection of Shrimp Diseases/Original/Disease/WSSV_BG/WSSV_BG (59).jpg,0,0,0,0,1,1,1
/home/techpark-11/DYNAMO/AquaVerse/ml/datasets/raw_images/shrimp_diseases/An Image Dataset for Computer Vision-Based Detection of Shrimp Diseases/Original/Disease/WSSV_BG/WSSV_BG (11).jpg,0,0,0,0,1,1,1
/home/techpark-11/DYNAMO/AquaVerse/ml/datasets/raw_images/shrimp_diseases/An Image Dataset for Computer Vision-Based Detection of Shrimp Diseases/Original/Disease/WSSV_BG/WSSV_BG (70).jpg,0,0,0,0,1,1,1
/home/techpark-11/DYNAMO/AquaVerse/ml/datasets/raw_images/shrimp_diseases/An Image Dataset for Computer Vision-Based Detection of Shrimp Diseases/Original/Disease/WSSV_BG/WSSV_BG (82).jpg,0,0,0,0,1,1,1
/home/techpark-11/DYNAMO/AquaVerse/ml/datasets/raw_images/shrimp_diseases/An Image Dataset for Computer Vision-Based Detection of Shrimp Diseases/Original/Disease/WSSV_BG/WSSV_BG (28).jpg,0,0,0,0,1,1,1
/home/techpark-11/DYNAMO/AquaVerse/ml/datasets/raw_images/shrimp_diseases/An Image Dataset for Computer Vision-Based Detection of Shrimp Diseases/Original/Disease/WSSV_BG/WSSV_BG (20).jpg,0,0,0,0,1,1,1
/home/techpark-11/DYNAMO/AquaVerse/ml/datasets/raw_images/shrimp_diseases/An Image Dataset for Computer Vision-Based Detection of Shrimp Diseases/Original/Disease/WSSV_BG/WSSV_BG (9).jpg,0,0,0,0,1,1,1
/home/techpark-11/DYNAMO/AquaVerse/ml/datasets/raw_images/shrimp_diseases/An Image Dataset for Computer Vision-Based Detection of Shrimp Diseases/Original/Disease/WSSV_BG/WSSV_BG (97).jpg,0,0,0,0,1,1,1
/home/techpark-11/DYNAMO/AquaVerse/ml/datasets/raw_images/shrimp_diseases/An Image Dataset for Computer Vision-Based Detection of Shrimp Diseases/Original/Disease/WSSV_BG/WSSV_BG (60).jpg,0,0,0,0,1,1,1
/home/techpark-11/DYNAMO/AquaVerse/ml/datasets/raw_images/shrimp_diseases/An Image Dataset for Computer Vision-Based Detection of Shrimp Diseases/Original/Disease/WSSV_BG/WSSV_BG (83).jpg,0,0,0,0,1,1,1
/home/techpark-11/DYNAMO/AquaVerse/ml/datasets/raw_images/shrimp_diseases/An Image Dataset for Computer Vision-Based Detection of Shrimp Diseases/Original/Disease/WSSV_BG/WSSV_BG (63).jpg,0,0,0,0,1,1,1
/home/techpark-11/DYNAMO/AquaVerse/ml/datasets/raw_images/shrimp_diseases/An Image Dataset for Computer Vision-Based Detection of Shrimp Diseases/Original/Disease/WSSV_BG/WSSV_BG (18).jpg,0,0,0,0,1,1,1
/home/techpark-11/DYNAMO/AquaVerse/ml/datasets/raw_images/shrimp_diseases/An Image Dataset for Computer Vision-Based Detection of Shrimp Diseases/Original/Disease/WSSV_BG/WSSV_BG (91).jpg,0,0,0,0,1,1,1
/home/techpark-11/DYNAMO/AquaVerse/ml/datasets/raw_images/shrimp_diseases/An Image Dataset for Computer Vision-Based Detection of Shrimp Diseases/Original/Disease/WSSV_BG/WSSV_BG (21).jpg,0,0,0,0,1,1,1
/home/techpark-11/DYNAMO/AquaVerse/ml/datasets/raw_images/shrimp_diseases/An Image Dataset for Computer Vision-Based Detection of Shrimp Diseases/Original/Disease/WSSV_BG/WSSV_BG (7).jpg,0,0,0,0,1,1,1
/home/techpark-11/DYNAMO/AquaVerse/ml/datasets/raw_images/shrimp_diseases/An Image Dataset for Computer Vision-Based Detection of Shrimp Diseases/Original/Disease/WSSV_BG/WSSV_BG (109).jpg,0,0,0,0,1,1,1
/home/techpark-11/DYNAMO/AquaVerse/ml/datasets/raw_images/shrimp_diseases/An Image Dataset for Computer Vision-Based Detection of Shrimp Diseases/Original/Disease/WSSV_BG/WSSV_BG (8).jpg,0,0,0,0,1,1,1
/home/techpark-11/DYNAMO/AquaVerse/ml/datasets/raw_images/shrimp_diseases/An Image Dataset for Computer Vision-Based Detection of Shrimp Diseases/Original/Disease/WSSV_BG/WSSV_BG (117).jpg,0,0,0,0,1,1,1
/home/techpark-11/DYNAMO/AquaVerse/ml/datasets/raw_images/shrimp_diseases/An Image Dataset for Computer Vision-Based Detection of Shrimp Diseases/Original/Disease/WSSV_BG/WSSV_BG (51).jpg,0,0,0,0,1,1,1
/home/techpark-11/DYNAMO/AquaVerse/ml/datasets/raw_images/shrimp_diseases/An Image Dataset for Computer Vision-Based Detection of Shrimp Diseases/Original/Disease/WSSV_BG/WSSV_BG (66).jpg,0,0,0,0,1,1,1
/home/techpark-11/DYNAMO/AquaVerse/ml/datasets/raw_images/shrimp_diseases/An Image Dataset for Computer Vision-Based Detection of Shrimp Diseases/Original/Disease/WSSV_BG/WSSV_BG (55).jpg,0,0,0,0,1,1,1
/home/techpark-11/DYNAMO/AquaVerse/ml/datasets/raw_images/shrimp_diseases/An Image Dataset for Computer Vision-Based Detection of Shrimp Diseases/Original/Disease/WSSV_BG/WSSV_BG (19).jpg,0,0,0,0,1,1,1
/home/techpark-11/DYNAMO/AquaVerse/ml/datasets/raw_images/shrimp_diseases/An Image Dataset for Computer Vision-Based Detection of Shrimp Diseases/Original/Disease/WSSV_BG/WSSV_BG (12).jpg,0,0,0,0,1,1,1
/home/techpark-11/DYNAMO/AquaVerse/ml/datasets/raw_images/shrimp_diseases/An Image Dataset for Computer Vision-Based Detection of Shrimp Diseases/Original/Disease/WSSV_BG/WSSV_BG (112).jpg,0,0,0,0,1,1,1
/home/techpark-11/DYNAMO/AquaVerse/ml/datasets/raw_images/shrimp_diseases/An Image Dataset for Computer Vision-Based Detection of Shrimp Diseases/Original/Disease/WSSV_BG/WSSV_BG (29).jpg,0,0,0,0,1,1,1
/home/techpark-11/DYNAMO/AquaVerse/ml/datasets/raw_images/shrimp_diseases/An Image Dataset for Computer Vision-Based Detection of Shrimp Diseases/Original/Disease/WSSV_BG/WSSV_BG (16).jpg,0,0,0,0,1,1,1
/home/techpark-11/DYNAMO/AquaVerse/ml/datasets/raw_images/shrimp_diseases/An Image Dataset for Computer Vision-Based Detection of Shrimp Diseases/Original/Disease/WSSV_BG/WSSV_BG (32).jpg,0,0,0,0,1,1,1
/home/techpark-11/DYNAMO/AquaVerse/ml/datasets/raw_images/shrimp_diseases/An Image Dataset for Computer Vision-Based Detection of Shrimp Diseases/Original/Disease/WSSV_BG/WSSV_BG (99).jpg,0,0,0,0,1,1,1
/home/techpark-11/DYNAMO/AquaVerse/ml/datasets/raw_images/shrimp_diseases/An Image Dataset for Computer Vision-Based Detection of Shrimp Diseases/Original/Disease/WSSV_BG/WSSV_BG (73).jpg,0,0,0,0,1,1,1
/home/techpark-11/DYNAMO/AquaVerse/ml/datasets/raw_images/shrimp_diseases/An Image Dataset for Computer Vision-Based Detection of Shrimp Diseases/Original/Disease/WSSV_BG/WSSV_BG (33).jpg,0,0,0,0,1,1,1
/home/techpark-11/DYNAMO/AquaVerse/ml/datasets/raw_images/shrimp_diseases/An Image Dataset for Computer Vision-Based Detection of Shrimp Diseases/Original/Disease/WSSV_BG/WSSV_BG (3).jpg,0,0,0,0,1,1,1
/home/techpark-11/DYNAMO/AquaVerse/ml/datasets/raw_images/shrimp_diseases/An Image Dataset for Computer Vision-Based Detection of Shrimp Diseases/Original/Disease/WSSV_BG/WSSV_BG (113).jpg,0,0,0,0,1,1,1
/home/techpark-11/DYNAMO/AquaVerse/ml/datasets/raw_images/shrimp_diseases/An Image Dataset for Computer Vision-Based Detection of Shrimp Diseases/Original/Disease/WSSV_BG/WSSV_BG (46).jpg,0,0,0,0,1,1,1
/home/techpark-11/DYNAMO/AquaVerse/ml/datasets/raw_images/shrimp_diseases/An Image Dataset for Computer Vision-Based Detection of Shrimp Diseases/Original/Disease/WSSV_BG/WSSV_BG (36).jpg,0,0,0,0,1,1,1
/home/techpark-11/DYNAMO/AquaVerse/ml/datasets/raw_images/shrimp_diseases/An Image Dataset for Computer Vision-Based Detection of Shrimp Diseases/Original/Disease/WSSV_BG/WSSV_BG (30).jpg,0,0,0,0,1,1,1
/home/techpark-11/DYNAMO/AquaVerse/ml/datasets/raw_images/shrimp_diseases/An Image Dataset for Computer Vision-Based Detection of Shrimp Diseases/Original/Disease/WSSV_BG/WSSV_BG (24).jpg,0,0,0,0,1,1,1
/home/techpark-11/DYNAMO/AquaVerse/ml/datasets/raw_images/shrimp_diseases/An Image Dataset for Computer Vision-Based Detection of Shrimp Diseases/Original/Disease/WSSV_BG/WSSV_BG (85).jpg,0,0,0,0,1,1,1
/home/techpark-11/DYNAMO/AquaVerse/ml/datasets/raw_images/shrimp_diseases/An Image Dataset for Computer Vision-Based Detection of Shrimp Diseases/Original/Disease/WSSV_BG/WSSV_BG (56).jpg,0,0,0,0,1,1,1
/home/techpark-11/DYNAMO/AquaVerse/ml/datasets/raw_images/shrimp_diseases/An Image Dataset for Computer Vision-Based Detection of Shrimp Diseases/Original/Disease/WSSV_BG/WSSV_BG (48).jpg,0,0,0,0,1,1,1
/home/techpark-11/DYNAMO/AquaVerse/ml/datasets/raw_images/shrimp_diseases/An Image Dataset for Computer Vision-Based Detection of Shrimp Diseases/Original/Disease/WSSV_BG/WSSV_BG (88).jpg,0,0,0,0,1,1,1
/home/techpark-11/DYNAMO/AquaVerse/ml/datasets/raw_images/shrimp_diseases/An Image Dataset for Computer Vision-Based Detection of Shrimp Diseases/Original/Disease/WSSV_BG/WSSV_BG (42).jpg,0,0,0,0,1,1,1
/home/techpark-11/DYNAMO/AquaVerse/ml/datasets/raw_images/shrimp_diseases/An Image Dataset for Computer Vision-Based Detection of Shrimp Diseases/Original/Disease/WSSV_BG/WSSV_BG (4).jpg,0,0,0,0,1,1,1
/home/techpark-11/DYNAMO/AquaVerse/ml/datasets/raw_images/shrimp_diseases/An Image Dataset for Computer Vision-Based Detection of Shrimp Diseases/Original/Disease/WSSV_BG/WSSV_BG (79).jpg,0,0,0,0,1,1,1
/home/techpark-11/DYNAMO/AquaVerse/ml/datasets/raw_images/shrimp_diseases/An Image Dataset for Computer Vision-Based Detection of Shrimp Diseases/Original/Disease/WSSV_BG/WSSV_BG (40).jpg,0,0,0,0,1,1,1
/home/techpark-11/DYNAMO/AquaVerse/ml/datasets/raw_images/shrimp_diseases/An Image Dataset for Computer Vision-Based Detection of Shrimp Diseases/Original/Disease/WSSV_BG/WSSV_BG (81).jpg,0,0,0,0,1,1,1
/home/techpark-11/DYNAMO/AquaVerse/ml/datasets/raw_images/shrimp_diseases/An Image Dataset for Computer Vision-Based Detection of Shrimp Diseases/Original/Disease/WSSV_BG/WSSV_BG (25).jpg,0,0,0,0,1,1,1
/home/techpark-11/DYNAMO/AquaVerse/ml/datasets/raw_images/shrimp_diseases/An Image Dataset for Computer Vision-Based Detection of Shrimp Diseases/Original/Disease/WSSV_BG/WSSV_BG (103).jpg,0,0,0,0,1,1,1
/home/techpark-11/DYNAMO/AquaVerse/ml/datasets/raw_images/shrimp_diseases/An Image Dataset for Computer Vision-Based Detection of Shrimp Diseases/Original/Disease/WSSV_BG/WSSV_BG (76).jpg,0,0,0,0,1,1,1
/home/techpark-11/DYNAMO/AquaVerse/ml/datasets/raw_images/shrimp_diseases/An Image Dataset for Computer Vision-Based Detection of Shrimp Diseases/Original/Disease/WSSV_BG/WSSV_BG (74).jpg,0,0,0,0,1,1,1
/home/techpark-11/DYNAMO/AquaVerse/ml/datasets/raw_images/shrimp_diseases/An Image Dataset for Computer Vision-Based Detection of Shrimp Diseases/Original/Disease/WSSV_BG/WSSV_BG (106).jpg,0,0,0,0,1,1,1
/home/techpark-11/DYNAMO/AquaVerse/ml/datasets/raw_images/shrimp_diseases/An Image Dataset for Computer Vision-Based Detection of Shrimp Diseases/Original/Disease/WSSV_BG/WSSV_BG (86).jpg,0,0,0,0,1,1,1
/home/techpark-11/DYNAMO/AquaVerse/ml/datasets/raw_images/shrimp_diseases/An Image Dataset for Computer Vision-Based Detection of Shrimp Diseases/Original/Disease/WSSV_BG/WSSV_BG (71).jpg,0,0,0,0,1,1,1
/home/techpark-11/DYNAMO/AquaVerse/ml/datasets/raw_images/shrimp_diseases/An Image Dataset for Computer Vision-Based Detection of Shrimp Diseases/Original/Disease/WSSV_BG/WSSV_BG (65).jpg,0,0,0,0,1,1,1
/home/techpark-11/DYNAMO/AquaVerse/ml/datasets/raw_images/shrimp_diseases/An Image Dataset for Computer Vision-Based Detection of Shrimp Diseases/Original/Disease/WSSV_BG/WSSV_BG (27).jpg,0,0,0,0,1,1,1
/home/techpark-11/DYNAMO/AquaVerse/ml/datasets/raw_images/shrimp_diseases/An Image Dataset for Computer Vision-Based Detection of Shrimp Diseases/Original/Disease/WSSV_BG/WSSV_BG (80).jpg,0,0,0,0,1,1,1
/home/techpark-11/DYNAMO/AquaVerse/ml/datasets/raw_images/shrimp_diseases/An Image Dataset for Computer Vision-Based Detection of Shrimp Diseases/Original/Disease/WSSV_BG/WSSV_BG (84).jpg,0,0,0,0,1,1,1
/home/techpark-11/DYNAMO/AquaVerse/ml/datasets/raw_images/shrimp_diseases/An Image Dataset for Computer Vision-Based Detection of Shrimp Diseases/Original/Disease/WSSV_BG/WSSV_BG (13).jpg,0,0,0,0,1,1,1
/home/techpark-11/DYNAMO/AquaVerse/ml/datasets/raw_images/shrimp_diseases/An Image Dataset for Computer Vision-Based Detection of Shrimp Diseases/Original/Disease/WSSV_BG/WSSV_BG (31).jpg,0,0,0,0,1,1,1
/home/techpark-11/DYNAMO/AquaVerse/ml/datasets/raw_images/shrimp_diseases/An Image Dataset for Computer Vision-Based Detection of Shrimp Diseases/Original/Disease/WSSV_BG/WSSV_BG (6).jpg,0,0,0,0,1,1,1
/home/techpark-11/DYNAMO/AquaVerse/ml/datasets/raw_images/shrimp_diseases/An Image Dataset for Computer Vision-Based Detection of Shrimp Diseases/Original/Disease/WSSV_BG/WSSV_BG (17).jpg,0,0,0,0,1,1,1
/home/techpark-11/DYNAMO/AquaVerse/ml/datasets/raw_images/shrimp_diseases/An Image Dataset for Computer Vision-Based Detection of Shrimp Diseases/Original/Disease/WSSV_BG/WSSV_BG (89).jpg,0,0,0,0,1,1,1
/home/techpark-11/DYNAMO/AquaVerse/ml/datasets/raw_images/shrimp_diseases/An Image Dataset for Computer Vision-Based Detection of Shrimp Diseases/Original/Disease/WSSV_BG/WSSV_BG (10).jpg,0,0,0,0,1,1,1
/home/techpark-11/DYNAMO/AquaVerse/ml/datasets/raw_images/shrimp_diseases/An Image Dataset for Computer Vision-Based Detection of Shrimp Diseases/Original/Disease/WSSV_BG/WSSV_BG (15).jpg,0,0,0,0,1,1,1
/home/techpark-11/DYNAMO/AquaVerse/ml/datasets/raw_images/shrimp_diseases/An Image Dataset for Computer Vision-Based Detection of Shrimp Diseases/Original/Disease/WSSV_BG/WSSV_BG (52).jpg,0,0,0,0,1,1,1
/home/techpark-11/DYNAMO/AquaVerse/ml/datasets/raw_images/shrimp_diseases/An Image Dataset for Computer Vision-Based Detection of Shrimp Diseases/Original/Disease/WSSV_BG/WSSV_BG (67).jpg,0,0,0,0,1,1,1
/home/techpark-11/DYNAMO/AquaVerse/ml/datasets/raw_images/shrimp_diseases/An Image Dataset for Computer Vision-Based Detection of Shrimp Diseases/Original/Disease/WSSV_BG/WSSV_BG (35).jpg,0,0,0,0,1,1,1
/home/techpark-11/DYNAMO/AquaVerse/ml/datasets/raw_images/shrimp_diseases/An Image Dataset for Computer Vision-Based Detection of Shrimp Diseases/Original/Disease/WSSV_BG/WSSV_BG (87).jpg,0,0,0,0,1,1,1
/home/techpark-11/DYNAMO/AquaVerse/ml/datasets/raw_images/shrimp_diseases/An Image Dataset for Computer Vision-Based Detection of Shrimp Diseases/Original/Disease/WSSV_BG/WSSV_BG (49).jpg,0,0,0,0,1,1,1
/home/techpark-11/DYNAMO/AquaVerse/ml/datasets/raw_images/shrimp_diseases/An Image Dataset for Computer Vision-Based Detection of Shrimp Diseases/Original/Disease/WSSV_BG/WSSV_BG (68).jpg,0,0,0,0,1,1,1
/home/techpark-11/DYNAMO/AquaVerse/ml/datasets/raw_images/shrimp_diseases/An Image Dataset for Computer Vision-Based Detection of Shrimp Diseases/Original/Disease/WSSV_BG/WSSV_BG (62).jpg,0,0,0,0,1,1,1
/home/techpark-11/DYNAMO/AquaVerse/ml/datasets/raw_images/shrimp_diseases/An Image Dataset for Computer Vision-Based Detection of Shrimp Diseases/Original/Disease/WSSV_BG/WSSV_BG (98).jpg,0,0,0,0,1,1,1
/home/techpark-11/DYNAMO/AquaVerse/ml/datasets/raw_images/shrimp_diseases/An Image Dataset for Computer Vision-Based Detection of Shrimp Diseases/Original/Disease/WSSV_BG/WSSV_BG (26).jpg,0,0,0,0,1,1,1
/home/techpark-11/DYNAMO/AquaVerse/ml/datasets/raw_images/shrimp_diseases/An Image Dataset for Computer Vision-Based Detection of Shrimp Diseases/Original/Disease/WSSV_BG/WSSV_BG (41).jpg,0,0,0,0,1,1,1
/home/techpark-11/DYNAMO/AquaVerse/ml/datasets/raw_images/shrimp_diseases/An Image Dataset for Computer Vision-Based Detection of Shrimp Diseases/Original/Disease/WSSV_BG/WSSV_BG (114).jpg,0,0,0,0,1,1,1
/home/techpark-11/DYNAMO/AquaVerse/ml/datasets/raw_images/shrimp_diseases/An Image Dataset for Computer Vision-Based Detection of Shrimp Diseases/Original/Disease/WSSV_BG/WSSV_BG (102).jpg,0,0,0,0,1,1,1
/home/techpark-11/DYNAMO/AquaVerse/ml/datasets/raw_images/shrimp_diseases/An Image Dataset for Computer Vision-Based Detection of Shrimp Diseases/Original/Disease/WSSV_BG/WSSV_BG (54).jpg,0,0,0,0,1,1,1
/home/techpark-11/DYNAMO/AquaVerse/ml/datasets/raw_images/shrimp_diseases/An Image Dataset for Computer Vision-Based Detection of Shrimp Diseases/Original/Disease/WSSV/WSSV (38).jpg,0,0,0,0,0,1,1
/home/techpark-11/DYNAMO/AquaVerse/ml/datasets/raw_images/shrimp_diseases/An Image Dataset for Computer Vision-Based Detection of Shrimp Diseases/Original/Disease/WSSV/WSSV (35).jpg,0,0,0,0,0,1,1
/home/techpark-11/DYNAMO/AquaVerse/ml/datasets/raw_images/shrimp_diseases/An Image Dataset for Computer Vision-Based Detection of Shrimp Diseases/Original/Disease/WSSV/WSSV (14).jpg,0,0,0,0,0,1,1
/home/techpark-11/DYNAMO/AquaVerse/ml/datasets/raw_images/shrimp_diseases/An Image Dataset for Computer Vision-Based Detection of Shrimp Diseases/Original/Disease/WSSV/WSSV (89).jpg,0,0,0,0,0,1,1
/home/techpark-11/DYNAMO/AquaVerse/ml/datasets/raw_images/shrimp_diseases/An Image Dataset for Computer Vision-Based Detection of Shrimp Diseases/Original/Disease/WSSV/WSSV (92).jpg,0,0,0,0,0,1,1
/home/techpark-11/DYNAMO/AquaVerse/ml/datasets/raw_images/shrimp_diseases/An Image Dataset for Computer Vision-Based Detection of Shrimp Diseases/Original/Disease/WSSV/WSSV (63).jpg,0,0,0,0,0,1,1
/home/techpark-11/DYNAMO/AquaVerse/ml/datasets/raw_images/shrimp_diseases/An Image Dataset for Computer Vision-Based Detection of Shrimp Diseases/Original/Disease/WSSV/WSSV (27).jpg,0,0,0,0,0,1,1
/home/techpark-11/DYNAMO/AquaVerse/ml/datasets/raw_images/shrimp_diseases/An Image Dataset for Computer Vision-Based Detection of Shrimp Diseases/Original/Disease/WSSV/WSSV (87).jpg,0,0,0,0,0,1,1
/home/techpark-11/DYNAMO/AquaVerse/ml/datasets/raw_images/shrimp_diseases/An Image Dataset for Computer Vision-Based Detection of Shrimp Diseases/Original/Disease/WSSV/WSSV (44).jpg,0,0,0,0,0,1,1
/home/techpark-11/DYNAMO/AquaVerse/ml/datasets/raw_images/shrimp_diseases/An Image Dataset for Computer Vision-Based Detection of Shrimp Diseases/Original/Disease/WSSV/WSSV (43).jpg,0,0,0,0,0,1,1
/home/techpark-11/DYNAMO/AquaVerse/ml/datasets/raw_images/shrimp_diseases/An Image Dataset for Computer Vision-Based Detection of Shrimp Diseases/Original/Disease/WSSV/WSSV (2).jpg,0,0,0,0,0,1,1
/home/techpark-11/DYNAMO/AquaVerse/ml/datasets/raw_images/shrimp_diseases/An Image Dataset for Computer Vision-Based Detection of Shrimp Diseases/Original/Disease/WSSV/WSSV (96).jpg,0,0,0,0,0,1,1
/home/techpark-11/DYNAMO/AquaVerse/ml/datasets/raw_images/shrimp_diseases/An Image Dataset for Computer Vision-Based Detection of Shrimp Diseases/Original/Disease/WSSV/WSSV (103).jpg,0,0,0,0,0,1,1
/home/techpark-11/DYNAMO/AquaVerse/ml/datasets/raw_images/shrimp_diseases/An Image Dataset for Computer Vision-Based Detection of Shrimp Diseases/Original/Disease/WSSV/WSSV (85).jpg,0,0,0,0,0,1,1
/home/techpark-11/DYNAMO/AquaVerse/ml/datasets/raw_images/shrimp_diseases/An Image Dataset for Computer Vision-Based Detection of Shrimp Diseases/Original/Disease/WSSV/WSSV (69).jpg,0,0,0,0,0,1,1
/home/techpark-11/DYNAMO/AquaVerse/ml/datasets/raw_images/shrimp_diseases/An Image Dataset for Computer Vision-Based Detection of Shrimp Diseases/Original/Disease/WSSV/WSSV (70).jpg,0,0,0,0,0,1,1
/home/techpark-11/DYNAMO/AquaVerse/ml/datasets/raw_images/shrimp_diseases/An Image Dataset for Computer Vision-Based Detection of Shrimp Diseases/Original/Disease/WSSV/WSSV (47).jpg,0,0,0,0,0,1,1
/home/techpark-11/DYNAMO/AquaVerse/ml/datasets/raw_images/shrimp_diseases/An Image Dataset for Computer Vision-Based Detection of Shrimp Diseases/Original/Disease/WSSV/WSSV (6).jpg,0,0,0,0,0,1,1
/home/techpark-11/DYNAMO/AquaVerse/ml/datasets/raw_images/shrimp_diseases/An Image Dataset for Computer Vision-Based Detection of Shrimp Diseases/Original/Disease/WSSV/WSSV (79).jpg,0,0,0,0,0,1,1
/home/techpark-11/DYNAMO/AquaVerse/ml/datasets/raw_images/shrimp_diseases/An Image Dataset for Computer Vision-Based Detection of Shrimp Diseases/Original/Disease/WSSV/WSSV (71).jpg,0,0,0,0,0,1,1
/home/techpark-11/DYNAMO/AquaVerse/ml/datasets/raw_images/shrimp_diseases/An Image Dataset for Computer Vision-Based Detection of Shrimp Diseases/Original/Disease/WSSV/WSSV (42).jpg,0,0,0,0,0,1,1
/home/techpark-11/DYNAMO/AquaVerse/ml/datasets/raw_images/shrimp_diseases/An Image Dataset for Computer Vision-Based Detection of Shrimp Diseases/Original/Disease/WSSV/WSSV (93).jpg,0,0,0,0,0,1,1
/home/techpark-11/DYNAMO/AquaVerse/ml/datasets/raw_images/shrimp_diseases/An Image Dataset for Computer Vision-Based Detection of Shrimp Diseases/Original/Disease/WSSV/WSSV (97).jpg,0,0,0,0,0,1,1
/home/techpark-11/DYNAMO/AquaVerse/ml/datasets/raw_images/shrimp_diseases/An Image Dataset for Computer Vision-Based Detection of Shrimp Diseases/Original/Disease/WSSV/WSSV (56).jpg,0,0,0,0,0,1,1
/home/techpark-11/DYNAMO/AquaVerse/ml/datasets/raw_images/shrimp_diseases/An Image Dataset for Computer Vision-Based Detection of Shrimp Diseases/Original/Disease/WSSV/WSSV (13).jpg,0,0,0,0,0,1,1
/home/techpark-11/DYNAMO/AquaVerse/ml/datasets/raw_images/shrimp_diseases/An Image Dataset for Computer Vision-Based Detection of Shrimp Diseases/Original/Disease/WSSV/WSSV (100).jpg,0,0,0,0,0,1,1
/home/techpark-11/DYNAMO/AquaVerse/ml/datasets/raw_images/shrimp_diseases/An Image Dataset for Computer Vision-Based Detection of Shrimp Diseases/Original/Disease/WSSV/WSSV (65).jpg,0,0,0,0,0,1,1
/home/techpark-11/DYNAMO/AquaVerse/ml/datasets/raw_images/shrimp_diseases/An Image Dataset for Computer Vision-Based Detection of Shrimp Diseases/Original/Disease/WSSV/WSSV (15).jpg,0,0,0,0,0,1,1
/home/techpark-11/DYNAMO/AquaVerse/ml/datasets/raw_images/shrimp_diseases/An Image Dataset for Computer Vision-Based Detection of Shrimp Diseases/Original/Disease/WSSV/WSSV (95).jpg,0,0,0,0,0,1,1
/home/techpark-11/DYNAMO/AquaVerse/ml/datasets/raw_images/shrimp_diseases/An Image Dataset for Computer Vision-Based Detection of Shrimp Diseases/Original/Disease/WSSV/WSSV (52).jpg,0,0,0,0,0,1,1
/home/techpark-11/DYNAMO/AquaVerse/ml/datasets/raw_images/shrimp_diseases/An Image Dataset for Computer Vision-Based Detection of Shrimp Diseases/Original/Disease/WSSV/WSSV (51).jpg,0,0,0,0,0,1,1
/home/techpark-11/DYNAMO/AquaVerse/ml/datasets/raw_images/shrimp_diseases/An Image Dataset for Computer Vision-Based Detection of Shrimp Diseases/Original/Disease/WSSV/WSSV (23).jpg,0,0,0,0,0,1,1
/home/techpark-11/DYNAMO/AquaVerse/ml/datasets/raw_images/shrimp_diseases/An Image Dataset for Computer Vision-Based Detection of Shrimp Diseases/Original/Disease/WSSV/WSSV (19).jpg,0,0,0,0,0,1,1
/home/techpark-11/DYNAMO/AquaVerse/ml/datasets/raw_images/shrimp_diseases/An Image Dataset for Computer Vision-Based Detection of Shrimp Diseases/Original/Disease/WSSV/WSSV (31).jpg,0,0,0,0,0,1,1
/home/techpark-11/DYNAMO/AquaVerse/ml/datasets/raw_images/shrimp_diseases/An Image Dataset for Computer Vision-Based Detection of Shrimp Diseases/Original/Disease/WSSV/WSSV (91).jpg,0,0,0,0,0,1,1
/home/techpark-11/DYNAMO/AquaVerse/ml/datasets/raw_images/shrimp_diseases/An Image Dataset for Computer Vision-Based Detection of Shrimp Diseases/Original/Disease/WSSV/WSSV (90).jpg,0,0,0,0,0,1,1
/home/techpark-11/DYNAMO/AquaVerse/ml/datasets/raw_images/shrimp_diseases/An Image Dataset for Computer Vision-Based Detection of Shrimp Diseases/Original/Disease/WSSV/WSSV (101).jpg,0,0,0,0,0,1,1
/home/techpark-11/DYNAMO/AquaVerse/ml/datasets/raw_images/shrimp_diseases/An Image Dataset for Computer Vision-Based Detection of Shrimp Diseases/Original/Disease/WSSV/WSSV (74).jpg,0,0,0,0,0,1,1
/home/techpark-11/DYNAMO/AquaVerse/ml/datasets/raw_images/shrimp_diseases/An Image Dataset for Computer Vision-Based Detection of Shrimp Diseases/Original/Disease/WSSV/WSSV (29).jpg,0,0,0,0,0,1,1
/home/techpark-11/DYNAMO/AquaVerse/ml/datasets/raw_images/shrimp_diseases/An Image Dataset for Computer Vision-Based Detection of Shrimp Diseases/Original/Disease/WSSV/WSSV (46).jpg,0,0,0,0,0,1,1
/home/techpark-11/DYNAMO/AquaVerse/ml/datasets/raw_images/shrimp_diseases/An Image Dataset for Computer Vision-Based Detection of Shrimp Diseases/Original/Disease/WSSV/WSSV (108).jpg,0,0,0,0,0,1,1
/home/techpark-11/DYNAMO/AquaVerse/ml/datasets/raw_images/shrimp_diseases/An Image Dataset for Computer Vision-Based Detection of Shrimp Diseases/Original/Disease/WSSV/WSSV (26).jpg,0,0,0,0,0,1,1
/home/techpark-11/DYNAMO/AquaVerse/ml/datasets/raw_images/shrimp_diseases/An Image Dataset for Computer Vision-Based Detection of Shrimp Diseases/Original/Disease/WSSV/WSSV (61).jpg,0,0,0,0,0,1,1
/home/techpark-11/DYNAMO/AquaVerse/ml/datasets/raw_images/shrimp_diseases/An Image Dataset for Computer Vision-Based Detection of Shrimp Diseases/Original/Disease/WSSV/WSSV (58).jpg,0,0,0,0,0,1,1
/home/techpark-11/DYNAMO/AquaVerse/ml/datasets/raw_images/shrimp_diseases/An Image Dataset for Computer Vision-Based Detection of Shrimp Diseases/Original/Disease/WSSV/WSSV (53).jpg,0,0,0,0,0,1,1
/home/techpark-11/DYNAMO/AquaVerse/ml/datasets/raw_images/shrimp_diseases/An Image Dataset for Computer Vision-Based Detection of Shrimp Diseases/Original/Disease/WSSV/WSSV (102).jpg,0,0,0,0,0,1,1
/home/techpark-11/DYNAMO/AquaVerse/ml/datasets/raw_images/shrimp_diseases/An Image Dataset for Computer Vision-Based Detection of Shrimp Diseases/Original/Disease/WSSV/WSSV (17).jpg,0,0,0,0,0,1,1
/home/techpark-11/DYNAMO/AquaVerse/ml/datasets/raw_images/shrimp_diseases/An Image Dataset for Computer Vision-Based Detection of Shrimp Diseases/Original/Disease/WSSV/WSSV (72).jpg,0,0,0,0,0,1,1
/home/techpark-11/DYNAMO/AquaVerse/ml/datasets/raw_images/shrimp_diseases/An Image Dataset for Computer Vision-Based Detection of Shrimp Diseases/Original/Disease/WSSV/WSSV (67).jpg,0,0,0,0,0,1,1
/home/techpark-11/DYNAMO/AquaVerse/ml/datasets/raw_images/shrimp_diseases/An Image Dataset for Computer Vision-Based Detection of Shrimp Diseases/Original/Disease/WSSV/WSSV (50).jpg,0,0,0,0,0,1,1
/home/techpark-11/DYNAMO/AquaVerse/ml/datasets/raw_images/shrimp_diseases/An Image Dataset for Computer Vision-Based Detection of Shrimp Diseases/Original/Disease/WSSV/WSSV (107).jpg,0,0,0,0,0,1,1
/home/techpark-11/DYNAMO/AquaVerse/ml/datasets/raw_images/shrimp_diseases/An Image Dataset for Computer Vision-Based Detection of Shrimp Diseases/Original/Disease/WSSV/WSSV (11).jpg,0,0,0,0,0,1,1
/home/techpark-11/DYNAMO/AquaVerse/ml/datasets/raw_images/shrimp_diseases/An Image Dataset for Computer Vision-Based Detection of Shrimp Diseases/Original/Disease/WSSV/WSSV (30).jpg,0,0,0,0,0,1,1
/home/techpark-11/DYNAMO/AquaVerse/ml/datasets/raw_images/shrimp_diseases/An Image Dataset for Computer Vision-Based Detection of Shrimp Diseases/Original/Disease/WSSV/WSSV (12).jpg,0,0,0,0,0,1,1
/home/techpark-11/DYNAMO/AquaVerse/ml/datasets/raw_images/shrimp_diseases/An Image Dataset for Computer Vision-Based Detection of Shrimp Diseases/Original/Disease/WSSV/WSSV (64).jpg,0,0,0,0,0,1,1
/home/techpark-11/DYNAMO/AquaVerse/ml/datasets/raw_images/shrimp_diseases/An Image Dataset for Computer Vision-Based Detection of Shrimp Diseases/Original/Disease/WSSV/WSSV (39).jpg,0,0,0,0,0,1,1
/home/techpark-11/DYNAMO/AquaVerse/ml/datasets/raw_images/shrimp_diseases/An Image Dataset for Computer Vision-Based Detection of Shrimp Diseases/Original/Disease/WSSV/WSSV (94).jpg,0,0,0,0,0,1,1
/home/techpark-11/DYNAMO/AquaVerse/ml/datasets/raw_images/shrimp_diseases/An Image Dataset for Computer Vision-Based Detection of Shrimp Diseases/Original/Disease/WSSV/WSSV (45).jpg,0,0,0,0,0,1,1
/home/techpark-11/DYNAMO/AquaVerse/ml/datasets/raw_images/shrimp_diseases/An Image Dataset for Computer Vision-Based Detection of Shrimp Diseases/Original/Disease/WSSV/WSSV (3).jpg,0,0,0,0,0,1,1
/home/techpark-11/DYNAMO/AquaVerse/ml/datasets/raw_images/shrimp_diseases/An Image Dataset for Computer Vision-Based Detection of Shrimp Diseases/Original/Disease/WSSV/WSSV (84).jpg,0,0,0,0,0,1,1
/home/techpark-11/DYNAMO/AquaVerse/ml/datasets/raw_images/shrimp_diseases/An Image Dataset for Computer Vision-Based Detection of Shrimp Diseases/Original/Disease/WSSV/WSSV (76).jpg,0,0,0,0,0,1,1
/home/techpark-11/DYNAMO/AquaVerse/ml/datasets/raw_images/shrimp_diseases/An Image Dataset for Computer Vision-Based Detection of Shrimp Diseases/Original/Disease/WSSV/WSSV (99).jpg,0,0,0,0,0,1,1
/home/techpark-11/DYNAMO/AquaVerse/ml/datasets/raw_images/shrimp_diseases/An Image Dataset for Computer Vision-Based Detection of Shrimp Diseases/Original/Disease/WSSV/WSSV (9).jpg,0,0,0,0,0,1,1
/home/techpark-11/DYNAMO/AquaVerse/ml/datasets/raw_images/shrimp_diseases/An Image Dataset for Computer Vision-Based Detection of Shrimp Diseases/Original/Disease/WSSV/WSSV (78).jpg,0,0,0,0,0,1,1
/home/techpark-11/DYNAMO/AquaVerse/ml/datasets/raw_images/shrimp_diseases/An Image Dataset for Computer Vision-Based Detection of Shrimp Diseases/Original/Disease/WSSV/WSSV (80).jpg,0,0,0,0,0,1,1
/home/techpark-11/DYNAMO/AquaVerse/ml/datasets/raw_images/shrimp_diseases/An Image Dataset for Computer Vision-Based Detection of Shrimp Diseases/Original/Disease/WSSV/WSSV (33).jpg,0,0,0,0,0,1,1
/home/techpark-11/DYNAMO/AquaVerse/ml/datasets/raw_images/shrimp_diseases/An Image Dataset for Computer Vision-Based Detection of Shrimp Diseases/Original/Disease/WSSV/WSSV (18).jpg,0,0,0,0,0,1,1
/home/techpark-11/DYNAMO/AquaVerse/ml/datasets/raw_images/shrimp_diseases/An Image Dataset for Computer Vision-Based Detection of Shrimp Diseases/Original/Disease/WSSV/WSSV (34).jpg,0,0,0,0,0,1,1
/home/techpark-11/DYNAMO/AquaVerse/ml/datasets/raw_images/shrimp_diseases/An Image Dataset for Computer Vision-Based Detection of Shrimp Diseases/Original/Disease/WSSV/WSSV (4).jpg,0,0,0,0,0,1,1
/home/techpark-11/DYNAMO/AquaVerse/ml/datasets/raw_images/shrimp_diseases/An Image Dataset for Computer Vision-Based Detection of Shrimp Diseases/Original/Disease/WSSV/WSSV (20).jpg,0,0,0,0,0,1,1
/home/techpark-11/DYNAMO/AquaVerse/ml/datasets/raw_images/shrimp_diseases/An Image Dataset for Computer Vision-Based Detection of Shrimp Diseases/Original/Disease/WSSV/WSSV (59).jpg,0,0,0,0,0,1,1
/home/techpark-11/DYNAMO/AquaVerse/ml/datasets/raw_images/shrimp_diseases/An Image Dataset for Computer Vision-Based Detection of Shrimp Diseases/Original/Disease/WSSV/WSSV (24).jpg,0,0,0,0,0,1,1
/home/techpark-11/DYNAMO/AquaVerse/ml/datasets/raw_images/shrimp_diseases/An Image Dataset for Computer Vision-Based Detection of Shrimp Diseases/Original/Disease/WSSV/WSSV (41).jpg,0,0,0,0,0,1,1
/home/techpark-11/DYNAMO/AquaVerse/ml/datasets/raw_images/shrimp_diseases/An Image Dataset for Computer Vision-Based Detection of Shrimp Diseases/Original/Disease/WSSV/WSSV (55).jpg,0,0,0,0,0,1,1
/home/techpark-11/DYNAMO/AquaVerse/ml/datasets/raw_images/shrimp_diseases/An Image Dataset for Computer Vision-Based Detection of Shrimp Diseases/Original/Disease/WSSV/WSSV (86).jpg,0,0,0,0,0,1,1
/home/techpark-11/DYNAMO/AquaVerse/ml/datasets/raw_images/shrimp_diseases/An Image Dataset for Computer Vision-Based Detection of Shrimp Diseases/Original/Disease/WSSV/WSSV (83).jpg,0,0,0,0,0,1,1
/home/techpark-11/DYNAMO/AquaVerse/ml/datasets/raw_images/shrimp_diseases/An Image Dataset for Computer Vision-Based Detection of Shrimp Diseases/Original/Disease/WSSV/WSSV (104).jpg,0,0,0,0,0,1,1
/home/techpark-11/DYNAMO/AquaVerse/ml/datasets/raw_images/shrimp_diseases/An Image Dataset for Computer Vision-Based Detection of Shrimp Diseases/Original/Disease/WSSV/WSSV (75).jpg,0,0,0,0,0,1,1
/home/techpark-11/DYNAMO/AquaVerse/ml/datasets/raw_images/shrimp_diseases/An Image Dataset for Computer Vision-Based Detection of Shrimp Diseases/Original/Disease/WSSV/WSSV (82).jpg,0,0,0,0,0,1,1
/home/techpark-11/DYNAMO/AquaVerse/ml/datasets/raw_images/shrimp_diseases/An Image Dataset for Computer Vision-Based Detection of Shrimp Diseases/Original/Disease/WSSV/WSSV (7).jpg,0,0,0,0,0,1,1
/home/techpark-11/DYNAMO/AquaVerse/ml/datasets/raw_images/shrimp_diseases/An Image Dataset for Computer Vision-Based Detection of Shrimp Diseases/Original/Disease/WSSV/WSSV (106).jpg,0,0,0,0,0,1,1
/home/techpark-11/DYNAMO/AquaVerse/ml/datasets/raw_images/shrimp_diseases/An Image Dataset for Computer Vision-Based Detection of Shrimp Diseases/Original/Disease/WSSV/WSSV (60).jpg,0,0,0,0,0,1,1
/home/techpark-11/DYNAMO/AquaVerse/ml/datasets/raw_images/shrimp_diseases/An Image Dataset for Computer Vision-Based Detection of Shrimp Diseases/Original/Disease/WSSV/WSSV (36).jpg,0,0,0,0,0,1,1
/home/techpark-11/DYNAMO/AquaVerse/ml/datasets/raw_images/shrimp_diseases/An Image Dataset for Computer Vision-Based Detection of Shrimp Diseases/Original/Disease/WSSV/WSSV (54).jpg,0,0,0,0,0,1,1
/home/techpark-11/DYNAMO/AquaVerse/ml/datasets/raw_images/shrimp_diseases/An Image Dataset for Computer Vision-Based Detection of Shrimp Diseases/Original/Disease/WSSV/WSSV (98).jpg,0,0,0,0,0,1,1
/home/techpark-11/DYNAMO/AquaVerse/ml/datasets/raw_images/shrimp_diseases/An Image Dataset for Computer Vision-Based Detection of Shrimp Diseases/Original/Disease/WSSV/WSSV (8).jpg,0,0,0,0,0,1,1
/home/techpark-11/DYNAMO/AquaVerse/ml/datasets/raw_images/shrimp_diseases/An Image Dataset for Computer Vision-Based Detection of Shrimp Diseases/Original/Disease/WSSV/WSSV (57).jpg,0,0,0,0,0,1,1
/home/techpark-11/DYNAMO/AquaVerse/ml/datasets/raw_images/shrimp_diseases/An Image Dataset for Computer Vision-Based Detection of Shrimp Diseases/Original/Disease/WSSV/WSSV (1).jpg,0,0,0,0,0,1,1
/home/techpark-11/DYNAMO/AquaVerse/ml/datasets/raw_images/shrimp_diseases/An Image Dataset for Computer Vision-Based Detection of Shrimp Diseases/Original/Disease/WSSV/WSSV (88).jpg,0,0,0,0,0,1,1
/home/techpark-11/DYNAMO/AquaVerse/ml/datasets/raw_images/shrimp_diseases/An Image Dataset for Computer Vision-Based Detection of Shrimp Diseases/Original/Disease/WSSV/WSSV (49).jpg,0,0,0,0,0,1,1
/home/techpark-11/DYNAMO/AquaVerse/ml/datasets/raw_images/shrimp_diseases/An Image Dataset for Computer Vision-Based Detection of Shrimp Diseases/Original/Disease/WSSV/WSSV (21).jpg,0,0,0,0,0,1,1
/home/techpark-11/DYNAMO/AquaVerse/ml/datasets/raw_images/shrimp_diseases/An Image Dataset for Computer Vision-Based Detection of Shrimp Diseases/Original/Disease/WSSV/WSSV (37).jpg,0,0,0,0,0,1,1
/home/techpark-11/DYNAMO/AquaVerse/ml/datasets/raw_images/shrimp_diseases/An Image Dataset for Computer Vision-Based Detection of Shrimp Diseases/Original/Disease/WSSV/WSSV (22).jpg,0,0,0,0,0,1,1
/home/techpark-11/DYNAMO/AquaVerse/ml/datasets/raw_images/shrimp_diseases/An Image Dataset for Computer Vision-Based Detection of Shrimp Diseases/Original/Disease/WSSV/WSSV (48).jpg,0,0,0,0,0,1,1
/home/techpark-11/DYNAMO/AquaVerse/ml/datasets/raw_images/shrimp_diseases/An Image Dataset for Computer Vision-Based Detection of Shrimp Diseases/Original/Disease/WSSV/WSSV (68).jpg,0,0,0,0,0,1,1
/home/techpark-11/DYNAMO/AquaVerse/ml/datasets/raw_images/shrimp_diseases/An Image Dataset for Computer Vision-Based Detection of Shrimp Diseases/Original/Disease/WSSV/WSSV (62).jpg,0,0,0,0,0,1,1
/home/techpark-11/DYNAMO/AquaVerse/ml/datasets/raw_images/shrimp_diseases/An Image Dataset for Computer Vision-Based Detection of Shrimp Diseases/Original/Disease/WSSV/WSSV (66).jpg,0,0,0,0,0,1,1
/home/techpark-11/DYNAMO/AquaVerse/ml/datasets/raw_images/shrimp_diseases/An Image Dataset for Computer Vision-Based Detection of Shrimp Diseases/Original/Disease/WSSV/WSSV (10).jpg,0,0,0,0,0,1,1
/home/techpark-11/DYNAMO/AquaVerse/ml/datasets/raw_images/shrimp_diseases/An Image Dataset for Computer Vision-Based Detection of Shrimp Diseases/Original/Disease/WSSV/WSSV (77).jpg,0,0,0,0,0,1,1
/home/techpark-11/DYNAMO/AquaVerse/ml/datasets/raw_images/shrimp_diseases/An Image Dataset for Computer Vision-Based Detection of Shrimp Diseases/Original/Disease/WSSV/WSSV (28).jpg,0,0,0,0,0,1,1
/home/techpark-11/DYNAMO/AquaVerse/ml/datasets/raw_images/shrimp_diseases/An Image Dataset for Computer Vision-Based Detection of Shrimp Diseases/Original/Disease/WSSV/WSSV (81).jpg,0,0,0,0,0,1,1
/home/techpark-11/DYNAMO/AquaVerse/ml/datasets/raw_images/shrimp_diseases/An Image Dataset for Computer Vision-Based Detection of Shrimp Diseases/Original/Disease/WSSV/WSSV (16).jpg,0,0,0,0,0,1,1
/home/techpark-11/DYNAMO/AquaVerse/ml/datasets/raw_images/shrimp_diseases/An Image Dataset for Computer Vision-Based Detection of Shrimp Diseases/Original/Disease/WSSV/WSSV (105).jpg,0,0,0,0,0,1,1
/home/techpark-11/DYNAMO/AquaVerse/ml/datasets/raw_images/shrimp_diseases/An Image Dataset for Computer Vision-Based Detection of Shrimp Diseases/Original/Disease/WSSV/WSSV (32).jpg,0,0,0,0,0,1,1
/home/techpark-11/DYNAMO/AquaVerse/ml/datasets/raw_images/shrimp_diseases/An Image Dataset for Computer Vision-Based Detection of Shrimp Diseases/Original/Disease/WSSV/WSSV (73).jpg,0,0,0,0,0,1,1
/home/techpark-11/DYNAMO/AquaVerse/ml/datasets/raw_images/shrimp_diseases/An Image Dataset for Computer Vision-Based Detection of Shrimp Diseases/Original/Disease/WSSV/WSSV (25).jpg,0,0,0,0,0,1,1
/home/techpark-11/DYNAMO/AquaVerse/ml/datasets/raw_images/shrimp_diseases/An Image Dataset for Computer Vision-Based Detection of Shrimp Diseases/Original/Disease/WSSV/WSSV (5).jpg,0,0,0,0,0,1,1
/home/techpark-11/DYNAMO/AquaVerse/ml/datasets/raw_images/shrimp_diseases/An Image Dataset for Computer Vision-Based Detection of Shrimp Diseases/Original/Disease/WSSV/WSSV (109).jpg,0,0,0,0,0,1,1
/home/techpark-11/DYNAMO/AquaVerse/ml/datasets/raw_images/shrimp_diseases/An Image Dataset for Computer Vision-Based Detection of Shrimp Diseases/Original/Disease/WSSV/WSSV (40).jpg,0,0,0,0,0,1,1
/home/techpark-11/DYNAMO/AquaVerse/ml/datasets/raw_images/shrimp_diseases/An Image Dataset for Computer Vision-Based Detection of Shrimp Diseases/Original/Disease/BG/BG (15).jpg,0,0,0,0,1,0,0
/home/techpark-11/DYNAMO/AquaVerse/ml/datasets/raw_images/shrimp_diseases/An Image Dataset for Computer Vision-Based Detection of Shrimp Diseases/Original/Disease/BG/BG (44).jpg,0,0,0,0,1,0,0
/home/techpark-11/DYNAMO/AquaVerse/ml/datasets/raw_images/shrimp_diseases/An Image Dataset for Computer Vision-Based Detection of Shrimp Diseases/Original/Disease/BG/BG (29).jpg,0,0,0,0,1,0,0
/home/techpark-11/DYNAMO/AquaVerse/ml/datasets/raw_images/shrimp_diseases/An Image Dataset for Computer Vision-Based Detection of Shrimp Diseases/Original/Disease/BG/BG (68).jpg,0,0,0,0,1,0,0
/home/techpark-11/DYNAMO/AquaVerse/ml/datasets/raw_images/shrimp_diseases/An Image Dataset for Computer Vision-Based Detection of Shrimp Diseases/Original/Disease/BG/BG (103).jpg,0,0,0,0,1,0,0
/home/techpark-11/DYNAMO/AquaVerse/ml/datasets/raw_images/shrimp_diseases/An Image Dataset for Computer Vision-Based Detection of Shrimp Diseases/Original/Disease/BG/BG (64).jpg,0,0,0,0,1,0,0
/home/techpark-11/DYNAMO/AquaVerse/ml/datasets/raw_images/shrimp_diseases/An Image Dataset for Computer Vision-Based Detection of Shrimp Diseases/Original/Disease/BG/BG (81).jpg,0,0,0,0,1,0,0
/home/techpark-11/DYNAMO/AquaVerse/ml/datasets/raw_images/shrimp_diseases/An Image Dataset for Computer Vision-Based Detection of Shrimp Diseases/Original/Disease/BG/BG (65).jpg,0,0,0,0,1,0,0
/home/techpark-11/DYNAMO/AquaVerse/ml/datasets/raw_images/shrimp_diseases/An Image Dataset for Computer Vision-Based Detection of Shrimp Diseases/Original/Disease/BG/BG (99).jpg,0,0,0,0,1,0,0
/home/techpark-11/DYNAMO/AquaVerse/ml/datasets/raw_images/shrimp_diseases/An Image Dataset for Computer Vision-Based Detection of Shrimp Diseases/Original/Disease/BG/BG (91).jpg,0,0,0,0,1,0,0
/home/techpark-11/DYNAMO/AquaVerse/ml/datasets/raw_images/shrimp_diseases/An Image Dataset for Computer Vision-Based Detection of Shrimp Diseases/Original/Disease/BG/BG (78).jpg,0,0,0,0,1,0,0
/home/techpark-11/DYNAMO/AquaVerse/ml/datasets/raw_images/shrimp_diseases/An Image Dataset for Computer Vision-Based Detection of Shrimp Diseases/Original/Disease/BG/BG (14).jpg,0,0,0,0,1,0,0
/home/techpark-11/DYNAMO/AquaVerse/ml/datasets/raw_images/shrimp_diseases/An Image Dataset for Computer Vision-Based Detection of Shrimp Diseases/Original/Disease/BG/BG (104).jpg,0,0,0,0,1,0,0
/home/techpark-11/DYNAMO/AquaVerse/ml/datasets/raw_images/shrimp_diseases/An Image Dataset for Computer Vision-Based Detection of Shrimp Diseases/Original/Disease/BG/BG (63).jpg,0,0,0,0,1,0,0
/home/techpark-11/DYNAMO/AquaVerse/ml/datasets/raw_images/shrimp_diseases/An Image Dataset for Computer Vision-Based Detection of Shrimp Diseases/Original/Disease/BG/BG (47).jpg,0,0,0,0,1,0,0
/home/techpark-11/DYNAMO/AquaVerse/ml/datasets/raw_images/shrimp_diseases/An Image Dataset for Computer Vision-Based Detection of Shrimp Diseases/Original/Disease/BG/BG (79).jpg,0,0,0,0,1,0,0
/home/techpark-11/DYNAMO/AquaVerse/ml/datasets/raw_images/shrimp_diseases/An Image Dataset for Computer Vision-Based Detection of Shrimp Diseases/Original/Disease/BG/BG (33).jpg,0,0,0,0,1,0,0
/home/techpark-11/DYNAMO/AquaVerse/ml/datasets/raw_images/shrimp_diseases/An Image Dataset for Computer Vision-Based Detection of Shrimp Diseases/Original/Disease/BG/BG (100).jpg,0,0,0,0,1,0,0
/home/techpark-11/DYNAMO/AquaVerse/ml/datasets/raw_images/shrimp_diseases/An Image Dataset for Computer Vision-Based Detection of Shrimp Diseases/Original/Disease/BG/BG (96).jpg,0,0,0,0,1,0,0
/home/techpark-11/DYNAMO/AquaVerse/ml/datasets/raw_images/shrimp_diseases/An Image Dataset for Computer Vision-Based Detection of Shrimp Diseases/Original/Disease/BG/BG (88).jpg,0,0,0,0,1,0,0
/home/techpark-11/DYNAMO/AquaVerse/ml/datasets/raw_images/shrimp_diseases/An Image Dataset for Computer Vision-Based Detection of Shrimp Diseases/Original/Disease/BG/BG (74).jpg,0,0,0,0,1,0,0
/home/techpark-11/DYNAMO/AquaVerse/ml/datasets/raw_images/shrimp_diseases/An Image Dataset for Computer Vision-Based Detection of Shrimp Diseases/Original/Disease/BG/BG (70).jpg,0,0,0,0,1,0,0
/home/techpark-11/DYNAMO/AquaVerse/ml/datasets/raw_images/shrimp_diseases/An Image Dataset for Computer Vision-Based Detection of Shrimp Diseases/Original/Disease/BG/BG (49).jpg,0,0,0,0,1,0,0
/home/techpark-11/DYNAMO/AquaVerse/ml/datasets/raw_images/shrimp_diseases/An Image Dataset for Computer Vision-Based Detection of Shrimp Diseases/Original/Disease/BG/BG (43).jpg,0,0,0,0,1,0,0
/home/techpark-11/DYNAMO/AquaVerse/ml/datasets/raw_images/shrimp_diseases/An Image Dataset for Computer Vision-Based Detection of Shrimp Diseases/Original/Disease/BG/BG (94).jpg,0,0,0,0,1,0,0
/home/techpark-11/DYNAMO/AquaVerse/ml/datasets/raw_images/shrimp_diseases/An Image Dataset for Computer Vision-Based Detection of Shrimp Diseases/Original/Disease/BG/BG (6).jpg,0,0,0,0,1,0,0
/home/techpark-11/DYNAMO/AquaVerse/ml/datasets/raw_images/shrimp_diseases/An Image Dataset for Computer Vision-Based Detection of Shrimp Diseases/Original/Disease/BG/BG (62).jpg,0,0,0,0,1,0,0
/home/techpark-11/DYNAMO/AquaVerse/ml/datasets/raw_images/shrimp_diseases/An Image Dataset for Computer Vision-Based Detection of Shrimp Diseases/Original/Disease/BG/BG (69).jpg,0,0,0,0,1,0,0
/home/techpark-11/DYNAMO/AquaVerse/ml/datasets/raw_images/shrimp_diseases/An Image Dataset for Computer Vision-Based Detection of Shrimp Diseases/Original/Disease/BG/BG (16).jpg,0,0,0,0,1,0,0
/home/techpark-11/DYNAMO/AquaVerse/ml/datasets/raw_images/shrimp_diseases/An Image Dataset for Computer Vision-Based Detection of Shrimp Diseases/Original/Disease/BG/BG (52).jpg,0,0,0,0,1,0,0
/home/techpark-11/DYNAMO/AquaVerse/ml/datasets/raw_images/shrimp_diseases/An Image Dataset for Computer Vision-Based Detection of Shrimp Diseases/Original/Disease/BG/BG (28).jpg,0,0,0,0,1,0,0
/home/techpark-11/DYNAMO/AquaVerse/ml/datasets/raw_images/shrimp_diseases/An Image Dataset for Computer Vision-Based Detection of Shrimp Diseases/Original/Disease/BG/BG (60).jpg,0,0,0,0,1,0,0
/home/techpark-11/DYNAMO/AquaVerse/ml/datasets/raw_images/shrimp_diseases/An Image Dataset for Computer Vision-Based Detection of Shrimp Diseases/Original/Disease/BG/BG (8).jpg,0,0,0,0,1,0,0
/home/techpark-11/DYNAMO/AquaVerse/ml/datasets/raw_images/shrimp_diseases/An Image Dataset for Computer Vision-Based Detection of Shrimp Diseases/Original/Disease/BG/BG (59).jpg,0,0,0,0,1,0,0
/home/techpark-11/DYNAMO/AquaVerse/ml/datasets/raw_images/shrimp_diseases/An Image Dataset for Computer Vision-Based Detection of Shrimp Diseases/Original/Disease/BG/BG (13).jpg,0,0,0,0,1,0,0
/home/techpark-11/DYNAMO/AquaVerse/ml/datasets/raw_images/shrimp_diseases/An Image Dataset for Computer Vision-Based Detection of Shrimp Diseases/Original/Disease/BG/BG (109).jpg,0,0,0,0,1,0,0
/home/techpark-11/DYNAMO/AquaVerse/ml/datasets/raw_images/shrimp_diseases/An Image Dataset for Computer Vision-Based Detection of Shrimp Diseases/Original/Disease/BG/BG (66).jpg,0,0,0,0,1,0,0
/home/techpark-11/DYNAMO/AquaVerse/ml/datasets/raw_images/shrimp_diseases/An Image Dataset for Computer Vision-Based Detection of Shrimp Diseases/Original/Disease/BG/BG (106).jpg,0,0,0,0,1,0,0
/home/techpark-11/DYNAMO/AquaVerse/ml/datasets/raw_images/shrimp_diseases/An Image Dataset for Computer Vision-Based Detection of Shrimp Diseases/Original/Disease/BG/BG (87).jpg,0,0,0,0,1,0,0
/home/techpark-11/DYNAMO/AquaVerse/ml/datasets/raw_images/shrimp_diseases/An Image Dataset for Computer Vision-Based Detection of Shrimp Diseases/Original/Disease/BG/BG (10).jpg,0,0,0,0,1,0,0
/home/techpark-11/DYNAMO/AquaVerse/ml/datasets/raw_images/shrimp_diseases/An Image Dataset for Computer Vision-Based Detection of Shrimp Diseases/Original/Disease/BG/BG (46).jpg,0,0,0,0,1,0,0
/home/techpark-11/DYNAMO/AquaVerse/ml/datasets/raw_images/shrimp_diseases/An Image Dataset for Computer Vision-Based Detection of Shrimp Diseases/Original/Disease/BG/BG (3).jpg,0,0,0,0,1,0,0
/home/techpark-11/DYNAMO/AquaVerse/ml/datasets/raw_images/shrimp_diseases/An Image Dataset for Computer Vision-Based Detection of Shrimp Diseases/Original/Disease/BG/BG (26).jpg,0,0,0,0,1,0,0
/home/techpark-11/DYNAMO/AquaVerse/ml/datasets/raw_images/shrimp_diseases/An Image Dataset for Computer Vision-Based Detection of Shrimp Diseases/Original/Disease/BG/BG (22).jpg,0,0,0,0,1,0,0
/home/techpark-11/DYNAMO/AquaVerse/ml/datasets/raw_images/shrimp_diseases/An Image Dataset for Computer Vision-Based Detection of Shrimp Diseases/Original/Disease/BG/BG (34).jpg,0,0,0,0,1,0,0
/home/techpark-11/DYNAMO/AquaVerse/ml/datasets/raw_images/shrimp_diseases/An Image Dataset for Computer Vision-Based Detection of Shrimp Diseases/Original/Disease/BG/BG (77).jpg,0,0,0,0,1,0,0
/home/techpark-11/DYNAMO/AquaVerse/ml/datasets/raw_images/shrimp_diseases/An Image Dataset for Computer Vision-Based Detection of Shrimp Diseases/Original/Disease/BG/BG (5).jpg,0,0,0,0,1,0,0
/home/techpark-11/DYNAMO/AquaVerse/ml/datasets/raw_images/shrimp_diseases/An Image Dataset for Computer Vision-Based Detection of Shrimp Diseases/Original/Disease/BG/BG (95).jpg,0,0,0,0,1,0,0
/home/techpark-11/DYNAMO/AquaVerse/ml/datasets/raw_images/shrimp_diseases/An Image Dataset for Computer Vision-Based Detection of Shrimp Diseases/Original/Disease/BG/BG (31).jpg,0,0,0,0,1,0,0
/home/techpark-11/DYNAMO/AquaVerse/ml/datasets/raw_images/shrimp_diseases/An Image Dataset for Computer Vision-Based Detection of Shrimp Diseases/Original/Disease/BG/BG (12).jpg,0,0,0,0,1,0,0
/home/techpark-11/DYNAMO/AquaVerse/ml/datasets/raw_images/shrimp_diseases/An Image Dataset for Computer Vision-Based Detection of Shrimp Diseases/Original/Disease/BG/BG (97).jpg,0,0,0,0,1,0,0
/home/techpark-11/DYNAMO/AquaVerse/ml/datasets/raw_images/shrimp_diseases/An Image Dataset for Computer Vision-Based Detection of Shrimp Diseases/Original/Disease/BG/BG (56).jpg,0,0,0,0,1,0,0
/home/techpark-11/DYNAMO/AquaVerse/ml/datasets/raw_images/shrimp_diseases/An Image Dataset for Computer Vision-Based Detection of Shrimp Diseases/Original/Disease/BG/BG (25).jpg,0,0,0,0,1,0,0
/home/techpark-11/DYNAMO/AquaVerse/ml/datasets/raw_images/shrimp_diseases/An Image Dataset for Computer Vision-Based Detection of Shrimp Diseases/Original/Disease/BG/BG (101).jpg,0,0,0,0,1,0,0
/home/techpark-11/DYNAMO/AquaVerse/ml/datasets/raw_images/shrimp_diseases/An Image Dataset for Computer Vision-Based Detection of Shrimp Diseases/Original/Disease/BG/BG (83).jpg,0,0,0,0,1,0,0
/home/techpark-11/DYNAMO/AquaVerse/ml/datasets/raw_images/shrimp_diseases/An Image Dataset for Computer Vision-Based Detection of Shrimp Diseases/Original/Disease/BG/BG (92).jpg,0,0,0,0,1,0,0
/home/techpark-11/DYNAMO/AquaVerse/ml/datasets/raw_images/shrimp_diseases/An Image Dataset for Computer Vision-Based Detection of Shrimp Diseases/Original/Disease/BG/BG (45).jpg,0,0,0,0,1,0,0
/home/techpark-11/DYNAMO/AquaVerse/ml/datasets/raw_images/shrimp_diseases/An Image Dataset for Computer Vision-Based Detection of Shrimp Diseases/Original/Disease/BG/BG (57).jpg,0,0,0,0,1,0,0
/home/techpark-11/DYNAMO/AquaVerse/ml/datasets/raw_images/shrimp_diseases/An Image Dataset for Computer Vision-Based Detection of Shrimp Diseases/Original/Disease/BG/BG (36).jpg,0,0,0,0,1,0,0
/home/techpark-11/DYNAMO/AquaVerse/ml/datasets/raw_images/shrimp_diseases/An Image Dataset for Computer Vision-Based Detection of Shrimp Diseases/Original/Disease/BG/BG (75).jpg,0,0,0,0,1,0,0
/home/techpark-11/DYNAMO/AquaVerse/ml/datasets/raw_images/shrimp_diseases/An Image Dataset for Computer Vision-Based Detection of Shrimp Diseases/Original/Disease/BG/BG (108).jpg,0,0,0,0,1,0,0
/home/techpark-11/DYNAMO/AquaVerse/ml/datasets/raw_images/shrimp_diseases/An Image Dataset for Computer Vision-Based Detection of Shrimp Diseases/Original/Disease/BG/BG (24).jpg,0,0,0,0,1,0,0
/home/techpark-11/DYNAMO/AquaVerse/ml/datasets/raw_images/shrimp_diseases/An Image Dataset for Computer Vision-Based Detection of Shrimp Diseases/Original/Disease/BG/BG (19).jpg,0,0,0,0,1,0,0
/home/techpark-11/DYNAMO/AquaVerse/ml/datasets/raw_images/shrimp_diseases/An Image Dataset for Computer Vision-Based Detection of Shrimp Diseases/Original/Disease/BG/BG (54).jpg,0,0,0,0,1,0,0
/home/techpark-11/DYNAMO/AquaVerse/ml/datasets/raw_images/shrimp_diseases/An Image Dataset for Computer Vision-Based Detection of Shrimp Diseases/Original/Disease/BG/BG (50).jpg,0,0,0,0,1,0,0
/home/techpark-11/DYNAMO/AquaVerse/ml/datasets/raw_images/shrimp_diseases/An Image Dataset for Computer Vision-Based Detection of Shrimp Diseases/Original/Disease/BG/BG (82).jpg,0,0,0,0,1,0,0
/home/techpark-11/DYNAMO/AquaVerse/ml/datasets/raw_images/shrimp_diseases/An Image Dataset for Computer Vision-Based Detection of Shrimp Diseases/Original/Disease/BG/BG (17).jpg,0,0,0,0,1,0,0
/home/techpark-11/DYNAMO/AquaVerse/ml/datasets/raw_images/shrimp_diseases/An Image Dataset for Computer Vision-Based Detection of Shrimp Diseases/Original/Disease/BG/BG (32).jpg,0,0,0,0,1,0,0
/home/techpark-11/DYNAMO/AquaVerse/ml/datasets/raw_images/shrimp_diseases/An Image Dataset for Computer Vision-Based Detection of Shrimp Diseases/Original/Disease/BG/BG (37).jpg,0,0,0,0,1,0,0
/home/techpark-11/DYNAMO/AquaVerse/ml/datasets/raw_images/shrimp_diseases/An Image Dataset for Computer Vision-Based Detection of Shrimp Diseases/Original/Disease/BG/BG (41).jpg,0,0,0,0,1,0,0
/home/techpark-11/DYNAMO/AquaVerse/ml/datasets/raw_images/shrimp_diseases/An Image Dataset for Computer Vision-Based Detection of Shrimp Diseases/Original/Disease/BG/BG (61).jpg,0,0,0,0,1,0,0
/home/techpark-11/DYNAMO/AquaVerse/ml/datasets/raw_images/shrimp_diseases/An Image Dataset for Computer Vision-Based Detection of Shrimp Diseases/Original/Disease/BG/BG (76).jpg,0,0,0,0,1,0,0
/home/techpark-11/DYNAMO/AquaVerse/ml/datasets/raw_images/shrimp_diseases/An Image Dataset for Computer Vision-Based Detection of Shrimp Diseases/Original/Disease/BG/BG (53).jpg,0,0,0,0,1,0,0
/home/techpark-11/DYNAMO/AquaVerse/ml/datasets/raw_images/shrimp_diseases/An Image Dataset for Computer Vision-Based Detection of Shrimp Diseases/Original/Disease/BG/BG (21).jpg,0,0,0,0,1,0,0
/home/techpark-11/DYNAMO/AquaVerse/ml/datasets/raw_images/shrimp_diseases/An Image Dataset for Computer Vision-Based Detection of Shrimp Diseases/Original/Disease/BG/BG (86).jpg,0,0,0,0,1,0,0
/home/techpark-11/DYNAMO/AquaVerse/ml/datasets/raw_images/shrimp_diseases/An Image Dataset for Computer Vision-Based Detection of Shrimp Diseases/Original/Disease/BG/BG (39).jpg,0,0,0,0,1,0,0
/home/techpark-11/DYNAMO/AquaVerse/ml/datasets/raw_images/shrimp_diseases/An Image Dataset for Computer Vision-Based Detection of Shrimp Diseases/Original/Disease/BG/BG (72).jpg,0,0,0,0,1,0,0
/home/techpark-11/DYNAMO/AquaVerse/ml/datasets/raw_images/shrimp_diseases/An Image Dataset for Computer Vision-Based Detection of Shrimp Diseases/Original/Disease/BG/BG (58).jpg,0,0,0,0,1,0,0
/home/techpark-11/DYNAMO/AquaVerse/ml/datasets/raw_images/shrimp_diseases/An Image Dataset for Computer Vision-Based Detection of Shrimp Diseases/Original/Disease/BG/BG (85).jpg,0,0,0,0,1,0,0
/home/techpark-11/DYNAMO/AquaVerse/ml/datasets/raw_images/shrimp_diseases/An Image Dataset for Computer Vision-Based Detection of Shrimp Diseases/Original/Disease/BG/BG (55).jpg,0,0,0,0,1,0,0
/home/techpark-11/DYNAMO/AquaVerse/ml/datasets/raw_images/shrimp_diseases/An Image Dataset for Computer Vision-Based Detection of Shrimp Diseases/Original/Disease/BG/BG (27).jpg,0,0,0,0,1,0,0
/home/techpark-11/DYNAMO/AquaVerse/ml/datasets/raw_images/shrimp_diseases/An Image Dataset for Computer Vision-Based Detection of Shrimp Diseases/Original/Disease/BG/BG (98).jpg,0,0,0,0,1,0,0
/home/techpark-11/DYNAMO/AquaVerse/ml/datasets/raw_images/shrimp_diseases/An Image Dataset for Computer Vision-Based Detection of Shrimp Diseases/Original/Disease/BG/BG (73).jpg,0,0,0,0,1,0,0
/home/techpark-11/DYNAMO/AquaVerse/ml/datasets/raw_images/shrimp_diseases/An Image Dataset for Computer Vision-Based Detection of Shrimp Diseases/Original/Disease/BG/BG (38).jpg,0,0,0,0,1,0,0
/home/techpark-11/DYNAMO/AquaVerse/ml/datasets/raw_images/shrimp_diseases/An Image Dataset for Computer Vision-Based Detection of Shrimp Diseases/Original/Disease/BG/BG (80).jpg,0,0,0,0,1,0,0
/home/techpark-11/DYNAMO/AquaVerse/ml/datasets/raw_images/shrimp_diseases/An Image Dataset for Computer Vision-Based Detection of Shrimp Diseases/Original/Disease/BG/BG (111).jpg,0,0,0,0,1,0,0
/home/techpark-11/DYNAMO/AquaVerse/ml/datasets/raw_images/shrimp_diseases/An Image Dataset for Computer Vision-Based Detection of Shrimp Diseases/Original/Disease/BG/BG (93).jpg,0,0,0,0,1,0,0
/home/techpark-11/DYNAMO/AquaVerse/ml/datasets/raw_images/shrimp_diseases/An Image Dataset for Computer Vision-Based Detection of Shrimp Diseases/Original/Disease/BG/BG (9).jpg,0,0,0,0,1,0,0
/home/techpark-11/DYNAMO/AquaVerse/ml/datasets/raw_images/shrimp_diseases/An Image Dataset for Computer Vision-Based Detection of Shrimp Diseases/Original/Disease/BG/BG (71).jpg,0,0,0,0,1,0,0
/home/techpark-11/DYNAMO/AquaVerse/ml/datasets/raw_images/shrimp_diseases/An Image Dataset for Computer Vision-Based Detection of Shrimp Diseases/Original/Disease/BG/BG (40).jpg,0,0,0,0,1,0,0
/home/techpark-11/DYNAMO/AquaVerse/ml/datasets/raw_images/shrimp_diseases/An Image Dataset for Computer Vision-Based Detection of Shrimp Diseases/Original/Disease/BG/BG (89).jpg,0,0,0,0,1,0,0
/home/techpark-11/DYNAMO/AquaVerse/ml/datasets/raw_images/shrimp_diseases/An Image Dataset for Computer Vision-Based Detection of Shrimp Diseases/Original/Disease/BG/BG (1).jpg,0,0,0,0,1,0,0
/home/techpark-11/DYNAMO/AquaVerse/ml/datasets/raw_images/shrimp_diseases/An Image Dataset for Computer Vision-Based Detection of Shrimp Diseases/Original/Disease/BG/BG (7).jpg,0,0,0,0,1,0,0
/home/techpark-11/DYNAMO/AquaVerse/ml/datasets/raw_images/shrimp_diseases/An Image Dataset for Computer Vision-Based Detection of Shrimp Diseases/Original/Disease/BG/BG (2).jpg,0,0,0,0,1,0,0
/home/techpark-11/DYNAMO/AquaVerse/ml/datasets/raw_images/shrimp_diseases/An Image Dataset for Computer Vision-Based Detection of Shrimp Diseases/Original/Disease/BG/BG (35).jpg,0,0,0,0,1,0,0
/home/techpark-11/DYNAMO/AquaVerse/ml/datasets/raw_images/shrimp_diseases/An Image Dataset for Computer Vision-Based Detection of Shrimp Diseases/Original/Disease/BG/BG (18).jpg,0,0,0,0,1,0,0
/home/techpark-11/DYNAMO/AquaVerse/ml/datasets/raw_images/shrimp_diseases/An Image Dataset for Computer Vision-Based Detection of Shrimp Diseases/Original/Disease/BG/BG (30).jpg,0,0,0,0,1,0,0
/home/techpark-11/DYNAMO/AquaVerse/ml/datasets/raw_images/shrimp_diseases/An Image Dataset for Computer Vision-Based Detection of Shrimp Diseases/Original/Disease/BG/BG (51).jpg,0,0,0,0,1,0,0
/home/techpark-11/DYNAMO/AquaVerse/ml/datasets/raw_images/shrimp_diseases/An Image Dataset for Computer Vision-Based Detection of Shrimp Diseases/Original/Disease/BG/BG (42).jpg,0,0,0,0,1,0,0
/home/techpark-11/DYNAMO/AquaVerse/ml/datasets/raw_images/shrimp_diseases/An Image Dataset for Computer Vision-Based Detection of Shrimp Diseases/Original/Disease/BG/BG (110).jpg,0,0,0,0,1,0,0
/home/techpark-11/DYNAMO/AquaVerse/ml/datasets/raw_images/shrimp_diseases/An Image Dataset for Computer Vision-Based Detection of Shrimp Diseases/Original/Disease/BG/BG (67).jpg,0,0,0,0,1,0,0
/home/techpark-11/DYNAMO/AquaVerse/ml/datasets/raw_images/shrimp_diseases/An Image Dataset for Computer Vision-Based Detection of Shrimp Diseases/Original/Disease/BG/BG (84).jpg,0,0,0,0,1,0,0
/home/techpark-11/DYNAMO/AquaVerse/ml/datasets/raw_images/shrimp_diseases/An Image Dataset for Computer Vision-Based Detection of Shrimp Diseases/Original/Disease/BG/BG (107).jpg,0,0,0,0,1,0,0
/home/techpark-11/DYNAMO/AquaVerse/ml/datasets/raw_images/shrimp_diseases/An Image Dataset for Computer Vision-Based Detection of Shrimp Diseases/Original/Disease/BG/BG (48).jpg,0,0,0,0,1,0,0
/home/techpark-11/DYNAMO/AquaVerse/ml/datasets/raw_images/shrimp_diseases/An Image Dataset for Computer Vision-Based Detection of Shrimp Diseases/Original/Disease/BG/BG (90).jpg,0,0,0,0,1,0,0
/home/techpark-11/DYNAMO/AquaVerse/ml/datasets/raw_images/shrimp_diseases/An Image Dataset for Computer Vision-Based Detection of Shrimp Diseases/Original/Disease/BG/BG (23).jpg,0,0,0,0,1,0,0
/home/techpark-11/DYNAMO/AquaVerse/ml/datasets/raw_images/shrimp_diseases/An Image Dataset for Computer Vision-Based Detection of Shrimp Diseases/Original/Disease/BG/BG (20).jpg,0,0,0,0,1,0,0
/home/techpark-11/DYNAMO/AquaVerse/ml/datasets/raw_images/shrimp_diseases/An Image Dataset for Computer Vision-Based Detection of Shrimp Diseases/Original/Disease/BG/BG (4).jpg,0,0,0,0,1,0,0
/home/techpark-11/DYNAMO/AquaVerse/ml/datasets/raw_images/shrimp_diseases/An Image Dataset for Computer Vision-Based Detection of Shrimp Diseases/Original/Disease/BG/BG (11).jpg,0,0,0,0,1,0,0
/home/techpark-11/DYNAMO/AquaVerse/ml/datasets/raw_images/shrimp_diseases/An Image Dataset for Computer Vision-Based Detection of Shrimp Diseases/Original/Disease/BG/BG (102).jpg,0,0,0,0,1,0,0
/home/techpark-11/DYNAMO/AquaVerse/ml/datasets/raw_images/shrimp_diseases/An Image Dataset for Computer Vision-Based Detection of Shrimp Diseases/Original/Disease/BG/BG (105).jpg,0,0,0,0,1,0,0
/home/techpark-11/DYNAMO/AquaVerse/ml/datasets/raw_images/shrimp_diseases/An Image Dataset for Computer Vision-Based Detection of Shrimp Diseases/Original/Healthy/Healthy (Blue Background) (311).jpg,0,0,0,0,0,0,0
/home/techpark-11/DYNAMO/AquaVerse/ml/datasets/raw_images/shrimp_diseases/An Image Dataset for Computer Vision-Based Detection of Shrimp Diseases/Original/Healthy/Healthy (Blue Background) (223).jpg,0,0,0,0,0,0,0
/home/techpark-11/DYNAMO/AquaVerse/ml/datasets/raw_images/shrimp_diseases/An Image Dataset for Computer Vision-Based Detection of Shrimp Diseases/Original/Healthy/Healthy (Blue Background) (21).jpg,0,0,0,0,0,0,0
/home/techpark-11/DYNAMO/AquaVerse/ml/datasets/raw_images/shrimp_diseases/An Image Dataset for Computer Vision-Based Detection of Shrimp Diseases/Original/Healthy/Healthy (Blue Background) (120).jpg,0,0,0,0,0,0,0
/home/techpark-11/DYNAMO/AquaVerse/ml/datasets/raw_images/shrimp_diseases/An Image Dataset for Computer Vision-Based Detection of Shrimp Diseases/Original/Healthy/Healthy (Blue Background) (16).jpg,0,0,0,0,0,0,0
/home/techpark-11/DYNAMO/AquaVerse/ml/datasets/raw_images/shrimp_diseases/An Image Dataset for Computer Vision-Based Detection of Shrimp Diseases/Original/Healthy/Healthy (Blue Background) (36).jpg,0,0,0,0,0,0,0
/home/techpark-11/DYNAMO/AquaVerse/ml/datasets/raw_images/shrimp_diseases/An Image Dataset for Computer Vision-Based Detection of Shrimp Diseases/Original/Healthy/Healthy (Blue Background) (105).jpg,0,0,0,0,0,0,0
/home/techpark-11/DYNAMO/AquaVerse/ml/datasets/raw_images/shrimp_diseases/An Image Dataset for Computer Vision-Based Detection of Shrimp Diseases/Original/Healthy/Healthy (Blue Background) (160).jpg,0,0,0,0,0,0,0
/home/techpark-11/DYNAMO/AquaVerse/ml/datasets/raw_images/shrimp_diseases/An Image Dataset for Computer Vision-Based Detection of Shrimp Diseases/Original/Healthy/Healthy (Blue Background) (305).jpg,0,0,0,0,0,0,0
/home/techpark-11/DYNAMO/AquaVerse/ml/datasets/raw_images/shrimp_diseases/An Image Dataset for Computer Vision-Based Detection of Shrimp Diseases/Original/Healthy/Healthy (White Background) (28).jpg,0,0,0,0,0,0,0
/home/techpark-11/DYNAMO/AquaVerse/ml/datasets/raw_images/shrimp_diseases/An Image Dataset for Computer Vision-Based Detection of Shrimp Diseases/Original/Healthy/Healthy (Blue Background) (168).jpg,0,0,0,0,0,0,0
/home/techpark-11/DYNAMO/AquaVerse/ml/datasets/raw_images/shrimp_diseases/An Image Dataset for Computer Vision-Based Detection of Shrimp Diseases/Original/Healthy/Healthy (White Background) (6).jpg,0,0,0,0,0,0,0
/home/techpark-11/DYNAMO/AquaVerse/ml/datasets/raw_images/shrimp_diseases/An Image Dataset for Computer Vision-Based Detection of Shrimp Diseases/Original/Healthy/Healthy (Blue Background) (108).jpg,0,0,0,0,0,0,0
/home/techpark-11/DYNAMO/AquaVerse/ml/datasets/raw_images/shrimp_diseases/An Image Dataset for Computer Vision-Based Detection of Shrimp Diseases/Original/Healthy/Healthy (Blue Background) (158).jpg,0,0,0,0,0,0,0
/home/techpark-11/DYNAMO/AquaVerse/ml/datasets/raw_images/shrimp_diseases/An Image Dataset for Computer Vision-Based Detection of Shrimp Diseases/Original/Healthy/Healthy (Blue Background) (230).jpg,0,0,0,0,0,0,0
/home/techpark-11/DYNAMO/AquaVerse/ml/datasets/raw_images/shrimp_diseases/An Image Dataset for Computer Vision-Based Detection of Shrimp Diseases/Original/Healthy/Healthy (White Background) (95).jpg,0,0,0,0,0,0,0
/home/techpark-11/DYNAMO/AquaVerse/ml/datasets/raw_images/shrimp_diseases/An Image Dataset for Computer Vision-Based Detection of Shrimp Diseases/Original/Healthy/Healthy (White Background) (55).jpg,0,0,0,0,0,0,0
/home/techpark-11/DYNAMO/AquaVerse/ml/datasets/raw_images/shrimp_diseases/An Image Dataset for Computer Vision-Based Detection of Shrimp Diseases/Original/Healthy/Healthy (Blue Background) (3).jpg,0,0,0,0,0,0,0
/home/techpark-11/DYNAMO/AquaVerse/ml/datasets/raw_images/shrimp_diseases/An Image Dataset for Computer Vision-Based Detection of Shrimp Diseases/Original/Healthy/Healthy (Blue Background) (90).jpg,0,0,0,0,0,0,0
/home/techpark-11/DYNAMO/AquaVerse/ml/datasets/raw_images/shrimp_diseases/An Image Dataset for Computer Vision-Based Detection of Shrimp Diseases/Original/Healthy/Healthy (Blue Background) (58).jpg,0,0,0,0,0,0,0
/home/techpark-11/DYNAMO/AquaVerse/ml/datasets/raw_images/shrimp_diseases/An Image Dataset for Computer Vision-Based Detection of Shrimp Diseases/Original/Healthy/Healthy (Blue Background) (288).jpg,0,0,0,0,0,0,0
/home/techpark-11/DYNAMO/AquaVerse/ml/datasets/raw_images/shrimp_diseases/An Image Dataset for Computer Vision-Based Detection of Shrimp Diseases/Original/Healthy/Healthy (Blue Background) (84).jpg,0,0,0,0,0,0,0
/home/techpark-11/DYNAMO/AquaVerse/ml/datasets/raw_images/shrimp_diseases/An Image Dataset for Computer Vision-Based Detection of Shrimp Diseases/Original/Healthy/Healthy (Blue Background) (298).jpg,0,0,0,0,0,0,0
/home/techpark-11/DYNAMO/AquaVerse/ml/datasets/raw_images/shrimp_diseases/An Image Dataset for Computer Vision-Based Detection of Shrimp Diseases/Original/Healthy/Healthy (Blue Background) (292).jpg,0,0,0,0,0,0,0
/home/techpark-11/DYNAMO/AquaVerse/ml/datasets/raw_images/shrimp_diseases/An Image Dataset for Computer Vision-Based Detection of Shrimp Diseases/Original/Healthy/Healthy (Blue Background) (86).jpg,0,0,0,0,0,0,0
/home/techpark-11/DYNAMO/AquaVerse/ml/datasets/raw_images/shrimp_diseases/An Image Dataset for Computer Vision-Based Detection of Shrimp Diseases/Original/Healthy/Healthy (Blue Background) (117).jpg,0,0,0,0,0,0,0
/home/techpark-11/DYNAMO/AquaVerse/ml/datasets/raw_images/shrimp_diseases/An Image Dataset for Computer Vision-Based Detection of Shrimp Diseases/Original/Healthy/Healthy (White Background) (93).jpg,0,0,0,0,0,0,0
/home/techpark-11/DYNAMO/AquaVerse/ml/datasets/raw_images/shrimp_diseases/An Image Dataset for Computer Vision-Based Detection of Shrimp Diseases/Original/Healthy/Healthy (Blue Background) (171).jpg,0,0,0,0,0,0,0
/home/techpark-11/DYNAMO/AquaVerse/ml/datasets/raw_images/shrimp_diseases/An Image Dataset for Computer Vision-Based Detection of Shrimp Diseases/Original/Healthy/Healthy (Blue Background) (205).jpg,0,0,0,0,0,0,0
/home/techpark-11/DYNAMO/AquaVerse/ml/datasets/raw_images/shrimp_diseases/An Image Dataset for Computer Vision-Based Detection of Shrimp Diseases/Original/Healthy/Healthy (Blue Background) (176).jpg,0,0,0,0,0,0,0
/home/techpark-11/DYNAMO/AquaVerse/ml/datasets/raw_images/shrimp_diseases/An Image Dataset for Computer Vision-Based Detection of Shrimp Diseases/Original/Healthy/Healthy (Blue Background) (303).jpg,0,0,0,0,0,0,0
/home/techpark-11/DYNAMO/AquaVerse/ml/datasets/raw_images/shrimp_diseases/An Image Dataset for Computer Vision-Based Detection of Shrimp Diseases/Original/Healthy/Healthy (Blue Background) (255).jpg,0,0,0,0,0,0,0
/home/techpark-11/DYNAMO/AquaVerse/ml/datasets/raw_images/shrimp_diseases/An Image Dataset for Computer Vision-Based Detection of Shrimp Diseases/Original/Healthy/Healthy (Blue Background) (109).jpg,0,0,0,0,0,0,0
/home/techpark-11/DYNAMO/AquaVerse/ml/datasets/raw_images/shrimp_diseases/An Image Dataset for Computer Vision-Based Detection of Shrimp Diseases/Original/Healthy/Healthy (Blue Background) (123).jpg,0,0,0,0,0,0,0
/home/techpark-11/DYNAMO/AquaVerse/ml/datasets/raw_images/shrimp_diseases/An Image Dataset for Computer Vision-Based Detection of Shrimp Diseases/Original/Healthy/Healthy (Blue Background) (174).jpg,0,0,0,0,0,0,0
/home/techpark-11/DYNAMO/AquaVerse/ml/datasets/raw_images/shrimp_diseases/An Image Dataset for Computer Vision-Based Detection of Shrimp Diseases/Original/Healthy/Healthy (White Background) (96).jpg,0,0,0,0,0,0,0
/home/techpark-11/DYNAMO/AquaVerse/ml/datasets/raw_images/shrimp_diseases/An Image Dataset for Computer Vision-Based Detection of Shrimp Diseases/Original/Healthy/Healthy (White Background) (13).jpg,0,0,0,0,0,0,0
/home/techpark-11/DYNAMO/AquaVerse/ml/datasets/raw_images/shrimp_diseases/An Image Dataset for Computer Vision-Based Detection of Shrimp Diseases/Original/Healthy/Healthy (Blue Background) (6).jpg,0,0,0,0,0,0,0
/home/techpark-11/DYNAMO/AquaVerse/ml/datasets/raw_images/shrimp_diseases/An Image Dataset for Computer Vision-Based Detection of Shrimp Diseases/Original/Healthy/Healthy (Blue Background) (144).jpg,0,0,0,0,0,0,0
/home/techpark-11/DYNAMO/AquaVerse/ml/datasets/raw_images/shrimp_diseases/An Image Dataset for Computer Vision-Based Detection of Shrimp Diseases/Original/Healthy/Healthy (White Background) (43).jpg,0,0,0,0,0,0,0
/home/techpark-11/DYNAMO/AquaVerse/ml/datasets/raw_images/shrimp_diseases/An Image Dataset for Computer Vision-Based Detection of Shrimp Diseases/Original/Healthy/Healthy (Blue Background) (119).jpg,0,0,0,0,0,0,0
/home/techpark-11/DYNAMO/AquaVerse/ml/datasets/raw_images/shrimp_diseases/An Image Dataset for Computer Vision-Based Detection of Shrimp Diseases/Original/Healthy/Healthy (White Background) (39).jpg,0,0,0,0,0,0,0
/home/techpark-11/DYNAMO/AquaVerse/ml/datasets/raw_images/shrimp_diseases/An Image Dataset for Computer Vision-Based Detection of Shrimp Diseases/Original/Healthy/Healthy (Blue Background) (177).jpg,0,0,0,0,0,0,0
/home/techpark-11/DYNAMO/AquaVerse/ml/datasets/raw_images/shrimp_diseases/An Image Dataset for Computer Vision-Based Detection of Shrimp Diseases/Original/Healthy/Healthy (Blue Background) (165).jpg,0,0,0,0,0,0,0
/home/techpark-11/DYNAMO/AquaVerse/ml/datasets/raw_images/shrimp_diseases/An Image Dataset for Computer Vision-Based Detection of Shrimp Diseases/Original/Healthy/Healthy (White Background) (90).jpg,0,0,0,0,0,0,0
/home/techpark-11/DYNAMO/AquaVerse/ml/datasets/raw_images/shrimp_diseases/An Image Dataset for Computer Vision-Based Detection of Shrimp Diseases/Original/Healthy/Healthy (Blue Background) (192).jpg,0,0,0,0,0,0,0
/home/techpark-11/DYNAMO/AquaVerse/ml/datasets/raw_images/shrimp_diseases/An Image Dataset for Computer Vision-Based Detection of Shrimp Diseases/Original/Healthy/Healthy (Blue Background) (263).jpg,0,0,0,0,0,0,0
/home/techpark-11/DYNAMO/AquaVerse/ml/datasets/raw_images/shrimp_diseases/An Image Dataset for Computer Vision-Based Detection of Shrimp Diseases/Original/Healthy/Healthy (Blue Background) (299).jpg,0,0,0,0,0,0,0
/home/techpark-11/DYNAMO/AquaVerse/ml/datasets/raw_images/shrimp_diseases/An Image Dataset for Computer Vision-Based Detection of Shrimp Diseases/Original/Healthy/Healthy (White Background) (91).jpg,0,0,0,0,0,0,0
/home/techpark-11/DYNAMO/AquaVerse/ml/datasets/raw_images/shrimp_diseases/An Image Dataset for Computer Vision-Based Detection of Shrimp Diseases/Original/Healthy/Healthy (Blue Background) (193).jpg,0,0,0,0,0,0,0
/home/techpark-11/DYNAMO/AquaVerse/ml/datasets/raw_images/shrimp_diseases/An Image Dataset for Computer Vision-Based Detection of Shrimp Diseases/Original/Healthy/Healthy (White Background) (72).jpg,0,0,0,0,0,0,0
/home/techpark-11/DYNAMO/AquaVerse/ml/datasets/raw_images/shrimp_diseases/An Image Dataset for Computer Vision-Based Detection of Shrimp Diseases/Original/Healthy/Healthy (Blue Background) (236).jpg,0,0,0,0,0,0,0
/home/techpark-11/DYNAMO/AquaVerse/ml/datasets/raw_images/shrimp_diseases/An Image Dataset for Computer Vision-Based Detection of Shrimp Diseases/Original/Healthy/Healthy (White Background) (58).jpg,0,0,0,0,0,0,0
/home/techpark-11/DYNAMO/AquaVerse/ml/datasets/raw_images/shrimp_diseases/An Image Dataset for Computer Vision-Based Detection of Shrimp Diseases/Original/Healthy/Healthy (Blue Background) (60).jpg,0,0,0,0,0,0,0
/home/techpark-11/DYNAMO/AquaVerse/ml/datasets/raw_images/shrimp_diseases/An Image Dataset for Computer Vision-Based Detection of Shrimp Diseases/Original/Healthy/Healthy (Blue Background) (302).jpg,0,0,0,0,0,0,0
/home/techpark-11/DYNAMO/AquaVerse/ml/datasets/raw_images/shrimp_diseases/An Image Dataset for Computer Vision-Based Detection of Shrimp Diseases/Original/Healthy/Healthy (White Background) (15).jpg,0,0,0,0,0,0,0
/home/techpark-11/DYNAMO/AquaVerse/ml/datasets/raw_images/shrimp_diseases/An Image Dataset for Computer Vision-Based Detection of Shrimp Diseases/Original/Healthy/Healthy (Blue Background) (197).jpg,0,0,0,0,0,0,0
/home/techpark-11/DYNAMO/AquaVerse/ml/datasets/raw_images/shrimp_diseases/An Image Dataset for Computer Vision-Based Detection of Shrimp Diseases/Original/Healthy/Healthy (Blue Background) (162).jpg,0,0,0,0,0,0,0
/home/techpark-11/DYNAMO/AquaVerse/ml/datasets/raw_images/shrimp_diseases/An Image Dataset for Computer Vision-Based Detection of Shrimp Diseases/Original/Healthy/Healthy (Blue Background) (287).jpg,0,0,0,0,0,0,0
/home/techpark-11/DYNAMO/AquaVerse/ml/datasets/raw_images/shrimp_diseases/An Image Dataset for Computer Vision-Based Detection of Shrimp Diseases/Original/Healthy/Healthy (Blue Background) (26).jpg,0,0,0,0,0,0,0
/home/techpark-11/DYNAMO/AquaVerse/ml/datasets/raw_images/shrimp_diseases/An Image Dataset for Computer Vision-Based Detection of Shrimp Diseases/Original/Healthy/Healthy (Blue Background) (250).jpg,0,0,0,0,0,0,0
/home/techpark-11/DYNAMO/AquaVerse/ml/datasets/raw_images/shrimp_diseases/An Image Dataset for Computer Vision-Based Detection of Shrimp Diseases/Original/Healthy/Healthy (Blue Background) (309).jpg,0,0,0,0,0,0,0
/home/techpark-11/DYNAMO/AquaVerse/ml/datasets/raw_images/shrimp_diseases/An Image Dataset for Computer Vision-Based Detection of Shrimp Diseases/Original/Healthy/Healthy (Blue Background) (122).jpg,0,0,0,0,0,0,0
/home/techpark-11/DYNAMO/AquaVerse/ml/datasets/raw_images/shrimp_diseases/An Image Dataset for Computer Vision-Based Detection of Shrimp Diseases/Original/Healthy/Healthy (White Background) (29).jpg,0,0,0,0,0,0,0
/home/techpark-11/DYNAMO/AquaVerse/ml/datasets/raw_images/shrimp_diseases/An Image Dataset for Computer Vision-Based Detection of Shrimp Diseases/Original/Healthy/Healthy (White Background) (52).jpg,0,0,0,0,0,0,0
/home/techpark-11/DYNAMO/AquaVerse/ml/datasets/raw_images/shrimp_diseases/An Image Dataset for Computer Vision-Based Detection of Shrimp Diseases/Original/Healthy/Healthy (Blue Background) (227).jpg,0,0,0,0,0,0,0
/home/techpark-11/DYNAMO/AquaVerse/ml/datasets/raw_images/shrimp_diseases/An Image Dataset for Computer Vision-Based Detection of Shrimp Diseases/Original/Healthy/Healthy (Blue Background) (14).jpg,0,0,0,0,0,0,0
/home/techpark-11/DYNAMO/AquaVerse/ml/datasets/raw_images/shrimp_diseases/An Image Dataset for Computer Vision-Based Detection of Shrimp Diseases/Original/Healthy/Healthy (Blue Background) (46).jpg,0,0,0,0,0,0,0
/home/techpark-11/DYNAMO/AquaVerse/ml/datasets/raw_images/shrimp_diseases/An Image Dataset for Computer Vision-Based Detection of Shrimp Diseases/Original/Healthy/Healthy (Blue Background) (291).jpg,0,0,0,0,0,0,0
/home/techpark-11/DYNAMO/AquaVerse/ml/datasets/raw_images/shrimp_diseases/An Image Dataset for Computer Vision-Based Detection of Shrimp Diseases/Original/Healthy/Healthy (Blue Background) (10).jpg,0,0,0,0,0,0,0
/home/techpark-11/DYNAMO/AquaVerse/ml/datasets/raw_images/shrimp_diseases/An Image Dataset for Computer Vision-Based Detection of Shrimp Diseases/Original/Healthy/Healthy (White Background) (97).jpg,0,0,0,0,0,0,0
/home/techpark-11/DYNAMO/AquaVerse/ml/datasets/raw_images/shrimp_diseases/An Image Dataset for Computer Vision-Based Detection of Shrimp Diseases/Original/Healthy/Healthy (Blue Background) (296).jpg,0,0,0,0,0,0,0
/home/techpark-11/DYNAMO/AquaVerse/ml/datasets/raw_images/shrimp_diseases/An Image Dataset for Computer Vision-Based Detection of Shrimp Diseases/Original/Healthy/Healthy (White Background) (100).jpg,0,0,0,0,0,0,0
/home/techpark-11/DYNAMO/AquaVerse/ml/datasets/raw_images/shrimp_diseases/An Image Dataset for Computer Vision-Based Detection of Shrimp Diseases/Original/Healthy/Healthy (Blue Background) (234).jpg,0,0,0,0,0,0,0
/home/techpark-11/DYNAMO/AquaVerse/ml/datasets/raw_images/shrimp_diseases/An Image Dataset for Computer Vision-Based Detection of Shrimp Diseases/Original/Healthy/Healthy (White Background) (11).jpg,0,0,0,0,0,0,0
/home/techpark-11/DYNAMO/AquaVerse/ml/datasets/raw_images/shrimp_diseases/An Image Dataset for Computer Vision-Based Detection of Shrimp Diseases/Original/Healthy/Healthy (Blue Background) (15).jpg,0,0,0,0,0,0,0
/home/techpark-11/DYNAMO/AquaVerse/ml/datasets/raw_images/shrimp_diseases/An Image Dataset for Computer Vision-Based Detection of Shrimp Diseases/Original/Healthy/Healthy (Blue Background) (259).jpg,0,0,0,0,0,0,0
/home/techpark-11/DYNAMO/AquaVerse/ml/datasets/raw_images/shrimp_diseases/An Image Dataset for Computer Vision-Based Detection of Shrimp Diseases/Original/Healthy/Healthy (White Background) (59).jpg,0,0,0,0,0,0,0
/home/techpark-11/DYNAMO/AquaVerse/ml/datasets/raw_images/shrimp_diseases/An Image Dataset for Computer Vision-Based Detection of Shrimp Diseases/Original/Healthy/Healthy (White Background) (61).jpg,0,0,0,0,0,0,0
/home/techpark-11/DYNAMO/AquaVerse/ml/datasets/raw_images/shrimp_diseases/An Image Dataset for Computer Vision-Based Detection of Shrimp Diseases/Original/Healthy/Healthy (Blue Background) (186).jpg,0,0,0,0,0,0,0
/home/techpark-11/DYNAMO/AquaVerse/ml/datasets/raw_images/shrimp_diseases/An Image Dataset for Computer Vision-Based Detection of Shrimp Diseases/Original/Healthy/Healthy (Blue Background) (157).jpg,0,0,0,0,0,0,0
/home/techpark-11/DYNAMO/AquaVerse/ml/datasets/raw_images/shrimp_diseases/An Image Dataset for Computer Vision-Based Detection of Shrimp Diseases/Original/Healthy/Healthy (Blue Background) (214).jpg,0,0,0,0,0,0,0
/home/techpark-11/DYNAMO/AquaVerse/ml/datasets/raw_images/shrimp_diseases/An Image Dataset for Computer Vision-Based Detection of Shrimp Diseases/Original/Healthy/Healthy (Blue Background) (172).jpg,0,0,0,0,0,0,0
/home/techpark-11/DYNAMO/AquaVerse/ml/datasets/raw_images/shrimp_diseases/An Image Dataset for Computer Vision-Based Detection of Shrimp Diseases/Original/Healthy/Healthy (Blue Background) (63).jpg,0,0,0,0,0,0,0
/home/techpark-11/DYNAMO/AquaVerse/ml/datasets/raw_images/shrimp_diseases/An Image Dataset for Computer Vision-Based Detection of Shrimp Diseases/Original/Healthy/Healthy (Blue Background) (257).jpg,0,0,0,0,0,0,0
/home/techpark-11/DYNAMO/AquaVerse/ml/datasets/raw_images/shrimp_diseases/An Image Dataset for Computer Vision-Based Detection of Shrimp Diseases/Original/Healthy/Healthy (Blue Background) (187).jpg,0,0,0,0,0,0,0
/home/techpark-11/DYNAMO/AquaVerse/ml/datasets/raw_images/shrimp_diseases/An Image Dataset for Computer Vision-Based Detection of Shrimp Diseases/Original/Healthy/Healthy (White Background) (34).jpg,0,0,0,0,0,0,0
/home/techpark-11/DYNAMO/AquaVerse/ml/datasets/raw_images/shrimp_diseases/An Image Dataset for Computer Vision-Based Detection of Shrimp Diseases/Original/Healthy/Healthy (Blue Background) (81).jpg,0,0,0,0,0,0,0
/home/techpark-11/DYNAMO/AquaVerse/ml/datasets/raw_images/shrimp_diseases/An Image Dataset for Computer Vision-Based Detection of Shrimp Diseases/Original/Healthy/Healthy (Blue Background) (73).jpg,0,0,0,0,0,0,0
/home/techpark-11/DYNAMO/AquaVerse/ml/datasets/raw_images/shrimp_diseases/An Image Dataset for Computer Vision-Based Detection of Shrimp Diseases/Original/Healthy/Healthy (Blue Background) (195).jpg,0,0,0,0,0,0,0
/home/techpark-11/DYNAMO/AquaVerse/ml/datasets/raw_images/shrimp_diseases/An Image Dataset for Computer Vision-Based Detection of Shrimp Diseases/Original/Healthy/Healthy (Blue Background) (134).jpg,0,0,0,0,0,0,0
/home/techpark-11/DYNAMO/AquaVerse/ml/datasets/raw_images/shrimp_diseases/An Image Dataset for Computer Vision-Based Detection of Shrimp Diseases/Original/Healthy/Healthy (Blue Background) (181).jpg,0,0,0,0,0,0,0
/home/techpark-11/DYNAMO/AquaVerse/ml/datasets/raw_images/shrimp_diseases/An Image Dataset for Computer Vision-Based Detection of Shrimp Diseases/Original/Healthy/Healthy (Blue Background) (233).jpg,0,0,0,0,0,0,0
/home/techpark-11/DYNAMO/AquaVerse/ml/datasets/raw_images/shrimp_diseases/An Image Dataset for Computer Vision-Based Detection of Shrimp Diseases/Original/Healthy/Healthy (Blue Background) (110).jpg,0,0,0,0,0,0,0
/home/techpark-11/DYNAMO/AquaVerse/ml/datasets/raw_images/shrimp_diseases/An Image Dataset for Computer Vision-Based Detection of Shrimp Diseases/Original/Healthy/Healthy (White Background) (57).jpg,0,0,0,0,0,0,0
/home/techpark-11/DYNAMO/AquaVerse/ml/datasets/raw_images/shrimp_diseases/An Image Dataset for Computer Vision-Based Detection of Shrimp Diseases/Original/Healthy/Healthy (Blue Background) (131).jpg,0,0,0,0,0,0,0
/home/techpark-11/DYNAMO/AquaVerse/ml/datasets/raw_images/shrimp_diseases/An Image Dataset for Computer Vision-Based Detection of Shrimp Diseases/Original/Healthy/Healthy (White Background) (10).jpg,0,0,0,0,0,0,0
/home/techpark-11/DYNAMO/AquaVerse/ml/datasets/raw_images/shrimp_diseases/An Image Dataset for Computer Vision-Based Detection of Shrimp Diseases/Original/Healthy/Healthy (Blue Background) (301).jpg,0,0,0,0,0,0,0
/home/techpark-11/DYNAMO/AquaVerse/ml/datasets/raw_images/shrimp_diseases/An Image Dataset for Computer Vision-Based Detection of Shrimp Diseases/Original/Healthy/Healthy (Blue Background) (69).jpg,0,0,0,0,0,0,0
/home/techpark-11/DYNAMO/AquaVerse/ml/datasets/raw_images/shrimp_diseases/An Image Dataset for Computer Vision-Based Detection of Shrimp Diseases/Original/Healthy/Healthy (Blue Background) (38).jpg,0,0,0,0,0,0,0
/home/techpark-11/DYNAMO/AquaVerse/ml/datasets/raw_images/shrimp_diseases/An Image Dataset for Computer Vision-Based Detection of Shrimp Diseases/Original/Healthy/Healthy (Blue Background) (182).jpg,0,0,0,0,0,0,0
/home/techpark-11/DYNAMO/AquaVerse/ml/datasets/raw_images/shrimp_diseases/An Image Dataset for Computer Vision-Based Detection of Shrimp Diseases/Original/Healthy/Healthy (Blue Background) (121).jpg,0,0,0,0,0,0,0
/home/techpark-11/DYNAMO/AquaVerse/ml/datasets/raw_images/shrimp_diseases/An Image Dataset for Computer Vision-Based Detection of Shrimp Diseases/Original/Healthy/Healthy (Blue Background) (70).jpg,0,0,0,0,0,0,0
/home/techpark-11/DYNAMO/AquaVerse/ml/datasets/raw_images/shrimp_diseases/An Image Dataset for Computer Vision-Based Detection of Shrimp Diseases/Original/Healthy/Healthy (Blue Background) (154).jpg,0,0,0,0,0,0,0
/home/techpark-11/DYNAMO/AquaVerse/ml/datasets/raw_images/shrimp_diseases/An Image Dataset for Computer Vision-Based Detection of Shrimp Diseases/Original/Healthy/Healthy (Blue Background) (100).jpg,0,0,0,0,0,0,0
/home/techpark-11/DYNAMO/AquaVerse/ml/datasets/raw_images/shrimp_diseases/An Image Dataset for Computer Vision-Based Detection of Shrimp Diseases/Original/Healthy/Healthy (Blue Background) (310).jpg,0,0,0,0,0,0,0
/home/techpark-11/DYNAMO/AquaVerse/ml/datasets/raw_images/shrimp_diseases/An Image Dataset for Computer Vision-Based Detection of Shrimp Diseases/Original/Healthy/Healthy (White Background) (76).jpg,0,0,0,0,0,0,0
/home/techpark-11/DYNAMO/AquaVerse/ml/datasets/raw_images/shrimp_diseases/An Image Dataset for Computer Vision-Based Detection of Shrimp Diseases/Original/Healthy/Healthy (Blue Background) (59).jpg,0,0,0,0,0,0,0
/home/techpark-11/DYNAMO/AquaVerse/ml/datasets/raw_images/shrimp_diseases/An Image Dataset for Computer Vision-Based Detection of Shrimp Diseases/Original/Healthy/Healthy (Blue Background) (102).jpg,0,0,0,0,0,0,0
/home/techpark-11/DYNAMO/AquaVerse/ml/datasets/raw_images/shrimp_diseases/An Image Dataset for Computer Vision-Based Detection of Shrimp Diseases/Original/Healthy/Healthy (White Background) (5).jpg,0,0,0,0,0,0,0
/home/techpark-11/DYNAMO/AquaVerse/ml/datasets/raw_images/shrimp_diseases/An Image Dataset for Computer Vision-Based Detection of Shrimp Diseases/Original/Healthy/Healthy (Blue Background) (82).jpg,0,0,0,0,0,0,0
/home/techpark-11/DYNAMO/AquaVerse/ml/datasets/raw_images/shrimp_diseases/An Image Dataset for Computer Vision-Based Detection of Shrimp Diseases/Original/Healthy/Healthy (Blue Background) (115).jpg,0,0,0,0,0,0,0
/home/techpark-11/DYNAMO/AquaVerse/ml/datasets/raw_images/shrimp_diseases/An Image Dataset for Computer Vision-Based Detection of Shrimp Diseases/Original/Healthy/Healthy (Blue Background) (283).jpg,0,0,0,0,0,0,0
/home/techpark-11/DYNAMO/AquaVerse/ml/datasets/raw_images/shrimp_diseases/An Image Dataset for Computer Vision-Based Detection of Shrimp Diseases/Original/Healthy/Healthy (Blue Background) (140).jpg,0,0,0,0,0,0,0
/home/techpark-11/DYNAMO/AquaVerse/ml/datasets/raw_images/shrimp_diseases/An Image Dataset for Computer Vision-Based Detection of Shrimp Diseases/Original/Healthy/Healthy (Blue Background) (8).jpg,0,0,0,0,0,0,0
/home/techpark-11/DYNAMO/AquaVerse/ml/datasets/raw_images/shrimp_diseases/An Image Dataset for Computer Vision-Based Detection of Shrimp Diseases/Original/Healthy/Healthy (Blue Background) (178).jpg,0,0,0,0,0,0,0
/home/techpark-11/DYNAMO/AquaVerse/ml/datasets/raw_images/shrimp_diseases/An Image Dataset for Computer Vision-Based Detection of Shrimp Diseases/Original/Healthy/Healthy (Blue Background) (45).jpg,0,0,0,0,0,0,0
/home/techpark-11/DYNAMO/AquaVerse/ml/datasets/raw_images/shrimp_diseases/An Image Dataset for Computer Vision-Based Detection of Shrimp Diseases/Original/Healthy/Healthy (Blue Background) (211).jpg,0,0,0,0,0,0,0
/home/techpark-11/DYNAMO/AquaVerse/ml/datasets/raw_images/shrimp_diseases/An Image Dataset for Computer Vision-Based Detection of Shrimp Diseases/Original/Healthy/Healthy (Blue Background) (149).jpg,0,0,0,0,0,0,0
/home/techpark-11/DYNAMO/AquaVerse/ml/datasets/raw_images/shrimp_diseases/An Image Dataset for Computer Vision-Based Detection of Shrimp Diseases/Original/Healthy/Healthy (Blue Background) (246).jpg,0,0,0,0,0,0,0
/home/techpark-11/DYNAMO/AquaVerse/ml/datasets/raw_images/shrimp_diseases/An Image Dataset for Computer Vision-Based Detection of Shrimp Diseases/Original/Healthy/Healthy (Blue Background) (235).jpg,0,0,0,0,0,0,0
/home/techpark-11/DYNAMO/AquaVerse/ml/datasets/raw_images/shrimp_diseases/An Image Dataset for Computer Vision-Based Detection of Shrimp Diseases/Original/Healthy/Healthy (White Background) (26).jpg,0,0,0,0,0,0,0
/home/techpark-11/DYNAMO/AquaVerse/ml/datasets/raw_images/shrimp_diseases/An Image Dataset for Computer Vision-Based Detection of Shrimp Diseases/Original/Healthy/Healthy (Blue Background) (319).jpg,0,0,0,0,0,0,0
/home/techpark-11/DYNAMO/AquaVerse/ml/datasets/raw_images/shrimp_diseases/An Image Dataset for Computer Vision-Based Detection of Shrimp Diseases/Original/Healthy/Healthy (Blue Background) (249).jpg,0,0,0,0,0,0,0
/home/techpark-11/DYNAMO/AquaVerse/ml/datasets/raw_images/shrimp_diseases/An Image Dataset for Computer Vision-Based Detection of Shrimp Diseases/Original/Healthy/Healthy (White Background) (73).jpg,0,0,0,0,0,0,0
/home/techpark-11/DYNAMO/AquaVerse/ml/datasets/raw_images/shrimp_diseases/An Image Dataset for Computer Vision-Based Detection of Shrimp Diseases/Original/Healthy/Healthy (White Background) (18).jpg,0,0,0,0,0,0,0
/home/techpark-11/DYNAMO/AquaVerse/ml/datasets/raw_images/shrimp_diseases/An Image Dataset for Computer Vision-Based Detection of Shrimp Diseases/Original/Healthy/Healthy (Blue Background) (153).jpg,0,0,0,0,0,0,0
/home/techpark-11/DYNAMO/AquaVerse/ml/datasets/raw_images/shrimp_diseases/An Image Dataset for Computer Vision-Based Detection of Shrimp Diseases/Original/Healthy/Healthy (Blue Background) (35).jpg,0,0,0,0,0,0,0
/home/techpark-11/DYNAMO/AquaVerse/ml/datasets/raw_images/shrimp_diseases/An Image Dataset for Computer Vision-Based Detection of Shrimp Diseases/Original/Healthy/Healthy (Blue Background) (282).jpg,0,0,0,0,0,0,0
/home/techpark-11/DYNAMO/AquaVerse/ml/datasets/raw_images/shrimp_diseases/An Image Dataset for Computer Vision-Based Detection of Shrimp Diseases/Original/Healthy/Healthy (Blue Background) (275).jpg,0,0,0,0,0,0,0
/home/techpark-11/DYNAMO/AquaVerse/ml/datasets/raw_images/shrimp_diseases/An Image Dataset for Computer Vision-Based Detection of Shrimp Diseases/Original/Healthy/Healthy (White Background) (56).jpg,0,0,0,0,0,0,0
/home/techpark-11/DYNAMO/AquaVerse/ml/datasets/raw_images/shrimp_diseases/An Image Dataset for Computer Vision-Based Detection of Shrimp Diseases/Original/Healthy/Healthy (White Background) (17).jpg,0,0,0,0,0,0,0
/home/techpark-11/DYNAMO/AquaVerse/ml/datasets/raw_images/shrimp_diseases/An Image Dataset for Computer Vision-Based Detection of Shrimp Diseases/Original/Healthy/Healthy (Blue Background) (206).jpg,0,0,0,0,0,0,0
/home/techpark-11/DYNAMO/AquaVerse/ml/datasets/raw_images/shrimp_diseases/An Image Dataset for Computer Vision-Based Detection of Shrimp Diseases/Original/Healthy/Healthy (Blue Background) (199).jpg,0,0,0,0,0,0,0
/home/techpark-11/DYNAMO/AquaVerse/ml/datasets/raw_images/shrimp_diseases/An Image Dataset for Computer Vision-Based Detection of Shrimp Diseases/Original/Healthy/Healthy (Blue Background) (44).jpg,0,0,0,0,0,0,0
/home/techpark-11/DYNAMO/AquaVerse/ml/datasets/raw_images/shrimp_diseases/An Image Dataset for Computer Vision-Based Detection of Shrimp Diseases/Original/Healthy/Healthy (Blue Background) (258).jpg,0,0,0,0,0,0,0
/home/techpark-11/DYNAMO/AquaVerse/ml/datasets/raw_images/shrimp_diseases/An Image Dataset for Computer Vision-Based Detection of Shrimp Diseases/Original/Healthy/Healthy (Blue Background) (212).jpg,0,0,0,0,0,0,0
/home/techpark-11/DYNAMO/AquaVerse/ml/datasets/raw_images/shrimp_diseases/An Image Dataset for Computer Vision-Based Detection of Shrimp Diseases/Original/Healthy/Healthy (Blue Background) (17).jpg,0,0,0,0,0,0,0
/home/techpark-11/DYNAMO/AquaVerse/ml/datasets/raw_images/shrimp_diseases/An Image Dataset for Computer Vision-Based Detection of Shrimp Diseases/Original/Healthy/Healthy (Blue Background) (207).jpg,0,0,0,0,0,0,0
/home/techpark-11/DYNAMO/AquaVerse/ml/datasets/raw_images/shrimp_diseases/An Image Dataset for Computer Vision-Based Detection of Shrimp Diseases/Original/Healthy/Healthy (Blue Background) (137).jpg,0,0,0,0,0,0,0
/home/techpark-11/DYNAMO/AquaVerse/ml/datasets/raw_images/shrimp_diseases/An Image Dataset for Computer Vision-Based Detection of Shrimp Diseases/Original/Healthy/Healthy (Blue Background) (143).jpg,0,0,0,0,0,0,0
/home/techpark-11/DYNAMO/AquaVerse/ml/datasets/raw_images/shrimp_diseases/An Image Dataset for Computer Vision-Based Detection of Shrimp Diseases/Original/Healthy/Healthy (Blue Background) (163).jpg,0,0,0,0,0,0,0
/home/techpark-11/DYNAMO/AquaVerse/ml/datasets/raw_images/shrimp_diseases/An Image Dataset for Computer Vision-Based Detection of Shrimp Diseases/Original/Healthy/Healthy (White Background) (60).jpg,0,0,0,0,0,0,0
/home/techpark-11/DYNAMO/AquaVerse/ml/datasets/raw_images/shrimp_diseases/An Image Dataset for Computer Vision-Based Detection of Shrimp Diseases/Original/Healthy/Healthy (Blue Background) (229).jpg,0,0,0,0,0,0,0
/home/techpark-11/DYNAMO/AquaVerse/ml/datasets/raw_images/shrimp_diseases/An Image Dataset for Computer Vision-Based Detection of Shrimp Diseases/Original/Healthy/Healthy (Blue Background) (126).jpg,0,0,0,0,0,0,0
/home/techpark-11/DYNAMO/AquaVerse/ml/datasets/raw_images/shrimp_diseases/An Image Dataset for Computer Vision-Based Detection of Shrimp Diseases/Original/Healthy/Healthy (White Background) (33).jpg,0,0,0,0,0,0,0
/home/techpark-11/DYNAMO/AquaVerse/ml/datasets/raw_images/shrimp_diseases/An Image Dataset for Computer Vision-Based Detection of Shrimp Diseases/Original/Healthy/Healthy (Blue Background) (240).jpg,0,0,0,0,0,0,0
/home/techpark-11/DYNAMO/AquaVerse/ml/datasets/raw_images/shrimp_diseases/An Image Dataset for Computer Vision-Based Detection of Shrimp Diseases/Original/Healthy/Healthy (Blue Background) (184).jpg,0,0,0,0,0,0,0
/home/techpark-11/DYNAMO/AquaVerse/ml/datasets/raw_images/shrimp_diseases/An Image Dataset for Computer Vision-Based Detection of Shrimp Diseases/Original/Healthy/Healthy (Blue Background) (42).jpg,0,0,0,0,0,0,0
/home/techpark-11/DYNAMO/AquaVerse/ml/datasets/raw_images/shrimp_diseases/An Image Dataset for Computer Vision-Based Detection of Shrimp Diseases/Original/Healthy/Healthy (White Background) (84).jpg,0,0,0,0,0,0,0
/home/techpark-11/DYNAMO/AquaVerse/ml/datasets/raw_images/shrimp_diseases/An Image Dataset for Computer Vision-Based Detection of Shrimp Diseases/Original/Healthy/Healthy (Blue Background) (220).jpg,0,0,0,0,0,0,0
/home/techpark-11/DYNAMO/AquaVerse/ml/datasets/raw_images/shrimp_diseases/An Image Dataset for Computer Vision-Based Detection of Shrimp Diseases/Original/Healthy/Healthy (White Background) (45).jpg,0,0,0,0,0,0,0
/home/techpark-11/DYNAMO/AquaVerse/ml/datasets/raw_images/shrimp_diseases/An Image Dataset for Computer Vision-Based Detection of Shrimp Diseases/Original/Healthy/Healthy (Blue Background) (20).jpg,0,0,0,0,0,0,0
/home/techpark-11/DYNAMO/AquaVerse/ml/datasets/raw_images/shrimp_diseases/An Image Dataset for Computer Vision-Based Detection of Shrimp Diseases/Original/Healthy/Healthy (Blue Background) (277).jpg,0,0,0,0,0,0,0
/home/techpark-11/DYNAMO/AquaVerse/ml/datasets/raw_images/shrimp_diseases/An Image Dataset for Computer Vision-Based Detection of Shrimp Diseases/Original/Healthy/Healthy (Blue Background) (232).jpg,0,0,0,0,0,0,0
/home/techpark-11/DYNAMO/AquaVerse/ml/datasets/raw_images/shrimp_diseases/An Image Dataset for Computer Vision-Based Detection of Shrimp Diseases/Original/Healthy/Healthy (Blue Background) (103).jpg,0,0,0,0,0,0,0
/home/techpark-11/DYNAMO/AquaVerse/ml/datasets/raw_images/shrimp_diseases/An Image Dataset for Computer Vision-Based Detection of Shrimp Diseases/Original/Healthy/Healthy (White Background) (35).jpg,0,0,0,0,0,0,0
/home/techpark-11/DYNAMO/AquaVerse/ml/datasets/raw_images/shrimp_diseases/An Image Dataset for Computer Vision-Based Detection of Shrimp Diseases/Original/Healthy/Healthy (Blue Background) (97).jpg,0,0,0,0,0,0,0
/home/techpark-11/DYNAMO/AquaVerse/ml/datasets/raw_images/shrimp_diseases/An Image Dataset for Computer Vision-Based Detection of Shrimp Diseases/Original/Healthy/Healthy (Blue Background) (179).jpg,0,0,0,0,0,0,0
/home/techpark-11/DYNAMO/AquaVerse/ml/datasets/raw_images/shrimp_diseases/An Image Dataset for Computer Vision-Based Detection of Shrimp Diseases/Original/Healthy/Healthy (Blue Background) (221).jpg,0,0,0,0,0,0,0
/home/techpark-11/DYNAMO/AquaVerse/ml/datasets/raw_images/shrimp_diseases/An Image Dataset for Computer Vision-Based Detection of Shrimp Diseases/Original/Healthy/Healthy (Blue Background) (67).jpg,0,0,0,0,0,0,0
/home/techpark-11/DYNAMO/AquaVerse/ml/datasets/raw_images/shrimp_diseases/An Image Dataset for Computer Vision-Based Detection of Shrimp Diseases/Original/Healthy/Healthy (Blue Background) (308).jpg,0,0,0,0,0,0,0
/home/techpark-11/DYNAMO/AquaVerse/ml/datasets/raw_images/shrimp_diseases/An Image Dataset for Computer Vision-Based Detection of Shrimp Diseases/Original/Healthy/Healthy (Blue Background) (278).jpg,0,0,0,0,0,0,0
/home/techpark-11/DYNAMO/AquaVerse/ml/datasets/raw_images/shrimp_diseases/An Image Dataset for Computer Vision-Based Detection of Shrimp Diseases/Original/Healthy/Healthy (Blue Background) (167).jpg,0,0,0,0,0,0,0
/home/techpark-11/DYNAMO/AquaVerse/ml/datasets/raw_images/shrimp_diseases/An Image Dataset for Computer Vision-Based Detection of Shrimp Diseases/Original/Healthy/Healthy (Blue Background) (247).jpg,0,0,0,0,0,0,0
/home/techpark-11/DYNAMO/AquaVerse/ml/datasets/raw_images/shrimp_diseases/An Image Dataset for Computer Vision-Based Detection of Shrimp Diseases/Original/Healthy/Healthy (White Background) (2).jpg,0,0,0,0,0,0,0
/home/techpark-11/DYNAMO/AquaVerse/ml/datasets/raw_images/shrimp_diseases/An Image Dataset for Computer Vision-Based Detection of Shrimp Diseases/Original/Healthy/Healthy (Blue Background) (77).jpg,0,0,0,0,0,0,0
/home/techpark-11/DYNAMO/AquaVerse/ml/datasets/raw_images/shrimp_diseases/An Image Dataset for Computer Vision-Based Detection of Shrimp Diseases/Original/Healthy/Healthy (Blue Background) (170).jpg,0,0,0,0,0,0,0
/home/techpark-11/DYNAMO/AquaVerse/ml/datasets/raw_images/shrimp_diseases/An Image Dataset for Computer Vision-Based Detection of Shrimp Diseases/Original/Healthy/Healthy (Blue Background) (127).jpg,0,0,0,0,0,0,0
/home/techpark-11/DYNAMO/AquaVerse/ml/datasets/raw_images/shrimp_diseases/An Image Dataset for Computer Vision-Based Detection of Shrimp Diseases/Original/Healthy/Healthy (Blue Background) (96).jpg,0,0,0,0,0,0,0
/home/techpark-11/DYNAMO/AquaVerse/ml/datasets/raw_images/shrimp_diseases/An Image Dataset for Computer Vision-Based Detection of Shrimp Diseases/Original/Healthy/Healthy (White Background) (30).jpg,0,0,0,0,0,0,0
/home/techpark-11/DYNAMO/AquaVerse/ml/datasets/raw_images/shrimp_diseases/An Image Dataset for Computer Vision-Based Detection of Shrimp Diseases/Original/Healthy/Healthy (Blue Background) (281).jpg,0,0,0,0,0,0,0
/home/techpark-11/DYNAMO/AquaVerse/ml/datasets/raw_images/shrimp_diseases/An Image Dataset for Computer Vision-Based Detection of Shrimp Diseases/Original/Healthy/Healthy (Blue Background) (280).jpg,0,0,0,0,0,0,0
/home/techpark-11/DYNAMO/AquaVerse/ml/datasets/raw_images/shrimp_diseases/An Image Dataset for Computer Vision-Based Detection of Shrimp Diseases/Original/Healthy/Healthy (Blue Background) (267).jpg,0,0,0,0,0,0,0
/home/techpark-11/DYNAMO/AquaVerse/ml/datasets/raw_images/shrimp_diseases/An Image Dataset for Computer Vision-Based Detection of Shrimp Diseases/Original/Healthy/Healthy (White Background) (78).jpg,0,0,0,0,0,0,0
/home/techpark-11/DYNAMO/AquaVerse/ml/datasets/raw_images/shrimp_diseases/An Image Dataset for Computer Vision-Based Detection of Shrimp Diseases/Original/Healthy/Healthy (Blue Background) (238).jpg,0,0,0,0,0,0,0
/home/techpark-11/DYNAMO/AquaVerse/ml/datasets/raw_images/shrimp_diseases/An Image Dataset for Computer Vision-Based Detection of Shrimp Diseases/Original/Healthy/Healthy (Blue Background) (66).jpg,0,0,0,0,0,0,0
/home/techpark-11/DYNAMO/AquaVerse/ml/datasets/raw_images/shrimp_diseases/An Image Dataset for Computer Vision-Based Detection of Shrimp Diseases/Original/Healthy/Healthy (Blue Background) (107).jpg,0,0,0,0,0,0,0
/home/techpark-11/DYNAMO/AquaVerse/ml/datasets/raw_images/shrimp_diseases/An Image Dataset for Computer Vision-Based Detection of Shrimp Diseases/Original/Healthy/Healthy (Blue Background) (173).jpg,0,0,0,0,0,0,0
/home/techpark-11/DYNAMO/AquaVerse/ml/datasets/raw_images/shrimp_diseases/An Image Dataset for Computer Vision-Based Detection of Shrimp Diseases/Original/Healthy/Healthy (Blue Background) (300).jpg,0,0,0,0,0,0,0
/home/techpark-11/DYNAMO/AquaVerse/ml/datasets/raw_images/shrimp_diseases/An Image Dataset for Computer Vision-Based Detection of Shrimp Diseases/Original/Healthy/Healthy (White Background) (68).jpg,0,0,0,0,0,0,0
/home/techpark-11/DYNAMO/AquaVerse/ml/datasets/raw_images/shrimp_diseases/An Image Dataset for Computer Vision-Based Detection of Shrimp Diseases/Original/Healthy/Healthy (Blue Background) (41).jpg,0,0,0,0,0,0,0
/home/techpark-11/DYNAMO/AquaVerse/ml/datasets/raw_images/shrimp_diseases/An Image Dataset for Computer Vision-Based Detection of Shrimp Diseases/Original/Healthy/Healthy (Blue Background) (32).jpg,0,0,0,0,0,0,0
/home/techpark-11/DYNAMO/AquaVerse/ml/datasets/raw_images/shrimp_diseases/An Image Dataset for Computer Vision-Based Detection of Shrimp Diseases/Original/Healthy/Healthy (White Background) (36).jpg,0,0,0,0,0,0,0
/home/techpark-11/DYNAMO/AquaVerse/ml/datasets/raw_images/shrimp_diseases/An Image Dataset for Computer Vision-Based Detection of Shrimp Diseases/Original/Healthy/Healthy (Blue Background) (194).jpg,0,0,0,0,0,0,0
/home/techpark-11/DYNAMO/AquaVerse/ml/datasets/raw_images/shrimp_diseases/An Image Dataset for Computer Vision-Based Detection of Shrimp Diseases/Original/Healthy/Healthy (Blue Background) (215).jpg,0,0,0,0,0,0,0
/home/techpark-11/DYNAMO/AquaVerse/ml/datasets/raw_images/shrimp_diseases/An Image Dataset for Computer Vision-Based Detection of Shrimp Diseases/Original/Healthy/Healthy (Blue Background) (271).jpg,0,0,0,0,0,0,0
/home/techpark-11/DYNAMO/AquaVerse/ml/datasets/raw_images/shrimp_diseases/An Image Dataset for Computer Vision-Based Detection of Shrimp Diseases/Original/Healthy/Healthy (Blue Background) (224).jpg,0,0,0,0,0,0,0
/home/techpark-11/DYNAMO/AquaVerse/ml/datasets/raw_images/shrimp_diseases/An Image Dataset for Computer Vision-Based Detection of Shrimp Diseases/Original/Healthy/Healthy (White Background) (54).jpg,0,0,0,0,0,0,0
/home/techpark-11/DYNAMO/AquaVerse/ml/datasets/raw_images/shrimp_diseases/An Image Dataset for Computer Vision-Based Detection of Shrimp Diseases/Original/Healthy/Healthy (White Background) (94).jpg,0,0,0,0,0,0,0
/home/techpark-11/DYNAMO/AquaVerse/ml/datasets/raw_images/shrimp_diseases/An Image Dataset for Computer Vision-Based Detection of Shrimp Diseases/Original/Healthy/Healthy (Blue Background) (62).jpg,0,0,0,0,0,0,0
/home/techpark-11/DYNAMO/AquaVerse/ml/datasets/raw_images/shrimp_diseases/An Image Dataset for Computer Vision-Based Detection of Shrimp Diseases/Original/Healthy/Healthy (White Background) (44).jpg,0,0,0,0,0,0,0
/home/techpark-11/DYNAMO/AquaVerse/ml/datasets/raw_images/shrimp_diseases/An Image Dataset for Computer Vision-Based Detection of Shrimp Diseases/Original/Healthy/Healthy (Blue Background) (273).jpg,0,0,0,0,0,0,0
/home/techpark-11/DYNAMO/AquaVerse/ml/datasets/raw_images/shrimp_diseases/An Image Dataset for Computer Vision-Based Detection of Shrimp Diseases/Original/Healthy/Healthy (Blue Background) (237).jpg,0,0,0,0,0,0,0
/home/techpark-11/DYNAMO/AquaVerse/ml/datasets/raw_images/shrimp_diseases/An Image Dataset for Computer Vision-Based Detection of Shrimp Diseases/Original/Healthy/Healthy (White Background) (98).jpg,0,0,0,0,0,0,0
/home/techpark-11/DYNAMO/AquaVerse/ml/datasets/raw_images/shrimp_diseases/An Image Dataset for Computer Vision-Based Detection of Shrimp Diseases/Original/Healthy/Healthy (Blue Background) (209).jpg,0,0,0,0,0,0,0
/home/techpark-11/DYNAMO/AquaVerse/ml/datasets/raw_images/shrimp_diseases/An Image Dataset for Computer Vision-Based Detection of Shrimp Diseases/Original/Healthy/Healthy (Blue Background) (29).jpg,0,0,0,0,0,0,0
/home/techpark-11/DYNAMO/AquaVerse/ml/datasets/raw_images/shrimp_diseases/An Image Dataset for Computer Vision-Based Detection of Shrimp Diseases/Original/Healthy/Healthy (Blue Background) (130).jpg,0,0,0,0,0,0,0
/home/techpark-11/DYNAMO/AquaVerse/ml/datasets/raw_images/shrimp_diseases/An Image Dataset for Computer Vision-Based Detection of Shrimp Diseases/Original/Healthy/Healthy (Blue Background) (112).jpg,0,0,0,0,0,0,0
/home/techpark-11/DYNAMO/AquaVerse/ml/datasets/raw_images/shrimp_diseases/An Image Dataset for Computer Vision-Based Detection of Shrimp Diseases/Original/Healthy/Healthy (Blue Background) (200).jpg,0,0,0,0,0,0,0
/home/techpark-11/DYNAMO/AquaVerse/ml/datasets/raw_images/shrimp_diseases/An Image Dataset for Computer Vision-Based Detection of Shrimp Diseases/Original/Healthy/Healthy (White Background) (53).jpg,0,0,0,0,0,0,0
/home/techpark-11/DYNAMO/AquaVerse/ml/datasets/raw_images/shrimp_diseases/An Image Dataset for Computer Vision-Based Detection of Shrimp Diseases/Original/Healthy/Healthy (Blue Background) (129).jpg,0,0,0,0,0,0,0
/home/techpark-11/DYNAMO/AquaVerse/ml/datasets/raw_images/shrimp_diseases/An Image Dataset for Computer Vision-Based Detection of Shrimp Diseases/Original/Healthy/Healthy (Blue Background) (306).jpg,0,0,0,0,0,0,0
/home/techpark-11/DYNAMO/AquaVerse/ml/datasets/raw_images/shrimp_diseases/An Image Dataset for Computer Vision-Based Detection of Shrimp Diseases/Original/Healthy/Healthy (Blue Background) (218).jpg,0,0,0,0,0,0,0
/home/techpark-11/DYNAMO/AquaVerse/ml/datasets/raw_images/shrimp_diseases/An Image Dataset for Computer Vision-Based Detection of Shrimp Diseases/Original/Healthy/Healthy (Blue Background) (27).jpg,0,0,0,0,0,0,0
/home/techpark-11/DYNAMO/AquaVerse/ml/datasets/raw_images/shrimp_diseases/An Image Dataset for Computer Vision-Based Detection of Shrimp Diseases/Original/Healthy/Healthy (Blue Background) (30).jpg,0,0,0,0,0,0,0
/home/techpark-11/DYNAMO/AquaVerse/ml/datasets/raw_images/shrimp_diseases/An Image Dataset for Computer Vision-Based Detection of Shrimp Diseases/Original/Healthy/Healthy (Blue Background) (245).jpg,0,0,0,0,0,0,0
/home/techpark-11/DYNAMO/AquaVerse/ml/datasets/raw_images/shrimp_diseases/An Image Dataset for Computer Vision-Based Detection of Shrimp Diseases/Original/Healthy/Healthy (White Background) (87).jpg,0,0,0,0,0,0,0
/home/techpark-11/DYNAMO/AquaVerse/ml/datasets/raw_images/shrimp_diseases/An Image Dataset for Computer Vision-Based Detection of Shrimp Diseases/Original/Healthy/Healthy (Blue Background) (252).jpg,0,0,0,0,0,0,0
/home/techpark-11/DYNAMO/AquaVerse/ml/datasets/raw_images/shrimp_diseases/An Image Dataset for Computer Vision-Based Detection of Shrimp Diseases/Original/Healthy/Healthy (Blue Background) (9).jpg,0,0,0,0,0,0,0
/home/techpark-11/DYNAMO/AquaVerse/ml/datasets/raw_images/shrimp_diseases/An Image Dataset for Computer Vision-Based Detection of Shrimp Diseases/Original/Healthy/Healthy (Blue Background) (190).jpg,0,0,0,0,0,0,0
/home/techpark-11/DYNAMO/AquaVerse/ml/datasets/raw_images/shrimp_diseases/An Image Dataset for Computer Vision-Based Detection of Shrimp Diseases/Original/Healthy/Healthy (Blue Background) (128).jpg,0,0,0,0,0,0,0
/home/techpark-11/DYNAMO/AquaVerse/ml/datasets/raw_images/shrimp_diseases/An Image Dataset for Computer Vision-Based Detection of Shrimp Diseases/Original/Healthy/Healthy (White Background) (42).jpg,0,0,0,0,0,0,0
/home/techpark-11/DYNAMO/AquaVerse/ml/datasets/raw_images/shrimp_diseases/An Image Dataset for Computer Vision-Based Detection of Shrimp Diseases/Original/Healthy/Healthy (Blue Background) (320).jpg,0,0,0,0,0,0,0
/home/techpark-11/DYNAMO/AquaVerse/ml/datasets/raw_images/shrimp_diseases/An Image Dataset for Computer Vision-Based Detection of Shrimp Diseases/Original/Healthy/Healthy (White Background) (67).jpg,0,0,0,0,0,0,0
/home/techpark-11/DYNAMO/AquaVerse/ml/datasets/raw_images/shrimp_diseases/An Image Dataset for Computer Vision-Based Detection of Shrimp Diseases/Original/Healthy/Healthy (White Background) (31).jpg,0,0,0,0,0,0,0
/home/techpark-11/DYNAMO/AquaVerse/ml/datasets/raw_images/shrimp_diseases/An Image Dataset for Computer Vision-Based Detection of Shrimp Diseases/Original/Healthy/Healthy (Blue Background) (198).jpg,0,0,0,0,0,0,0
/home/techpark-11/DYNAMO/AquaVerse/ml/datasets/raw_images/shrimp_diseases/An Image Dataset for Computer Vision-Based Detection of Shrimp Diseases/Original/Healthy/Healthy (Blue Background) (11).jpg,0,0,0,0,0,0,0
/home/techpark-11/DYNAMO/AquaVerse/ml/datasets/raw_images/shrimp_diseases/An Image Dataset for Computer Vision-Based Detection of Shrimp Diseases/Original/Healthy/Healthy (White Background) (1).jpg,0,0,0,0,0,0,0
/home/techpark-11/DYNAMO/AquaVerse/ml/datasets/raw_images/shrimp_diseases/An Image Dataset for Computer Vision-Based Detection of Shrimp Diseases/Original/Healthy/Healthy (Blue Background) (188).jpg,0,0,0,0,0,0,0
/home/techpark-11/DYNAMO/AquaVerse/ml/datasets/raw_images/shrimp_diseases/An Image Dataset for Computer Vision-Based Detection of Shrimp Diseases/Original/Healthy/Healthy (Blue Background) (256).jpg,0,0,0,0,0,0,0
/home/techpark-11/DYNAMO/AquaVerse/ml/datasets/raw_images/shrimp_diseases/An Image Dataset for Computer Vision-Based Detection of Shrimp Diseases/Original/Healthy/Healthy (Blue Background) (52).jpg,0,0,0,0,0,0,0
/home/techpark-11/DYNAMO/AquaVerse/ml/datasets/raw_images/shrimp_diseases/An Image Dataset for Computer Vision-Based Detection of Shrimp Diseases/Original/Healthy/Healthy (Blue Background) (248).jpg,0,0,0,0,0,0,0
/home/techpark-11/DYNAMO/AquaVerse/ml/datasets/raw_images/shrimp_diseases/An Image Dataset for Computer Vision-Based Detection of Shrimp Diseases/Original/Healthy/Healthy (Blue Background) (253).jpg,0,0,0,0,0,0,0
/home/techpark-11/DYNAMO/AquaVerse/ml/datasets/raw_images/shrimp_diseases/An Image Dataset for Computer Vision-Based Detection of Shrimp Diseases/Original/Healthy/Healthy (White Background) (4).jpg,0,0,0,0,0,0,0
/home/techpark-11/DYNAMO/AquaVerse/ml/datasets/raw_images/shrimp_diseases/An Image Dataset for Computer Vision-Based Detection of Shrimp Diseases/Original/Healthy/Healthy (White Background) (51).jpg,0,0,0,0,0,0,0
/home/techpark-11/DYNAMO/AquaVerse/ml/datasets/raw_images/shrimp_diseases/An Image Dataset for Computer Vision-Based Detection of Shrimp Diseases/Original/Healthy/Healthy (White Background) (64).jpg,0,0,0,0,0,0,0
/home/techpark-11/DYNAMO/AquaVerse/ml/datasets/raw_images/shrimp_diseases/An Image Dataset for Computer Vision-Based Detection of Shrimp Diseases/Original/Healthy/Healthy (Blue Background) (226).jpg,0,0,0,0,0,0,0
/home/techpark-11/DYNAMO/AquaVerse/ml/datasets/raw_images/shrimp_diseases/An Image Dataset for Computer Vision-Based Detection of Shrimp Diseases/Original/Healthy/Healthy (White Background) (88).jpg,0,0,0,0,0,0,0
/home/techpark-11/DYNAMO/AquaVerse/ml/datasets/raw_images/shrimp_diseases/An Image Dataset for Computer Vision-Based Detection of Shrimp Diseases/Original/Healthy/Healthy (Blue Background) (150).jpg,0,0,0,0,0,0,0
/home/techpark-11/DYNAMO/AquaVerse/ml/datasets/raw_images/shrimp_diseases/An Image Dataset for Computer Vision-Based Detection of Shrimp Diseases/Original/Healthy/Healthy (Blue Background) (180).jpg,0,0,0,0,0,0,0
/home/techpark-11/DYNAMO/AquaVerse/ml/datasets/raw_images/shrimp_diseases/An Image Dataset for Computer Vision-Based Detection of Shrimp Diseases/Original/Healthy/Healthy (Blue Background) (147).jpg,0,0,0,0,0,0,0
/home/techpark-11/DYNAMO/AquaVerse/ml/datasets/raw_images/shrimp_diseases/An Image Dataset for Computer Vision-Based Detection of Shrimp Diseases/Original/Healthy/Healthy (Blue Background) (80).jpg,0,0,0,0,0,0,0
/home/techpark-11/DYNAMO/AquaVerse/ml/datasets/raw_images/shrimp_diseases/An Image Dataset for Computer Vision-Based Detection of Shrimp Diseases/Original/Healthy/Healthy (White Background) (19).jpg,0,0,0,0,0,0,0
/home/techpark-11/DYNAMO/AquaVerse/ml/datasets/raw_images/shrimp_diseases/An Image Dataset for Computer Vision-Based Detection of Shrimp Diseases/Original/Healthy/Healthy (White Background) (50).jpg,0,0,0,0,0,0,0
/home/techpark-11/DYNAMO/AquaVerse/ml/datasets/raw_images/shrimp_diseases/An Image Dataset for Computer Vision-Based Detection of Shrimp Diseases/Original/Healthy/Healthy (White Background) (37).jpg,0,0,0,0,0,0,0
/home/techpark-11/DYNAMO/AquaVerse/ml/datasets/raw_images/shrimp_diseases/An Image Dataset for Computer Vision-Based Detection of Shrimp Diseases/Original/Healthy/Healthy (Blue Background) (101).jpg,0,0,0,0,0,0,0
/home/techpark-11/DYNAMO/AquaVerse/ml/datasets/raw_images/shrimp_diseases/An Image Dataset for Computer Vision-Based Detection of Shrimp Diseases/Original/Healthy/Healthy (Blue Background) (124).jpg,0,0,0,0,0,0,0
/home/techpark-11/DYNAMO/AquaVerse/ml/datasets/raw_images/shrimp_diseases/An Image Dataset for Computer Vision-Based Detection of Shrimp Diseases/Original/Healthy/Healthy (Blue Background) (2).jpg,0,0,0,0,0,0,0
/home/techpark-11/DYNAMO/AquaVerse/ml/datasets/raw_images/shrimp_diseases/An Image Dataset for Computer Vision-Based Detection of Shrimp Diseases/Original/Healthy/Healthy (Blue Background) (231).jpg,0,0,0,0,0,0,0
/home/techpark-11/DYNAMO/AquaVerse/ml/datasets/raw_images/shrimp_diseases/An Image Dataset for Computer Vision-Based Detection of Shrimp Diseases/Original/Healthy/Healthy (Blue Background) (264).jpg,0,0,0,0,0,0,0
/home/techpark-11/DYNAMO/AquaVerse/ml/datasets/raw_images/shrimp_diseases/An Image Dataset for Computer Vision-Based Detection of Shrimp Diseases/Original/Healthy/Healthy (Blue Background) (37).jpg,0,0,0,0,0,0,0
/home/techpark-11/DYNAMO/AquaVerse/ml/datasets/raw_images/shrimp_diseases/An Image Dataset for Computer Vision-Based Detection of Shrimp Diseases/Original/Healthy/Healthy (Blue Background) (244).jpg,0,0,0,0,0,0,0
/home/techpark-11/DYNAMO/AquaVerse/ml/datasets/raw_images/shrimp_diseases/An Image Dataset for Computer Vision-Based Detection of Shrimp Diseases/Original/Healthy/Healthy (Blue Background) (242).jpg,0,0,0,0,0,0,0
/home/techpark-11/DYNAMO/AquaVerse/ml/datasets/raw_images/shrimp_diseases/An Image Dataset for Computer Vision-Based Detection of Shrimp Diseases/Original/Healthy/Healthy (Blue Background) (156).jpg,0,0,0,0,0,0,0
/home/techpark-11/DYNAMO/AquaVerse/ml/datasets/raw_images/shrimp_diseases/An Image Dataset for Computer Vision-Based Detection of Shrimp Diseases/Original/Healthy/Healthy (Blue Background) (159).jpg,0,0,0,0,0,0,0
/home/techpark-11/DYNAMO/AquaVerse/ml/datasets/raw_images/shrimp_diseases/An Image Dataset for Computer Vision-Based Detection of Shrimp Diseases/Original/Healthy/Healthy (Blue Background) (88).jpg,0,0,0,0,0,0,0
/home/techpark-11/DYNAMO/AquaVerse/ml/datasets/raw_images/shrimp_diseases/An Image Dataset for Computer Vision-Based Detection of Shrimp Diseases/Original/Healthy/Healthy (Blue Background) (94).jpg,0,0,0,0,0,0,0
/home/techpark-11/DYNAMO/AquaVerse/ml/datasets/raw_images/shrimp_diseases/An Image Dataset for Computer Vision-Based Detection of Shrimp Diseases/Original/Healthy/Healthy (Blue Background) (189).jpg,0,0,0,0,0,0,0
/home/techpark-11/DYNAMO/AquaVerse/ml/datasets/raw_images/shrimp_diseases/An Image Dataset for Computer Vision-Based Detection of Shrimp Diseases/Original/Healthy/Healthy (Blue Background) (51).jpg,0,0,0,0,0,0,0
/home/techpark-11/DYNAMO/AquaVerse/ml/datasets/raw_images/shrimp_diseases/An Image Dataset for Computer Vision-Based Detection of Shrimp Diseases/Original/Healthy/Healthy (Blue Background) (265).jpg,0,0,0,0,0,0,0
/home/techpark-11/DYNAMO/AquaVerse/ml/datasets/raw_images/shrimp_diseases/An Image Dataset for Computer Vision-Based Detection of Shrimp Diseases/Original/Healthy/Healthy (Blue Background) (132).jpg,0,0,0,0,0,0,0
/home/techpark-11/DYNAMO/AquaVerse/ml/datasets/raw_images/shrimp_diseases/An Image Dataset for Computer Vision-Based Detection of Shrimp Diseases/Original/Healthy/Healthy (White Background) (63).jpg,0,0,0,0,0,0,0
/home/techpark-11/DYNAMO/AquaVerse/ml/datasets/raw_images/shrimp_diseases/An Image Dataset for Computer Vision-Based Detection of Shrimp Diseases/Original/Healthy/Healthy (Blue Background) (241).jpg,0,0,0,0,0,0,0
/home/techpark-11/DYNAMO/AquaVerse/ml/datasets/raw_images/shrimp_diseases/An Image Dataset for Computer Vision-Based Detection of Shrimp Diseases/Original/Healthy/Healthy (Blue Background) (261).jpg,0,0,0,0,0,0,0
/home/techpark-11/DYNAMO/AquaVerse/ml/datasets/raw_images/shrimp_diseases/An Image Dataset for Computer Vision-Based Detection of Shrimp Diseases/Original/Healthy/Healthy (White Background) (66).jpg,0,0,0,0,0,0,0
/home/techpark-11/DYNAMO/AquaVerse/ml/datasets/raw_images/shrimp_diseases/An Image Dataset for Computer Vision-Based Detection of Shrimp Diseases/Original/Healthy/Healthy (Blue Background) (111).jpg,0,0,0,0,0,0,0
/home/techpark-11/DYNAMO/AquaVerse/ml/datasets/raw_images/shrimp_diseases/An Image Dataset for Computer Vision-Based Detection of Shrimp Diseases/Original/Healthy/Healthy (Blue Background) (12).jpg,0,0,0,0,0,0,0
/home/techpark-11/DYNAMO/AquaVerse/ml/datasets/raw_images/shrimp_diseases/An Image Dataset for Computer Vision-Based Detection of Shrimp Diseases/Original/Healthy/Healthy (White Background) (89).jpg,0,0,0,0,0,0,0
/home/techpark-11/DYNAMO/AquaVerse/ml/datasets/raw_images/shrimp_diseases/An Image Dataset for Computer Vision-Based Detection of Shrimp Diseases/Original/Healthy/Healthy (Blue Background) (183).jpg,0,0,0,0,0,0,0
/home/techpark-11/DYNAMO/AquaVerse/ml/datasets/raw_images/shrimp_diseases/An Image Dataset for Computer Vision-Based Detection of Shrimp Diseases/Original/Healthy/Healthy (Blue Background) (39).jpg,0,0,0,0,0,0,0
/home/techpark-11/DYNAMO/AquaVerse/ml/datasets/raw_images/shrimp_diseases/An Image Dataset for Computer Vision-Based Detection of Shrimp Diseases/Original/Healthy/Healthy (White Background) (99).jpg,0,0,0,0,0,0,0
/home/techpark-11/DYNAMO/AquaVerse/ml/datasets/raw_images/shrimp_diseases/An Image Dataset for Computer Vision-Based Detection of Shrimp Diseases/Original/Healthy/Healthy (Blue Background) (315).jpg,0,0,0,0,0,0,0
/home/techpark-11/DYNAMO/AquaVerse/ml/datasets/raw_images/shrimp_diseases/An Image Dataset for Computer Vision-Based Detection of Shrimp Diseases/Original/Healthy/Healthy (White Background) (16).jpg,0,0,0,0,0,0,0
/home/techpark-11/DYNAMO/AquaVerse/ml/datasets/raw_images/shrimp_diseases/An Image Dataset for Computer Vision-Based Detection of Shrimp Diseases/Original/Healthy/Healthy (Blue Background) (83).jpg,0,0,0,0,0,0,0
/home/techpark-11/DYNAMO/AquaVerse/ml/datasets/raw_images/shrimp_diseases/An Image Dataset for Computer Vision-Based Detection of Shrimp Diseases/Original/Healthy/Healthy (Blue Background) (65).jpg,0,0,0,0,0,0,0
/home/techpark-11/DYNAMO/AquaVerse/ml/datasets/raw_images/shrimp_diseases/An Image Dataset for Computer Vision-Based Detection of Shrimp Diseases/Original/Healthy/Healthy (Blue Background) (68).jpg,0,0,0,0,0,0,0
/home/techpark-11/DYNAMO/AquaVerse/ml/datasets/raw_images/shrimp_diseases/An Image Dataset for Computer Vision-Based Detection of Shrimp Diseases/Original/Healthy/Healthy (Blue Background) (64).jpg,0,0,0,0,0,0,0
/home/techpark-11/DYNAMO/AquaVerse/ml/datasets/raw_images/shrimp_diseases/An Image Dataset for Computer Vision-Based Detection of Shrimp Diseases/Original/Healthy/Healthy (Blue Background) (49).jpg,0,0,0,0,0,0,0
/home/techpark-11/DYNAMO/AquaVerse/ml/datasets/raw_images/shrimp_diseases/An Image Dataset for Computer Vision-Based Detection of Shrimp Diseases/Original/Healthy/Healthy (Blue Background) (145).jpg,0,0,0,0,0,0,0
/home/techpark-11/DYNAMO/AquaVerse/ml/datasets/raw_images/shrimp_diseases/An Image Dataset for Computer Vision-Based Detection of Shrimp Diseases/Original/Healthy/Healthy (Blue Background) (208).jpg,0,0,0,0,0,0,0
/home/techpark-11/DYNAMO/AquaVerse/ml/datasets/raw_images/shrimp_diseases/An Image Dataset for Computer Vision-Based Detection of Shrimp Diseases/Original/Healthy/Healthy (White Background) (38).jpg,0,0,0,0,0,0,0
/home/techpark-11/DYNAMO/AquaVerse/ml/datasets/raw_images/shrimp_diseases/An Image Dataset for Computer Vision-Based Detection of Shrimp Diseases/Original/Healthy/Healthy (Blue Background) (272).jpg,0,0,0,0,0,0,0
/home/techpark-11/DYNAMO/AquaVerse/ml/datasets/raw_images/shrimp_diseases/An Image Dataset for Computer Vision-Based Detection of Shrimp Diseases/Original/Healthy/Healthy (Blue Background) (92).jpg,0,0,0,0,0,0,0
/home/techpark-11/DYNAMO/AquaVerse/ml/datasets/raw_images/shrimp_diseases/An Image Dataset for Computer Vision-Based Detection of Shrimp Diseases/Original/Healthy/Healthy (Blue Background) (72).jpg,0,0,0,0,0,0,0
/home/techpark-11/DYNAMO/AquaVerse/ml/datasets/raw_images/shrimp_diseases/An Image Dataset for Computer Vision-Based Detection of Shrimp Diseases/Original/Healthy/Healthy (Blue Background) (89).jpg,0,0,0,0,0,0,0
/home/techpark-11/DYNAMO/AquaVerse/ml/datasets/raw_images/shrimp_diseases/An Image Dataset for Computer Vision-Based Detection of Shrimp Diseases/Original/Healthy/Healthy (Blue Background) (239).jpg,0,0,0,0,0,0,0
/home/techpark-11/DYNAMO/AquaVerse/ml/datasets/raw_images/shrimp_diseases/An Image Dataset for Computer Vision-Based Detection of Shrimp Diseases/Original/Healthy/Healthy (Blue Background) (316).jpg,0,0,0,0,0,0,0
/home/techpark-11/DYNAMO/AquaVerse/ml/datasets/raw_images/shrimp_diseases/An Image Dataset for Computer Vision-Based Detection of Shrimp Diseases/Original/Healthy/Healthy (Blue Background) (270).jpg,0,0,0,0,0,0,0
/home/techpark-11/DYNAMO/AquaVerse/ml/datasets/raw_images/shrimp_diseases/An Image Dataset for Computer Vision-Based Detection of Shrimp Diseases/Original/Healthy/Healthy (Blue Background) (155).jpg,0,0,0,0,0,0,0
/home/techpark-11/DYNAMO/AquaVerse/ml/datasets/raw_images/shrimp_diseases/An Image Dataset for Computer Vision-Based Detection of Shrimp Diseases/Original/Healthy/Healthy (White Background) (25).jpg,0,0,0,0,0,0,0
/home/techpark-11/DYNAMO/AquaVerse/ml/datasets/raw_images/shrimp_diseases/An Image Dataset for Computer Vision-Based Detection of Shrimp Diseases/Original/Healthy/Healthy (Blue Background) (93).jpg,0,0,0,0,0,0,0
/home/techpark-11/DYNAMO/AquaVerse/ml/datasets/raw_images/shrimp_diseases/An Image Dataset for Computer Vision-Based Detection of Shrimp Diseases/Original/Healthy/Healthy (Blue Background) (293).jpg,0,0,0,0,0,0,0
/home/techpark-11/DYNAMO/AquaVerse/ml/datasets/raw_images/shrimp_diseases/An Image Dataset for Computer Vision-Based Detection of Shrimp Diseases/Original/Healthy/Healthy (Blue Background) (202).jpg,0,0,0,0,0,0,0
/home/techpark-11/DYNAMO/AquaVerse/ml/datasets/raw_images/shrimp_diseases/An Image Dataset for Computer Vision-Based Detection of Shrimp Diseases/Original/Healthy/Healthy (Blue Background) (78).jpg,0,0,0,0,0,0,0
/home/techpark-11/DYNAMO/AquaVerse/ml/datasets/raw_images/shrimp_diseases/An Image Dataset for Computer Vision-Based Detection of Shrimp Diseases/Original/Healthy/Healthy (Blue Background) (138).jpg,0,0,0,0,0,0,0
/home/techpark-11/DYNAMO/AquaVerse/ml/datasets/raw_images/shrimp_diseases/An Image Dataset for Computer Vision-Based Detection of Shrimp Diseases/Original/Healthy/Healthy (Blue Background) (99).jpg,0,0,0,0,0,0,0
/home/techpark-11/DYNAMO/AquaVerse/ml/datasets/raw_images/shrimp_diseases/An Image Dataset for Computer Vision-Based Detection of Shrimp Diseases/Original/Healthy/Healthy (Blue Background) (116).jpg,0,0,0,0,0,0,0
/home/techpark-11/DYNAMO/AquaVerse/ml/datasets/raw_images/shrimp_diseases/An Image Dataset for Computer Vision-Based Detection of Shrimp Diseases/Original/Healthy/Healthy (White Background) (85).jpg,0,0,0,0,0,0,0
/home/techpark-11/DYNAMO/AquaVerse/ml/datasets/raw_images/shrimp_diseases/An Image Dataset for Computer Vision-Based Detection of Shrimp Diseases/Original/Healthy/Healthy (Blue Background) (28).jpg,0,0,0,0,0,0,0
/home/techpark-11/DYNAMO/AquaVerse/ml/datasets/raw_images/shrimp_diseases/An Image Dataset for Computer Vision-Based Detection of Shrimp Diseases/Original/Healthy/Healthy (Blue Background) (274).jpg,0,0,0,0,0,0,0
/home/techpark-11/DYNAMO/AquaVerse/ml/datasets/raw_images/shrimp_diseases/An Image Dataset for Computer Vision-Based Detection of Shrimp Diseases/Original/Healthy/Healthy (White Background) (62).jpg,0,0,0,0,0,0,0
/home/techpark-11/DYNAMO/AquaVerse/ml/datasets/raw_images/shrimp_diseases/An Image Dataset for Computer Vision-Based Detection of Shrimp Diseases/Original/Healthy/Healthy (Blue Background) (106).jpg,0,0,0,0,0,0,0
/home/techpark-11/DYNAMO/AquaVerse/ml/datasets/raw_images/shrimp_diseases/An Image Dataset for Computer Vision-Based Detection of Shrimp Diseases/Original/Healthy/Healthy (White Background) (12).jpg,0,0,0,0,0,0,0
/home/techpark-11/DYNAMO/AquaVerse/ml/datasets/raw_images/shrimp_diseases/An Image Dataset for Computer Vision-Based Detection of Shrimp Diseases/Original/Healthy/Healthy (Blue Background) (133).jpg,0,0,0,0,0,0,0
/home/techpark-11/DYNAMO/AquaVerse/ml/datasets/raw_images/shrimp_diseases/An Image Dataset for Computer Vision-Based Detection of Shrimp Diseases/Original/Healthy/Healthy (White Background) (41).jpg,0,0,0,0,0,0,0
/home/techpark-11/DYNAMO/AquaVerse/ml/datasets/raw_images/shrimp_diseases/An Image Dataset for Computer Vision-Based Detection of Shrimp Diseases/Original/Healthy/Healthy (Blue Background) (23).jpg,0,0,0,0,0,0,0
/home/techpark-11/DYNAMO/AquaVerse/ml/datasets/raw_images/shrimp_diseases/An Image Dataset for Computer Vision-Based Detection of Shrimp Diseases/Original/Healthy/Healthy (Blue Background) (222).jpg,0,0,0,0,0,0,0
/home/techpark-11/DYNAMO/AquaVerse/ml/datasets/raw_images/shrimp_diseases/An Image Dataset for Computer Vision-Based Detection of Shrimp Diseases/Original/Healthy/Healthy (White Background) (47).jpg,0,0,0,0,0,0,0
/home/techpark-11/DYNAMO/AquaVerse/ml/datasets/raw_images/shrimp_diseases/An Image Dataset for Computer Vision-Based Detection of Shrimp Diseases/Original/Healthy/Healthy (Blue Background) (322).jpg,0,0,0,0,0,0,0
/home/techpark-11/DYNAMO/AquaVerse/ml/datasets/raw_images/shrimp_diseases/An Image Dataset for Computer Vision-Based Detection of Shrimp Diseases/Original/Healthy/Healthy (Blue Background) (201).jpg,0,0,0,0,0,0,0
/home/techpark-11/DYNAMO/AquaVerse/ml/datasets/raw_images/shrimp_diseases/An Image Dataset for Computer Vision-Based Detection of Shrimp Diseases/Original/Healthy/Healthy (Blue Background) (85).jpg,0,0,0,0,0,0,0
/home/techpark-11/DYNAMO/AquaVerse/ml/datasets/raw_images/shrimp_diseases/An Image Dataset for Computer Vision-Based Detection of Shrimp Diseases/Original/Healthy/Healthy (Blue Background) (175).jpg,0,0,0,0,0,0,0
/home/techpark-11/DYNAMO/AquaVerse/ml/datasets/raw_images/shrimp_diseases/An Image Dataset for Computer Vision-Based Detection of Shrimp Diseases/Original/Healthy/Healthy (Blue Background) (276).jpg,0,0,0,0,0,0,0
/home/techpark-11/DYNAMO/AquaVerse/ml/datasets/raw_images/shrimp_diseases/An Image Dataset for Computer Vision-Based Detection of Shrimp Diseases/Original/Healthy/Healthy (White Background) (23).jpg,0,0,0,0,0,0,0
/home/techpark-11/DYNAMO/AquaVerse/ml/datasets/raw_images/shrimp_diseases/An Image Dataset for Computer Vision-Based Detection of Shrimp Diseases/Original/Healthy/Healthy (Blue Background) (114).jpg,0,0,0,0,0,0,0
/home/techpark-11/DYNAMO/AquaVerse/ml/datasets/raw_images/shrimp_diseases/An Image Dataset for Computer Vision-Based Detection of Shrimp Diseases/Original/Healthy/Healthy (White Background) (83).jpg,0,0,0,0,0,0,0
/home/techpark-11/DYNAMO/AquaVerse/ml/datasets/raw_images/shrimp_diseases/An Image Dataset for Computer Vision-Based Detection of Shrimp Diseases/Original/Healthy/Healthy (Blue Background) (18).jpg,0,0,0,0,0,0,0
/home/techpark-11/DYNAMO/AquaVerse/ml/datasets/raw_images/shrimp_diseases/An Image Dataset for Computer Vision-Based Detection of Shrimp Diseases/Original/Healthy/Healthy (Blue Background) (203).jpg,0,0,0,0,0,0,0
/home/techpark-11/DYNAMO/AquaVerse/ml/datasets/raw_images/shrimp_diseases/An Image Dataset for Computer Vision-Based Detection of Shrimp Diseases/Original/Healthy/Healthy (Blue Background) (313).jpg,0,0,0,0,0,0,0
/home/techpark-11/DYNAMO/AquaVerse/ml/datasets/raw_images/shrimp_diseases/An Image Dataset for Computer Vision-Based Detection of Shrimp Diseases/Original/Healthy/Healthy (White Background) (14).jpg,0,0,0,0,0,0,0
/home/techpark-11/DYNAMO/AquaVerse/ml/datasets/raw_images/shrimp_diseases/An Image Dataset for Computer Vision-Based Detection of Shrimp Diseases/Original/Healthy/Healthy (Blue Background) (166).jpg,0,0,0,0,0,0,0
/home/techpark-11/DYNAMO/AquaVerse/ml/datasets/raw_images/shrimp_diseases/An Image Dataset for Computer Vision-Based Detection of Shrimp Diseases/Original/Healthy/Healthy (Blue Background) (321).jpg,0,0,0,0,0,0,0
/home/techpark-11/DYNAMO/AquaVerse/ml/datasets/raw_images/shrimp_diseases/An Image Dataset for Computer Vision-Based Detection of Shrimp Diseases/Original/Healthy/Healthy (White Background) (65).jpg,0,0,0,0,0,0,0
/home/techpark-11/DYNAMO/AquaVerse/ml/datasets/raw_images/shrimp_diseases/An Image Dataset for Computer Vision-Based Detection of Shrimp Diseases/Original/Healthy/Healthy (Blue Background) (216).jpg,0,0,0,0,0,0,0
/home/techpark-11/DYNAMO/AquaVerse/ml/datasets/raw_images/shrimp_diseases/An Image Dataset for Computer Vision-Based Detection of Shrimp Diseases/Original/Healthy/Healthy (Blue Background) (219).jpg,0,0,0,0,0,0,0
/home/techpark-11/DYNAMO/AquaVerse/ml/datasets/raw_images/shrimp_diseases/An Image Dataset for Computer Vision-Based Detection of Shrimp Diseases/Original/Healthy/Healthy (Blue Background) (5).jpg,0,0,0,0,0,0,0
/home/techpark-11/DYNAMO/AquaVerse/ml/datasets/raw_images/shrimp_diseases/An Image Dataset for Computer Vision-Based Detection of Shrimp Diseases/Original/Healthy/Healthy (Blue Background) (279).jpg,0,0,0,0,0,0,0
/home/techpark-11/DYNAMO/AquaVerse/ml/datasets/raw_images/shrimp_diseases/An Image Dataset for Computer Vision-Based Detection of Shrimp Diseases/Original/Healthy/Healthy (Blue Background) (204).jpg,0,0,0,0,0,0,0
/home/techpark-11/DYNAMO/AquaVerse/ml/datasets/raw_images/shrimp_diseases/An Image Dataset for Computer Vision-Based Detection of Shrimp Diseases/Original/Healthy/Healthy (Blue Background) (317).jpg,0,0,0,0,0,0,0
/home/techpark-11/DYNAMO/AquaVerse/ml/datasets/raw_images/shrimp_diseases/An Image Dataset for Computer Vision-Based Detection of Shrimp Diseases/Original/Healthy/Healthy (Blue Background) (61).jpg,0,0,0,0,0,0,0
/home/techpark-11/DYNAMO/AquaVerse/ml/datasets/raw_images/shrimp_diseases/An Image Dataset for Computer Vision-Based Detection of Shrimp Diseases/Original/Healthy/Healthy (White Background) (20).jpg,0,0,0,0,0,0,0
/home/techpark-11/DYNAMO/AquaVerse/ml/datasets/raw_images/shrimp_diseases/An Image Dataset for Computer Vision-Based Detection of Shrimp Diseases/Original/Healthy/Healthy (Blue Background) (7).jpg,0,0,0,0,0,0,0
/home/techpark-11/DYNAMO/AquaVerse/ml/datasets/raw_images/shrimp_diseases/An Image Dataset for Computer Vision-Based Detection of Shrimp Diseases/Original/Healthy/Healthy (Blue Background) (260).jpg,0,0,0,0,0,0,0
/home/techpark-11/DYNAMO/AquaVerse/ml/datasets/raw_images/shrimp_diseases/An Image Dataset for Computer Vision-Based Detection of Shrimp Diseases/Original/Healthy/Healthy (White Background) (40).jpg,0,0,0,0,0,0,0
/home/techpark-11/DYNAMO/AquaVerse/ml/datasets/raw_images/shrimp_diseases/An Image Dataset for Computer Vision-Based Detection of Shrimp Diseases/Original/Healthy/Healthy (Blue Background) (53).jpg,0,0,0,0,0,0,0
/home/techpark-11/DYNAMO/AquaVerse/ml/datasets/raw_images/shrimp_diseases/An Image Dataset for Computer Vision-Based Detection of Shrimp Diseases/Original/Healthy/Healthy (Blue Background) (146).jpg,0,0,0,0,0,0,0
/home/techpark-11/DYNAMO/AquaVerse/ml/datasets/raw_images/shrimp_diseases/An Image Dataset for Computer Vision-Based Detection of Shrimp Diseases/Original/Healthy/Healthy (Blue Background) (148).jpg,0,0,0,0,0,0,0
/home/techpark-11/DYNAMO/AquaVerse/ml/datasets/raw_images/shrimp_diseases/An Image Dataset for Computer Vision-Based Detection of Shrimp Diseases/Original/Healthy/Healthy (Blue Background) (118).jpg,0,0,0,0,0,0,0
/home/techpark-11/DYNAMO/AquaVerse/ml/datasets/raw_images/shrimp_diseases/An Image Dataset for Computer Vision-Based Detection of Shrimp Diseases/Original/Healthy/Healthy (White Background) (24).jpg,0,0,0,0,0,0,0
/home/techpark-11/DYNAMO/AquaVerse/ml/datasets/raw_images/shrimp_diseases/An Image Dataset for Computer Vision-Based Detection of Shrimp Diseases/Original/Healthy/Healthy (White Background) (77).jpg,0,0,0,0,0,0,0
/home/techpark-11/DYNAMO/AquaVerse/ml/datasets/raw_images/shrimp_diseases/An Image Dataset for Computer Vision-Based Detection of Shrimp Diseases/Original/Healthy/Healthy (White Background) (48).jpg,0,0,0,0,0,0,0
/home/techpark-11/DYNAMO/AquaVerse/ml/datasets/raw_images/shrimp_diseases/An Image Dataset for Computer Vision-Based Detection of Shrimp Diseases/Original/Healthy/Healthy (Blue Background) (56).jpg,0,0,0,0,0,0,0
/home/techpark-11/DYNAMO/AquaVerse/ml/datasets/raw_images/shrimp_diseases/An Image Dataset for Computer Vision-Based Detection of Shrimp Diseases/Original/Healthy/Healthy (White Background) (86).jpg,0,0,0,0,0,0,0
/home/techpark-11/DYNAMO/AquaVerse/ml/datasets/raw_images/shrimp_diseases/An Image Dataset for Computer Vision-Based Detection of Shrimp Diseases/Original/Healthy/Healthy (White Background) (75).jpg,0,0,0,0,0,0,0
/home/techpark-11/DYNAMO/AquaVerse/ml/datasets/raw_images/shrimp_diseases/An Image Dataset for Computer Vision-Based Detection of Shrimp Diseases/Original/Healthy/Healthy (Blue Background) (312).jpg,0,0,0,0,0,0,0
/home/techpark-11/DYNAMO/AquaVerse/ml/datasets/raw_images/shrimp_diseases/An Image Dataset for Computer Vision-Based Detection of Shrimp Diseases/Original/Healthy/Healthy (White Background) (22).jpg,0,0,0,0,0,0,0
/home/techpark-11/DYNAMO/AquaVerse/ml/datasets/raw_images/shrimp_diseases/An Image Dataset for Computer Vision-Based Detection of Shrimp Diseases/Original/Healthy/Healthy (Blue Background) (228).jpg,0,0,0,0,0,0,0
/home/techpark-11/DYNAMO/AquaVerse/ml/datasets/raw_images/shrimp_diseases/An Image Dataset for Computer Vision-Based Detection of Shrimp Diseases/Original/Healthy/Healthy (Blue Background) (225).jpg,0,0,0,0,0,0,0
/home/techpark-11/DYNAMO/AquaVerse/ml/datasets/raw_images/shrimp_diseases/An Image Dataset for Computer Vision-Based Detection of Shrimp Diseases/Original/Healthy/Healthy (Blue Background) (31).jpg,0,0,0,0,0,0,0
/home/techpark-11/DYNAMO/AquaVerse/ml/datasets/raw_images/shrimp_diseases/An Image Dataset for Computer Vision-Based Detection of Shrimp Diseases/Original/Healthy/Healthy (Blue Background) (57).jpg,0,0,0,0,0,0,0
/home/techpark-11/DYNAMO/AquaVerse/ml/datasets/raw_images/shrimp_diseases/An Image Dataset for Computer Vision-Based Detection of Shrimp Diseases/Original/Healthy/Healthy (White Background) (79).jpg,0,0,0,0,0,0,0
/home/techpark-11/DYNAMO/AquaVerse/ml/datasets/raw_images/shrimp_diseases/An Image Dataset for Computer Vision-Based Detection of Shrimp Diseases/Original/Healthy/Healthy (Blue Background) (284).jpg,0,0,0,0,0,0,0
/home/techpark-11/DYNAMO/AquaVerse/ml/datasets/raw_images/shrimp_diseases/An Image Dataset for Computer Vision-Based Detection of Shrimp Diseases/Original/Healthy/Healthy (Blue Background) (55).jpg,0,0,0,0,0,0,0
/home/techpark-11/DYNAMO/AquaVerse/ml/datasets/raw_images/shrimp_diseases/An Image Dataset for Computer Vision-Based Detection of Shrimp Diseases/Original/Healthy/Healthy (Blue Background) (290).jpg,0,0,0,0,0,0,0
/home/techpark-11/DYNAMO/AquaVerse/ml/datasets/raw_images/shrimp_diseases/An Image Dataset for Computer Vision-Based Detection of Shrimp Diseases/Original/Healthy/Healthy (Blue Background) (141).jpg,0,0,0,0,0,0,0
/home/techpark-11/DYNAMO/AquaVerse/ml/datasets/raw_images/shrimp_diseases/An Image Dataset for Computer Vision-Based Detection of Shrimp Diseases/Original/Healthy/Healthy (White Background) (81).jpg,0,0,0,0,0,0,0
/home/techpark-11/DYNAMO/AquaVerse/ml/datasets/raw_images/shrimp_diseases/An Image Dataset for Computer Vision-Based Detection of Shrimp Diseases/Original/Healthy/Healthy (Blue Background) (4).jpg,0,0,0,0,0,0,0
/home/techpark-11/DYNAMO/AquaVerse/ml/datasets/raw_images/shrimp_diseases/An Image Dataset for Computer Vision-Based Detection of Shrimp Diseases/Original/Healthy/Healthy (Blue Background) (33).jpg,0,0,0,0,0,0,0
/home/techpark-11/DYNAMO/AquaVerse/ml/datasets/raw_images/shrimp_diseases/An Image Dataset for Computer Vision-Based Detection of Shrimp Diseases/Original/Healthy/Healthy (White Background) (69).jpg,0,0,0,0,0,0,0
/home/techpark-11/DYNAMO/AquaVerse/ml/datasets/raw_images/shrimp_diseases/An Image Dataset for Computer Vision-Based Detection of Shrimp Diseases/Original/Healthy/Healthy (Blue Background) (34).jpg,0,0,0,0,0,0,0
/home/techpark-11/DYNAMO/AquaVerse/ml/datasets/raw_images/shrimp_diseases/An Image Dataset for Computer Vision-Based Detection of Shrimp Diseases/Original/Healthy/Healthy (White Background) (82).jpg,0,0,0,0,0,0,0
/home/techpark-11/DYNAMO/AquaVerse/ml/datasets/raw_images/shrimp_diseases/An Image Dataset for Computer Vision-Based Detection of Shrimp Diseases/Original/Healthy/Healthy (Blue Background) (304).jpg,0,0,0,0,0,0,0
/home/techpark-11/DYNAMO/AquaVerse/ml/datasets/raw_images/shrimp_diseases/An Image Dataset for Computer Vision-Based Detection of Shrimp Diseases/Original/Healthy/Healthy (Blue Background) (289).jpg,0,0,0,0,0,0,0
/home/techpark-11/DYNAMO/AquaVerse/ml/datasets/raw_images/shrimp_diseases/An Image Dataset for Computer Vision-Based Detection of Shrimp Diseases/Original/Healthy/Healthy (Blue Background) (243).jpg,0,0,0,0,0,0,0
/home/techpark-11/DYNAMO/AquaVerse/ml/datasets/raw_images/shrimp_diseases/An Image Dataset for Computer Vision-Based Detection of Shrimp Diseases/Original/Healthy/Healthy (Blue Background) (75).jpg,0,0,0,0,0,0,0
/home/techpark-11/DYNAMO/AquaVerse/ml/datasets/raw_images/shrimp_diseases/An Image Dataset for Computer Vision-Based Detection of Shrimp Diseases/Original/Healthy/Healthy (White Background) (32).jpg,0,0,0,0,0,0,0
/home/techpark-11/DYNAMO/AquaVerse/ml/datasets/raw_images/shrimp_diseases/An Image Dataset for Computer Vision-Based Detection of Shrimp Diseases/Original/Healthy/Healthy (Blue Background) (74).jpg,0,0,0,0,0,0,0
/home/techpark-11/DYNAMO/AquaVerse/ml/datasets/raw_images/shrimp_diseases/An Image Dataset for Computer Vision-Based Detection of Shrimp Diseases/Original/Healthy/Healthy (Blue Background) (254).jpg,0,0,0,0,0,0,0
/home/techpark-11/DYNAMO/AquaVerse/ml/datasets/raw_images/shrimp_diseases/An Image Dataset for Computer Vision-Based Detection of Shrimp Diseases/Original/Healthy/Healthy (Blue Background) (76).jpg,0,0,0,0,0,0,0
/home/techpark-11/DYNAMO/AquaVerse/ml/datasets/raw_images/shrimp_diseases/An Image Dataset for Computer Vision-Based Detection of Shrimp Diseases/Original/Healthy/Healthy (Blue Background) (79).jpg,0,0,0,0,0,0,0
/home/techpark-11/DYNAMO/AquaVerse/ml/datasets/raw_images/shrimp_diseases/An Image Dataset for Computer Vision-Based Detection of Shrimp Diseases/Original/Healthy/Healthy (Blue Background) (307).jpg,0,0,0,0,0,0,0
/home/techpark-11/DYNAMO/AquaVerse/ml/datasets/raw_images/shrimp_diseases/An Image Dataset for Computer Vision-Based Detection of Shrimp Diseases/Original/Healthy/Healthy (White Background) (80).jpg,0,0,0,0,0,0,0
/home/techpark-11/DYNAMO/AquaVerse/ml/datasets/raw_images/shrimp_diseases/An Image Dataset for Computer Vision-Based Detection of Shrimp Diseases/Original/Healthy/Healthy (Blue Background) (266).jpg,0,0,0,0,0,0,0
/home/techpark-11/DYNAMO/AquaVerse/ml/datasets/raw_images/shrimp_diseases/An Image Dataset for Computer Vision-Based Detection of Shrimp Diseases/Original/Healthy/Healthy (Blue Background) (185).jpg,0,0,0,0,0,0,0
/home/techpark-11/DYNAMO/AquaVerse/ml/datasets/raw_images/shrimp_diseases/An Image Dataset for Computer Vision-Based Detection of Shrimp Diseases/Original/Healthy/Healthy (Blue Background) (285).jpg,0,0,0,0,0,0,0
/home/techpark-11/DYNAMO/AquaVerse/ml/datasets/raw_images/shrimp_diseases/An Image Dataset for Computer Vision-Based Detection of Shrimp Diseases/Original/Healthy/Healthy (Blue Background) (22).jpg,0,0,0,0,0,0,0
/home/techpark-11/DYNAMO/AquaVerse/ml/datasets/raw_images/shrimp_diseases/An Image Dataset for Computer Vision-Based Detection of Shrimp Diseases/Original/Healthy/Healthy (White Background) (27).jpg,0,0,0,0,0,0,0
/home/techpark-11/DYNAMO/AquaVerse/ml/datasets/raw_images/shrimp_diseases/An Image Dataset for Computer Vision-Based Detection of Shrimp Diseases/Original/Healthy/Healthy (Blue Background) (142).jpg,0,0,0,0,0,0,0
/home/techpark-11/DYNAMO/AquaVerse/ml/datasets/raw_images/shrimp_diseases/An Image Dataset for Computer Vision-Based Detection of Shrimp Diseases/Original/Healthy/Healthy (Blue Background) (169).jpg,0,0,0,0,0,0,0
/home/techpark-11/DYNAMO/AquaVerse/ml/datasets/raw_images/shrimp_diseases/An Image Dataset for Computer Vision-Based Detection of Shrimp Diseases/Original/Healthy/Healthy (White Background) (49).jpg,0,0,0,0,0,0,0
/home/techpark-11/DYNAMO/AquaVerse/ml/datasets/raw_images/shrimp_diseases/An Image Dataset for Computer Vision-Based Detection of Shrimp Diseases/Original/Healthy/Healthy (Blue Background) (50).jpg,0,0,0,0,0,0,0
/home/techpark-11/DYNAMO/AquaVerse/ml/datasets/raw_images/shrimp_diseases/An Image Dataset for Computer Vision-Based Detection of Shrimp Diseases/Original/Healthy/Healthy (Blue Background) (98).jpg,0,0,0,0,0,0,0
/home/techpark-11/DYNAMO/AquaVerse/ml/datasets/raw_images/shrimp_diseases/An Image Dataset for Computer Vision-Based Detection of Shrimp Diseases/Original/Healthy/Healthy (Blue Background) (91).jpg,0,0,0,0,0,0,0
/home/techpark-11/DYNAMO/AquaVerse/ml/datasets/raw_images/shrimp_diseases/An Image Dataset for Computer Vision-Based Detection of Shrimp Diseases/Original/Healthy/Healthy (White Background) (7).jpg,0,0,0,0,0,0,0
/home/techpark-11/DYNAMO/AquaVerse/ml/datasets/raw_images/shrimp_diseases/An Image Dataset for Computer Vision-Based Detection of Shrimp Diseases/Original/Healthy/Healthy (Blue Background) (13).jpg,0,0,0,0,0,0,0
/home/techpark-11/DYNAMO/AquaVerse/ml/datasets/raw_images/shrimp_diseases/An Image Dataset for Computer Vision-Based Detection of Shrimp Diseases/Original/Healthy/Healthy (Blue Background) (318).jpg,0,0,0,0,0,0,0
/home/techpark-11/DYNAMO/AquaVerse/ml/datasets/raw_images/shrimp_diseases/An Image Dataset for Computer Vision-Based Detection of Shrimp Diseases/Original/Healthy/Healthy (Blue Background) (161).jpg,0,0,0,0,0,0,0
/home/techpark-11/DYNAMO/AquaVerse/ml/datasets/raw_images/shrimp_diseases/An Image Dataset for Computer Vision-Based Detection of Shrimp Diseases/Original/Healthy/Healthy (White Background) (92).jpg,0,0,0,0,0,0,0
/home/techpark-11/DYNAMO/AquaVerse/ml/datasets/raw_images/shrimp_diseases/An Image Dataset for Computer Vision-Based Detection of Shrimp Diseases/Original/Healthy/Healthy (Blue Background) (139).jpg,0,0,0,0,0,0,0
/home/techpark-11/DYNAMO/AquaVerse/ml/datasets/raw_images/shrimp_diseases/An Image Dataset for Computer Vision-Based Detection of Shrimp Diseases/Original/Healthy/Healthy (White Background) (9).jpg,0,0,0,0,0,0,0
/home/techpark-11/DYNAMO/AquaVerse/ml/datasets/raw_images/shrimp_diseases/An Image Dataset for Computer Vision-Based Detection of Shrimp Diseases/Original/Healthy/Healthy (Blue Background) (268).jpg,0,0,0,0,0,0,0
/home/techpark-11/DYNAMO/AquaVerse/ml/datasets/raw_images/shrimp_diseases/An Image Dataset for Computer Vision-Based Detection of Shrimp Diseases/Original/Healthy/Healthy (Blue Background) (136).jpg,0,0,0,0,0,0,0
/home/techpark-11/DYNAMO/AquaVerse/ml/datasets/raw_images/shrimp_diseases/An Image Dataset for Computer Vision-Based Detection of Shrimp Diseases/Original/Healthy/Healthy (Blue Background) (152).jpg,0,0,0,0,0,0,0
/home/techpark-11/DYNAMO/AquaVerse/ml/datasets/raw_images/shrimp_diseases/An Image Dataset for Computer Vision-Based Detection of Shrimp Diseases/Original/Healthy/Healthy (Blue Background) (314).jpg,0,0,0,0,0,0,0
/home/techpark-11/DYNAMO/AquaVerse/ml/datasets/raw_images/shrimp_diseases/An Image Dataset for Computer Vision-Based Detection of Shrimp Diseases/Original/Healthy/Healthy (White Background) (8).jpg,0,0,0,0,0,0,0
/home/techpark-11/DYNAMO/AquaVerse/ml/datasets/raw_images/shrimp_diseases/An Image Dataset for Computer Vision-Based Detection of Shrimp Diseases/Original/Healthy/Healthy (White Background) (21).jpg,0,0,0,0,0,0,0
/home/techpark-11/DYNAMO/AquaVerse/ml/datasets/raw_images/shrimp_diseases/An Image Dataset for Computer Vision-Based Detection of Shrimp Diseases/Original/Healthy/Healthy (Blue Background) (191).jpg,0,0,0,0,0,0,0
/home/techpark-11/DYNAMO/AquaVerse/ml/datasets/raw_images/shrimp_diseases/An Image Dataset for Computer Vision-Based Detection of Shrimp Diseases/Original/Healthy/Healthy (Blue Background) (125).jpg,0,0,0,0,0,0,0
/home/techpark-11/DYNAMO/AquaVerse/ml/datasets/raw_images/shrimp_diseases/An Image Dataset for Computer Vision-Based Detection of Shrimp Diseases/Original/Healthy/Healthy (Blue Background) (164).jpg,0,0,0,0,0,0,0
/home/techpark-11/DYNAMO/AquaVerse/ml/datasets/raw_images/shrimp_diseases/An Image Dataset for Computer Vision-Based Detection of Shrimp Diseases/Original/Healthy/Healthy (Blue Background) (269).jpg,0,0,0,0,0,0,0
/home/techpark-11/DYNAMO/AquaVerse/ml/datasets/raw_images/shrimp_diseases/An Image Dataset for Computer Vision-Based Detection of Shrimp Diseases/Original/Healthy/Healthy (Blue Background) (47).jpg,0,0,0,0,0,0,0
/home/techpark-11/DYNAMO/AquaVerse/ml/datasets/raw_images/shrimp_diseases/An Image Dataset for Computer Vision-Based Detection of Shrimp Diseases/Original/Healthy/Healthy (Blue Background) (104).jpg,0,0,0,0,0,0,0
/home/techpark-11/DYNAMO/AquaVerse/ml/datasets/raw_images/shrimp_diseases/An Image Dataset for Computer Vision-Based Detection of Shrimp Diseases/Original/Healthy/Healthy (White Background) (74).jpg,0,0,0,0,0,0,0
/home/techpark-11/DYNAMO/AquaVerse/ml/datasets/raw_images/shrimp_diseases/An Image Dataset for Computer Vision-Based Detection of Shrimp Diseases/Original/Healthy/Healthy (Blue Background) (71).jpg,0,0,0,0,0,0,0
/home/techpark-11/DYNAMO/AquaVerse/ml/datasets/raw_images/shrimp_diseases/An Image Dataset for Computer Vision-Based Detection of Shrimp Diseases/Original/Healthy/Healthy (Blue Background) (24).jpg,0,0,0,0,0,0,0
/home/techpark-11/DYNAMO/AquaVerse/ml/datasets/raw_images/shrimp_diseases/An Image Dataset for Computer Vision-Based Detection of Shrimp Diseases/Original/Healthy/Healthy (Blue Background) (196).jpg,0,0,0,0,0,0,0
/home/techpark-11/DYNAMO/AquaVerse/ml/datasets/raw_images/shrimp_diseases/An Image Dataset for Computer Vision-Based Detection of Shrimp Diseases/Original/Healthy/Healthy (Blue Background) (324).jpg,0,0,0,0,0,0,0
/home/techpark-11/DYNAMO/AquaVerse/ml/datasets/raw_images/shrimp_diseases/An Image Dataset for Computer Vision-Based Detection of Shrimp Diseases/Original/Healthy/Healthy (Blue Background) (54).jpg,0,0,0,0,0,0,0
/home/techpark-11/DYNAMO/AquaVerse/ml/datasets/raw_images/shrimp_diseases/An Image Dataset for Computer Vision-Based Detection of Shrimp Diseases/Original/Healthy/Healthy (Blue Background) (48).jpg,0,0,0,0,0,0,0
/home/techpark-11/DYNAMO/AquaVerse/ml/datasets/raw_images/shrimp_diseases/An Image Dataset for Computer Vision-Based Detection of Shrimp Diseases/Original/Healthy/Healthy (White Background) (70).jpg,0,0,0,0,0,0,0
/home/techpark-11/DYNAMO/AquaVerse/ml/datasets/raw_images/shrimp_diseases/An Image Dataset for Computer Vision-Based Detection of Shrimp Diseases/Original/Healthy/Healthy (Blue Background) (210).jpg,0,0,0,0,0,0,0
/home/techpark-11/DYNAMO/AquaVerse/ml/datasets/raw_images/shrimp_diseases/An Image Dataset for Computer Vision-Based Detection of Shrimp Diseases/Original/Healthy/Healthy (Blue Background) (286).jpg,0,0,0,0,0,0,0
/home/techpark-11/DYNAMO/AquaVerse/ml/datasets/raw_images/shrimp_diseases/An Image Dataset for Computer Vision-Based Detection of Shrimp Diseases/Original/Healthy/Healthy (Blue Background) (40).jpg,0,0,0,0,0,0,0
/home/techpark-11/DYNAMO/AquaVerse/ml/datasets/raw_images/shrimp_diseases/An Image Dataset for Computer Vision-Based Detection of Shrimp Diseases/Original/Healthy/Healthy (Blue Background) (19).jpg,0,0,0,0,0,0,0
/home/techpark-11/DYNAMO/AquaVerse/ml/datasets/raw_images/shrimp_diseases/An Image Dataset for Computer Vision-Based Detection of Shrimp Diseases/Original/Healthy/Healthy (Blue Background) (294).jpg,0,0,0,0,0,0,0
/home/techpark-11/DYNAMO/AquaVerse/ml/datasets/raw_images/shrimp_diseases/An Image Dataset for Computer Vision-Based Detection of Shrimp Diseases/Original/Healthy/Healthy (Blue Background) (95).jpg,0,0,0,0,0,0,0
/home/techpark-11/DYNAMO/AquaVerse/ml/datasets/raw_images/shrimp_diseases/An Image Dataset for Computer Vision-Based Detection of Shrimp Diseases/Original/Healthy/Healthy (Blue Background) (43).jpg,0,0,0,0,0,0,0
/home/techpark-11/DYNAMO/AquaVerse/ml/datasets/raw_images/shrimp_diseases/An Image Dataset for Computer Vision-Based Detection of Shrimp Diseases/Original/Healthy/Healthy (Blue Background) (25).jpg,0,0,0,0,0,0,0
/home/techpark-11/DYNAMO/AquaVerse/ml/datasets/raw_images/shrimp_diseases/An Image Dataset for Computer Vision-Based Detection of Shrimp Diseases/Original/Healthy/Healthy (Blue Background) (87).jpg,0,0,0,0,0,0,0
/home/techpark-11/DYNAMO/AquaVerse/ml/datasets/raw_images/shrimp_diseases/An Image Dataset for Computer Vision-Based Detection of Shrimp Diseases/Original/Healthy/Healthy (Blue Background) (323).jpg,0,0,0,0,0,0,0
/home/techpark-11/DYNAMO/AquaVerse/ml/datasets/raw_images/shrimp_diseases/An Image Dataset for Computer Vision-Based Detection of Shrimp Diseases/Original/Healthy/Healthy (Blue Background) (1).jpg,0,0,0,0,0,0,0
/home/techpark-11/DYNAMO/AquaVerse/ml/datasets/raw_images/shrimp_diseases/An Image Dataset for Computer Vision-Based Detection of Shrimp Diseases/Original/Healthy/Healthy (Blue Background) (251).jpg,0,0,0,0,0,0,0
/home/techpark-11/DYNAMO/AquaVerse/ml/datasets/raw_images/shrimp_diseases/An Image Dataset for Computer Vision-Based Detection of Shrimp Diseases/Original/Healthy/Healthy (Blue Background) (297).jpg,0,0,0,0,0,0,0
/home/techpark-11/DYNAMO/AquaVerse/ml/datasets/raw_images/shrimp_diseases/An Image Dataset for Computer Vision-Based Detection of Shrimp Diseases/Original/Healthy/Healthy (Blue Background) (151).jpg,0,0,0,0,0,0,0
/home/techpark-11/DYNAMO/AquaVerse/ml/datasets/raw_images/shrimp_diseases/An Image Dataset for Computer Vision-Based Detection of Shrimp Diseases/Original/Healthy/Healthy (White Background) (71).jpg,0,0,0,0,0,0,0
/home/techpark-11/DYNAMO/AquaVerse/ml/datasets/raw_images/shrimp_diseases/An Image Dataset for Computer Vision-Based Detection of Shrimp Diseases/Original/Healthy/Healthy (Blue Background) (113).jpg,0,0,0,0,0,0,0
/home/techpark-11/DYNAMO/AquaVerse/ml/datasets/raw_images/shrimp_diseases/An Image Dataset for Computer Vision-Based Detection of Shrimp Diseases/Original/Healthy/Healthy (Blue Background) (217).jpg,0,0,0,0,0,0,0
/home/techpark-11/DYNAMO/AquaVerse/ml/datasets/raw_images/shrimp_diseases/An Image Dataset for Computer Vision-Based Detection of Shrimp Diseases/Original/Healthy/Healthy (White Background) (3).jpg,0,0,0,0,0,0,0
/home/techpark-11/DYNAMO/AquaVerse/ml/datasets/raw_images/shrimp_diseases/An Image Dataset for Computer Vision-Based Detection of Shrimp Diseases/Original/Healthy/Healthy (White Background) (46).jpg,0,0,0,0,0,0,0
/home/techpark-11/DYNAMO/AquaVerse/ml/datasets/raw_images/shrimp_diseases/An Image Dataset for Computer Vision-Based Detection of Shrimp Diseases/Original/Healthy/Healthy (Blue Background) (262).jpg,0,0,0,0,0,0,0
/home/techpark-11/DYNAMO/AquaVerse/ml/datasets/raw_images/shrimp_diseases/An Image Dataset for Computer Vision-Based Detection of Shrimp Diseases/Original/Healthy/Healthy (Blue Background) (295).jpg,0,0,0,0,0,0,0
/home/techpark-11/DYNAMO/AquaVerse/ml/datasets/raw_images/shrimp_diseases/An Image Dataset for Computer Vision-Based Detection of Shrimp Diseases/Original/Healthy/Healthy (Blue Background) (213).jpg,0,0,0,0,0,0,0
/home/techpark-11/DYNAMO/AquaVerse/ml/datasets/raw_images/shrimp_diseases/An Image Dataset for Computer Vision-Based Detection of Shrimp Diseases/Original/Healthy/Healthy (Blue Background) (135).jpg,0,0,0,0,0,0,0
